# File generated by ImageToStl.com - Free Image and 3D model conversion tools

o obj1
v -0.19517176 0.18802649 0.12083205
v -0.19508135 0.18803407 0.1207766
v -0.19508232 0.18803398 0.1811
v -0.19488619 0.1880527 0.12063209
v -0.19475755 0.18806668 0.12051421
v -0.19400115 0.18817632 0.1811
v -0.19502461 0.18803917 0.12073831
v -0.19463967 0.18808067 0.12038557
v -0.19453345 0.18809424 0.12024716
v -0.19443971 0.188107 0.1201
v -0.19432402 0.18812375 0.1198654
v -0.19429238 0.18812852 0.11978404
v -0.1942644 0.18813281 0.11970161
v -0.19423991 0.18813661 0.11961764
v -0.19439769 0.18811296 0.12002338
v -0.19435915 0.18811855 0.11994524
v -0.19421914 0.18813987 0.11953278
v -0.19420214 0.18814257 0.1194473
v -0.19418888 0.1881447 0.11936104
v -0.19417937 0.18814623 0.11927431
v -0.19417368 0.18814714 0.11918738
v -0.19417176 0.18814746 0.1191
v -0.19418888 0.1881447 0.11883887
v -0.19400115 0.18817632 0.1111
v -0.19417937 0.18814623 0.11892569
v -0.19417368 0.18814714 0.11901252
v -0.19420214 0.18814257 0.1187527
v -0.19421916 0.18813987 0.11866721
v -0.19423991 0.18813661 0.11858236
v -0.19426426 0.18813282 0.1184988
v -0.19429238 0.18812852 0.11841596
v -0.19432409 0.18812373 0.11833443
v -0.19435915 0.18811855 0.11825477
v -0.19439776 0.18811294 0.11817645
v -0.19443971 0.188107 0.1181
v -0.19453345 0.18809424 0.11795285
v -0.19463967 0.18808067 0.11781442
v -0.19475755 0.18806668 0.11768579
v -0.19508135 0.18803407 0.11742339
v -0.19508232 0.18803398 0.1111
v -0.19502461 0.18803917 0.1174617
v -0.19488619 0.1880527 0.11756791
v -0.19617176 0.18798642 0.1811
v -0.19617176 0.18798642 0.1211
v -0.19608431 0.18798673 0.12109809
v -0.19599745 0.18798764 0.12109239
v -0.19591065 0.18798915 0.12108288
v -0.19582446 0.18799125 0.12106962
v -0.19573899 0.18799391 0.12105262
v -0.19565412 0.18799715 0.12103185
v -0.19557051 0.18800089 0.12100749
v -0.19548772 0.18800515 0.12097938
v -0.19540621 0.18800989 0.12094768
v -0.19532652 0.18801503 0.12091262
v -0.19524823 0.18802059 0.12087401
v -0.19726121 0.18803398 0.1811
v -0.19726217 0.18803407 0.1207766
v -0.19717176 0.18802649 0.12083205
v -0.19709533 0.18802059 0.12087399
v -0.197017 0.18801503 0.12091262
v -0.19651906 0.18799125 0.12106962
v -0.19643292 0.18798915 0.12108288
v -0.19693737 0.18800989 0.12094767
v -0.1968558 0.18800515 0.12097938
v -0.19677295 0.18800089 0.1210075
v -0.1966894 0.18799715 0.12103185
v -0.19660458 0.18799391 0.12105261
v -0.19634607 0.18798764 0.12109239
v -0.19625925 0.18798673 0.12109809
v -0.19745734 0.1880527 0.11756791
v -0.19758597 0.18806668 0.11768579
v -0.19834237 0.18817632 0.1111
v -0.19770385 0.18808067 0.11781442
v -0.19781007 0.18809424 0.11795285
v -0.19726121 0.18803398 0.1111
v -0.19726217 0.18803407 0.11742339
v -0.19731891 0.18803917 0.1174617
v -0.19814138 0.18814257 0.1187527
v -0.19815463 0.1881447 0.11883879
v -0.1980792 0.18813281 0.11849861
v -0.19810362 0.18813661 0.11858236
v -0.19812432 0.18813986 0.11866698
v -0.19790381 0.188107 0.1181
v -0.19794568 0.18811293 0.1181763
v -0.19798438 0.18811855 0.11825477
v -0.19801959 0.18812375 0.11833481
v -0.19805115 0.18812852 0.11841596
v -0.19816415 0.18814623 0.11892569
v -0.19816987 0.18814716 0.11901294
v -0.19817176 0.18814746 0.1191
v -0.19816986 0.18814714 0.11918725
v -0.19834237 0.18817632 0.1811
v -0.19816415 0.18814623 0.11927431
v -0.19815467 0.1881447 0.1193609
v -0.19814138 0.18814257 0.1194473
v -0.19812435 0.18813987 0.1195329
v -0.19810362 0.18813661 0.11961764
v -0.19807915 0.18813281 0.11970156
v -0.19805115 0.18812852 0.11978404
v -0.19801952 0.18812375 0.11986537
v -0.19798438 0.18811855 0.11994524
v -0.19794586 0.18811296 0.12002334
v -0.19790381 0.188107 0.1201
v -0.19781007 0.18809424 0.12024716
v -0.19770385 0.18808067 0.12038557
v -0.19758597 0.18806668 0.12051421
v -0.19745734 0.1880527 0.12063209
v -0.19731891 0.18803917 0.12073831
v -0.19617176 0.18798642 0.1111
v -0.19617176 0.18798642 0.1171
v -0.1962588 0.18798673 0.11710189
v -0.19634607 0.18798764 0.11710761
v -0.19643302 0.18798915 0.11711714
v -0.19651906 0.18799125 0.11713038
v -0.19660476 0.18799393 0.11714743
v -0.1966894 0.18799715 0.11716815
v -0.19677313 0.1880009 0.11719255
v -0.1968558 0.18800515 0.11722062
v -0.19693694 0.18800986 0.11725216
v -0.197017 0.18801503 0.11728738
v -0.19709548 0.1880206 0.1173261
v -0.19717176 0.18802649 0.11736795
v -0.19517176 0.18802649 0.11736795
v -0.1952484 0.18802057 0.11732591
v -0.19532652 0.18801503 0.11728738
v -0.19540638 0.18800987 0.11725225
v -0.19548772 0.18800515 0.11722062
v -0.19557017 0.1880009 0.11719262
v -0.19565412 0.18799715 0.11716815
v -0.19573897 0.18799391 0.11714739
v -0.19582446 0.18799125 0.11713038
v -0.19591084 0.18798915 0.11711709
v -0.19599745 0.18798764 0.11710761
v -0.1960845 0.18798673 0.11710191
v -0.199407 0.18841235 0.1811
v -0.199407 0.18841235 0.1111
v -0.20044701 0.18874027 0.1811
v -0.20044701 0.18874027 0.1111
v -0.20145449 0.18915758 0.1811
v -0.20145449 0.18915758 0.1111
v -0.20242177 0.1896611 0.1811
v -0.20242177 0.1896611 0.1111
v -0.20334147 0.19024701 0.1811
v -0.20334147 0.19024701 0.1111
v -0.2042066 0.19091086 0.1811
v -0.2042066 0.19091086 0.1111
v -0.20501059 0.19164759 0.1811
v -0.20501059 0.19164759 0.1111
v -0.20574732 0.19245158 0.1811
v -0.20574732 0.19245158 0.1111
v -0.20641117 0.19331671 0.1811
v -0.20641117 0.19331671 0.1111
v -0.20699708 0.19423643 0.1811
v -0.20699708 0.19423643 0.1111
v -0.20750061 0.19520369 0.1811
v -0.20750061 0.19520369 0.1111
v -0.20791791 0.19621117 0.1811
v -0.20791791 0.19621117 0.1111
v -0.20824583 0.19725119 0.1811
v -0.20824583 0.19725119 0.1111
v -0.20848186 0.19831581 0.1811
v -0.20848186 0.19831581 0.1111
v -0.2086242 0.19939697 0.1811
v -0.2086242 0.19939697 0.1111
v -0.20867176 0.20048642 0.1811
v -0.20867176 0.20048642 0.1111
v -0.2086242 0.20157586 0.1811
v -0.2086242 0.20157586 0.1111
v -0.20848186 0.20265703 0.1811
v -0.20848186 0.20265703 0.1111
v -0.20824583 0.20372166 0.1811
v -0.20824583 0.20372166 0.1111
v -0.20791791 0.20476167 0.1811
v -0.20791791 0.20476167 0.1111
v -0.20750061 0.20576915 0.1811
v -0.20750061 0.20576915 0.1111
v -0.20699708 0.20673642 0.1811
v -0.20699708 0.20673642 0.1111
v -0.20641117 0.20765613 0.1811
v -0.20641117 0.20765613 0.1111
v -0.20574732 0.20852126 0.1811
v -0.20574732 0.20852126 0.1111
v -0.20501059 0.20932525 0.1811
v -0.20501059 0.20932525 0.1111
v -0.2042066 0.21006198 0.1811
v -0.2042066 0.21006198 0.1111
v -0.20334147 0.21072583 0.1811
v -0.20334147 0.21072583 0.1111
v -0.20242177 0.21131174 0.1811
v -0.20242177 0.21131174 0.1111
v -0.20145449 0.21181527 0.1811
v -0.20145449 0.21181527 0.1111
v -0.20044701 0.21223257 0.1811
v -0.20044701 0.21223257 0.1111
v -0.199407 0.21256049 0.1811
v -0.199407 0.21256049 0.1111
v -0.19834237 0.21279652 0.1811
v -0.19834237 0.21279652 0.1111
v -0.19726121 0.21293886 0.1811
v -0.19726121 0.21293886 0.1111
v -0.19617176 0.21298642 0.1811
v -0.19617176 0.21298642 0.1111
v -0.19508232 0.21293886 0.1811
v -0.19508232 0.21293886 0.1111
v -0.19400115 0.21279652 0.1811
v -0.19400115 0.21279652 0.1111
v -0.19293652 0.21256049 0.1811
v -0.19293652 0.21256049 0.1111
v -0.19189651 0.21223257 0.1811
v -0.19189651 0.21223257 0.1111
v -0.19088903 0.21181527 0.1811
v -0.19088903 0.21181527 0.1111
v -0.18992177 0.21131174 0.1811
v -0.18992177 0.21131174 0.1111
v -0.18900205 0.21072583 0.1811
v -0.18900205 0.21072583 0.1111
v -0.18813692 0.21006198 0.1811
v -0.18813692 0.21006198 0.1111
v -0.18733293 0.20932525 0.1811
v -0.18733293 0.20932525 0.1111
v -0.1865962 0.20852126 0.1811
v -0.1865962 0.20852126 0.1111
v -0.18593237 0.20765613 0.1811
v -0.18593237 0.20765613 0.1111
v -0.18534644 0.20673642 0.1811
v -0.18534644 0.20673642 0.1111
v -0.18484291 0.20576915 0.1811
v -0.18484291 0.20576915 0.1111
v -0.18442561 0.20476167 0.1811
v -0.18442561 0.20476167 0.1111
v -0.18409769 0.20372166 0.1811
v -0.18409769 0.20372166 0.1111
v -0.18386167 0.20265703 0.1811
v -0.18386167 0.20265703 0.1111
v -0.18371932 0.20157586 0.1811
v -0.18371932 0.20157586 0.1111
v -0.18367176 0.20048642 0.1811
v -0.18367176 0.20048642 0.1111
v -0.18371932 0.19939697 0.1811
v -0.18371932 0.19939697 0.1111
v -0.18386167 0.19831581 0.1811
v -0.18386167 0.19831581 0.1111
v -0.18409769 0.19725119 0.1811
v -0.18409769 0.19725119 0.1111
v -0.18442561 0.19621117 0.1811
v -0.18442561 0.19621117 0.1111
v -0.18484291 0.19520369 0.1811
v -0.18484291 0.19520369 0.1111
v -0.18534644 0.19423643 0.1811
v -0.18534644 0.19423643 0.1111
v -0.18593237 0.19331671 0.1811
v -0.18593237 0.19331671 0.1111
v -0.1865962 0.19245158 0.1811
v -0.1865962 0.19245158 0.1111
v -0.18733293 0.19164759 0.1811
v -0.18733293 0.19164759 0.1111
v -0.18813692 0.19091086 0.1811
v -0.18813692 0.19091086 0.1111
v -0.18900205 0.19024701 0.1811
v -0.18900205 0.19024701 0.1111
v -0.18992177 0.1896611 0.1811
v -0.18992177 0.1896611 0.1111
v -0.19088903 0.18915758 0.1811
v -0.19088903 0.18915758 0.1111
v -0.19189651 0.18874027 0.1811
v -0.19189651 0.18874027 0.1111
v -0.19293652 0.18841235 0.1811
v -0.19293652 0.18841235 0.1111
v -0.19217177 0.20741463 0.1111
v -0.19158316 0.20703964 0.1111
v -0.19102946 0.20661478 0.1111
v -0.19051491 0.20614327 0.1111
v -0.1900434 0.20562872 0.1111
v -0.18961854 0.20507503 0.1111
v -0.18924356 0.20448641 0.1111
v -0.1889213 0.20386736 0.1111
v -0.18865421 0.20322259 0.1111
v -0.18844436 0.20255697 0.1111
v -0.18829329 0.20187561 0.1111
v -0.1882022 0.20118366 0.1111
v -0.18817176 0.20048642 0.1111
v -0.1882022 0.19978918 0.1111
v -0.18829329 0.19909723 0.1111
v -0.18844436 0.19841588 0.1111
v -0.18865421 0.19775026 0.1111
v -0.1889213 0.19710548 0.1111
v -0.18924356 0.19648643 0.1111
v -0.18961854 0.1958978 0.1111
v -0.1900434 0.19534412 0.1111
v -0.19051491 0.19482957 0.1111
v -0.19102946 0.19435807 0.1111
v -0.19158316 0.1939332 0.1111
v -0.19217177 0.19355822 0.1111
v -0.19279082 0.19323596 0.1111
v -0.19343559 0.19296888 0.1111
v -0.19410121 0.19275901 0.1111
v -0.19478257 0.19260795 0.1111
v -0.19547452 0.19251686 0.1111
v -0.19617176 0.19248642 0.1111
v -0.19686902 0.19251686 0.1111
v -0.19756095 0.19260795 0.1111
v -0.19824232 0.19275901 0.1111
v -0.19890793 0.19296888 0.1111
v -0.19955271 0.19323596 0.1111
v -0.20017177 0.19355822 0.1111
v -0.20076038 0.1939332 0.1111
v -0.20131406 0.19435807 0.1111
v -0.20182861 0.19482957 0.1111
v -0.20230012 0.19534412 0.1111
v -0.20272498 0.1958978 0.1111
v -0.20309997 0.19648643 0.1111
v -0.20342222 0.19710548 0.1111
v -0.20368931 0.19775026 0.1111
v -0.20389917 0.19841588 0.1111
v -0.20405023 0.19909723 0.1111
v -0.20414132 0.19978918 0.1111
v -0.20417176 0.20048642 0.1111
v -0.20414132 0.20118366 0.1111
v -0.20405023 0.20187561 0.1111
v -0.20389917 0.20255697 0.1111
v -0.20368931 0.20322259 0.1111
v -0.20342222 0.20386736 0.1111
v -0.20309997 0.20448641 0.1111
v -0.20272498 0.20507503 0.1111
v -0.20230012 0.20562872 0.1111
v -0.20182861 0.20614327 0.1111
v -0.20131406 0.20661478 0.1111
v -0.20076038 0.20703964 0.1111
v -0.20017177 0.20741463 0.1111
v -0.19955271 0.20773688 0.1111
v -0.19890793 0.20800397 0.1111
v -0.19824232 0.20821382 0.1111
v -0.19756095 0.20836489 0.1111
v -0.19686902 0.20845598 0.1111
v -0.19617176 0.20848642 0.1111
v -0.19547452 0.20845598 0.1111
v -0.19478257 0.20836489 0.1111
v -0.19410121 0.20821382 0.1111
v -0.19343559 0.20800397 0.1111
v -0.19279082 0.20773688 0.1111
v -0.20417176 0.20048642 0.1041
v -0.20414132 0.20118366 0.1041
v -0.20405023 0.20187561 0.1041
v -0.20389917 0.20255697 0.1041
v -0.20368931 0.20322259 0.1041
v -0.20342222 0.20386736 0.1041
v -0.20309997 0.20448641 0.1041
v -0.20272498 0.20507503 0.1041
v -0.20230012 0.20562872 0.1041
v -0.20182861 0.20614327 0.1041
v -0.20131406 0.20661478 0.1041
v -0.20076038 0.20703964 0.1041
v -0.20017177 0.20741463 0.1041
v -0.19955271 0.20773688 0.1041
v -0.19890793 0.20800397 0.1041
v -0.19824232 0.20821382 0.1041
v -0.19756095 0.20836489 0.1041
v -0.19686902 0.20845598 0.1041
v -0.19617176 0.20848642 0.1041
v -0.19547452 0.20845598 0.1041
v -0.19478257 0.20836489 0.1041
v -0.19410121 0.20821382 0.1041
v -0.19343559 0.20800397 0.1041
v -0.19279082 0.20773688 0.1041
v -0.19217177 0.20741463 0.1041
v -0.19158316 0.20703964 0.1041
v -0.19102946 0.20661478 0.1041
v -0.19051491 0.20614327 0.1041
v -0.1900434 0.20562872 0.1041
v -0.18961854 0.20507503 0.1041
v -0.18924356 0.20448641 0.1041
v -0.1889213 0.20386736 0.1041
v -0.18865421 0.20322259 0.1041
v -0.18844436 0.20255697 0.1041
v -0.18829329 0.20187561 0.1041
v -0.1882022 0.20118366 0.1041
v -0.18817176 0.20048642 0.1041
v -0.1882022 0.19978918 0.1041
v -0.18829329 0.19909723 0.1041
v -0.18844436 0.19841588 0.1041
v -0.18865421 0.19775026 0.1041
v -0.1889213 0.19710548 0.1041
v -0.18924356 0.19648643 0.1041
v -0.18961854 0.1958978 0.1041
v -0.1900434 0.19534412 0.1041
v -0.19051491 0.19482957 0.1041
v -0.19102946 0.19435807 0.1041
v -0.19158316 0.1939332 0.1041
v -0.19217177 0.19355822 0.1041
v -0.19279082 0.19323596 0.1041
v -0.19343559 0.19296888 0.1041
v -0.19410121 0.19275901 0.1041
v -0.19478257 0.19260795 0.1041
v -0.19547452 0.19251686 0.1041
v -0.19617176 0.19248642 0.1041
v -0.19686902 0.19251686 0.1041
v -0.19756095 0.19260795 0.1041
v -0.19824232 0.19275901 0.1041
v -0.19890793 0.19296888 0.1041
v -0.19955271 0.19323596 0.1041
v -0.20017177 0.19355822 0.1041
v -0.20076038 0.1939332 0.1041
v -0.20131406 0.19435807 0.1041
v -0.20182861 0.19482957 0.1041
v -0.20230012 0.19534412 0.1041
v -0.20272498 0.1958978 0.1041
v -0.20309997 0.19648643 0.1041
v -0.20342222 0.19710548 0.1041
v -0.20368931 0.19775026 0.1041
v -0.20389917 0.19841588 0.1041
v -0.20405023 0.19909723 0.1041
v -0.20414132 0.19978918 0.1041
v -0.20667176 0.20048642 0.20209999
v -0.20663181 0.20140156 0.2221
v -0.20663181 0.20140156 0.20209999
v -0.20651224 0.20230973 0.2221
v -0.20651224 0.20230973 0.20209999
v -0.20631398 0.20320402 0.2221
v -0.20631398 0.20320402 0.20209999
v -0.20603853 0.20407763 0.2221
v -0.20603853 0.20407763 0.20209999
v -0.205688 0.20492391 0.2221
v -0.205688 0.20492391 0.20209999
v -0.20526503 0.20573641 0.2221
v -0.20526503 0.20573641 0.20209999
v -0.20477286 0.20650898 0.2221
v -0.20477286 0.20650898 0.20209999
v -0.20421523 0.20723569 0.2221
v -0.20421523 0.20723569 0.20209999
v -0.20359638 0.20791104 0.2221
v -0.20359638 0.20791104 0.20209999
v -0.20292103 0.20852989 0.2221
v -0.20292103 0.20852989 0.20209999
v -0.20219432 0.20908752 0.2221
v -0.20219432 0.20908752 0.20209999
v -0.20142177 0.20957969 0.2221
v -0.20142177 0.20957969 0.20209999
v -0.20060925 0.21000265 0.2221
v -0.20060925 0.21000265 0.20209999
v -0.19976297 0.2103532 0.2221
v -0.19976297 0.2103532 0.20209999
v -0.19888936 0.21062864 0.2221
v -0.19888936 0.21062864 0.20209999
v -0.19799507 0.2108269 0.2221
v -0.19799507 0.2108269 0.20209999
v -0.1970869 0.21094647 0.2221
v -0.1970869 0.21094647 0.20209999
v -0.19617176 0.21098642 0.2221
v -0.19617176 0.21098642 0.20209999
v -0.19525662 0.21094647 0.2221
v -0.19525662 0.21094647 0.20209999
v -0.19434845 0.2108269 0.2221
v -0.19434845 0.2108269 0.20209999
v -0.19345416 0.21062864 0.2221
v -0.19345416 0.21062864 0.20209999
v -0.19258055 0.2103532 0.2221
v -0.19258055 0.2103532 0.20209999
v -0.19173427 0.21000265 0.2221
v -0.19173427 0.21000265 0.20209999
v -0.19092177 0.20957969 0.2221
v -0.19092177 0.20957969 0.20209999
v -0.1901492 0.20908752 0.2221
v -0.1901492 0.20908752 0.20209999
v -0.18942249 0.20852989 0.2221
v -0.18942249 0.20852989 0.20209999
v -0.18874714 0.20791104 0.2221
v -0.18874714 0.20791104 0.20209999
v -0.18812829 0.20723569 0.2221
v -0.18812829 0.20723569 0.20209999
v -0.18757066 0.20650898 0.2221
v -0.18757066 0.20650898 0.20209999
v -0.18707849 0.20573641 0.2221
v -0.18707849 0.20573641 0.20209999
v -0.18665554 0.20492391 0.2221
v -0.18665554 0.20492391 0.20209999
v -0.18630499 0.20407763 0.2221
v -0.18630499 0.20407763 0.20209999
v -0.18602954 0.20320402 0.2221
v -0.18602954 0.20320402 0.20209999
v -0.18583128 0.20230973 0.2221
v -0.18583128 0.20230973 0.20209999
v -0.18571171 0.20140156 0.2221
v -0.18571171 0.20140156 0.20209999
v -0.18567176 0.20048642 0.2221
v -0.18567176 0.20048642 0.20209999
v -0.18571171 0.19957128 0.2221
v -0.18571171 0.19957128 0.20209999
v -0.18583128 0.19866312 0.2221
v -0.18583128 0.19866312 0.20209999
v -0.18602954 0.19776882 0.2221
v -0.18602954 0.19776882 0.20209999
v -0.18630499 0.19689521 0.2221
v -0.18630499 0.19689521 0.20209999
v -0.18665554 0.19604893 0.2221
v -0.18665554 0.19604893 0.20209999
v -0.18707849 0.19523641 0.2221
v -0.18707849 0.19523641 0.20209999
v -0.18757066 0.19446386 0.2221
v -0.18757066 0.19446386 0.20209999
v -0.18812829 0.19373715 0.2221
v -0.18812829 0.19373715 0.20209999
v -0.18874714 0.1930618 0.2221
v -0.18874714 0.1930618 0.20209999
v -0.18942249 0.19244295 0.2221
v -0.18942249 0.19244295 0.20209999
v -0.1901492 0.19188532 0.2221
v -0.1901492 0.19188532 0.20209999
v -0.19092177 0.19139315 0.2221
v -0.19092177 0.19139315 0.20209999
v -0.19173427 0.19097018 0.2221
v -0.19173427 0.19097018 0.20209999
v -0.19258055 0.19061965 0.2221
v -0.19258055 0.19061965 0.20209999
v -0.19345416 0.1903442 0.2221
v -0.19345416 0.1903442 0.20209999
v -0.19434845 0.19014594 0.2221
v -0.19434845 0.19014594 0.20209999
v -0.19525662 0.19002637 0.2221
v -0.19525662 0.19002637 0.20209999
v -0.19617176 0.18998642 0.2221
v -0.19617176 0.18998642 0.20209999
v -0.1970869 0.19002637 0.2221
v -0.1970869 0.19002637 0.20209999
v -0.19799507 0.19014594 0.2221
v -0.19799507 0.19014594 0.20209999
v -0.19888936 0.1903442 0.2221
v -0.19888936 0.1903442 0.20209999
v -0.19976297 0.19061965 0.2221
v -0.19976297 0.19061965 0.20209999
v -0.20060925 0.19097018 0.2221
v -0.20060925 0.19097018 0.20209999
v -0.20142177 0.19139315 0.2221
v -0.20142177 0.19139315 0.20209999
v -0.20219432 0.19188532 0.2221
v -0.20219432 0.19188532 0.20209999
v -0.20292103 0.19244295 0.2221
v -0.20292103 0.19244295 0.20209999
v -0.20359638 0.1930618 0.2221
v -0.20359638 0.1930618 0.20209999
v -0.20421523 0.19373715 0.2221
v -0.20421523 0.19373715 0.20209999
v -0.20477286 0.19446386 0.2221
v -0.20477286 0.19446386 0.20209999
v -0.20526503 0.19523641 0.2221
v -0.20526503 0.19523641 0.20209999
v -0.205688 0.19604893 0.2221
v -0.205688 0.19604893 0.20209999
v -0.20603853 0.19689521 0.2221
v -0.20603853 0.19689521 0.20209999
v -0.20631398 0.19776882 0.2221
v -0.20631398 0.19776882 0.20209999
v -0.20651224 0.19866312 0.2221
v -0.20651224 0.19866312 0.20209999
v -0.20663181 0.19957128 0.2221
v -0.20663181 0.19957128 0.20209999
v -0.20667176 0.20048642 0.2221
v -0.20892176 0.20048642 0.19410001
v -0.20887324 0.20159766 0.19410001
v -0.20872806 0.20270044 0.19410001
v -0.20848732 0.20378636 0.19410001
v -0.20815285 0.20484717 0.19410001
v -0.20772719 0.2058748 0.19410001
v -0.20721358 0.20686142 0.19410001
v -0.20661595 0.20779952 0.19410001
v -0.20593883 0.20868196 0.19410001
v -0.20518738 0.20950203 0.19410001
v -0.20436731 0.21025349 0.19410001
v -0.20348486 0.21093062 0.19410001
v -0.20254676 0.21152824 0.19410001
v -0.20156014 0.21204184 0.19410001
v -0.20053253 0.21246751 0.19410001
v -0.19947171 0.21280198 0.19410001
v -0.19838578 0.21304272 0.19410001
v -0.197283 0.2131879 0.19410001
v -0.19617176 0.21323642 0.19410001
v -0.19506052 0.2131879 0.19410001
v -0.19395775 0.21304272 0.19410001
v -0.19287182 0.21280198 0.19410001
v -0.19181101 0.21246751 0.19410001
v -0.19078338 0.21204184 0.19410001
v -0.18979676 0.21152824 0.19410001
v -0.18885866 0.21093062 0.19410001
v -0.18797623 0.21025349 0.19410001
v -0.18715616 0.20950203 0.19410001
v -0.18640469 0.20868196 0.19410001
v -0.18572758 0.20779952 0.19410001
v -0.18512994 0.20686142 0.19410001
v -0.18461634 0.2058748 0.19410001
v -0.18419068 0.20484717 0.19410001
v -0.1838562 0.20378636 0.19410001
v -0.18361546 0.20270044 0.19410001
v -0.18347028 0.20159766 0.19410001
v -0.18342176 0.20048642 0.19410001
v -0.18347028 0.19937518 0.19410001
v -0.18361546 0.19827241 0.19410001
v -0.1838562 0.19718648 0.19410001
v -0.18419068 0.19612567 0.19410001
v -0.18461634 0.19509804 0.19410001
v -0.18512994 0.19411142 0.19410001
v -0.18572758 0.19317332 0.19410001
v -0.18640469 0.19229087 0.19410001
v -0.18715616 0.19147082 0.19410001
v -0.18797623 0.19071935 0.19410001
v -0.18885866 0.19004223 0.19410001
v -0.18979676 0.1894446 0.19410001
v -0.19078338 0.188931 0.19410001
v -0.19181101 0.18850534 0.19410001
v -0.19287182 0.18817087 0.19410001
v -0.19395775 0.18793012 0.19410001
v -0.19506052 0.18778494 0.19410001
v -0.19617176 0.18773642 0.19410001
v -0.197283 0.18778494 0.19410001
v -0.19838578 0.18793012 0.19410001
v -0.19947171 0.18817087 0.19410001
v -0.20053253 0.18850534 0.19410001
v -0.20156014 0.188931 0.19410001
v -0.20254676 0.1894446 0.19410001
v -0.20348486 0.19004223 0.19410001
v -0.20436731 0.19071935 0.19410001
v -0.20518738 0.19147082 0.19410001
v -0.20593883 0.19229087 0.19410001
v -0.20661595 0.19317332 0.19410001
v -0.20721358 0.19411142 0.19410001
v -0.20772719 0.19509804 0.19410001
v -0.20815285 0.19612567 0.19410001
v -0.20848732 0.19718648 0.19410001
v -0.20872806 0.19827241 0.19410001
v -0.20887324 0.19937518 0.19410001
v -0.20892176 0.20048642 0.1811
v -0.20887324 0.20159766 0.1811
v -0.20872806 0.20270044 0.1811
v -0.20848732 0.20378636 0.1811
v -0.20815285 0.20484717 0.1811
v -0.20772719 0.2058748 0.1811
v -0.20721358 0.20686142 0.1811
v -0.20661595 0.20779952 0.1811
v -0.20593883 0.20868196 0.1811
v -0.20518738 0.20950203 0.1811
v -0.20436731 0.21025349 0.1811
v -0.20348486 0.21093062 0.1811
v -0.20254676 0.21152824 0.1811
v -0.20156014 0.21204184 0.1811
v -0.20053253 0.21246751 0.1811
v -0.19947171 0.21280198 0.1811
v -0.19838578 0.21304272 0.1811
v -0.197283 0.2131879 0.1811
v -0.19617176 0.21323642 0.1811
v -0.19506052 0.2131879 0.1811
v -0.19395775 0.21304272 0.1811
v -0.19287182 0.21280198 0.1811
v -0.19181101 0.21246751 0.1811
v -0.19078338 0.21204184 0.1811
v -0.18979676 0.21152824 0.1811
v -0.18885866 0.21093062 0.1811
v -0.18797623 0.21025349 0.1811
v -0.18715616 0.20950203 0.1811
v -0.18640469 0.20868196 0.1811
v -0.18572758 0.20779952 0.1811
v -0.18512994 0.20686142 0.1811
v -0.18461634 0.2058748 0.1811
v -0.18419068 0.20484717 0.1811
v -0.1838562 0.20378636 0.1811
v -0.18361546 0.20270044 0.1811
v -0.18347028 0.20159766 0.1811
v -0.18342176 0.20048642 0.1811
v -0.18347028 0.19937518 0.1811
v -0.18361546 0.19827241 0.1811
v -0.1838562 0.19718648 0.1811
v -0.18419068 0.19612567 0.1811
v -0.18461634 0.19509804 0.1811
v -0.18512994 0.19411142 0.1811
v -0.18572758 0.19317332 0.1811
v -0.18640469 0.19229087 0.1811
v -0.18715616 0.19147082 0.1811
v -0.18797623 0.19071935 0.1811
v -0.18885866 0.19004223 0.1811
v -0.18979676 0.1894446 0.1811
v -0.19078338 0.188931 0.1811
v -0.19181101 0.18850534 0.1811
v -0.19287182 0.18817087 0.1811
v -0.19395775 0.18793012 0.1811
v -0.19506052 0.18778494 0.1811
v -0.19617176 0.18773642 0.1811
v -0.197283 0.18778494 0.1811
v -0.19838578 0.18793012 0.1811
v -0.19947171 0.18817087 0.1811
v -0.20053253 0.18850534 0.1811
v -0.20156014 0.188931 0.1811
v -0.20254676 0.1894446 0.1811
v -0.20348486 0.19004223 0.1811
v -0.20436731 0.19071935 0.1811
v -0.20518738 0.19147082 0.1811
v -0.20593883 0.19229087 0.1811
v -0.20661595 0.19317332 0.1811
v -0.20721358 0.19411142 0.1811
v -0.20772719 0.19509804 0.1811
v -0.20815285 0.19612567 0.1811
v -0.20848732 0.19718648 0.1811
v -0.20872806 0.19827241 0.1811
v -0.20887324 0.19937518 0.1811
v -0.19420214 0.19598642 0.1187527
v -0.19417937 0.19598642 0.11892569
v -0.19617176 0.19598642 0.1191
v -0.19417176 0.19598642 0.1191
v -0.19417937 0.19598642 0.11927431
v -0.19435915 0.19598642 0.11825477
v -0.19429238 0.19598642 0.11841596
v -0.19423991 0.19598642 0.11858236
v -0.19463967 0.19598642 0.11781442
v -0.19453345 0.19598642 0.11795285
v -0.19443971 0.19598642 0.1181
v -0.19502461 0.19598642 0.1174617
v -0.19488619 0.19598642 0.11756791
v -0.19475755 0.19598642 0.11768579
v -0.19548772 0.19598642 0.11722062
v -0.19532652 0.19598642 0.11728738
v -0.19517176 0.19598642 0.11736795
v -0.19599745 0.19598642 0.11710761
v -0.19582446 0.19598642 0.11713038
v -0.19565412 0.19598642 0.11716815
v -0.19651906 0.19598642 0.11713038
v -0.19634607 0.19598642 0.11710761
v -0.19617176 0.19598642 0.1171
v -0.197017 0.19598642 0.11728738
v -0.1968558 0.19598642 0.11722062
v -0.1966894 0.19598642 0.11716815
v -0.19745734 0.19598642 0.11756791
v -0.19731891 0.19598642 0.1174617
v -0.19717176 0.19598642 0.11736795
v -0.19781007 0.19598642 0.11795285
v -0.19770385 0.19598642 0.11781442
v -0.19758597 0.19598642 0.11768579
v -0.19805115 0.19598642 0.11841596
v -0.19798438 0.19598642 0.11825477
v -0.19790381 0.19598642 0.1181
v -0.19816415 0.19598642 0.11892569
v -0.19814138 0.19598642 0.1187527
v -0.19810362 0.19598642 0.11858236
v -0.19814138 0.19598642 0.1194473
v -0.19816415 0.19598642 0.11927431
v -0.19817176 0.19598642 0.1191
v -0.19798438 0.19598642 0.11994524
v -0.19805115 0.19598642 0.11978404
v -0.19810362 0.19598642 0.11961764
v -0.19770385 0.19598642 0.12038557
v -0.19781007 0.19598642 0.12024716
v -0.19790381 0.19598642 0.1201
v -0.19731891 0.19598642 0.12073831
v -0.19745734 0.19598642 0.12063209
v -0.19758597 0.19598642 0.12051421
v -0.1968558 0.19598642 0.12097938
v -0.197017 0.19598642 0.12091262
v -0.19717176 0.19598642 0.12083205
v -0.19634607 0.19598642 0.12109239
v -0.19651906 0.19598642 0.12106962
v -0.1966894 0.19598642 0.12103185
v -0.19582446 0.19598642 0.12106962
v -0.19599745 0.19598642 0.12109239
v -0.19617176 0.19598642 0.1211
v -0.19532652 0.19598642 0.12091262
v -0.19548772 0.19598642 0.12097938
v -0.19565412 0.19598642 0.12103185
v -0.19488619 0.19598642 0.12063209
v -0.19502461 0.19598642 0.12073831
v -0.19517176 0.19598642 0.12083205
v -0.19453345 0.19598642 0.12024716
v -0.19463967 0.19598642 0.12038557
v -0.19475755 0.19598642 0.12051421
v -0.19429238 0.19598642 0.11978404
v -0.19435915 0.19598642 0.11994524
v -0.19443971 0.19598642 0.1201
v -0.19420214 0.19598642 0.1194473
v -0.19423991 0.19598642 0.11961764
v -0.20626605 0.20226632 0.2221
v -0.20638275 0.20137976 0.2221
v -0.20642176 0.20048642 0.2221
v -0.20638275 0.19959308 0.2221
v -0.20626605 0.19870652 0.2221
v -0.20607251 0.19783352 0.2221
v -0.20580362 0.19698071 0.2221
v -0.20546141 0.19615458 0.2221
v -0.20504852 0.19536142 0.2221
v -0.20456807 0.19460726 0.2221
v -0.20402372 0.19389784 0.2221
v -0.20341961 0.19323857 0.2221
v -0.20276034 0.19263446 0.2221
v -0.20205092 0.19209011 0.2221
v -0.20129676 0.19160967 0.2221
v -0.2005036 0.19119677 0.2221
v -0.19967747 0.19085456 0.2221
v -0.19882466 0.19058569 0.2221
v -0.19795166 0.19039214 0.2221
v -0.19706511 0.19027543 0.2221
v -0.19617176 0.19023642 0.2221
v -0.19527842 0.19027543 0.2221
v -0.19439186 0.19039214 0.2221
v -0.19351886 0.19058569 0.2221
v -0.19266605 0.19085456 0.2221
v -0.19183992 0.19119677 0.2221
v -0.19104676 0.19160967 0.2221
v -0.1902926 0.19209011 0.2221
v -0.18958318 0.19263446 0.2221
v -0.18892393 0.19323857 0.2221
v -0.1883198 0.19389784 0.2221
v -0.18777545 0.19460726 0.2221
v -0.187295 0.19536142 0.2221
v -0.18688211 0.19615458 0.2221
v -0.18653992 0.19698071 0.2221
v -0.18627103 0.19783352 0.2221
v -0.18607749 0.19870652 0.2221
v -0.18596077 0.19959308 0.2221
v -0.18592176 0.20048642 0.2221
v -0.18596077 0.20137976 0.2221
v -0.18607749 0.20226632 0.2221
v -0.18627103 0.20313932 0.2221
v -0.18653992 0.20399213 0.2221
v -0.18688211 0.20481826 0.2221
v -0.187295 0.20561142 0.2221
v -0.18777545 0.20636559 0.2221
v -0.1883198 0.207075 0.2221
v -0.18892393 0.20773427 0.2221
v -0.18958318 0.20833838 0.2221
v -0.1902926 0.20888273 0.2221
v -0.19104676 0.20936318 0.2221
v -0.19183992 0.20977607 0.2221
v -0.19266605 0.21011826 0.2221
v -0.19351886 0.21038716 0.2221
v -0.19439186 0.21058071 0.2221
v -0.19527842 0.21069741 0.2221
v -0.19617176 0.21073642 0.2221
v -0.19706511 0.21069741 0.2221
v -0.19795166 0.21058071 0.2221
v -0.19882466 0.21038716 0.2221
v -0.19967747 0.21011826 0.2221
v -0.2005036 0.20977607 0.2221
v -0.20129676 0.20936318 0.2221
v -0.20205092 0.20888273 0.2221
v -0.20276034 0.20833838 0.2221
v -0.20341961 0.20773427 0.2221
v -0.20402372 0.207075 0.2221
v -0.20456807 0.20636559 0.2221
v -0.20504852 0.20561142 0.2221
v -0.20546141 0.20481826 0.2221
v -0.20580362 0.20399213 0.2221
v -0.20607251 0.20313932 0.2221
v -0.20638275 0.20137976 1.16709995
v -0.20626605 0.20226632 1.16709995
v -0.20607251 0.20313932 1.16709995
v -0.20580362 0.20399213 1.16709995
v -0.20546141 0.20481826 1.16709995
v -0.20504852 0.20561142 1.16709995
v -0.20456807 0.20636559 1.16709995
v -0.20402372 0.207075 1.16709995
v -0.20341961 0.20773427 1.16709995
v -0.20276034 0.20833838 1.16709995
v -0.20205092 0.20888273 1.16709995
v -0.20129676 0.20936318 1.16709995
v -0.2005036 0.20977607 1.16709995
v -0.19967747 0.21011826 1.16709995
v -0.19882466 0.21038716 1.16709995
v -0.19795166 0.21058071 1.16709995
v -0.19706511 0.21069741 1.16709995
v -0.19617176 0.21073642 1.16709995
v -0.19527842 0.21069741 1.16709995
v -0.19439186 0.21058071 1.16709995
v -0.19351886 0.21038716 1.16709995
v -0.19266605 0.21011826 1.16709995
v -0.19183992 0.20977607 1.16709995
v -0.19104676 0.20936318 1.16709995
v -0.1902926 0.20888273 1.16709995
v -0.18958318 0.20833838 1.16709995
v -0.18892393 0.20773427 1.16709995
v -0.1883198 0.207075 1.16709995
v -0.18777545 0.20636559 1.16709995
v -0.187295 0.20561142 1.16709995
v -0.18688211 0.20481826 1.16709995
v -0.18653992 0.20399213 1.16709995
v -0.18627103 0.20313932 1.16709995
v -0.18607749 0.20226632 1.16709995
v -0.18596077 0.20137976 1.16709995
v -0.18592176 0.20048642 1.16709995
v -0.18596077 0.19959308 1.16709995
v -0.18607749 0.19870652 1.16709995
v -0.18627103 0.19783352 1.16709995
v -0.18653992 0.19698071 1.16709995
v -0.18688211 0.19615458 1.16709995
v -0.187295 0.19536142 1.16709995
v -0.18777545 0.19460726 1.16709995
v -0.1883198 0.19389784 1.16709995
v -0.18892393 0.19323857 1.16709995
v -0.18958318 0.19263446 1.16709995
v -0.1902926 0.19209011 1.16709995
v -0.19104676 0.19160967 1.16709995
v -0.19183992 0.19119677 1.16709995
v -0.19266605 0.19085456 1.16709995
v -0.19351886 0.19058569 1.16709995
v -0.19439186 0.19039214 1.16709995
v -0.19527842 0.19027543 1.16709995
v -0.19617176 0.19023642 1.16709995
v -0.19706511 0.19027543 1.16709995
v -0.19795166 0.19039214 1.16709995
v -0.19882466 0.19058569 1.16709995
v -0.19967747 0.19085456 1.16709995
v -0.2005036 0.19119677 1.16709995
v -0.20129676 0.19160967 1.16709995
v -0.20205092 0.19209011 1.16709995
v -0.20276034 0.19263446 1.16709995
v -0.20341961 0.19323857 1.16709995
v -0.20402372 0.19389784 1.16709995
v -0.20456807 0.19460726 1.16709995
v -0.20504852 0.19536142 1.16709995
v -0.20546141 0.19615458 1.16709995
v -0.20580362 0.19698071 1.16709995
v -0.20607251 0.19783352 1.16709995
v -0.20626605 0.19870652 1.16709995
v -0.20638275 0.19959308 1.16709995
v -0.20642176 0.20048642 1.16709995
v -0.20749705 0.20248337 1.16709995
v -0.20727991 0.20346284 1.16709995
v -0.20697823 0.20441966 1.16709995
v -0.2065943 0.20534652 1.16709995
v -0.20613106 0.20623642 1.16709995
v -0.20559201 0.20708255 1.16709995
v -0.20498127 0.20787849 1.16709995
v -0.20430349 0.20861815 1.16709995
v -0.20356382 0.20929593 1.16709995
v -0.20276789 0.20990667 1.16709995
v -0.20192176 0.21044572 1.16709995
v -0.20103188 0.21090896 1.16709995
v -0.200105 0.21129289 1.16709995
v -0.19914818 0.21159457 1.16709995
v -0.19816871 0.21181171 1.16709995
v -0.19717406 0.21194266 1.16709995
v -0.19617176 0.21198642 1.16709995
v -0.19516948 0.21194266 1.16709995
v -0.19417481 0.21181171 1.16709995
v -0.19319534 0.21159457 1.16709995
v -0.19223852 0.21129289 1.16709995
v -0.19131166 0.21090896 1.16709995
v -0.19042176 0.21044572 1.16709995
v -0.18957563 0.20990667 1.16709995
v -0.18877971 0.20929593 1.16709995
v -0.18804003 0.20861815 1.16709995
v -0.18736225 0.20787849 1.16709995
v -0.18675151 0.20708255 1.16709995
v -0.18621247 0.20623642 1.16709995
v -0.18574922 0.20534652 1.16709995
v -0.1853653 0.20441966 1.16709995
v -0.18506362 0.20346284 1.16709995
v -0.18484648 0.20248337 1.16709995
v -0.18471552 0.20148872 1.16709995
v -0.18467176 0.20048642 1.16709995
v -0.18471552 0.19948412 1.16709995
v -0.18484648 0.19848947 1.16709995
v -0.18506362 0.19751 1.16709995
v -0.1853653 0.19655319 1.16709995
v -0.18574922 0.19562632 1.16709995
v -0.18621247 0.19473642 1.16709995
v -0.18675151 0.19389029 1.16709995
v -0.18736225 0.19309436 1.16709995
v -0.18804003 0.19235469 1.16709995
v -0.18877971 0.19167691 1.16709995
v -0.18957563 0.19106618 1.16709995
v -0.19042176 0.19052713 1.16709995
v -0.19131166 0.19006388 1.16709995
v -0.19223852 0.18967995 1.16709995
v -0.19319534 0.18937828 1.16709995
v -0.19417481 0.18916114 1.16709995
v -0.19516948 0.18903019 1.16709995
v -0.19617176 0.18898642 1.16709995
v -0.19717406 0.18903019 1.16709995
v -0.19816871 0.18916114 1.16709995
v -0.19914818 0.18937828 1.16709995
v -0.200105 0.18967995 1.16709995
v -0.20103188 0.19006388 1.16709995
v -0.20192176 0.19052713 1.16709995
v -0.20276789 0.19106618 1.16709995
v -0.20356382 0.19167691 1.16709995
v -0.20430349 0.19235469 1.16709995
v -0.20498127 0.19309436 1.16709995
v -0.20559201 0.19389029 1.16709995
v -0.20613106 0.19473642 1.16709995
v -0.2065943 0.19562632 1.16709995
v -0.20697823 0.19655319 1.16709995
v -0.20727991 0.19751 1.16709995
v -0.20749705 0.19848947 1.16709995
v -0.207628 0.19948412 1.16709995
v -0.20767176 0.20048642 1.16709995
v -0.207628 0.20148872 1.16709995
v -0.207628 0.20148872 1.18009996
v -0.20749705 0.20248337 1.18009996
v -0.20727991 0.20346284 1.18009996
v -0.20697823 0.20441966 1.18009996
v -0.2065943 0.20534652 1.18009996
v -0.20613106 0.20623642 1.18009996
v -0.20559201 0.20708255 1.18009996
v -0.20498127 0.20787849 1.18009996
v -0.20430349 0.20861815 1.18009996
v -0.20356382 0.20929593 1.18009996
v -0.20276789 0.20990667 1.18009996
v -0.20192176 0.21044572 1.18009996
v -0.20103188 0.21090896 1.18009996
v -0.200105 0.21129289 1.18009996
v -0.19914818 0.21159457 1.18009996
v -0.19816871 0.21181171 1.18009996
v -0.19717406 0.21194266 1.18009996
v -0.19617176 0.21198642 1.18009996
v -0.19516948 0.21194266 1.18009996
v -0.19417481 0.21181171 1.18009996
v -0.19319534 0.21159457 1.18009996
v -0.19223852 0.21129289 1.18009996
v -0.19131166 0.21090896 1.18009996
v -0.19042176 0.21044572 1.18009996
v -0.18957563 0.20990667 1.18009996
v -0.18877971 0.20929593 1.18009996
v -0.18804003 0.20861815 1.18009996
v -0.18736225 0.20787849 1.18009996
v -0.18675151 0.20708255 1.18009996
v -0.18621247 0.20623642 1.18009996
v -0.18574922 0.20534652 1.18009996
v -0.1853653 0.20441966 1.18009996
v -0.18506362 0.20346284 1.18009996
v -0.18484648 0.20248337 1.18009996
v -0.18471552 0.20148872 1.18009996
v -0.18467176 0.20048642 1.18009996
v -0.18471552 0.19948412 1.18009996
v -0.18484648 0.19848947 1.18009996
v -0.18506362 0.19751 1.18009996
v -0.1853653 0.19655319 1.18009996
v -0.18574922 0.19562632 1.18009996
v -0.18621247 0.19473642 1.18009996
v -0.18675151 0.19389029 1.18009996
v -0.18736225 0.19309436 1.18009996
v -0.18804003 0.19235469 1.18009996
v -0.18877971 0.19167691 1.18009996
v -0.18957563 0.19106618 1.18009996
v -0.19042176 0.19052713 1.18009996
v -0.19131166 0.19006388 1.18009996
v -0.19223852 0.18967995 1.18009996
v -0.19319534 0.18937828 1.18009996
v -0.19417481 0.18916114 1.18009996
v -0.19516948 0.18903019 1.18009996
v -0.19617176 0.18898642 1.18009996
v -0.19717406 0.18903019 1.18009996
v -0.19816871 0.18916114 1.18009996
v -0.19914818 0.18937828 1.18009996
v -0.200105 0.18967995 1.18009996
v -0.20103188 0.19006388 1.18009996
v -0.20192176 0.19052713 1.18009996
v -0.20276789 0.19106618 1.18009996
v -0.20356382 0.19167691 1.18009996
v -0.20430349 0.19235469 1.18009996
v -0.20498127 0.19309436 1.18009996
v -0.20559201 0.19389029 1.18009996
v -0.20613106 0.19473642 1.18009996
v -0.2065943 0.19562632 1.18009996
v -0.20697823 0.19655319 1.18009996
v -0.20727991 0.19751 1.18009996
v -0.20749705 0.19848947 1.18009996
v -0.207628 0.19948412 1.18009996
v -0.20767176 0.20048642 1.18009996
v -0.19617176 0.20048642 1.18509996
v -0.20011099 0.19979183 0.1041
v -0.20015654 0.20013779 0.1041
v -0.19617176 0.20048642 0.1041
v -0.20017177 0.20048642 0.1041
v -0.20015654 0.20083505 0.1041
v -0.19979699 0.19879594 0.1041
v -0.19993053 0.19911835 0.1041
v -0.20003547 0.19945115 0.1041
v -0.19923595 0.19791527 0.1041
v -0.19944838 0.19819212 0.1041
v -0.19963586 0.19848642 0.1041
v -0.19846606 0.19720982 0.1041
v -0.19874291 0.19742224 0.1041
v -0.19900019 0.19765799 0.1041
v -0.19753984 0.19672765 0.1041
v -0.19786224 0.19686119 0.1041
v -0.19817176 0.19702232 0.1041
v -0.19652039 0.19650164 0.1041
v -0.19686635 0.1965472 0.1041
v -0.19720703 0.19662271 0.1041
v -0.19547717 0.1965472 0.1041
v -0.19582313 0.19650164 0.1041
v -0.19617176 0.19648643 0.1041
v -0.19448128 0.19686119 0.1041
v -0.19480368 0.19672765 0.1041
v -0.19513649 0.19662271 0.1041
v -0.19360061 0.19742224 0.1041
v -0.19387746 0.19720982 0.1041
v -0.19417176 0.19702232 0.1041
v -0.19289516 0.19819212 0.1041
v -0.19310759 0.19791527 0.1041
v -0.19334334 0.19765799 0.1041
v -0.19241299 0.19911835 0.1041
v -0.19254653 0.19879594 0.1041
v -0.19270766 0.19848642 0.1041
v -0.19218698 0.20013779 0.1041
v -0.19223253 0.19979183 0.1041
v -0.19230805 0.19945115 0.1041
v -0.19223253 0.20118101 0.1041
v -0.19218698 0.20083505 0.1041
v -0.19217177 0.20048642 0.1041
v -0.19254653 0.2021769 0.1041
v -0.19241299 0.2018545 0.1041
v -0.19230805 0.20152169 0.1041
v -0.19310759 0.20305757 0.1041
v -0.19289516 0.20278072 0.1041
v -0.19270766 0.20248643 0.1041
v -0.19387746 0.20376302 0.1041
v -0.19360061 0.20355059 0.1041
v -0.19334334 0.20331484 0.1041
v -0.19480368 0.20424519 0.1041
v -0.19448128 0.20411165 0.1041
v -0.19417176 0.20395052 0.1041
v -0.19582313 0.2044712 0.1041
v -0.19547717 0.20442565 0.1041
v -0.19513649 0.20435013 0.1041
v -0.19686635 0.20442565 0.1041
v -0.19652039 0.2044712 0.1041
v -0.19617176 0.20448641 0.1041
v -0.19786224 0.20411165 0.1041
v -0.19753984 0.20424519 0.1041
v -0.19720703 0.20435013 0.1041
v -0.19874291 0.20355059 0.1041
v -0.19846606 0.20376302 0.1041
v -0.19817176 0.20395052 0.1041
v -0.19944838 0.20278072 0.1041
v -0.19923595 0.20305757 0.1041
v -0.19900019 0.20331484 0.1041
v -0.19993053 0.2018545 0.1041
v -0.19979699 0.2021769 0.1041
v -0.19963586 0.20248643 0.1041
v -0.20011099 0.20118101 0.1041
v -0.20003547 0.20152169 0.1041
v -0.20017177 0.20048642 0.0941
v -0.20015654 0.20083505 0.0941
v -0.20011099 0.20118101 0.0941
v -0.20003547 0.20152169 0.0941
v -0.19993053 0.2018545 0.0941
v -0.19979699 0.2021769 0.0941
v -0.19963586 0.20248643 0.0941
v -0.19944838 0.20278072 0.0941
v -0.19923595 0.20305757 0.0941
v -0.19900019 0.20331484 0.0941
v -0.19874291 0.20355059 0.0941
v -0.19846606 0.20376302 0.0941
v -0.19817176 0.20395052 0.0941
v -0.19786224 0.20411165 0.0941
v -0.19753984 0.20424519 0.0941
v -0.19720703 0.20435013 0.0941
v -0.19686635 0.20442565 0.0941
v -0.19652039 0.2044712 0.0941
v -0.19617176 0.20448641 0.0941
v -0.19582313 0.2044712 0.0941
v -0.19547717 0.20442565 0.0941
v -0.19513649 0.20435013 0.0941
v -0.19480368 0.20424519 0.0941
v -0.19448128 0.20411165 0.0941
v -0.19417176 0.20395052 0.0941
v -0.19387746 0.20376302 0.0941
v -0.19360061 0.20355059 0.0941
v -0.19334334 0.20331484 0.0941
v -0.19310759 0.20305757 0.0941
v -0.19289516 0.20278072 0.0941
v -0.19270766 0.20248643 0.0941
v -0.19254653 0.2021769 0.0941
v -0.19241299 0.2018545 0.0941
v -0.19230805 0.20152169 0.0941
v -0.19223253 0.20118101 0.0941
v -0.19218698 0.20083505 0.0941
v -0.19217177 0.20048642 0.0941
v -0.19218698 0.20013779 0.0941
v -0.19223253 0.19979183 0.0941
v -0.19230805 0.19945115 0.0941
v -0.19241299 0.19911835 0.0941
v -0.19254653 0.19879594 0.0941
v -0.19270766 0.19848642 0.0941
v -0.19289516 0.19819212 0.0941
v -0.19310759 0.19791527 0.0941
v -0.19334334 0.19765799 0.0941
v -0.19360061 0.19742224 0.0941
v -0.19387746 0.19720982 0.0941
v -0.19417176 0.19702232 0.0941
v -0.19448128 0.19686119 0.0941
v -0.19480368 0.19672765 0.0941
v -0.19513649 0.19662271 0.0941
v -0.19547717 0.1965472 0.0941
v -0.19582313 0.19650164 0.0941
v -0.19617176 0.19648643 0.0941
v -0.19652039 0.19650164 0.0941
v -0.19686635 0.1965472 0.0941
v -0.19720703 0.19662271 0.0941
v -0.19753984 0.19672765 0.0941
v -0.19786224 0.19686119 0.0941
v -0.19817176 0.19702232 0.0941
v -0.19846606 0.19720982 0.0941
v -0.19874291 0.19742224 0.0941
v -0.19900019 0.19765799 0.0941
v -0.19923595 0.19791527 0.0941
v -0.19944838 0.19819212 0.0941
v -0.19963586 0.19848642 0.0941
v -0.19979699 0.19879594 0.0941
v -0.19993053 0.19911835 0.0941
v -0.20003547 0.19945115 0.0941
v -0.20011099 0.19979183 0.0941
v -0.20015654 0.20013779 0.0941
v -0.18896662 0.20384623 0.0941
v -0.18870121 0.20320548 0.0941
v -0.18849266 0.20254403 0.0941
v -0.18834254 0.20186692 0.0941
v -0.18825202 0.20117931 0.0941
v -0.18822177 0.20048642 0.0941
v -0.18825202 0.19979353 0.0941
v -0.18834254 0.19910592 0.0941
v -0.18849266 0.19842881 0.0941
v -0.18870121 0.19776736 0.0941
v -0.18896662 0.19712661 0.0941
v -0.18928686 0.19651142 0.0941
v -0.18965951 0.19592649 0.0941
v -0.19008172 0.19537626 0.0941
v -0.19055027 0.19486493 0.0941
v -0.1910616 0.19439636 0.0941
v -0.19161183 0.19397417 0.0941
v -0.19219676 0.19360152 0.0941
v -0.19281195 0.19328128 0.0941
v -0.1934527 0.19301586 0.0941
v -0.19411415 0.19280732 0.0941
v -0.19479126 0.1926572 0.0941
v -0.19547887 0.19256668 0.0941
v -0.19617176 0.19253641 0.0941
v -0.19686465 0.19256668 0.0941
v -0.19755226 0.1926572 0.0941
v -0.19822937 0.19280732 0.0941
v -0.19889082 0.19301586 0.0941
v -0.19953158 0.19328128 0.0941
v -0.20014676 0.19360152 0.0941
v -0.20073169 0.19397417 0.0941
v -0.20128192 0.19439636 0.0941
v -0.20179327 0.19486493 0.0941
v -0.20226182 0.19537626 0.0941
v -0.20268402 0.19592649 0.0941
v -0.20305666 0.19651142 0.0941
v -0.2033769 0.19712661 0.0941
v -0.20364232 0.19776736 0.0941
v -0.20385088 0.19842881 0.0941
v -0.20400098 0.19910592 0.0941
v -0.2040915 0.19979353 0.0941
v -0.20412177 0.20048642 0.0941
v -0.2040915 0.20117931 0.0941
v -0.20400098 0.20186692 0.0941
v -0.20385088 0.20254403 0.0941
v -0.20364232 0.20320548 0.0941
v -0.2033769 0.20384623 0.0941
v -0.20305666 0.20446143 0.0941
v -0.20268402 0.20504636 0.0941
v -0.20226182 0.20559658 0.0941
v -0.20179327 0.20610791 0.0941
v -0.20128192 0.20657648 0.0941
v -0.20073169 0.20699868 0.0941
v -0.20014676 0.20737132 0.0941
v -0.19953158 0.20769157 0.0941
v -0.19889082 0.20795698 0.0941
v -0.19822937 0.20816553 0.0941
v -0.19755226 0.20831564 0.0941
v -0.19686465 0.20840617 0.0941
v -0.19617176 0.20843641 0.0941
v -0.19547887 0.20840617 0.0941
v -0.19479126 0.20831564 0.0941
v -0.19411415 0.20816553 0.0941
v -0.1934527 0.20795698 0.0941
v -0.19281195 0.20769157 0.0941
v -0.19219676 0.20737132 0.0941
v -0.19161183 0.20699868 0.0941
v -0.1910616 0.20657648 0.0941
v -0.19055027 0.20610791 0.0941
v -0.19008172 0.20559658 0.0941
v -0.18965951 0.20504636 0.0941
v -0.18928686 0.20446143 0.0941
v -0.2040915 0.20117931 0.1041
v -0.20400098 0.20186692 0.1041
v -0.20385088 0.20254403 0.1041
v -0.20364232 0.20320548 0.1041
v -0.2033769 0.20384623 0.1041
v -0.20305666 0.20446143 0.1041
v -0.20268402 0.20504636 0.1041
v -0.20226182 0.20559658 0.1041
v -0.20179327 0.20610791 0.1041
v -0.20128192 0.20657648 0.1041
v -0.20073169 0.20699868 0.1041
v -0.20014676 0.20737132 0.1041
v -0.19953158 0.20769157 0.1041
v -0.19889082 0.20795698 0.1041
v -0.19822937 0.20816553 0.1041
v -0.19755226 0.20831564 0.1041
v -0.19686465 0.20840617 0.1041
v -0.19617176 0.20843641 0.1041
v -0.19547887 0.20840617 0.1041
v -0.19479126 0.20831564 0.1041
v -0.19411415 0.20816553 0.1041
v -0.1934527 0.20795698 0.1041
v -0.19281195 0.20769157 0.1041
v -0.19219676 0.20737132 0.1041
v -0.19161183 0.20699868 0.1041
v -0.1910616 0.20657648 0.1041
v -0.19055027 0.20610791 0.1041
v -0.19008172 0.20559658 0.1041
v -0.18965951 0.20504636 0.1041
v -0.18928686 0.20446143 0.1041
v -0.18896662 0.20384623 0.1041
v -0.18870121 0.20320548 0.1041
v -0.18849266 0.20254403 0.1041
v -0.18834254 0.20186692 0.1041
v -0.18825202 0.20117931 0.1041
v -0.18822177 0.20048642 0.1041
v -0.18825202 0.19979353 0.1041
v -0.18834254 0.19910592 0.1041
v -0.18849266 0.19842881 0.1041
v -0.18870121 0.19776736 0.1041
v -0.18896662 0.19712661 0.1041
v -0.18928686 0.19651142 0.1041
v -0.18965951 0.19592649 0.1041
v -0.19008172 0.19537626 0.1041
v -0.19055027 0.19486493 0.1041
v -0.1910616 0.19439636 0.1041
v -0.19161183 0.19397417 0.1041
v -0.19219676 0.19360152 0.1041
v -0.19281195 0.19328128 0.1041
v -0.1934527 0.19301586 0.1041
v -0.19411415 0.19280732 0.1041
v -0.19479126 0.1926572 0.1041
v -0.19547887 0.19256668 0.1041
v -0.19617176 0.19253641 0.1041
v -0.19686465 0.19256668 0.1041
v -0.19755226 0.1926572 0.1041
v -0.19822937 0.19280732 0.1041
v -0.19889082 0.19301586 0.1041
v -0.19953158 0.19328128 0.1041
v -0.20014676 0.19360152 0.1041
v -0.20073169 0.19397417 0.1041
v -0.20128192 0.19439636 0.1041
v -0.20179327 0.19486493 0.1041
v -0.20226182 0.19537626 0.1041
v -0.20268402 0.19592649 0.1041
v -0.20305666 0.19651142 0.1041
v -0.2033769 0.19712661 0.1041
v -0.20364232 0.19776736 0.1041
v -0.20385088 0.19842881 0.1041
v -0.20400098 0.19910592 0.1041
v -0.2040915 0.19979353 0.1041
v -0.20412177 0.20048642 0.1041
vn 0.0836 -0.9965 -0
vn 0.10842 -0.99411 0.00045
vn 0.13052 -0.99145 0
vn 0.08994 -0.99595 0.00074
vn 0.09775 -0.99521 0.0006
vn 0.11821 -0.99299 0.00032
vn 0.12706 -0.99189 0.00023
vn 0.13506 -0.99084 0.00015
vn 0.1492 -0.98881 6E-05
vn 0.15173 -0.98842 5E-05
vn 0.15351 -0.98815 4E-05
vn 0.14064 -0.99006 0.00011
vn 0.1437 -0.98962 9E-05
vn 0.14658 -0.9892 8E-05
vn 0.15534 -0.98786 3E-05
vn 0.15682 -0.98763 3E-05
vn 0.15878 -0.98731 2E-05
vn 0.15956 -0.98719 2E-05
vn 0.15806 -0.98743 2E-05
vn 0.16136 -0.9869 2E-05
vn 0.1606 -0.98702 -0.00014
vn 0.15995 -0.98712 -0.00015
vn 0.15966 -0.98717 -0.00016
vn 0.1576 -0.9875 -0.00022
vn 0.15632 -0.98771 -0.00025
vn 0.15464 -0.98797 -0.00031
vn 0.1525 -0.9883 -0.00039
vn 0.15035 -0.98863 -0.00047
vn 0.14764 -0.98904 -0.0006
vn 0.14506 -0.98942 -0.00073
vn 0.14196 -0.98987 -0.00091
vn 0.13674 -0.99061 -0.00124
vn 0.12914 -0.99162 -0.00185
vn 0.12073 -0.99268 -0.00266
vn 0.08945 -0.99599 0
vn 0.13052 -0.99145 -0.00038
vn 0.10121 -0.99485 -0.00517
vn 0.11141 -0.99377 -0.00375
vn 0.04362 -0.99905 0
vn 0.00359 -0.99999 0.00073
vn 0.0105 -0.99994 0.00061
vn 0.01739 -0.99985 0.00051
vn 0.02443 -0.9997 0.00041
vn 0.03126 -0.99951 0.00033
vn 0.03814 -0.99927 0.00025
vn 0.04474 -0.999 0.00019
vn 0.05145 -0.99868 0.00013
vn 0.05807 -0.99831 9E-05
vn 0.0644 -0.99792 5E-05
vn 0.07083 -0.99749 3E-05
vn 0.07694 -0.99704 1E-05
vn -0.04362 -0.99905 -0
vn -0.08405 -0.99646 0.00073
vn -0.07732 -0.99701 0.00062
vn -0.07103 -0.99747 0.00052
vn -0.02439 -0.9997 6E-05
vn -0.06461 -0.99791 0.00043
vn -0.05813 -0.99831 0.00035
vn -0.05146 -0.99867 0.00027
vn -0.04478 -0.999 0.00021
vn -0.03813 -0.99927 0.00015
vn -0.03119 -0.99951 0.0001
vn -0.01733 -0.99985 3E-05
vn -0.01047 -0.99995 1E-05
vn -0.00358 -0.99999 -0
vn -0.11142 -0.99377 -0.00375
vn -0.12073 -0.99268 -0.00266
vn -0.12914 -0.99162 -0.00185
vn -0.13053 -0.99144 -1E-05
vn -0.09372 -0.99558 -0.00639
vn -0.1012 -0.99485 -0.00517
vn -0.15981 -0.98715 -0.00016
vn -0.15476 -0.98795 -0.00031
vn -0.15609 -0.98774 -0.00026
vn -0.15799 -0.98744 -0.00021
vn -0.13674 -0.99061 -0.00124
vn -0.14187 -0.98988 -0.00091
vn -0.14511 -0.98942 -0.00073
vn -0.14746 -0.98907 -0.00061
vn -0.15056 -0.9886 -0.00047
vn -0.1524 -0.98832 -0.00039
vn -0.1604 -0.98705 -0.00014
vn -0.16122 -0.98692 -0.00012
vn -0.16114 -0.98693 -0.00012
vn -0.16245 -0.98672 1E-05
vn -0.15767 -0.98749 3E-05
vn -0.16004 -0.98711 2E-05
vn -0.15844 -0.98737 2E-05
vn -0.15655 -0.98767 3E-05
vn -0.15566 -0.98781 3E-05
vn -0.1536 -0.98813 4E-05
vn -0.15165 -0.98843 5E-05
vn -0.1492 -0.98881 6E-05
vn -0.14658 -0.9892 8E-05
vn -0.14375 -0.98961 9E-05
vn -0.14055 -0.99007 0.00011
vn -0.13506 -0.99084 0.00015
vn -0.13053 -0.99144 0.0002
vn -0.12698 -0.9919 0.00016
vn -0.11797 -0.99302 0.0001
vn -0.10807 -0.99414 4E-05
vn -0.09728 -0.99526 1E-05
vn -0.08945 -0.99599 -0
vn -0.0036 -0.99999 0
vn -0.04362 -0.99905 -0.00058
vn -0.01081 -0.99992 -0.00607
vn -0.01785 -0.99983 -0.00499
vn -0.02503 -0.99968 -0.004
vn -0.03191 -0.99949 -0.00316
vn -0.03859 -0.99925 -0.00243
vn -0.04532 -0.99897 -0.00179
vn -0.05173 -0.99866 -0.00128
vn -0.05826 -0.9983 -0.00084
vn -0.06467 -0.99791 -0.0005
vn -0.07096 -0.99748 -0.00026
vn -0.07699 -0.99703 -9E-05
vn -0.0836 -0.9965 0
vn 0.0836 -0.9965 0
vn 0.07701 -0.99703 -9E-05
vn 0.0709 -0.99748 -0.00026
vn 0.06465 -0.99791 -0.00051
vn 0.0583 -0.9983 -0.00084
vn 0.05187 -0.99865 -0.00127
vn 0.04521 -0.99898 -0.0018
vn 0.03867 -0.99925 -0.00242
vn 0.03182 -0.99949 -0.00317
vn 0.02493 -0.99968 -0.00402
vn 0.01792 -0.99983 -0.00498
vn 0.04362 -0.99905 -0.00106
vn 0.01045 -0.99995 -0.0001
vn 0.00359 -0.99999 0
vn -0.16681 -0.98599 0
vn -0.21645 -0.97629 -0
vn -0.30071 -0.95372 -0
vn -0.38268 -0.92388 -0
vn -0.46174 -0.88701 -0
vn -0.5373 -0.84339 -0
vn -0.60877 -0.79335 -0
vn -0.67559 -0.73727 -0
vn -0.73727 -0.67559 -0
vn -0.79335 -0.60877 -0
vn -0.8434 -0.53729 -0
vn -0.88701 -0.46175 -0
vn -0.92388 -0.38268 -0
vn -0.95372 -0.30071 -0
vn -0.97629 -0.21645 -0
vn -0.99144 -0.13053 -0
vn -0.99905 -0.04362 -0
vn -0.99905 0.04362 -0
vn -0.99145 0.13052 -0
vn -0.97629 0.21645 -0
vn -0.95372 0.30071 -0
vn -0.92388 0.38268 -0
vn -0.88701 0.46175 -0
vn -0.8434 0.53729 -0
vn -0.79335 0.60877 -0
vn -0.73727 0.67559 -0
vn -0.67559 0.73727 -0
vn -0.60877 0.79335 -0
vn -0.5373 0.84339 -0
vn -0.46174 0.88701 -0
vn -0.38268 0.92388 -0
vn -0.30071 0.95372 -0
vn -0.21645 0.97629 -0
vn -0.13053 0.99144 -0
vn -0.04362 0.99905 -0
vn 0.04362 0.99905 0
vn 0.13052 0.99145 0
vn 0.21645 0.97629 0
vn 0.30071 0.95372 0
vn 0.38268 0.92388 0
vn 0.46175 0.88701 0
vn 0.53729 0.8434 0
vn 0.60877 0.79335 0
vn 0.67559 0.73727 0
vn 0.73727 0.67559 0
vn 0.79336 0.60876 0
vn 0.84339 0.5373 0
vn 0.88701 0.46175 0
vn 0.92388 0.38268 0
vn 0.95372 0.30071 0
vn 0.9763 0.21644 0
vn 0.99144 0.13054 0
vn 0.99905 0.04362 0
vn 0.99905 -0.04362 -0
vn 0.99144 -0.13054 -0
vn 0.9763 -0.21644 -0
vn 0.95372 -0.30071 -0
vn 0.92388 -0.38268 -0
vn 0.88701 -0.46175 -0
vn 0.84339 -0.5373 -0
vn 0.79336 -0.60876 -0
vn 0.73727 -0.67559 -0
vn 0.67559 -0.73727 -0
vn 0.60877 -0.79335 -0
vn 0.53729 -0.8434 -0
vn 0.46175 -0.88701 -0
vn 0.38268 -0.92388 -0
vn 0.30071 -0.95372 -0
vn 0.21645 -0.97629 -0
vn 0.16681 -0.98599 -0
vn 0.1637 -0.98651 -7E-05
vn 0 0 -1
vn -0.99905 0.04362 0
vn -0.99145 0.13052 -0
vn -0.9763 0.21644 -0
vn -0.95372 0.3007 -0
vn -0.92387 0.3827 -0
vn -0.88701 0.46174 -0
vn -0.84339 0.5373 -0
vn -0.79336 0.60876 -0
vn -0.73728 0.67559 -0
vn -0.67559 0.73728 -0
vn -0.60877 0.79335 -0
vn -0.5373 0.84339 -0
vn -0.46174 0.88701 -0
vn -0.38269 0.92388 -0
vn -0.30069 0.95372 -0
vn -0.21646 0.97629 -0
vn -0.13052 0.99145 -0
vn -0.04362 0.99905 -0
vn 0.04362 0.99905 0
vn 0.13052 0.99145 0
vn 0.21646 0.97629 0
vn 0.30068 0.95372 0
vn 0.3827 0.92387 0
vn 0.46174 0.88701 0
vn 0.5373 0.84339 0
vn 0.60876 0.79336 0
vn 0.67559 0.73728 0
vn 0.73728 0.67559 0
vn 0.79336 0.60876 0
vn 0.84339 0.5373 0
vn 0.88701 0.46174 0
vn 0.92387 0.3827 0
vn 0.95372 0.30068 0
vn 0.97629 0.21646 0
vn 0.99145 0.13052 0
vn 0.99905 0.04362 0
vn 0.99905 -0.04362 -0
vn 0.99145 -0.13052 -0
vn 0.97629 -0.21646 -0
vn 0.95372 -0.30068 -0
vn 0.92387 -0.3827 -0
vn 0.88701 -0.46174 -0
vn 0.8434 -0.53729 -0
vn 0.79335 -0.60877 -0
vn 0.73728 -0.67559 -0
vn 0.67559 -0.73728 -0
vn 0.60876 -0.79336 -0
vn 0.5373 -0.84339 -0
vn 0.46174 -0.88701 -0
vn 0.3827 -0.92387 -0
vn 0.3007 -0.95372 -0
vn 0.21644 -0.9763 -0
vn 0.13052 -0.99145 -0
vn 0.04362 -0.99905 -0
vn -0.04362 -0.99905 -0
vn -0.13052 -0.99145 -0
vn -0.21644 -0.9763 -0
vn -0.30071 -0.95372 -0
vn -0.38269 -0.92388 -0
vn -0.46174 -0.88701 -0
vn -0.5373 -0.84339 -0
vn -0.60877 -0.79335 -0
vn -0.67559 -0.73728 -0
vn -0.73728 -0.67559 -0
vn -0.79335 -0.60877 -0
vn -0.8434 -0.53729 -0
vn -0.88701 -0.46174 -0
vn -0.92387 -0.3827 -0
vn -0.95372 -0.3007 -0
vn -0.9763 -0.21644 -0
vn -0.99145 -0.13052 -0
vn -0.99905 -0.04362 -0
vn -0.99905 0.04361 0
vn -0.99144 0.13053 -0
vn -0.9763 0.21644 -0
vn -0.95372 0.30071 -0
vn -0.92388 0.38268 -0
vn -0.88701 0.46176 -0
vn -0.8434 0.53729 -0
vn -0.79335 0.60876 -0
vn -0.73728 0.67559 -0
vn -0.67559 0.73728 -0
vn -0.60876 0.79335 -0
vn -0.5373 0.84339 -0
vn -0.46174 0.88702 -0
vn -0.38269 0.92388 -0
vn -0.30071 0.95372 -0
vn -0.21644 0.9763 -0
vn -0.13053 0.99144 -0
vn -0.04361 0.99905 -0
vn 0.04361 0.99905 0
vn 0.13053 0.99144 0
vn 0.21644 0.9763 0
vn 0.30071 0.95372 0
vn 0.38269 0.92388 0
vn 0.46174 0.88701 0
vn 0.53729 0.8434 0
vn 0.60876 0.79335 0
vn 0.67559 0.73728 0
vn 0.73728 0.67559 0
vn 0.79335 0.60876 0
vn 0.8434 0.53729 0
vn 0.88701 0.46174 0
vn 0.92388 0.38269 0
vn 0.95372 0.30071 0
vn 0.9763 0.21644 0
vn 0.99144 0.13053 0
vn 0.99905 0.04361 0
vn 0.99905 -0.04361 -0
vn 0.99144 -0.13053 -0
vn 0.9763 -0.21644 -0
vn 0.95372 -0.30071 -0
vn 0.92388 -0.38269 -0
vn 0.88702 -0.46174 -0
vn 0.84339 -0.5373 -0
vn 0.79335 -0.60876 -0
vn 0.73728 -0.67559 -0
vn 0.67559 -0.73728 -0
vn 0.60876 -0.79335 -0
vn 0.53729 -0.8434 -0
vn 0.46176 -0.88701 -0
vn 0.38268 -0.92388 -0
vn 0.30071 -0.95372 -0
vn 0.21644 -0.9763 -0
vn 0.13053 -0.99144 -0
vn 0.04361 -0.99905 -0
vn -0.04361 -0.99905 -0
vn -0.13053 -0.99144 -0
vn -0.21644 -0.9763 -0
vn -0.30071 -0.95372 -0
vn -0.38268 -0.92388 -0
vn -0.46175 -0.88701 -0
vn -0.5373 -0.84339 -0
vn -0.60876 -0.79335 -0
vn -0.67559 -0.73728 -0
vn -0.73728 -0.67559 -0
vn -0.79335 -0.60876 -0
vn -0.84339 -0.5373 -0
vn -0.88701 -0.46175 -0
vn -0.92388 -0.38268 -0
vn -0.95372 -0.30071 -0
vn -0.9763 -0.21644 -0
vn -0.99144 -0.13053 -0
vn -0.99905 -0.04361 -0
vn -0.9618 0.04199 0.27051
vn -0.95448 0.12566 0.27051
vn -0.95448 0.12566 0.27051
vn -0.9399 0.20837 0.27051
vn -0.9399 0.20837 0.27051
vn -0.91816 0.28949 0.27051
vn -0.91816 0.28949 0.27051
vn -0.88944 0.36841 0.27051
vn -0.88944 0.36841 0.27051
vn -0.85394 0.44454 0.27051
vn -0.85394 0.44454 0.27051
vn -0.81195 0.51726 0.27051
vn -0.81195 0.51726 0.27051
vn -0.76377 0.58607 0.27051
vn -0.76377 0.58607 0.27051
vn -0.70979 0.6504 0.27051
vn -0.70979 0.6504 0.27051
vn -0.6504 0.70979 0.27051
vn -0.65041 0.70979 0.27051
vn -0.58607 0.76377 0.27051
vn -0.58606 0.76378 0.27051
vn -0.51727 0.81195 0.27051
vn -0.51726 0.81195 0.27051
vn -0.44452 0.85395 0.27051
vn -0.44453 0.85394 0.27051
vn -0.36842 0.88943 0.27051
vn -0.36843 0.88943 0.27051
vn -0.28949 0.91816 0.27051
vn -0.28949 0.91816 0.27051
vn -0.20837 0.9399 0.27051
vn -0.20837 0.9399 0.27051
vn -0.12566 0.95448 0.27051
vn -0.12566 0.95448 0.27051
vn -0.04199 0.9618 0.27051
vn -0.04199 0.9618 0.27051
vn 0.04199 0.9618 0.27051
vn 0.04199 0.9618 0.27051
vn 0.12566 0.95448 0.27051
vn 0.12566 0.95448 0.27051
vn 0.20837 0.9399 0.27051
vn 0.20837 0.9399 0.27051
vn 0.28949 0.91816 0.27051
vn 0.28949 0.91816 0.27051
vn 0.36842 0.88943 0.27051
vn 0.36842 0.88943 0.27051
vn 0.44453 0.85394 0.27051
vn 0.44453 0.85394 0.27051
vn 0.51726 0.81195 0.27051
vn 0.51726 0.81195 0.27051
vn 0.58607 0.76377 0.27051
vn 0.58607 0.76377 0.27051
vn 0.6504 0.70979 0.27051
vn 0.65041 0.70979 0.27051
vn 0.70979 0.6504 0.27051
vn 0.70979 0.65041 0.27051
vn 0.76377 0.58607 0.27051
vn 0.76378 0.58606 0.27051
vn 0.81195 0.51726 0.27051
vn 0.81195 0.51727 0.27051
vn 0.85394 0.44453 0.27051
vn 0.85394 0.44453 0.27051
vn 0.88943 0.36842 0.27051
vn 0.88943 0.36842 0.27051
vn 0.91816 0.28949 0.27051
vn 0.91816 0.28949 0.27051
vn 0.9399 0.20837 0.27051
vn 0.9399 0.20837 0.27051
vn 0.95448 0.12566 0.27051
vn 0.95448 0.12566 0.27051
vn 0.9618 0.04199 0.27051
vn 0.9618 0.04199 0.27051
vn 0.9618 -0.04199 0.27051
vn 0.9618 -0.04199 0.27051
vn 0.95448 -0.12566 0.27051
vn 0.95448 -0.12566 0.27051
vn 0.9399 -0.20837 0.27051
vn 0.9399 -0.20837 0.27051
vn 0.91816 -0.28949 0.27051
vn 0.91816 -0.28949 0.27051
vn 0.88943 -0.36842 0.27051
vn 0.88943 -0.36842 0.27051
vn 0.85395 -0.44452 0.27051
vn 0.85394 -0.44453 0.27051
vn 0.81195 -0.51727 0.27051
vn 0.81195 -0.51727 0.27051
vn 0.76377 -0.58607 0.27051
vn 0.76378 -0.58606 0.27051
vn 0.70979 -0.6504 0.27051
vn 0.70978 -0.65041 0.27051
vn 0.6504 -0.70979 0.27051
vn 0.65041 -0.70979 0.27051
vn 0.58607 -0.76377 0.27051
vn 0.58607 -0.76377 0.27051
vn 0.51726 -0.81195 0.27051
vn 0.51726 -0.81195 0.27051
vn 0.44454 -0.85394 0.27051
vn 0.44453 -0.85394 0.27051
vn 0.36841 -0.88944 0.27051
vn 0.36842 -0.88943 0.27051
vn 0.28949 -0.91816 0.27051
vn 0.28949 -0.91816 0.27051
vn 0.20837 -0.9399 0.27051
vn 0.20837 -0.9399 0.27051
vn 0.12566 -0.95448 0.27051
vn 0.12566 -0.95448 0.27051
vn 0.04199 -0.9618 0.27051
vn 0.04199 -0.9618 0.27051
vn -0.04199 -0.9618 0.27051
vn -0.04199 -0.9618 0.27051
vn -0.12566 -0.95448 0.27051
vn -0.12566 -0.95448 0.27051
vn -0.20837 -0.9399 0.27051
vn -0.20837 -0.9399 0.27051
vn -0.28949 -0.91816 0.27051
vn -0.28949 -0.91816 0.27051
vn -0.36841 -0.88944 0.27051
vn -0.36843 -0.88943 0.27051
vn -0.44453 -0.85394 0.27051
vn -0.44453 -0.85394 0.27051
vn -0.51727 -0.81195 0.27051
vn -0.51726 -0.81195 0.27051
vn -0.58607 -0.76377 0.27051
vn -0.58606 -0.76378 0.27051
vn -0.6504 -0.70979 0.27051
vn -0.65041 -0.70979 0.27051
vn -0.70979 -0.6504 0.27051
vn -0.70979 -0.65041 0.27051
vn -0.76377 -0.58607 0.27051
vn -0.76378 -0.58606 0.27051
vn -0.81195 -0.51727 0.27051
vn -0.81195 -0.51726 0.27051
vn -0.85394 -0.44453 0.27051
vn -0.85394 -0.44454 0.27051
vn -0.88944 -0.36841 0.27051
vn -0.88944 -0.36841 0.27051
vn -0.91816 -0.28949 0.27051
vn -0.91816 -0.28949 0.27051
vn -0.9399 -0.20837 0.27051
vn -0.9399 -0.20837 0.27051
vn -0.95448 -0.12566 0.27051
vn -0.95448 -0.12566 0.27051
vn -0.9618 -0.04199 0.27051
vn -0.9618 -0.04199 0.27051
vn -0.9618 0.04199 0.27051
vn -0.99905 0.04362 0
vn -0.99145 0.13053 -0
vn -0.9763 0.21644 -0
vn -0.95372 0.3007 -0
vn -0.92388 0.38268 -0
vn -0.88701 0.46176 -0
vn -0.8434 0.53729 -0
vn -0.79335 0.60877 -0
vn -0.73728 0.67559 -0
vn -0.67559 0.73727 -0
vn -0.60876 0.79335 -0
vn -0.53729 0.8434 -0
vn -0.46175 0.88701 -0
vn -0.38269 0.92387 -0
vn -0.3007 0.95372 -0
vn -0.21644 0.9763 -0
vn -0.13053 0.99145 -0
vn -0.04362 0.99905 -0
vn 0.04362 0.99905 0
vn 0.13053 0.99145 0
vn 0.21644 0.9763 0
vn 0.3007 0.95372 0
vn 0.38269 0.92388 0
vn 0.46175 0.88701 0
vn 0.53729 0.8434 0
vn 0.60877 0.79335 0
vn 0.67559 0.73727 0
vn 0.73727 0.67559 0
vn 0.79336 0.60876 0
vn 0.84339 0.5373 0
vn 0.88701 0.46175 0
vn 0.92388 0.38269 0
vn 0.95372 0.3007 0
vn 0.9763 0.21644 0
vn 0.99145 0.13053 0
vn 0.99905 0.04362 0
vn 0.99905 -0.04362 -0
vn 0.99145 -0.13053 -0
vn 0.9763 -0.21644 -0
vn 0.95372 -0.3007 -0
vn 0.92388 -0.38269 -0
vn 0.88701 -0.46175 -0
vn 0.84339 -0.5373 -0
vn 0.79336 -0.60875 -0
vn 0.73727 -0.6756 -0
vn 0.67559 -0.73727 -0
vn 0.60877 -0.79335 -0
vn 0.53729 -0.8434 -0
vn 0.46175 -0.88701 -0
vn 0.38269 -0.92388 -0
vn 0.3007 -0.95372 -0
vn 0.21644 -0.9763 -0
vn 0.13053 -0.99145 -0
vn 0.04362 -0.99905 -0
vn -0.04362 -0.99905 -0
vn -0.13053 -0.99145 -0
vn -0.21644 -0.9763 -0
vn -0.3007 -0.95372 -0
vn -0.38269 -0.92387 -0
vn -0.46175 -0.88701 -0
vn -0.53729 -0.8434 -0
vn -0.60876 -0.79335 -0
vn -0.67559 -0.73727 -0
vn -0.73727 -0.67559 -0
vn -0.79335 -0.60876 -0
vn -0.8434 -0.53729 -0
vn -0.88701 -0.46176 -0
vn -0.92388 -0.38268 -0
vn -0.95372 -0.3007 -0
vn -0.9763 -0.21644 -0
vn -0.99145 -0.13053 -0
vn -0.99905 -0.04362 -0
vn 0 -1 0
vn 0.99786 0 0.06544
vn -0.98836 0 0.15212
vn -0.99145 -0.00024 0.1305
vn -0.98076 0 0.19521
vn -0.97628 -0.00024 0.2165
vn -0.97135 0 0.23764
vn -0.96007 0 0.27976
vn -0.95372 -0.00024 0.30071
vn -0.94694 0 0.32141
vn -0.93199 0 0.36248
vn -0.92387 -0.00024 0.3827
vn -0.91527 0 0.40285
vn -0.89692 0 0.44219
vn -0.88703 -0.00024 0.46171
vn -0.8767 0 0.48103
vn -0.84341 -0 0.53728
vn -0.79336 -0 0.60876
vn -0.73724 -0 0.67563
vn -0.67558 -0 0.73729
vn -0.60878 -0 0.79334
vn -0.55949 0 0.82884
vn -0.53733 -0.00023 0.84337
vn -0.52282 0 0.85244
vn -0.48092 0 0.87677
vn -0.46174 -0.00024 0.88701
vn -0.44228 0 0.89688
vn -0.40274 0 0.91531
vn -0.38265 -0.00024 0.92389
vn -0.36238 0 0.93203
vn -0.32156 0 0.94689
vn -0.30071 -0.00024 0.95372
vn -0.2798 0 0.96006
vn -0.23772 0 0.97133
vn -0.21646 -0.00024 0.97629
vn -0.19506 0 0.98079
vn -0.15208 0 0.98837
vn -0.13054 -0.00024 0.99144
vn -0.10886 0 0.99406
vn -0.06533 0 0.99786
vn -0.0436 -0.00024 0.99905
vn -0.02185 0 0.99976
vn 0.02174 -0 0.99976
vn 0.0436 -0.00024 0.99905
vn 0.06534 0 0.99786
vn 0.10894 -0 0.99405
vn 0.13054 -0.00024 0.99144
vn 0.15217 0 0.98835
vn 0.1951 -0 0.98078
vn 0.21646 -0.00024 0.97629
vn 0.23778 0 0.97132
vn 0.27978 -0 0.96006
vn 0.30071 -0.00024 0.95372
vn 0.32147 0 0.94692
vn 0.3623 -0 0.93206
vn 0.38265 -0.00024 0.92389
vn 0.40272 0 0.91532
vn 0.44237 -0 0.89683
vn 0.46174 -0.00024 0.88701
vn 0.481 0 0.87672
vn 0.52282 -0 0.85244
vn 0.53733 -0.00023 0.84337
vn 0.55949 0 0.82884
vn 0.60874 0 0.79337
vn 0.67562 0 0.73725
vn 0.73724 0 0.67563
vn 0.79336 0 0.60876
vn 0.84341 0 0.53728
vn 0.887 0 0.46177
vn 0.89684 -0.00048 0.44236
vn 0.87667 0 0.48109
vn 0.95372 0 0.30071
vn 0.96001 -0.00048 0.27997
vn 0.94697 -0 0.32132
vn 0.92387 0 0.3827
vn 0.93199 -0.00048 0.36249
vn 0.91534 0 0.40267
vn 0.99145 0 0.1305
vn 0.99405 -0.00048 0.10893
vn 0.98837 -0 0.15208
vn 0.9763 0 0.21641
vn 0.98076 -0.00048 0.19523
vn 0.97137 0 0.23758
vn 0.99976 -0.00049 0.02174
vn 0.99905 -0 0.04364
vn 0.99976 0 -0.02185
vn 0.99905 -0.00024 -0.04364
vn 0.99786 0 -0.06541
vn 0.99406 0 -0.1088
vn 0.99145 -0.00024 -0.1305
vn 0.98837 0 -0.15206
vn 0.98077 0 -0.19515
vn 0.9763 -0.00024 -0.21641
vn 0.97137 0 -0.23759
vn 0.96003 0 -0.2799
vn 0.95372 -0.00024 -0.30071
vn 0.94692 0 -0.32146
vn 0.93197 0 -0.36254
vn 0.92387 -0.00024 -0.3827
vn 0.91534 0 -0.40268
vn 0.89686 0 -0.44231
vn 0.887 -0.00024 -0.46177
vn 0.87675 0 -0.48094
vn 0.84341 -0 -0.53728
vn 0.79334 -0 -0.60878
vn 0.73726 -0 -0.6756
vn 0.67562 -0 -0.73725
vn 0.60874 -0 -0.79337
vn 0.55941 0 -0.82889
vn 0.5373 -0.00023 -0.84339
vn 0.52282 0 -0.85244
vn 0.48107 0 -0.87668
vn 0.46177 -0.00024 -0.887
vn 0.44229 0 -0.89687
vn 0.40283 0 -0.91527
vn 0.38265 -0.00024 -0.92389
vn 0.36241 0 -0.93202
vn 0.32138 0 -0.94695
vn 0.30071 -0.00024 -0.95372
vn 0.27978 0 -0.96006
vn 0.23771 0 -0.97134
vn 0.21646 -0.00024 -0.97629
vn 0.19508 0 -0.98079
vn 0.15216 0 -0.98836
vn 0.1305 -0.00024 -0.99145
vn 0.10882 0 -0.99406
vn 0.0655 0 -0.99785
vn 0.04364 -0.00024 -0.99905
vn 0.02188 0 -0.99976
vn -0.02189 0 -0.99976
vn -0.04364 -0.00024 -0.99905
vn -0.06548 0 -0.99785
vn -0.10888 0 -0.99406
vn -0.1305 -0.00024 -0.99145
vn -0.15208 0 -0.98837
vn -0.1951 0 -0.98078
vn -0.21646 -0.00024 -0.97629
vn -0.23768 0 -0.97134
vn -0.27976 0 -0.96007
vn -0.30071 -0.00024 -0.95372
vn -0.32144 0 -0.94693
vn -0.36249 0 -0.93199
vn -0.38265 -0.00024 -0.92389
vn -0.40272 0 -0.91532
vn -0.44229 0 -0.89687
vn -0.46177 -0.00024 -0.887
vn -0.48105 0 -0.87669
vn -0.52282 0 -0.85244
vn -0.5373 -0.00023 -0.84339
vn -0.55941 0 -0.82889
vn -0.60878 -0 -0.79334
vn -0.67558 -0 -0.73729
vn -0.73726 -0 -0.6756
vn -0.79334 -0 -0.60878
vn -0.84341 -0 -0.53728
vn -0.88703 -0 -0.46171
vn -0.89688 -0.00048 -0.44227
vn -0.87678 -0 -0.48089
vn -0.95372 0 -0.30071
vn -0.96002 -0.00048 -0.27994
vn -0.94692 -0 -0.32146
vn -0.92387 -0 -0.3827
vn -0.93201 -0.00049 -0.36242
vn -0.91527 -0 -0.40284
vn -0.99145 0 -0.1305
vn -0.99404 -0.00048 -0.10898
vn -0.98839 -0 -0.15195
vn -0.97628 -0 -0.2165
vn -0.98078 -0.00049 -0.1951
vn -0.97132 -0 -0.23776
vn -0.99406 0 0.10885
vn -0.99786 -0 0.06542
vn -0.99905 -0.00024 0.04364
vn -0.99976 -0 0.02197
vn -0.99905 -0 -0.04364
vn -0.99976 -0.00048 -0.02199
vn -0.99786 -0 -0.06534
vn 0 0 1
vn -0.99905 0.04363 0
vn -0.99145 0.13051 -0
vn -0.9763 0.21644 -0
vn -0.95372 0.30071 -0
vn -0.92388 0.38269 -0
vn -0.88701 0.46175 -0
vn -0.8434 0.53729 -0
vn -0.79335 0.60876 -0
vn -0.73728 0.67559 -0
vn -0.67559 0.73728 -0
vn -0.60876 0.79335 -0
vn -0.53729 0.8434 -0
vn -0.46175 0.88701 -0
vn -0.38268 0.92388 -0
vn -0.30071 0.95372 -0
vn -0.21645 0.97629 -0
vn -0.13052 0.99145 -0
vn -0.04363 0.99905 -0
vn 0.04363 0.99905 0
vn 0.13051 0.99145 0
vn 0.21645 0.97629 0
vn 0.30071 0.95372 0
vn 0.38268 0.92388 0
vn 0.46175 0.88701 0
vn 0.53729 0.8434 0
vn 0.60876 0.79335 0
vn 0.6756 0.73727 0
vn 0.73727 0.6756 0
vn 0.79335 0.60876 0
vn 0.8434 0.53729 0
vn 0.88701 0.46175 0
vn 0.92388 0.38268 0
vn 0.95372 0.30071 0
vn 0.9763 0.21644 0
vn 0.99144 0.13053 0
vn 0.99905 0.04363 0
vn 0.99905 -0.04363 -0
vn 0.99144 -0.13053 -0
vn 0.9763 -0.21644 -0
vn 0.95372 -0.30071 -0
vn 0.92388 -0.38268 -0
vn 0.88701 -0.46175 -0
vn 0.8434 -0.53729 -0
vn 0.79335 -0.60876 -0
vn 0.73727 -0.6756 -0
vn 0.6756 -0.73727 -0
vn 0.60876 -0.79335 -0
vn 0.53729 -0.8434 -0
vn 0.46175 -0.88701 -0
vn 0.38269 -0.92388 -0
vn 0.30069 -0.95372 -0
vn 0.21645 -0.97629 -0
vn 0.13051 -0.99145 -0
vn 0.04363 -0.99905 -0
vn -0.04363 -0.99905 -0
vn -0.13052 -0.99145 -0
vn -0.21645 -0.97629 -0
vn -0.30069 -0.95372 -0
vn -0.38269 -0.92388 -0
vn -0.46175 -0.88701 -0
vn -0.53729 -0.8434 -0
vn -0.60876 -0.79335 -0
vn -0.67559 -0.73728 -0
vn -0.73728 -0.67559 -0
vn -0.79335 -0.60876 -0
vn -0.8434 -0.53729 -0
vn -0.88701 -0.46175 -0
vn -0.92388 -0.38269 -0
vn -0.95372 -0.30071 -0
vn -0.9763 -0.21644 -0
vn -0.99145 -0.13051 -0
vn -0.99905 -0.04363 -0
vn -0.99905 0.04362 0
vn -0.99144 0.13053 -0
vn -0.9763 0.21644 -0
vn -0.95372 0.3007 -0
vn -0.92388 0.38269 -0
vn -0.88701 0.46175 -0
vn -0.84339 0.5373 -0
vn -0.79335 0.60876 -0
vn -0.73728 0.67559 -0
vn -0.67559 0.73728 -0
vn -0.60876 0.79335 -0
vn -0.5373 0.84339 -0
vn -0.46175 0.88701 -0
vn -0.38268 0.92388 -0
vn -0.3007 0.95372 -0
vn -0.21644 0.9763 -0
vn -0.13053 0.99144 -0
vn -0.04362 0.99905 -0
vn 0.04362 0.99905 0
vn 0.13053 0.99144 0
vn 0.21644 0.9763 0
vn 0.3007 0.95372 0
vn 0.38269 0.92388 0
vn 0.46175 0.88701 0
vn 0.5373 0.84339 0
vn 0.60877 0.79335 0
vn 0.67558 0.73728 0
vn 0.73728 0.67559 0
vn 0.79335 0.60876 0
vn 0.84339 0.5373 0
vn 0.88701 0.46175 0
vn 0.92388 0.38268 0
vn 0.95372 0.30071 0
vn 0.9763 0.21644 0
vn 0.99144 0.13053 0
vn 0.99905 0.04362 0
vn 0.99905 -0.04362 -0
vn 0.99144 -0.13053 -0
vn 0.9763 -0.21644 -0
vn 0.95372 -0.30071 -0
vn 0.92388 -0.38268 -0
vn 0.88701 -0.46175 -0
vn 0.84339 -0.5373 -0
vn 0.79335 -0.60876 -0
vn 0.73728 -0.67559 -0
vn 0.67558 -0.73728 -0
vn 0.60877 -0.79335 -0
vn 0.5373 -0.84339 -0
vn 0.46175 -0.88701 -0
vn 0.38269 -0.92388 -0
vn 0.3007 -0.95372 -0
vn 0.21644 -0.9763 -0
vn 0.13053 -0.99144 -0
vn 0.04362 -0.99905 -0
vn -0.04362 -0.99905 -0
vn -0.13053 -0.99144 -0
vn -0.21644 -0.9763 -0
vn -0.3007 -0.95372 -0
vn -0.38268 -0.92388 -0
vn -0.46175 -0.88701 -0
vn -0.5373 -0.84339 -0
vn -0.60876 -0.79335 -0
vn -0.67559 -0.73728 -0
vn -0.73728 -0.67559 -0
vn -0.79335 -0.60876 -0
vn -0.84339 -0.5373 -0
vn -0.88701 -0.46175 -0
vn -0.92388 -0.38269 -0
vn -0.95372 -0.3007 -0
vn -0.9763 -0.21644 -0
vn -0.99144 -0.13053 -0
vn -0.99905 -0.04362 -0
vn -0.39563 0.05209 0.91693
vn -0.38959 0.08637 0.91693
vn -0.38058 0.11999 0.91693
vn -0.36867 0.15271 0.91693
vn -0.35396 0.18426 0.91693
vn -0.33655 0.21441 0.91693
vn -0.31658 0.24292 0.91693
vn -0.29421 0.26959 0.91693
vn -0.26959 0.29421 0.91693
vn -0.24292 0.31658 0.91693
vn -0.21441 0.33655 0.91693
vn -0.18426 0.35396 0.91693
vn -0.15271 0.36867 0.91693
vn -0.11999 0.38058 0.91693
vn -0.08637 0.38959 0.91693
vn -0.05209 0.39563 0.91693
vn -0.01741 0.39867 0.91693
vn 0.01741 0.39867 0.91693
vn 0.05209 0.39563 0.91693
vn 0.08637 0.38959 0.91693
vn 0.11999 0.38058 0.91693
vn 0.15271 0.36867 0.91693
vn 0.18426 0.35396 0.91693
vn 0.21441 0.33655 0.91693
vn 0.24293 0.31658 0.91693
vn 0.26959 0.29421 0.91693
vn 0.29421 0.26959 0.91693
vn 0.31658 0.24292 0.91693
vn 0.33655 0.21441 0.91693
vn 0.35396 0.18426 0.91693
vn 0.36867 0.15271 0.91693
vn 0.38058 0.12 0.91693
vn 0.38959 0.08637 0.91693
vn 0.39563 0.05209 0.91693
vn 0.39867 0.01741 0.91693
vn 0.39867 -0.01741 0.91693
vn 0.39563 -0.05209 0.91693
vn 0.38959 -0.08637 0.91693
vn 0.38058 -0.12 0.91693
vn 0.36867 -0.15271 0.91693
vn 0.35396 -0.18426 0.91693
vn 0.33655 -0.21441 0.91693
vn 0.31658 -0.24292 0.91693
vn 0.29421 -0.26959 0.91693
vn 0.26959 -0.29421 0.91693
vn 0.24293 -0.31658 0.91693
vn 0.21441 -0.33655 0.91693
vn 0.18426 -0.35396 0.91693
vn 0.15271 -0.36867 0.91693
vn 0.11999 -0.38058 0.91693
vn 0.08637 -0.38959 0.91693
vn 0.05209 -0.39563 0.91693
vn 0.01741 -0.39867 0.91693
vn -0.01741 -0.39867 0.91693
vn -0.05209 -0.39563 0.91693
vn -0.08637 -0.38959 0.91693
vn -0.11999 -0.38058 0.91693
vn -0.15271 -0.36867 0.91693
vn -0.18426 -0.35396 0.91693
vn -0.21441 -0.33655 0.91693
vn -0.24292 -0.31658 0.91693
vn -0.26959 -0.29421 0.91693
vn -0.29421 -0.26959 0.91693
vn -0.31658 -0.24292 0.91693
vn -0.33655 -0.21441 0.91693
vn -0.35396 -0.18426 0.91693
vn -0.36867 -0.15271 0.91693
vn -0.38058 -0.11999 0.91693
vn -0.38959 -0.08637 0.91693
vn -0.39563 -0.05209 0.91693
vn -0.39867 -0.01741 0.91693
vn -0.39867 0.01741 0.91693
vn 0.99905 -0.04364 0
vn 0.99144 -0.13054 0
vn 0.9763 -0.21641 0
vn 0.95372 -0.30071 0
vn 0.92388 -0.38269 0
vn 0.84339 -0.5373 0
vn 0.79336 -0.60876 0
vn 0.73727 -0.6756 0
vn 0.67558 -0.73729 0
vn 0.53733 -0.84337 0
vn 0.38269 -0.92388 0
vn 0.30071 -0.95372 0
vn 0.21641 -0.9763 0
vn 0.13054 -0.99144 0
vn 0.0436 -0.99905 0
vn -0.0436 -0.99905 -0
vn -0.13054 -0.99144 -0
vn -0.21641 -0.9763 -0
vn -0.38269 -0.92388 -0
vn -0.53733 -0.84337 -0
vn -0.60876 -0.79336 -0
vn -0.6756 -0.73727 -0
vn -0.73727 -0.6756 -0
vn -0.79336 -0.60876 -0
vn -0.84337 -0.53733 -0
vn -0.92388 -0.38269 -0
vn -0.95372 -0.30071 -0
vn -0.9763 -0.21641 -0
vn -0.99144 -0.13054 -0
vn -0.99905 -0.0436 -0
vn -0.99905 0.0436 0
vn -0.99144 0.13054 0
vn -0.9763 0.21641 0
vn -0.95372 0.30071 0
vn -0.92388 0.38269 0
vn -0.84337 0.53733 0
vn -0.73729 0.67558 0
vn -0.6756 0.73727 0
vn -0.60873 0.79338 0
vn -0.53733 0.84337 0
vn -0.38269 0.92388 0
vn -0.30071 0.95372 0
vn -0.21641 0.9763 0
vn -0.13054 0.99144 0
vn -0.0436 0.99905 0
vn 0.0436 0.99905 0
vn 0.13054 0.99144 0
vn 0.21641 0.9763 0
vn 0.30071 0.95372 0
vn 0.38269 0.92388 0
vn 0.53733 0.84337 0
vn 0.60873 0.79338 0
vn 0.67558 0.73729 0
vn 0.73729 0.67558 0
vn 0.84339 0.5373 0
vn 0.92388 0.38269 0
vn 0.95372 0.30071 0
vn 0.9763 0.21641 0
vn 0.99144 0.13054 0
vn 0.99905 0.04364 0
vn -0.99905 0.04364 0
vn -0.99145 0.13052 -0
vn -0.9763 0.21642 -0
vn -0.95372 0.30071 -0
vn -0.92387 0.3827 -0
vn -0.88702 0.46174 -0
vn -0.84339 0.53731 -0
vn -0.79336 0.60875 -0
vn -0.73728 0.67559 -0
vn -0.67559 0.73728 -0
vn -0.60875 0.79336 -0
vn -0.53731 0.84339 -0
vn -0.46175 0.88701 -0
vn -0.38269 0.92388 -0
vn -0.30069 0.95372 -0
vn -0.21644 0.9763 -0
vn -0.13052 0.99145 -0
vn -0.04362 0.99905 -0
vn 0.04362 0.99905 0
vn 0.13052 0.99145 0
vn 0.21644 0.9763 0
vn 0.30069 0.95372 0
vn 0.3827 0.92387 0
vn 0.46174 0.88702 0
vn 0.53731 0.84339 0
vn 0.60875 0.79336 0
vn 0.6756 0.73727 0
vn 0.73728 0.67559 0
vn 0.79335 0.60877 0
vn 0.84339 0.53731 0
vn 0.88702 0.46174 0
vn 0.92388 0.38268 0
vn 0.95372 0.30071 0
vn 0.9763 0.21644 0
vn 0.99145 0.13052 0
vn 0.99905 0.04362 0
vn 0.99905 -0.04362 -0
vn 0.99145 -0.13052 -0
vn 0.9763 -0.21644 -0
vn 0.95372 -0.30071 -0
vn 0.92388 -0.38268 -0
vn 0.88702 -0.46174 -0
vn 0.84339 -0.53731 -0
vn 0.79335 -0.60877 -0
vn 0.73728 -0.67559 -0
vn 0.6756 -0.73727 -0
vn 0.60875 -0.79336 -0
vn 0.53731 -0.84339 -0
vn 0.46174 -0.88702 -0
vn 0.3827 -0.92387 -0
vn 0.30069 -0.95372 -0
vn 0.21644 -0.9763 -0
vn 0.13052 -0.99145 -0
vn 0.04364 -0.99905 -0
vn -0.04364 -0.99905 -0
vn -0.13052 -0.99145 -0
vn -0.21644 -0.9763 -0
vn -0.30069 -0.95372 -0
vn -0.38269 -0.92388 -0
vn -0.46175 -0.88701 -0
vn -0.53731 -0.84339 -0
vn -0.60875 -0.79336 -0
vn -0.67559 -0.73728 -0
vn -0.73728 -0.67559 -0
vn -0.79336 -0.60875 -0
vn -0.84339 -0.53731 -0
vn -0.88702 -0.46174 -0
vn -0.92387 -0.3827 -0
vn -0.95372 -0.30071 -0
vn -0.9763 -0.21642 -0
vn -0.99145 -0.13052 -0
vn -0.99905 -0.04364 -0
f 1//1 2//1 3//1
f 4//2 5//2 6//2
f 3//3 2//3 6//3
f 2//4 7//4 6//4
f 6//5 7//5 4//5
f 5//6 8//6 6//6
f 8//7 9//7 6//7
f 6//8 9//8 10//8
f 11//9 12//9 6//9
f 12//10 13//10 6//10
f 6//11 13//11 14//11
f 10//12 15//12 6//12
f 15//13 16//13 6//13
f 6//14 16//14 11//14
f 14//15 17//15 6//15
f 17//16 18//16 6//16
f 6//17 18//17 19//17
f 19//18 20//18 6//18
f 20//19 21//19 6//19
f 6//20 21//20 22//20
f 23//21 24//21 25//21
f 24//22 26//22 25//22
f 23//23 27//23 24//23
f 27//24 28//24 24//24
f 24//25 28//25 29//25
f 29//26 30//26 24//26
f 30//27 31//27 24//27
f 24//28 31//28 32//28
f 32//29 33//29 24//29
f 33//30 34//30 24//30
f 24//31 34//31 35//31
f 35//32 36//32 24//32
f 36//33 37//33 24//33
f 24//34 37//34 38//34
f 39//35 40//35 41//35
f 40//36 24//36 41//36
f 41//37 24//37 42//37
f 24//38 38//38 42//38
f 3//39 43//39 44//39
f 44//40 45//40 3//40
f 45//41 46//41 3//41
f 3//42 46//42 47//42
f 47//43 48//43 3//43
f 48//44 49//44 3//44
f 3//45 49//45 50//45
f 50//46 51//46 3//46
f 51//47 52//47 3//47
f 3//48 52//48 53//48
f 53//49 54//49 3//49
f 54//50 55//50 3//50
f 3//51 55//51 1//51
f 43//52 56//52 57//52
f 57//53 58//53 43//53
f 58//54 59//54 43//54
f 43//55 59//55 60//55
f 61//56 62//56 43//56
f 60//57 63//57 43//57
f 63//58 64//58 43//58
f 43//59 64//59 65//59
f 65//60 66//60 43//60
f 66//61 67//61 43//61
f 43//62 67//62 61//62
f 62//63 68//63 43//63
f 68//64 69//64 43//64
f 43//65 69//65 44//65
f 70//66 71//66 72//66
f 71//67 73//67 72//67
f 72//68 73//68 74//68
f 75//69 76//69 72//69
f 76//70 77//70 72//70
f 72//71 77//71 70//71
f 78//72 79//72 72//72
f 80//73 81//73 72//73
f 81//74 82//74 72//74
f 72//75 82//75 78//75
f 74//76 83//76 72//76
f 83//77 84//77 72//77
f 72//78 84//78 85//78
f 85//79 86//79 72//79
f 86//80 87//80 72//80
f 72//81 87//81 80//81
f 79//82 88//82 72//82
f 88//83 89//83 72//83
f 72//84 89//84 90//84
f 90//85 91//85 92//85
f 91//86 93//86 92//86
f 93//87 94//87 92//87
f 94//88 95//88 92//88
f 92//89 95//89 96//89
f 96//90 97//90 92//90
f 97//91 98//91 92//91
f 92//92 98//92 99//92
f 99//93 100//93 92//93
f 100//94 101//94 92//94
f 92//95 101//95 102//95
f 102//96 103//96 92//96
f 103//97 104//97 92//97
f 92//98 104//98 56//98
f 104//99 105//99 56//99
f 56//100 105//100 106//100
f 106//101 107//101 56//101
f 107//102 108//102 56//102
f 56//103 108//103 57//103
f 109//104 110//104 111//104
f 109//105 111//105 75//105
f 111//106 112//106 75//106
f 112//107 113//107 75//107
f 75//108 113//108 114//108
f 114//109 115//109 75//109
f 115//110 116//110 75//110
f 75//111 116//111 117//111
f 117//112 118//112 75//112
f 118//113 119//113 75//113
f 75//114 119//114 120//114
f 120//115 121//115 75//115
f 121//116 122//116 75//116
f 75//117 122//117 76//117
f 39//118 123//118 40//118
f 123//119 124//119 40//119
f 40//120 124//120 125//120
f 125//121 126//121 40//121
f 126//122 127//122 40//122
f 40//123 127//123 128//123
f 128//124 129//124 40//124
f 129//125 130//125 40//125
f 40//126 130//126 131//126
f 131//127 132//127 40//127
f 132//128 133//128 40//128
f 40//129 133//129 109//129
f 133//130 134//130 109//130
f 109//131 134//131 110//131
f 90//132 92//132 72//132
f 92//133 135//133 72//133
f 72//133 135//133 136//133
f 135//134 137//134 136//134
f 136//134 137//134 138//134
f 137//135 139//135 138//135
f 138//135 139//135 140//135
f 139//136 141//136 140//136
f 140//136 141//136 142//136
f 141//137 143//137 142//137
f 142//137 143//137 144//137
f 143//138 145//138 144//138
f 144//138 145//138 146//138
f 145//139 147//139 146//139
f 146//139 147//139 148//139
f 147//140 149//140 148//140
f 148//140 149//140 150//140
f 149//141 151//141 150//141
f 150//141 151//141 152//141
f 151//142 153//142 152//142
f 152//142 153//142 154//142
f 153//143 155//143 154//143
f 154//143 155//143 156//143
f 155//144 157//144 156//144
f 156//144 157//144 158//144
f 157//145 159//145 158//145
f 158//145 159//145 160//145
f 159//146 161//146 160//146
f 160//146 161//146 162//146
f 161//147 163//147 162//147
f 162//147 163//147 164//147
f 163//148 165//148 164//148
f 164//148 165//148 166//148
f 165//149 167//149 166//149
f 166//149 167//149 168//149
f 167//150 169//150 168//150
f 168//150 169//150 170//150
f 169//151 171//151 170//151
f 170//151 171//151 172//151
f 171//152 173//152 172//152
f 172//152 173//152 174//152
f 173//153 175//153 174//153
f 174//153 175//153 176//153
f 175//154 177//154 176//154
f 176//154 177//154 178//154
f 177//155 179//155 178//155
f 178//155 179//155 180//155
f 179//156 181//156 180//156
f 180//156 181//156 182//156
f 181//157 183//157 182//157
f 182//157 183//157 184//157
f 183//158 185//158 184//158
f 184//158 185//158 186//158
f 185//159 187//159 186//159
f 186//159 187//159 188//159
f 187//160 189//160 188//160
f 188//160 189//160 190//160
f 189//161 191//161 190//161
f 190//161 191//161 192//161
f 191//162 193//162 192//162
f 192//162 193//162 194//162
f 193//163 195//163 194//163
f 194//163 195//163 196//163
f 195//164 197//164 196//164
f 196//164 197//164 198//164
f 197//165 199//165 198//165
f 198//165 199//165 200//165
f 199//166 201//166 200//166
f 200//166 201//166 202//166
f 201//167 203//167 202//167
f 202//167 203//167 204//167
f 203//168 205//168 204//168
f 204//168 205//168 206//168
f 205//169 207//169 206//169
f 206//169 207//169 208//169
f 207//170 209//170 208//170
f 208//170 209//170 210//170
f 209//171 211//171 210//171
f 210//171 211//171 212//171
f 211//172 213//172 212//172
f 212//172 213//172 214//172
f 213//173 215//173 214//173
f 214//173 215//173 216//173
f 215//174 217//174 216//174
f 216//174 217//174 218//174
f 217//175 219//175 218//175
f 218//175 219//175 220//175
f 219//176 221//176 220//176
f 220//176 221//176 222//176
f 221//177 223//177 222//177
f 222//177 223//177 224//177
f 223//178 225//178 224//178
f 224//178 225//178 226//178
f 225//179 227//179 226//179
f 226//179 227//179 228//179
f 227//180 229//180 228//180
f 228//180 229//180 230//180
f 229//181 231//181 230//181
f 230//181 231//181 232//181
f 231//182 233//182 232//182
f 232//182 233//182 234//182
f 233//183 235//183 234//183
f 234//183 235//183 236//183
f 235//184 237//184 236//184
f 236//184 237//184 238//184
f 237//185 239//185 238//185
f 238//185 239//185 240//185
f 239//186 241//186 240//186
f 240//186 241//186 242//186
f 241//187 243//187 242//187
f 242//187 243//187 244//187
f 243//188 245//188 244//188
f 244//188 245//188 246//188
f 245//189 247//189 246//189
f 246//189 247//189 248//189
f 247//190 249//190 248//190
f 248//190 249//190 250//190
f 249//191 251//191 250//191
f 250//191 251//191 252//191
f 251//192 253//192 252//192
f 252//192 253//192 254//192
f 253//193 255//193 254//193
f 254//193 255//193 256//193
f 255//194 257//194 256//194
f 256//194 257//194 258//194
f 257//195 259//195 258//195
f 258//195 259//195 260//195
f 259//196 261//196 260//196
f 260//196 261//196 262//196
f 261//197 263//197 262//197
f 262//197 263//197 264//197
f 263//198 265//198 264//198
f 264//198 265//198 266//198
f 265//199 267//199 266//199
f 266//199 267//199 268//199
f 267//200 6//200 268//200
f 268//200 6//200 24//200
f 6//201 22//201 24//201
f 24//202 22//202 26//202
f 269//203 214//203 270//203
f 214//203 216//203 270//203
f 270//203 216//203 271//203
f 216//203 218//203 271//203
f 271//203 218//203 272//203
f 218//203 220//203 272//203
f 272//203 220//203 273//203
f 220//203 222//203 273//203
f 273//203 222//203 274//203
f 222//203 224//203 274//203
f 274//203 224//203 275//203
f 224//203 226//203 275//203
f 275//203 226//203 276//203
f 226//203 228//203 276//203
f 276//203 228//203 277//203
f 228//203 230//203 277//203
f 277//203 230//203 278//203
f 230//203 232//203 278//203
f 278//203 232//203 279//203
f 232//203 234//203 279//203
f 279//203 234//203 280//203
f 234//203 236//203 280//203
f 280//203 236//203 281//203
f 236//203 238//203 281//203
f 281//203 238//203 282//203
f 238//203 240//203 282//203
f 282//203 240//203 283//203
f 240//203 242//203 283//203
f 283//203 242//203 284//203
f 242//203 244//203 284//203
f 284//203 244//203 285//203
f 244//203 246//203 285//203
f 285//203 246//203 286//203
f 246//203 248//203 286//203
f 286//203 248//203 287//203
f 248//203 250//203 287//203
f 287//203 250//203 288//203
f 250//203 252//203 288//203
f 288//203 252//203 289//203
f 252//203 254//203 289//203
f 289//203 254//203 290//203
f 254//203 256//203 290//203
f 290//203 256//203 291//203
f 256//203 258//203 291//203
f 291//203 258//203 292//203
f 258//203 260//203 292//203
f 292//203 260//203 293//203
f 260//203 262//203 293//203
f 293//203 262//203 294//203
f 262//203 264//203 294//203
f 294//203 264//203 295//203
f 264//203 266//203 295//203
f 295//203 266//203 296//203
f 266//203 268//203 296//203
f 296//203 268//203 297//203
f 268//203 24//203 297//203
f 297//203 24//203 298//203
f 24//203 40//203 298//203
f 298//203 40//203 299//203
f 40//203 109//203 299//203
f 299//203 109//203 300//203
f 109//203 75//203 300//203
f 300//203 75//203 301//203
f 75//203 72//203 301//203
f 301//203 72//203 302//203
f 72//203 136//203 302//203
f 302//203 136//203 303//203
f 136//203 138//203 303//203
f 303//203 138//203 304//203
f 138//203 140//203 304//203
f 304//203 140//203 305//203
f 140//203 142//203 305//203
f 305//203 142//203 306//203
f 142//203 144//203 306//203
f 306//203 144//203 307//203
f 144//203 146//203 307//203
f 307//203 146//203 308//203
f 146//203 148//203 308//203
f 308//203 148//203 309//203
f 148//203 150//203 309//203
f 309//203 150//203 310//203
f 150//203 152//203 310//203
f 310//203 152//203 311//203
f 152//203 154//203 311//203
f 311//203 154//203 312//203
f 154//203 156//203 312//203
f 312//203 156//203 313//203
f 156//203 158//203 313//203
f 313//203 158//203 314//203
f 158//203 160//203 314//203
f 314//203 160//203 315//203
f 160//203 162//203 315//203
f 315//203 162//203 316//203
f 162//203 164//203 316//203
f 316//203 164//203 317//203
f 164//203 166//203 317//203
f 317//203 166//203 318//203
f 166//203 168//203 318//203
f 318//203 168//203 319//203
f 168//203 170//203 319//203
f 319//203 170//203 320//203
f 170//203 172//203 320//203
f 320//203 172//203 321//203
f 172//203 174//203 321//203
f 321//203 174//203 322//203
f 174//203 176//203 322//203
f 322//203 176//203 323//203
f 176//203 178//203 323//203
f 323//203 178//203 324//203
f 178//203 180//203 324//203
f 324//203 180//203 325//203
f 180//203 182//203 325//203
f 325//203 182//203 326//203
f 182//203 184//203 326//203
f 326//203 184//203 327//203
f 184//203 186//203 327//203
f 327//203 186//203 328//203
f 186//203 188//203 328//203
f 328//203 188//203 329//203
f 188//203 190//203 329//203
f 329//203 190//203 330//203
f 190//203 192//203 330//203
f 330//203 192//203 331//203
f 192//203 194//203 331//203
f 331//203 194//203 332//203
f 194//203 196//203 332//203
f 332//203 196//203 333//203
f 196//203 198//203 333//203
f 333//203 198//203 334//203
f 198//203 200//203 334//203
f 334//203 200//203 335//203
f 200//203 202//203 335//203
f 335//203 202//203 336//203
f 202//203 204//203 336//203
f 336//203 204//203 337//203
f 204//203 206//203 337//203
f 337//203 206//203 338//203
f 206//203 208//203 338//203
f 338//203 208//203 339//203
f 208//203 210//203 339//203
f 339//203 210//203 340//203
f 210//203 212//203 340//203
f 340//203 212//203 269//203
f 212//203 214//203 269//203
f 341//204 318//204 342//204
f 318//205 319//205 342//205
f 342//205 319//205 343//205
f 319//206 320//206 343//206
f 343//206 320//206 344//206
f 320//207 321//207 344//207
f 344//207 321//207 345//207
f 321//208 322//208 345//208
f 345//208 322//208 346//208
f 322//209 323//209 346//209
f 346//209 323//209 347//209
f 323//210 324//210 347//210
f 347//210 324//210 348//210
f 324//211 325//211 348//211
f 348//211 325//211 349//211
f 325//212 326//212 349//212
f 349//212 326//212 350//212
f 326//213 327//213 350//213
f 350//213 327//213 351//213
f 327//214 328//214 351//214
f 351//214 328//214 352//214
f 328//215 329//215 352//215
f 352//215 329//215 353//215
f 329//216 330//216 353//216
f 353//216 330//216 354//216
f 330//217 331//217 354//217
f 354//217 331//217 355//217
f 331//218 332//218 355//218
f 355//218 332//218 356//218
f 332//219 333//219 356//219
f 356//219 333//219 357//219
f 333//220 334//220 357//220
f 357//220 334//220 358//220
f 334//221 335//221 358//221
f 358//221 335//221 359//221
f 335//222 336//222 359//222
f 359//222 336//222 360//222
f 336//223 337//223 360//223
f 360//223 337//223 361//223
f 337//224 338//224 361//224
f 361//224 338//224 362//224
f 338//225 339//225 362//225
f 362//225 339//225 363//225
f 339//226 340//226 363//226
f 363//226 340//226 364//226
f 340//227 269//227 364//227
f 364//227 269//227 365//227
f 269//228 270//228 365//228
f 365//228 270//228 366//228
f 270//229 271//229 366//229
f 366//229 271//229 367//229
f 271//230 272//230 367//230
f 367//230 272//230 368//230
f 272//231 273//231 368//231
f 368//231 273//231 369//231
f 273//232 274//232 369//232
f 369//232 274//232 370//232
f 274//233 275//233 370//233
f 370//233 275//233 371//233
f 275//234 276//234 371//234
f 371//234 276//234 372//234
f 276//235 277//235 372//235
f 372//235 277//235 373//235
f 277//236 278//236 373//236
f 373//236 278//236 374//236
f 278//237 279//237 374//237
f 374//237 279//237 375//237
f 279//238 280//238 375//238
f 375//238 280//238 376//238
f 280//239 281//239 376//239
f 376//239 281//239 377//239
f 281//240 282//240 377//240
f 377//240 282//240 378//240
f 282//241 283//241 378//241
f 378//241 283//241 379//241
f 283//242 284//242 379//242
f 379//242 284//242 380//242
f 284//243 285//243 380//243
f 380//243 285//243 381//243
f 285//244 286//244 381//244
f 381//244 286//244 382//244
f 286//245 287//245 382//245
f 382//245 287//245 383//245
f 287//246 288//246 383//246
f 383//246 288//246 384//246
f 288//247 289//247 384//247
f 384//247 289//247 385//247
f 289//248 290//248 385//248
f 385//248 290//248 386//248
f 290//249 291//249 386//249
f 386//249 291//249 387//249
f 291//250 292//250 387//250
f 387//250 292//250 388//250
f 292//251 293//251 388//251
f 388//251 293//251 389//251
f 293//252 294//252 389//252
f 389//252 294//252 390//252
f 294//253 295//253 390//253
f 390//253 295//253 391//253
f 295//254 296//254 391//254
f 391//254 296//254 392//254
f 296//255 297//255 392//255
f 392//255 297//255 393//255
f 297//256 298//256 393//256
f 393//256 298//256 394//256
f 298//257 299//257 394//257
f 394//257 299//257 395//257
f 299//258 300//258 395//258
f 395//258 300//258 396//258
f 300//259 301//259 396//259
f 396//259 301//259 397//259
f 301//260 302//260 397//260
f 397//260 302//260 398//260
f 302//261 303//261 398//261
f 398//261 303//261 399//261
f 303//262 304//262 399//262
f 399//262 304//262 400//262
f 304//263 305//263 400//263
f 400//263 305//263 401//263
f 305//264 306//264 401//264
f 401//264 306//264 402//264
f 306//265 307//265 402//265
f 402//265 307//265 403//265
f 307//266 308//266 403//266
f 403//266 308//266 404//266
f 308//267 309//267 404//267
f 404//267 309//267 405//267
f 309//268 310//268 405//268
f 405//268 310//268 406//268
f 310//269 311//269 406//269
f 406//269 311//269 407//269
f 311//270 312//270 407//270
f 407//270 312//270 408//270
f 312//271 313//271 408//271
f 408//271 313//271 409//271
f 313//272 314//272 409//272
f 409//272 314//272 410//272
f 314//273 315//273 410//273
f 410//273 315//273 411//273
f 315//274 316//274 411//274
f 411//274 316//274 412//274
f 316//275 317//275 412//275
f 412//275 317//275 341//275
f 317//204 318//204 341//204
f 413//276 414//276 415//276
f 414//277 416//277 415//277
f 415//277 416//277 417//277
f 416//278 418//278 417//278
f 417//278 418//278 419//278
f 418//279 420//279 419//279
f 419//279 420//279 421//279
f 420//280 422//280 421//280
f 421//280 422//280 423//280
f 422//281 424//281 423//281
f 423//281 424//281 425//281
f 424//282 426//282 425//282
f 425//282 426//282 427//282
f 426//283 428//283 427//283
f 427//283 428//283 429//283
f 428//284 430//284 429//284
f 429//284 430//284 431//284
f 430//285 432//285 431//285
f 431//285 432//285 433//285
f 432//286 434//286 433//286
f 433//286 434//286 435//286
f 434//287 436//287 435//287
f 435//287 436//287 437//287
f 436//288 438//288 437//288
f 437//288 438//288 439//288
f 438//289 440//289 439//289
f 439//289 440//289 441//289
f 440//290 442//290 441//290
f 441//290 442//290 443//290
f 442//291 444//291 443//291
f 443//291 444//291 445//291
f 444//292 446//292 445//292
f 445//292 446//292 447//292
f 446//293 448//293 447//293
f 447//293 448//293 449//293
f 448//294 450//294 449//294
f 449//294 450//294 451//294
f 450//295 452//295 451//295
f 451//295 452//295 453//295
f 452//296 454//296 453//296
f 453//296 454//296 455//296
f 454//297 456//297 455//297
f 455//297 456//297 457//297
f 456//298 458//298 457//298
f 457//298 458//298 459//298
f 458//299 460//299 459//299
f 459//299 460//299 461//299
f 460//300 462//300 461//300
f 461//300 462//300 463//300
f 462//301 464//301 463//301
f 463//301 464//301 465//301
f 464//302 466//302 465//302
f 465//302 466//302 467//302
f 466//303 468//303 467//303
f 467//303 468//303 469//303
f 468//304 470//304 469//304
f 469//304 470//304 471//304
f 470//305 472//305 471//305
f 471//305 472//305 473//305
f 472//306 474//306 473//306
f 473//306 474//306 475//306
f 474//307 476//307 475//307
f 475//307 476//307 477//307
f 476//308 478//308 477//308
f 477//308 478//308 479//308
f 478//309 480//309 479//309
f 479//309 480//309 481//309
f 480//310 482//310 481//310
f 481//310 482//310 483//310
f 482//311 484//311 483//311
f 483//311 484//311 485//311
f 484//312 486//312 485//312
f 485//312 486//312 487//312
f 486//313 488//313 487//313
f 487//313 488//313 489//313
f 488//314 490//314 489//314
f 489//314 490//314 491//314
f 490//315 492//315 491//315
f 491//315 492//315 493//315
f 492//316 494//316 493//316
f 493//316 494//316 495//316
f 494//317 496//317 495//317
f 495//317 496//317 497//317
f 496//318 498//318 497//318
f 497//318 498//318 499//318
f 498//319 500//319 499//319
f 499//319 500//319 501//319
f 500//320 502//320 501//320
f 501//320 502//320 503//320
f 502//321 504//321 503//321
f 503//321 504//321 505//321
f 504//322 506//322 505//322
f 505//322 506//322 507//322
f 506//323 508//323 507//323
f 507//323 508//323 509//323
f 508//324 510//324 509//324
f 509//324 510//324 511//324
f 510//325 512//325 511//325
f 511//325 512//325 513//325
f 512//326 514//326 513//326
f 513//326 514//326 515//326
f 514//327 516//327 515//327
f 515//327 516//327 517//327
f 516//328 518//328 517//328
f 517//328 518//328 519//328
f 518//329 520//329 519//329
f 519//329 520//329 521//329
f 520//330 522//330 521//330
f 521//330 522//330 523//330
f 522//331 524//331 523//331
f 523//331 524//331 525//331
f 524//332 526//332 525//332
f 525//332 526//332 527//332
f 526//333 528//333 527//333
f 527//333 528//333 529//333
f 528//334 530//334 529//334
f 529//334 530//334 531//334
f 530//335 532//335 531//335
f 531//335 532//335 533//335
f 532//336 534//336 533//336
f 533//336 534//336 535//336
f 534//337 536//337 535//337
f 535//337 536//337 537//337
f 536//338 538//338 537//338
f 537//338 538//338 539//338
f 538//339 540//339 539//339
f 539//339 540//339 541//339
f 540//340 542//340 541//340
f 541//340 542//340 543//340
f 542//341 544//341 543//341
f 543//341 544//341 545//341
f 544//342 546//342 545//342
f 545//342 546//342 547//342
f 546//343 548//343 547//343
f 547//343 548//343 549//343
f 548//344 550//344 549//344
f 549//344 550//344 551//344
f 550//345 552//345 551//345
f 551//345 552//345 553//345
f 552//346 554//346 553//346
f 553//346 554//346 555//346
f 554//347 556//347 555//347
f 555//347 556//347 413//347
f 556//276 414//276 413//276
f 557//348 415//348 558//348
f 415//349 417//349 558//349
f 558//350 417//350 559//350
f 417//351 419//351 559//351
f 559//352 419//352 560//352
f 419//353 421//353 560//353
f 560//354 421//354 561//354
f 421//355 423//355 561//355
f 561//356 423//356 562//356
f 423//357 425//357 562//357
f 562//358 425//358 563//358
f 425//359 427//359 563//359
f 563//360 427//360 564//360
f 427//361 429//361 564//361
f 564//362 429//362 565//362
f 429//363 431//363 565//363
f 565//364 431//364 566//364
f 431//365 433//365 566//365
f 566//366 433//366 567//366
f 433//367 435//367 567//367
f 567//368 435//368 568//368
f 435//369 437//369 568//369
f 568//370 437//370 569//370
f 437//371 439//371 569//371
f 569//372 439//372 570//372
f 439//373 441//373 570//373
f 570//374 441//374 571//374
f 441//375 443//375 571//375
f 571//376 443//376 572//376
f 443//377 445//377 572//377
f 572//378 445//378 573//378
f 445//379 447//379 573//379
f 573//380 447//380 574//380
f 447//381 449//381 574//381
f 574//382 449//382 575//382
f 449//383 451//383 575//383
f 575//384 451//384 576//384
f 451//385 453//385 576//385
f 576//386 453//386 577//386
f 453//387 455//387 577//387
f 577//388 455//388 578//388
f 455//389 457//389 578//389
f 578//390 457//390 579//390
f 457//391 459//391 579//391
f 579//392 459//392 580//392
f 459//393 461//393 580//393
f 580//394 461//394 581//394
f 461//395 463//395 581//395
f 581//396 463//396 582//396
f 463//397 465//397 582//397
f 582//398 465//398 583//398
f 465//399 467//399 583//399
f 583//400 467//400 584//400
f 467//401 469//401 584//401
f 584//402 469//402 585//402
f 469//403 471//403 585//403
f 585//404 471//404 586//404
f 471//405 473//405 586//405
f 586//406 473//406 587//406
f 473//407 475//407 587//407
f 587//408 475//408 588//408
f 475//409 477//409 588//409
f 588//410 477//410 589//410
f 477//411 479//411 589//411
f 589//412 479//412 590//412
f 479//413 481//413 590//413
f 590//414 481//414 591//414
f 481//415 483//415 591//415
f 591//416 483//416 592//416
f 483//417 485//417 592//417
f 592//418 485//418 593//418
f 485//419 487//419 593//419
f 593//420 487//420 594//420
f 487//421 489//421 594//421
f 594//422 489//422 595//422
f 489//423 491//423 595//423
f 595//424 491//424 596//424
f 491//425 493//425 596//425
f 596//426 493//426 597//426
f 493//427 495//427 597//427
f 597//428 495//428 598//428
f 495//429 497//429 598//429
f 598//430 497//430 599//430
f 497//431 499//431 599//431
f 599//432 499//432 600//432
f 499//433 501//433 600//433
f 600//434 501//434 601//434
f 501//435 503//435 601//435
f 601//436 503//436 602//436
f 503//437 505//437 602//437
f 602//438 505//438 603//438
f 505//439 507//439 603//439
f 603//440 507//440 604//440
f 507//441 509//441 604//441
f 604//442 509//442 605//442
f 509//443 511//443 605//443
f 605//444 511//444 606//444
f 511//445 513//445 606//445
f 606//446 513//446 607//446
f 513//447 515//447 607//447
f 607//448 515//448 608//448
f 515//449 517//449 608//449
f 608//450 517//450 609//450
f 517//451 519//451 609//451
f 609//452 519//452 610//452
f 519//453 521//453 610//453
f 610//454 521//454 611//454
f 521//455 523//455 611//455
f 611//456 523//456 612//456
f 523//457 525//457 612//457
f 612//458 525//458 613//458
f 525//459 527//459 613//459
f 613//460 527//460 614//460
f 527//461 529//461 614//461
f 614//462 529//462 615//462
f 529//463 531//463 615//463
f 615//464 531//464 616//464
f 531//465 533//465 616//465
f 616//466 533//466 617//466
f 533//467 535//467 617//467
f 617//468 535//468 618//468
f 535//469 537//469 618//469
f 618//470 537//470 619//470
f 537//471 539//471 619//471
f 619//472 539//472 620//472
f 539//473 541//473 620//473
f 620//474 541//474 621//474
f 541//475 543//475 621//475
f 621//476 543//476 622//476
f 543//477 545//477 622//477
f 622//478 545//478 623//478
f 545//479 547//479 623//479
f 623//480 547//480 624//480
f 547//481 549//481 624//481
f 624//482 549//482 625//482
f 549//483 551//483 625//483
f 625//484 551//484 626//484
f 551//485 553//485 626//485
f 626//486 553//486 627//486
f 553//487 555//487 627//487
f 627//488 555//488 628//488
f 555//489 413//489 628//489
f 628//490 413//490 557//490
f 413//491 415//491 557//491
f 629//492 558//492 630//492
f 558//493 559//493 630//493
f 630//493 559//493 631//493
f 559//494 560//494 631//494
f 631//494 560//494 632//494
f 560//495 561//495 632//495
f 632//495 561//495 633//495
f 561//496 562//496 633//496
f 633//496 562//496 634//496
f 562//497 563//497 634//497
f 634//497 563//497 635//497
f 563//498 564//498 635//498
f 635//498 564//498 636//498
f 564//499 565//499 636//499
f 636//499 565//499 637//499
f 565//500 566//500 637//500
f 637//500 566//500 638//500
f 566//501 567//501 638//501
f 638//501 567//501 639//501
f 567//502 568//502 639//502
f 639//502 568//502 640//502
f 568//503 569//503 640//503
f 640//503 569//503 641//503
f 569//504 570//504 641//504
f 641//504 570//504 642//504
f 570//505 571//505 642//505
f 642//505 571//505 643//505
f 571//506 572//506 643//506
f 643//506 572//506 644//506
f 572//507 573//507 644//507
f 644//507 573//507 645//507
f 573//508 574//508 645//508
f 645//508 574//508 646//508
f 574//509 575//509 646//509
f 646//509 575//509 647//509
f 575//510 576//510 647//510
f 647//510 576//510 648//510
f 576//511 577//511 648//511
f 648//511 577//511 649//511
f 577//512 578//512 649//512
f 649//512 578//512 650//512
f 578//513 579//513 650//513
f 650//513 579//513 651//513
f 579//514 580//514 651//514
f 651//514 580//514 652//514
f 580//515 581//515 652//515
f 652//515 581//515 653//515
f 581//516 582//516 653//516
f 653//516 582//516 654//516
f 582//517 583//517 654//517
f 654//517 583//517 655//517
f 583//518 584//518 655//518
f 655//518 584//518 656//518
f 584//519 585//519 656//519
f 656//519 585//519 657//519
f 585//520 586//520 657//520
f 657//520 586//520 658//520
f 586//521 587//521 658//521
f 658//521 587//521 659//521
f 587//522 588//522 659//522
f 659//522 588//522 660//522
f 588//523 589//523 660//523
f 660//523 589//523 661//523
f 589//524 590//524 661//524
f 661//524 590//524 662//524
f 590//525 591//525 662//525
f 662//525 591//525 663//525
f 591//526 592//526 663//526
f 663//526 592//526 664//526
f 592//527 593//527 664//527
f 664//527 593//527 665//527
f 593//528 594//528 665//528
f 665//528 594//528 666//528
f 594//529 595//529 666//529
f 666//529 595//529 667//529
f 595//530 596//530 667//530
f 667//530 596//530 668//530
f 596//531 597//531 668//531
f 668//531 597//531 669//531
f 597//532 598//532 669//532
f 669//532 598//532 670//532
f 598//533 599//533 670//533
f 670//533 599//533 671//533
f 599//534 600//534 671//534
f 671//534 600//534 672//534
f 600//535 601//535 672//535
f 672//535 601//535 673//535
f 601//536 602//536 673//536
f 673//536 602//536 674//536
f 602//537 603//537 674//537
f 674//537 603//537 675//537
f 603//538 604//538 675//538
f 675//538 604//538 676//538
f 604//539 605//539 676//539
f 676//539 605//539 677//539
f 605//540 606//540 677//540
f 677//540 606//540 678//540
f 606//541 607//541 678//541
f 678//541 607//541 679//541
f 607//542 608//542 679//542
f 679//542 608//542 680//542
f 608//543 609//543 680//543
f 680//543 609//543 681//543
f 609//544 610//544 681//544
f 681//544 610//544 682//544
f 610//545 611//545 682//545
f 682//545 611//545 683//545
f 611//546 612//546 683//546
f 683//546 612//546 684//546
f 612//547 613//547 684//547
f 684//547 613//547 685//547
f 613//548 614//548 685//548
f 685//548 614//548 686//548
f 614//549 615//549 686//549
f 686//549 615//549 687//549
f 615//550 616//550 687//550
f 687//550 616//550 688//550
f 616//551 617//551 688//551
f 688//551 617//551 689//551
f 617//552 618//552 689//552
f 689//552 618//552 690//552
f 618//553 619//553 690//553
f 690//553 619//553 691//553
f 619//554 620//554 691//554
f 691//554 620//554 692//554
f 620//555 621//555 692//555
f 692//555 621//555 693//555
f 621//556 622//556 693//556
f 693//556 622//556 694//556
f 622//557 623//557 694//557
f 694//557 623//557 695//557
f 623//558 624//558 695//558
f 695//558 624//558 696//558
f 624//559 625//559 696//559
f 696//559 625//559 697//559
f 625//560 626//560 697//560
f 697//560 626//560 698//560
f 626//561 627//561 698//561
f 698//561 627//561 699//561
f 627//562 628//562 699//562
f 699//562 628//562 700//562
f 628//563 557//563 700//563
f 700//563 557//563 629//563
f 557//492 558//492 629//492
f 187//203 640//203 189//203
f 640//203 641//203 189//203
f 189//203 641//203 191//203
f 641//203 642//203 191//203
f 191//203 642//203 193//203
f 642//203 643//203 193//203
f 193//203 643//203 195//203
f 643//203 644//203 195//203
f 195//203 644//203 197//203
f 644//203 645//203 197//203
f 197//203 645//203 199//203
f 645//203 646//203 199//203
f 199//203 646//203 201//203
f 646//203 647//203 201//203
f 201//203 647//203 203//203
f 647//203 648//203 203//203
f 203//203 648//203 205//203
f 648//203 649//203 205//203
f 205//203 649//203 207//203
f 649//203 650//203 207//203
f 207//203 650//203 209//203
f 650//203 651//203 209//203
f 209//203 651//203 211//203
f 651//203 652//203 211//203
f 211//203 652//203 213//203
f 652//203 653//203 213//203
f 213//203 653//203 215//203
f 653//203 654//203 215//203
f 215//203 654//203 217//203
f 654//203 655//203 217//203
f 217//203 655//203 219//203
f 655//203 656//203 219//203
f 219//203 656//203 221//203
f 656//203 657//203 221//203
f 221//203 657//203 223//203
f 657//203 658//203 223//203
f 223//203 658//203 225//203
f 658//203 659//203 225//203
f 225//203 659//203 227//203
f 659//203 660//203 227//203
f 227//203 660//203 229//203
f 660//203 661//203 229//203
f 229//203 661//203 231//203
f 661//203 662//203 231//203
f 231//203 662//203 233//203
f 662//203 663//203 233//203
f 233//203 663//203 235//203
f 663//203 664//203 235//203
f 235//203 664//203 237//203
f 664//203 665//203 237//203
f 237//203 665//203 239//203
f 665//203 666//203 239//203
f 239//203 666//203 241//203
f 666//203 667//203 241//203
f 241//203 667//203 243//203
f 667//203 668//203 243//203
f 243//203 668//203 245//203
f 668//203 669//203 245//203
f 245//203 669//203 247//203
f 669//203 670//203 247//203
f 247//203 670//203 249//203
f 670//203 671//203 249//203
f 249//203 671//203 251//203
f 671//203 672//203 251//203
f 251//203 672//203 253//203
f 672//203 673//203 253//203
f 253//203 673//203 255//203
f 673//203 674//203 255//203
f 255//203 674//203 257//203
f 674//203 675//203 257//203
f 257//203 675//203 259//203
f 675//203 676//203 259//203
f 259//203 676//203 261//203
f 676//203 677//203 261//203
f 261//203 677//203 263//203
f 677//203 678//203 263//203
f 263//203 678//203 265//203
f 678//203 679//203 265//203
f 265//203 679//203 267//203
f 679//203 680//203 267//203
f 267//203 680//203 6//203
f 680//203 681//203 6//203
f 6//203 681//203 3//203
f 681//203 682//203 3//203
f 3//203 682//203 43//203
f 682//203 683//203 43//203
f 43//203 683//203 56//203
f 683//203 684//203 56//203
f 56//203 684//203 92//203
f 684//203 685//203 92//203
f 92//203 685//203 135//203
f 685//203 686//203 135//203
f 135//203 686//203 137//203
f 686//203 687//203 137//203
f 137//203 687//203 139//203
f 687//203 688//203 139//203
f 139//203 688//203 141//203
f 688//203 689//203 141//203
f 141//203 689//203 143//203
f 689//203 690//203 143//203
f 143//203 690//203 145//203
f 690//203 691//203 145//203
f 145//203 691//203 147//203
f 691//203 692//203 147//203
f 147//203 692//203 149//203
f 692//203 693//203 149//203
f 149//203 693//203 151//203
f 693//203 694//203 151//203
f 151//203 694//203 153//203
f 694//203 695//203 153//203
f 153//203 695//203 155//203
f 695//203 696//203 155//203
f 155//203 696//203 157//203
f 696//203 697//203 157//203
f 157//203 697//203 159//203
f 697//203 698//203 159//203
f 159//203 698//203 161//203
f 698//203 699//203 161//203
f 161//203 699//203 163//203
f 699//203 700//203 163//203
f 163//203 700//203 165//203
f 700//203 629//203 165//203
f 165//203 629//203 167//203
f 629//203 630//203 167//203
f 167//203 630//203 169//203
f 630//203 631//203 169//203
f 169//203 631//203 171//203
f 631//203 632//203 171//203
f 171//203 632//203 173//203
f 632//203 633//203 173//203
f 173//203 633//203 175//203
f 633//203 634//203 175//203
f 175//203 634//203 177//203
f 634//203 635//203 177//203
f 177//203 635//203 179//203
f 635//203 636//203 179//203
f 179//203 636//203 181//203
f 636//203 637//203 181//203
f 181//203 637//203 183//203
f 637//203 638//203 183//203
f 183//203 638//203 185//203
f 638//203 639//203 185//203
f 185//203 639//203 187//203
f 639//203 640//203 187//203
f 701//564 702//564 703//564
f 702//564 704//564 703//564
f 703//564 704//564 705//564
f 706//564 707//564 703//564
f 707//564 708//564 703//564
f 703//564 708//564 701//564
f 709//564 710//564 703//564
f 710//564 711//564 703//564
f 703//564 711//564 706//564
f 712//564 713//564 703//564
f 713//564 714//564 703//564
f 703//564 714//564 709//564
f 715//564 716//564 703//564
f 716//564 717//564 703//564
f 703//564 717//564 712//564
f 718//564 719//564 703//564
f 719//564 720//564 703//564
f 703//564 720//564 715//564
f 721//564 722//564 703//564
f 722//564 723//564 703//564
f 703//564 723//564 718//564
f 724//564 725//564 703//564
f 725//564 726//564 703//564
f 703//564 726//564 721//564
f 727//564 728//564 703//564
f 728//564 729//564 703//564
f 703//564 729//564 724//564
f 730//564 731//564 703//564
f 731//564 732//564 703//564
f 703//564 732//564 727//564
f 733//564 734//564 703//564
f 734//564 735//564 703//564
f 703//564 735//564 730//564
f 736//564 737//564 703//564
f 737//564 738//564 703//564
f 703//564 738//564 733//564
f 739//564 740//564 703//564
f 740//564 741//564 703//564
f 703//564 741//564 736//564
f 742//564 743//564 703//564
f 743//564 744//564 703//564
f 703//564 744//564 739//564
f 745//564 746//564 703//564
f 746//564 747//564 703//564
f 703//564 747//564 742//564
f 748//564 749//564 703//564
f 749//564 750//564 703//564
f 703//564 750//564 745//564
f 751//564 752//564 703//564
f 752//564 753//564 703//564
f 703//564 753//564 748//564
f 754//564 755//564 703//564
f 755//564 756//564 703//564
f 703//564 756//564 751//564
f 757//564 758//564 703//564
f 758//564 759//564 703//564
f 703//564 759//564 754//564
f 760//564 761//564 703//564
f 761//564 762//564 703//564
f 703//564 762//564 757//564
f 763//564 764//564 703//564
f 764//564 765//564 703//564
f 703//564 765//564 760//564
f 766//564 767//564 703//564
f 767//564 768//564 703//564
f 703//564 768//564 763//564
f 769//564 770//564 703//564
f 770//564 771//564 703//564
f 703//564 771//564 766//564
f 705//564 772//564 703//564
f 772//564 773//564 703//564
f 703//564 773//564 769//564
f 89//565 88//565 736//565
f 701//566 27//566 23//566
f 701//567 23//567 702//567
f 27//568 701//568 28//568
f 701//569 708//569 28//569
f 28//570 708//570 29//570
f 29//571 708//571 30//571
f 708//572 707//572 30//572
f 30//573 707//573 31//573
f 31//574 707//574 32//574
f 707//575 706//575 32//575
f 32//576 706//576 33//576
f 33//577 706//577 34//577
f 706//578 711//578 34//578
f 34//579 711//579 35//579
f 711//580 710//580 35//580
f 35//580 710//580 36//580
f 710//581 709//581 36//581
f 36//581 709//581 37//581
f 709//582 714//582 37//582
f 37//582 714//582 38//582
f 714//583 713//583 38//583
f 38//583 713//583 42//583
f 713//584 712//584 42//584
f 42//584 712//584 41//584
f 41//585 712//585 39//585
f 712//586 717//586 39//586
f 39//587 717//587 123//587
f 123//588 717//588 124//588
f 717//589 716//589 124//589
f 124//590 716//590 125//590
f 125//591 716//591 126//591
f 716//592 715//592 126//592
f 126//593 715//593 127//593
f 127//594 715//594 128//594
f 715//595 720//595 128//595
f 128//596 720//596 129//596
f 129//597 720//597 130//597
f 720//598 719//598 130//598
f 130//599 719//599 131//599
f 131//600 719//600 132//600
f 719//601 718//601 132//601
f 132//602 718//602 133//602
f 133//603 718//603 134//603
f 718//604 723//604 134//604
f 134//605 723//605 110//605
f 110//606 723//606 111//606
f 723//607 722//607 111//607
f 111//608 722//608 112//608
f 112//609 722//609 113//609
f 722//610 721//610 113//610
f 113//611 721//611 114//611
f 114//612 721//612 115//612
f 721//613 726//613 115//613
f 115//614 726//614 116//614
f 116//615 726//615 117//615
f 726//616 725//616 117//616
f 117//617 725//617 118//617
f 118//618 725//618 119//618
f 725//619 724//619 119//619
f 119//620 724//620 120//620
f 120//621 724//621 121//621
f 724//622 729//622 121//622
f 121//623 729//623 122//623
f 122//624 729//624 76//624
f 729//625 728//625 76//625
f 76//626 728//626 77//626
f 728//627 727//627 77//627
f 77//627 727//627 70//627
f 727//628 732//628 70//628
f 70//628 732//628 71//628
f 732//629 731//629 71//629
f 71//629 731//629 73//629
f 731//630 730//630 73//630
f 73//630 730//630 74//630
f 730//631 735//631 74//631
f 74//631 735//631 83//631
f 734//632 85//632 735//632
f 85//633 84//633 735//633
f 735//634 84//634 83//634
f 733//635 738//635 81//635
f 81//636 80//636 733//636
f 80//637 87//637 733//637
f 733//638 87//638 734//638
f 87//639 86//639 734//639
f 734//640 86//640 85//640
f 736//641 88//641 737//641
f 88//642 79//642 737//642
f 79//643 78//643 737//643
f 737//644 78//644 738//644
f 78//645 82//645 738//645
f 738//646 82//646 81//646
f 89//647 736//647 90//647
f 736//648 741//648 90//648
f 90//649 741//649 91//649
f 741//650 740//650 91//650
f 91//651 740//651 93//651
f 93//652 740//652 94//652
f 740//653 739//653 94//653
f 94//654 739//654 95//654
f 95//655 739//655 96//655
f 739//656 744//656 96//656
f 96//657 744//657 97//657
f 97//658 744//658 98//658
f 744//659 743//659 98//659
f 98//660 743//660 99//660
f 99//661 743//661 100//661
f 743//662 742//662 100//662
f 100//663 742//663 101//663
f 101//664 742//664 102//664
f 742//665 747//665 102//665
f 102//666 747//666 103//666
f 747//667 746//667 103//667
f 103//667 746//667 104//667
f 746//668 745//668 104//668
f 104//668 745//668 105//668
f 745//669 750//669 105//669
f 105//669 750//669 106//669
f 750//670 749//670 106//670
f 106//670 749//670 107//670
f 749//671 748//671 107//671
f 107//671 748//671 108//671
f 108//672 748//672 57//672
f 748//673 753//673 57//673
f 57//674 753//674 58//674
f 58//675 753//675 59//675
f 753//676 752//676 59//676
f 59//677 752//677 60//677
f 60//678 752//678 63//678
f 752//679 751//679 63//679
f 63//680 751//680 64//680
f 64//681 751//681 65//681
f 751//682 756//682 65//682
f 65//683 756//683 66//683
f 66//684 756//684 67//684
f 756//685 755//685 67//685
f 67//686 755//686 61//686
f 61//687 755//687 62//687
f 755//688 754//688 62//688
f 62//689 754//689 68//689
f 68//690 754//690 69//690
f 754//691 759//691 69//691
f 69//692 759//692 44//692
f 44//693 759//693 45//693
f 759//694 758//694 45//694
f 45//695 758//695 46//695
f 46//696 758//696 47//696
f 758//697 757//697 47//697
f 47//698 757//698 48//698
f 48//699 757//699 49//699
f 757//700 762//700 49//700
f 49//701 762//701 50//701
f 50//702 762//702 51//702
f 762//703 761//703 51//703
f 51//704 761//704 52//704
f 52//705 761//705 53//705
f 761//706 760//706 53//706
f 53//707 760//707 54//707
f 54//708 760//708 55//708
f 760//709 765//709 55//709
f 55//710 765//710 1//710
f 1//711 765//711 2//711
f 765//712 764//712 2//712
f 2//713 764//713 7//713
f 764//714 763//714 7//714
f 7//714 763//714 4//714
f 763//715 768//715 4//715
f 4//715 768//715 5//715
f 768//716 767//716 5//716
f 5//716 767//716 8//716
f 767//717 766//717 8//717
f 8//717 766//717 9//717
f 766//718 771//718 9//718
f 9//718 771//718 10//718
f 770//719 16//719 771//719
f 16//720 15//720 771//720
f 771//721 15//721 10//721
f 769//722 773//722 14//722
f 14//723 13//723 769//723
f 13//724 12//724 769//724
f 769//725 12//725 770//725
f 12//726 11//726 770//726
f 770//727 11//727 16//727
f 772//728 705//728 20//728
f 20//729 19//729 772//729
f 19//730 18//730 772//730
f 772//731 18//731 773//731
f 18//732 17//732 773//732
f 773//733 17//733 14//733
f 23//734 25//734 702//734
f 25//735 26//735 702//735
f 702//736 26//736 704//736
f 26//737 22//737 704//737
f 704//738 22//738 705//738
f 22//739 21//739 705//739
f 705//740 21//740 20//740
f 774//741 416//741 775//741
f 416//741 414//741 775//741
f 775//741 414//741 776//741
f 414//741 556//741 776//741
f 776//741 556//741 777//741
f 556//741 554//741 777//741
f 777//741 554//741 778//741
f 554//741 552//741 778//741
f 778//741 552//741 779//741
f 552//741 550//741 779//741
f 779//741 550//741 780//741
f 550//741 548//741 780//741
f 780//741 548//741 781//741
f 548//741 546//741 781//741
f 781//741 546//741 782//741
f 546//741 544//741 782//741
f 782//741 544//741 783//741
f 544//741 542//741 783//741
f 783//741 542//741 784//741
f 542//741 540//741 784//741
f 784//741 540//741 785//741
f 540//741 538//741 785//741
f 785//741 538//741 786//741
f 538//741 536//741 786//741
f 786//741 536//741 787//741
f 536//741 534//741 787//741
f 787//741 534//741 788//741
f 534//741 532//741 788//741
f 788//741 532//741 789//741
f 532//741 530//741 789//741
f 789//741 530//741 790//741
f 530//741 528//741 790//741
f 790//741 528//741 791//741
f 528//741 526//741 791//741
f 791//741 526//741 792//741
f 526//741 524//741 792//741
f 792//741 524//741 793//741
f 524//741 522//741 793//741
f 793//741 522//741 794//741
f 522//741 520//741 794//741
f 794//741 520//741 795//741
f 520//741 518//741 795//741
f 795//741 518//741 796//741
f 518//741 516//741 796//741
f 796//741 516//741 797//741
f 516//741 514//741 797//741
f 797//741 514//741 798//741
f 514//741 512//741 798//741
f 798//741 512//741 799//741
f 512//741 510//741 799//741
f 799//741 510//741 800//741
f 510//741 508//741 800//741
f 800//741 508//741 801//741
f 508//741 506//741 801//741
f 801//741 506//741 802//741
f 506//741 504//741 802//741
f 802//741 504//741 803//741
f 504//741 502//741 803//741
f 803//741 502//741 804//741
f 502//741 500//741 804//741
f 804//741 500//741 805//741
f 500//741 498//741 805//741
f 805//741 498//741 806//741
f 498//741 496//741 806//741
f 806//741 496//741 807//741
f 496//741 494//741 807//741
f 807//741 494//741 808//741
f 494//741 492//741 808//741
f 808//741 492//741 809//741
f 492//741 490//741 809//741
f 809//741 490//741 810//741
f 490//741 488//741 810//741
f 810//741 488//741 811//741
f 488//741 486//741 811//741
f 811//741 486//741 812//741
f 486//741 484//741 812//741
f 812//741 484//741 813//741
f 484//741 482//741 813//741
f 813//741 482//741 814//741
f 482//741 480//741 814//741
f 814//741 480//741 815//741
f 480//741 478//741 815//741
f 815//741 478//741 816//741
f 478//741 476//741 816//741
f 816//741 476//741 817//741
f 476//741 474//741 817//741
f 817//741 474//741 818//741
f 474//741 472//741 818//741
f 818//741 472//741 819//741
f 472//741 470//741 819//741
f 819//741 470//741 820//741
f 470//741 468//741 820//741
f 820//741 468//741 821//741
f 468//741 466//741 821//741
f 821//741 466//741 822//741
f 466//741 464//741 822//741
f 822//741 464//741 823//741
f 464//741 462//741 823//741
f 823//741 462//741 824//741
f 462//741 460//741 824//741
f 824//741 460//741 825//741
f 460//741 458//741 825//741
f 825//741 458//741 826//741
f 458//741 456//741 826//741
f 826//741 456//741 827//741
f 456//741 454//741 827//741
f 827//741 454//741 828//741
f 454//741 452//741 828//741
f 828//741 452//741 829//741
f 452//741 450//741 829//741
f 829//741 450//741 830//741
f 450//741 448//741 830//741
f 830//741 448//741 831//741
f 448//741 446//741 831//741
f 831//741 446//741 832//741
f 446//741 444//741 832//741
f 832//741 444//741 833//741
f 444//741 442//741 833//741
f 833//741 442//741 834//741
f 442//741 440//741 834//741
f 834//741 440//741 835//741
f 440//741 438//741 835//741
f 835//741 438//741 836//741
f 438//741 436//741 836//741
f 836//741 436//741 837//741
f 436//741 434//741 837//741
f 837//741 434//741 838//741
f 434//741 432//741 838//741
f 838//741 432//741 839//741
f 432//741 430//741 839//741
f 839//741 430//741 840//741
f 430//741 428//741 840//741
f 840//741 428//741 841//741
f 428//741 426//741 841//741
f 841//741 426//741 842//741
f 426//741 424//741 842//741
f 842//741 424//741 843//741
f 424//741 422//741 843//741
f 843//741 422//741 844//741
f 422//741 420//741 844//741
f 844//741 420//741 845//741
f 420//741 418//741 845//741
f 845//741 418//741 774//741
f 418//741 416//741 774//741
f 776//742 846//742 775//742
f 846//743 847//743 775//743
f 775//743 847//743 774//743
f 847//744 848//744 774//744
f 774//744 848//744 845//744
f 848//745 849//745 845//745
f 845//745 849//745 844//745
f 849//746 850//746 844//746
f 844//746 850//746 843//746
f 850//747 851//747 843//747
f 843//747 851//747 842//747
f 851//748 852//748 842//748
f 842//748 852//748 841//748
f 852//749 853//749 841//749
f 841//749 853//749 840//749
f 853//750 854//750 840//750
f 840//750 854//750 839//750
f 854//751 855//751 839//751
f 839//751 855//751 838//751
f 855//752 856//752 838//752
f 838//752 856//752 837//752
f 856//753 857//753 837//753
f 837//753 857//753 836//753
f 857//754 858//754 836//754
f 836//754 858//754 835//754
f 858//755 859//755 835//755
f 835//755 859//755 834//755
f 859//756 860//756 834//756
f 834//756 860//756 833//756
f 860//757 861//757 833//757
f 833//757 861//757 832//757
f 861//758 862//758 832//758
f 832//758 862//758 831//758
f 862//759 863//759 831//759
f 831//759 863//759 830//759
f 863//760 864//760 830//760
f 830//760 864//760 829//760
f 864//761 865//761 829//761
f 829//761 865//761 828//761
f 865//762 866//762 828//762
f 828//762 866//762 827//762
f 866//763 867//763 827//763
f 827//763 867//763 826//763
f 867//764 868//764 826//764
f 826//764 868//764 825//764
f 868//765 869//765 825//765
f 825//765 869//765 824//765
f 869//766 870//766 824//766
f 824//766 870//766 823//766
f 870//767 871//767 823//767
f 823//767 871//767 822//767
f 871//768 872//768 822//768
f 822//768 872//768 821//768
f 872//769 873//769 821//769
f 821//769 873//769 820//769
f 873//770 874//770 820//770
f 820//770 874//770 819//770
f 874//771 875//771 819//771
f 819//771 875//771 818//771
f 875//772 876//772 818//772
f 818//772 876//772 817//772
f 876//773 877//773 817//773
f 817//773 877//773 816//773
f 877//774 878//774 816//774
f 816//774 878//774 815//774
f 878//775 879//775 815//775
f 815//775 879//775 814//775
f 879//776 880//776 814//776
f 814//776 880//776 813//776
f 880//777 881//777 813//777
f 813//777 881//777 812//777
f 881//778 882//778 812//778
f 812//778 882//778 811//778
f 882//779 883//779 811//779
f 811//779 883//779 810//779
f 883//780 884//780 810//780
f 810//780 884//780 809//780
f 884//781 885//781 809//781
f 809//781 885//781 808//781
f 885//782 886//782 808//782
f 808//782 886//782 807//782
f 886//783 887//783 807//783
f 807//783 887//783 806//783
f 887//784 888//784 806//784
f 806//784 888//784 805//784
f 888//785 889//785 805//785
f 805//785 889//785 804//785
f 889//786 890//786 804//786
f 804//786 890//786 803//786
f 890//787 891//787 803//787
f 803//787 891//787 802//787
f 891//788 892//788 802//788
f 802//788 892//788 801//788
f 892//789 893//789 801//789
f 801//789 893//789 800//789
f 893//790 894//790 800//790
f 800//790 894//790 799//790
f 894//791 895//791 799//791
f 799//791 895//791 798//791
f 895//792 896//792 798//792
f 798//792 896//792 797//792
f 896//793 897//793 797//793
f 797//793 897//793 796//793
f 897//794 898//794 796//794
f 796//794 898//794 795//794
f 898//795 899//795 795//795
f 795//795 899//795 794//795
f 899//796 900//796 794//796
f 794//796 900//796 793//796
f 900//797 901//797 793//797
f 793//797 901//797 792//797
f 901//798 902//798 792//798
f 792//798 902//798 791//798
f 902//799 903//799 791//799
f 791//799 903//799 790//799
f 903//800 904//800 790//800
f 790//800 904//800 789//800
f 904//801 905//801 789//801
f 789//801 905//801 788//801
f 905//802 906//802 788//802
f 788//802 906//802 787//802
f 906//803 907//803 787//803
f 787//803 907//803 786//803
f 907//804 908//804 786//804
f 786//804 908//804 785//804
f 908//805 909//805 785//805
f 785//805 909//805 784//805
f 909//806 910//806 784//806
f 784//806 910//806 783//806
f 910//807 911//807 783//807
f 783//807 911//807 782//807
f 911//808 912//808 782//808
f 782//808 912//808 781//808
f 912//809 913//809 781//809
f 781//809 913//809 780//809
f 913//810 914//810 780//810
f 780//810 914//810 779//810
f 914//811 915//811 779//811
f 779//811 915//811 778//811
f 915//812 916//812 778//812
f 778//812 916//812 777//812
f 916//813 917//813 777//813
f 777//813 917//813 776//813
f 917//742 846//742 776//742
f 847//203 918//203 848//203
f 918//203 919//203 848//203
f 848//203 919//203 849//203
f 919//203 920//203 849//203
f 849//203 920//203 850//203
f 920//203 921//203 850//203
f 850//203 921//203 851//203
f 921//203 922//203 851//203
f 851//203 922//203 852//203
f 922//203 923//203 852//203
f 852//203 923//203 853//203
f 923//203 924//203 853//203
f 853//203 924//203 854//203
f 924//203 925//203 854//203
f 854//203 925//203 855//203
f 925//203 926//203 855//203
f 855//203 926//203 856//203
f 926//203 927//203 856//203
f 856//203 927//203 857//203
f 927//203 928//203 857//203
f 857//203 928//203 858//203
f 928//203 929//203 858//203
f 858//203 929//203 859//203
f 929//203 930//203 859//203
f 859//203 930//203 860//203
f 930//203 931//203 860//203
f 860//203 931//203 861//203
f 931//203 932//203 861//203
f 861//203 932//203 862//203
f 932//203 933//203 862//203
f 862//203 933//203 863//203
f 933//203 934//203 863//203
f 863//203 934//203 864//203
f 934//203 935//203 864//203
f 864//203 935//203 865//203
f 935//203 936//203 865//203
f 865//203 936//203 866//203
f 936//203 937//203 866//203
f 866//203 937//203 867//203
f 937//203 938//203 867//203
f 867//203 938//203 868//203
f 938//203 939//203 868//203
f 868//203 939//203 869//203
f 939//203 940//203 869//203
f 869//203 940//203 870//203
f 940//203 941//203 870//203
f 870//203 941//203 871//203
f 941//203 942//203 871//203
f 871//203 942//203 872//203
f 942//203 943//203 872//203
f 872//203 943//203 873//203
f 943//203 944//203 873//203
f 873//203 944//203 874//203
f 944//203 945//203 874//203
f 874//203 945//203 875//203
f 945//203 946//203 875//203
f 875//203 946//203 876//203
f 946//203 947//203 876//203
f 876//203 947//203 877//203
f 947//203 948//203 877//203
f 877//203 948//203 878//203
f 948//203 949//203 878//203
f 878//203 949//203 879//203
f 949//203 950//203 879//203
f 879//203 950//203 880//203
f 950//203 951//203 880//203
f 880//203 951//203 881//203
f 951//203 952//203 881//203
f 881//203 952//203 882//203
f 952//203 953//203 882//203
f 882//203 953//203 883//203
f 953//203 954//203 883//203
f 883//203 954//203 884//203
f 954//203 955//203 884//203
f 884//203 955//203 885//203
f 955//203 956//203 885//203
f 885//203 956//203 886//203
f 956//203 957//203 886//203
f 886//203 957//203 887//203
f 957//203 958//203 887//203
f 887//203 958//203 888//203
f 958//203 959//203 888//203
f 888//203 959//203 889//203
f 959//203 960//203 889//203
f 889//203 960//203 890//203
f 960//203 961//203 890//203
f 890//203 961//203 891//203
f 961//203 962//203 891//203
f 891//203 962//203 892//203
f 962//203 963//203 892//203
f 892//203 963//203 893//203
f 963//203 964//203 893//203
f 893//203 964//203 894//203
f 964//203 965//203 894//203
f 894//203 965//203 895//203
f 965//203 966//203 895//203
f 895//203 966//203 896//203
f 966//203 967//203 896//203
f 896//203 967//203 897//203
f 967//203 968//203 897//203
f 897//203 968//203 898//203
f 968//203 969//203 898//203
f 898//203 969//203 899//203
f 969//203 970//203 899//203
f 899//203 970//203 900//203
f 970//203 971//203 900//203
f 900//203 971//203 901//203
f 971//203 972//203 901//203
f 901//203 972//203 902//203
f 972//203 973//203 902//203
f 902//203 973//203 903//203
f 973//203 974//203 903//203
f 903//203 974//203 904//203
f 974//203 975//203 904//203
f 904//203 975//203 905//203
f 975//203 976//203 905//203
f 905//203 976//203 906//203
f 976//203 977//203 906//203
f 906//203 977//203 907//203
f 977//203 978//203 907//203
f 907//203 978//203 908//203
f 978//203 979//203 908//203
f 908//203 979//203 909//203
f 979//203 980//203 909//203
f 909//203 980//203 910//203
f 980//203 981//203 910//203
f 910//203 981//203 911//203
f 981//203 982//203 911//203
f 911//203 982//203 912//203
f 982//203 983//203 912//203
f 912//203 983//203 913//203
f 983//203 984//203 913//203
f 913//203 984//203 914//203
f 984//203 985//203 914//203
f 914//203 985//203 915//203
f 985//203 986//203 915//203
f 915//203 986//203 916//203
f 986//203 987//203 916//203
f 916//203 987//203 917//203
f 987//203 988//203 917//203
f 917//203 988//203 846//203
f 988//203 989//203 846//203
f 846//203 989//203 847//203
f 989//203 918//203 847//203
f 988//814 990//814 989//814
f 990//815 991//815 989//815
f 989//815 991//815 918//815
f 991//816 992//816 918//816
f 918//816 992//816 919//816
f 992//817 993//817 919//817
f 919//817 993//817 920//817
f 993//818 994//818 920//818
f 920//818 994//818 921//818
f 994//819 995//819 921//819
f 921//819 995//819 922//819
f 995//820 996//820 922//820
f 922//820 996//820 923//820
f 996//821 997//821 923//821
f 923//821 997//821 924//821
f 997//822 998//822 924//822
f 924//822 998//822 925//822
f 998//823 999//823 925//823
f 925//823 999//823 926//823
f 999//824 1000//824 926//824
f 926//824 1000//824 927//824
f 1000//825 1001//825 927//825
f 927//825 1001//825 928//825
f 1001//826 1002//826 928//826
f 928//826 1002//826 929//826
f 1002//827 1003//827 929//827
f 929//827 1003//827 930//827
f 1003//828 1004//828 930//828
f 930//828 1004//828 931//828
f 1004//829 1005//829 931//829
f 931//829 1005//829 932//829
f 1005//830 1006//830 932//830
f 932//830 1006//830 933//830
f 1006//831 1007//831 933//831
f 933//831 1007//831 934//831
f 1007//832 1008//832 934//832
f 934//832 1008//832 935//832
f 1008//833 1009//833 935//833
f 935//833 1009//833 936//833
f 1009//834 1010//834 936//834
f 936//834 1010//834 937//834
f 1010//835 1011//835 937//835
f 937//835 1011//835 938//835
f 1011//836 1012//836 938//836
f 938//836 1012//836 939//836
f 1012//837 1013//837 939//837
f 939//837 1013//837 940//837
f 1013//838 1014//838 940//838
f 940//838 1014//838 941//838
f 1014//839 1015//839 941//839
f 941//839 1015//839 942//839
f 1015//840 1016//840 942//840
f 942//840 1016//840 943//840
f 1016//841 1017//841 943//841
f 943//841 1017//841 944//841
f 1017//842 1018//842 944//842
f 944//842 1018//842 945//842
f 1018//843 1019//843 945//843
f 945//843 1019//843 946//843
f 1019//844 1020//844 946//844
f 946//844 1020//844 947//844
f 1020//845 1021//845 947//845
f 947//845 1021//845 948//845
f 1021//846 1022//846 948//846
f 948//846 1022//846 949//846
f 1022//847 1023//847 949//847
f 949//847 1023//847 950//847
f 1023//848 1024//848 950//848
f 950//848 1024//848 951//848
f 1024//849 1025//849 951//849
f 951//849 1025//849 952//849
f 1025//850 1026//850 952//850
f 952//850 1026//850 953//850
f 1026//851 1027//851 953//851
f 953//851 1027//851 954//851
f 1027//852 1028//852 954//852
f 954//852 1028//852 955//852
f 1028//853 1029//853 955//853
f 955//853 1029//853 956//853
f 1029//854 1030//854 956//854
f 956//854 1030//854 957//854
f 1030//855 1031//855 957//855
f 957//855 1031//855 958//855
f 1031//856 1032//856 958//856
f 958//856 1032//856 959//856
f 1032//857 1033//857 959//857
f 959//857 1033//857 960//857
f 1033//858 1034//858 960//858
f 960//858 1034//858 961//858
f 1034//859 1035//859 961//859
f 961//859 1035//859 962//859
f 1035//860 1036//860 962//860
f 962//860 1036//860 963//860
f 1036//861 1037//861 963//861
f 963//861 1037//861 964//861
f 1037//862 1038//862 964//862
f 964//862 1038//862 965//862
f 1038//863 1039//863 965//863
f 965//863 1039//863 966//863
f 1039//864 1040//864 966//864
f 966//864 1040//864 967//864
f 1040//865 1041//865 967//865
f 967//865 1041//865 968//865
f 1041//866 1042//866 968//866
f 968//866 1042//866 969//866
f 1042//867 1043//867 969//867
f 969//867 1043//867 970//867
f 1043//868 1044//868 970//868
f 970//868 1044//868 971//868
f 1044//869 1045//869 971//869
f 971//869 1045//869 972//869
f 1045//870 1046//870 972//870
f 972//870 1046//870 973//870
f 1046//871 1047//871 973//871
f 973//871 1047//871 974//871
f 1047//872 1048//872 974//872
f 974//872 1048//872 975//872
f 1048//873 1049//873 975//873
f 975//873 1049//873 976//873
f 1049//874 1050//874 976//874
f 976//874 1050//874 977//874
f 1050//875 1051//875 977//875
f 977//875 1051//875 978//875
f 1051//876 1052//876 978//876
f 978//876 1052//876 979//876
f 1052//877 1053//877 979//877
f 979//877 1053//877 980//877
f 1053//878 1054//878 980//878
f 980//878 1054//878 981//878
f 1054//879 1055//879 981//879
f 981//879 1055//879 982//879
f 1055//880 1056//880 982//880
f 982//880 1056//880 983//880
f 1056//881 1057//881 983//881
f 983//881 1057//881 984//881
f 1057//882 1058//882 984//882
f 984//882 1058//882 985//882
f 1058//883 1059//883 985//883
f 985//883 1059//883 986//883
f 1059//884 1060//884 986//884
f 986//884 1060//884 987//884
f 1060//885 1061//885 987//885
f 987//885 1061//885 988//885
f 1061//814 990//814 988//814
f 991//886 990//886 1062//886
f 991//887 1062//887 992//887
f 993//888 992//888 1062//888
f 994//889 993//889 1062//889
f 995//890 994//890 1062//890
f 996//891 995//891 1062//891
f 997//892 996//892 1062//892
f 998//893 997//893 1062//893
f 999//894 998//894 1062//894
f 1000//895 999//895 1062//895
f 1001//896 1000//896 1062//896
f 1002//897 1001//897 1062//897
f 1003//898 1002//898 1062//898
f 1004//899 1003//899 1062//899
f 1005//900 1004//900 1062//900
f 1006//901 1005//901 1062//901
f 1007//902 1006//902 1062//902
f 1008//903 1007//903 1062//903
f 1009//904 1008//904 1062//904
f 1010//905 1009//905 1062//905
f 1011//906 1010//906 1062//906
f 1012//907 1011//907 1062//907
f 1013//908 1012//908 1062//908
f 1014//909 1013//909 1062//909
f 1015//910 1014//910 1062//910
f 1016//911 1015//911 1062//911
f 1017//912 1016//912 1062//912
f 1018//913 1017//913 1062//913
f 1019//914 1018//914 1062//914
f 1020//915 1019//915 1062//915
f 1021//916 1020//916 1062//916
f 1022//917 1021//917 1062//917
f 1023//918 1022//918 1062//918
f 1024//919 1023//919 1062//919
f 1025//920 1024//920 1062//920
f 1026//921 1025//921 1062//921
f 1027//922 1026//922 1062//922
f 1028//923 1027//923 1062//923
f 1029//924 1028//924 1062//924
f 1030//925 1029//925 1062//925
f 1031//926 1030//926 1062//926
f 1032//927 1031//927 1062//927
f 1033//928 1032//928 1062//928
f 1034//929 1033//929 1062//929
f 1035//930 1034//930 1062//930
f 1036//931 1035//931 1062//931
f 1037//932 1036//932 1062//932
f 1038//933 1037//933 1062//933
f 1039//934 1038//934 1062//934
f 1040//935 1039//935 1062//935
f 1041//936 1040//936 1062//936
f 1042//937 1041//937 1062//937
f 1043//938 1042//938 1062//938
f 1044//939 1043//939 1062//939
f 1045//940 1044//940 1062//940
f 1046//941 1045//941 1062//941
f 1047//942 1046//942 1062//942
f 1048//943 1047//943 1062//943
f 1049//944 1048//944 1062//944
f 1050//945 1049//945 1062//945
f 1051//946 1050//946 1062//946
f 1052//947 1051//947 1062//947
f 1053//948 1052//948 1062//948
f 1054//949 1053//949 1062//949
f 1055//950 1054//950 1062//950
f 1056//951 1055//951 1062//951
f 1057//952 1056//952 1062//952
f 1058//953 1057//953 1062//953
f 1059//954 1058//954 1062//954
f 1060//955 1059//955 1062//955
f 1061//956 1060//956 1062//956
f 990//957 1061//957 1062//957
f 1063//203 1064//203 1065//203
f 1064//203 1066//203 1065//203
f 1065//203 1066//203 1067//203
f 1068//203 1069//203 1065//203
f 1069//203 1070//203 1065//203
f 1065//203 1070//203 1063//203
f 1071//203 1072//203 1065//203
f 1072//203 1073//203 1065//203
f 1065//203 1073//203 1068//203
f 1074//203 1075//203 1065//203
f 1075//203 1076//203 1065//203
f 1065//203 1076//203 1071//203
f 1077//203 1078//203 1065//203
f 1078//203 1079//203 1065//203
f 1065//203 1079//203 1074//203
f 1080//203 1081//203 1065//203
f 1081//203 1082//203 1065//203
f 1065//203 1082//203 1077//203
f 1083//203 1084//203 1065//203
f 1084//203 1085//203 1065//203
f 1065//203 1085//203 1080//203
f 1086//203 1087//203 1065//203
f 1087//203 1088//203 1065//203
f 1065//203 1088//203 1083//203
f 1089//203 1090//203 1065//203
f 1090//203 1091//203 1065//203
f 1065//203 1091//203 1086//203
f 1092//203 1093//203 1065//203
f 1093//203 1094//203 1065//203
f 1065//203 1094//203 1089//203
f 1095//203 1096//203 1065//203
f 1096//203 1097//203 1065//203
f 1065//203 1097//203 1092//203
f 1098//203 1099//203 1065//203
f 1099//203 1100//203 1065//203
f 1065//203 1100//203 1095//203
f 1101//203 1102//203 1065//203
f 1102//203 1103//203 1065//203
f 1065//203 1103//203 1098//203
f 1104//203 1105//203 1065//203
f 1105//203 1106//203 1065//203
f 1065//203 1106//203 1101//203
f 1107//203 1108//203 1065//203
f 1108//203 1109//203 1065//203
f 1065//203 1109//203 1104//203
f 1110//203 1111//203 1065//203
f 1111//203 1112//203 1065//203
f 1065//203 1112//203 1107//203
f 1113//203 1114//203 1065//203
f 1114//203 1115//203 1065//203
f 1065//203 1115//203 1110//203
f 1116//203 1117//203 1065//203
f 1117//203 1118//203 1065//203
f 1065//203 1118//203 1113//203
f 1119//203 1120//203 1065//203
f 1120//203 1121//203 1065//203
f 1065//203 1121//203 1116//203
f 1122//203 1123//203 1065//203
f 1123//203 1124//203 1065//203
f 1065//203 1124//203 1119//203
f 1125//203 1126//203 1065//203
f 1126//203 1127//203 1065//203
f 1065//203 1127//203 1122//203
f 1128//203 1129//203 1065//203
f 1129//203 1130//203 1065//203
f 1065//203 1130//203 1125//203
f 1131//203 1132//203 1065//203
f 1132//203 1133//203 1065//203
f 1065//203 1133//203 1128//203
f 1067//203 1134//203 1065//203
f 1134//203 1135//203 1065//203
f 1065//203 1135//203 1131//203
f 1066//958 1136//958 1067//958
f 1136//958 1137//958 1067//958
f 1067//959 1137//959 1134//959
f 1137//959 1138//959 1134//959
f 1134//960 1138//960 1135//960
f 1138//960 1139//960 1135//960
f 1135//961 1139//961 1131//961
f 1139//961 1140//961 1131//961
f 1131//962 1140//962 1132//962
f 1140//962 1141//962 1132//962
f 1132//245 1141//245 1133//245
f 1141//245 1142//245 1133//245
f 1133//963 1142//963 1128//963
f 1142//963 1143//963 1128//963
f 1128//964 1143//964 1129//964
f 1143//964 1144//964 1129//964
f 1129//965 1144//965 1130//965
f 1144//965 1145//965 1130//965
f 1130//966 1145//966 1125//966
f 1145//966 1146//966 1125//966
f 1125//250 1146//250 1126//250
f 1146//250 1147//250 1126//250
f 1126//967 1147//967 1127//967
f 1147//967 1148//967 1127//967
f 1127//252 1148//252 1122//252
f 1148//252 1149//252 1122//252
f 1122//968 1149//968 1123//968
f 1149//968 1150//968 1123//968
f 1123//969 1150//969 1124//969
f 1150//969 1151//969 1124//969
f 1124//970 1151//970 1119//970
f 1151//970 1152//970 1119//970
f 1119//971 1152//971 1120//971
f 1152//971 1153//971 1120//971
f 1120//972 1153//972 1121//972
f 1153//972 1154//972 1121//972
f 1121//973 1154//973 1116//973
f 1154//973 1155//973 1116//973
f 1116//974 1155//974 1117//974
f 1155//974 1156//974 1117//974
f 1117//975 1156//975 1118//975
f 1156//975 1157//975 1118//975
f 1118//261 1157//261 1113//261
f 1157//261 1158//261 1113//261
f 1113//976 1158//976 1114//976
f 1158//976 1159//976 1114//976
f 1114//263 1159//263 1115//263
f 1159//263 1160//263 1115//263
f 1115//977 1160//977 1110//977
f 1160//977 1161//977 1110//977
f 1110//978 1161//978 1111//978
f 1161//978 1162//978 1111//978
f 1111//979 1162//979 1112//979
f 1162//979 1163//979 1112//979
f 1112//980 1163//980 1107//980
f 1163//980 1164//980 1107//980
f 1107//981 1164//981 1108//981
f 1164//981 1165//981 1108//981
f 1108//982 1165//982 1109//982
f 1165//982 1166//982 1109//982
f 1109//270 1166//270 1104//270
f 1166//270 1167//270 1104//270
f 1104//983 1167//983 1105//983
f 1167//983 1168//983 1105//983
f 1105//984 1168//984 1106//984
f 1168//984 1169//984 1106//984
f 1106//985 1169//985 1101//985
f 1169//985 1170//985 1101//985
f 1101//986 1170//986 1102//986
f 1170//986 1171//986 1102//986
f 1102//987 1171//987 1103//987
f 1171//987 1172//987 1103//987
f 1103//988 1172//988 1098//988
f 1172//988 1173//988 1098//988
f 1098//989 1173//989 1099//989
f 1173//989 1174//989 1099//989
f 1099//990 1174//990 1100//990
f 1174//990 1175//990 1100//990
f 1100//991 1175//991 1095//991
f 1175//991 1176//991 1095//991
f 1095//992 1176//992 1096//992
f 1176//992 1177//992 1096//992
f 1096//209 1177//209 1097//209
f 1177//209 1178//209 1097//209
f 1097//993 1178//993 1092//993
f 1178//993 1179//993 1092//993
f 1092//211 1179//211 1093//211
f 1179//211 1180//211 1093//211
f 1093//994 1180//994 1094//994
f 1180//994 1181//994 1094//994
f 1094//995 1181//995 1089//995
f 1181//995 1182//995 1089//995
f 1089//996 1182//996 1090//996
f 1182//996 1183//996 1090//996
f 1090//997 1183//997 1091//997
f 1183//997 1184//997 1091//997
f 1091//216 1184//216 1086//216
f 1184//216 1185//216 1086//216
f 1086//998 1185//998 1087//998
f 1185//998 1186//998 1087//998
f 1087//999 1186//999 1088//999
f 1186//999 1187//999 1088//999
f 1088//1000 1187//1000 1083//1000
f 1187//1000 1188//1000 1083//1000
f 1083//1001 1188//1001 1084//1001
f 1188//1001 1189//1001 1084//1001
f 1084//1002 1189//1002 1085//1002
f 1189//1002 1190//1002 1085//1002
f 1085//1003 1190//1003 1080//1003
f 1190//1003 1191//1003 1080//1003
f 1080//1004 1191//1004 1081//1004
f 1191//1004 1192//1004 1081//1004
f 1081//1005 1192//1005 1082//1005
f 1192//1005 1193//1005 1082//1005
f 1082//1006 1193//1006 1077//1006
f 1193//1006 1194//1006 1077//1006
f 1077//1007 1194//1007 1078//1007
f 1194//1007 1195//1007 1078//1007
f 1078//227 1195//227 1079//227
f 1195//227 1196//227 1079//227
f 1079//1008 1196//1008 1074//1008
f 1196//1008 1197//1008 1074//1008
f 1074//1009 1197//1009 1075//1009
f 1197//1009 1198//1009 1075//1009
f 1075//1010 1198//1010 1076//1010
f 1198//1010 1199//1010 1076//1010
f 1076//1011 1199//1011 1071//1011
f 1199//1011 1200//1011 1071//1011
f 1071//232 1200//232 1072//232
f 1200//232 1201//232 1072//232
f 1072//1012 1201//1012 1073//1012
f 1201//1012 1202//1012 1073//1012
f 1073//234 1202//234 1068//234
f 1202//234 1203//234 1068//234
f 1068//1013 1203//1013 1069//1013
f 1203//1013 1204//1013 1069//1013
f 1069//1014 1204//1014 1070//1014
f 1204//1014 1205//1014 1070//1014
f 1070//1015 1205//1015 1063//1015
f 1205//1015 1206//1015 1063//1015
f 1063//1016 1206//1016 1064//1016
f 1206//1016 1207//1016 1064//1016
f 1064//1017 1207//1017 1066//1017
f 1207//1017 1136//1017 1066//1017
f 1167//203 1208//203 1168//203
f 1208//203 1209//203 1168//203
f 1168//203 1209//203 1169//203
f 1209//203 1210//203 1169//203
f 1169//203 1210//203 1170//203
f 1210//203 1211//203 1170//203
f 1170//203 1211//203 1171//203
f 1211//203 1212//203 1171//203
f 1171//203 1212//203 1172//203
f 1212//203 1213//203 1172//203
f 1172//203 1213//203 1173//203
f 1213//203 1214//203 1173//203
f 1173//203 1214//203 1174//203
f 1214//203 1215//203 1174//203
f 1174//203 1215//203 1175//203
f 1215//203 1216//203 1175//203
f 1175//203 1216//203 1176//203
f 1216//203 1217//203 1176//203
f 1176//203 1217//203 1177//203
f 1217//203 1218//203 1177//203
f 1177//203 1218//203 1178//203
f 1218//203 1219//203 1178//203
f 1178//203 1219//203 1179//203
f 1219//203 1220//203 1179//203
f 1179//203 1220//203 1180//203
f 1220//203 1221//203 1180//203
f 1180//203 1221//203 1181//203
f 1221//203 1222//203 1181//203
f 1181//203 1222//203 1182//203
f 1222//203 1223//203 1182//203
f 1182//203 1223//203 1183//203
f 1223//203 1224//203 1183//203
f 1183//203 1224//203 1184//203
f 1224//203 1225//203 1184//203
f 1184//203 1225//203 1185//203
f 1225//203 1226//203 1185//203
f 1185//203 1226//203 1186//203
f 1226//203 1227//203 1186//203
f 1186//203 1227//203 1187//203
f 1227//203 1228//203 1187//203
f 1187//203 1228//203 1188//203
f 1228//203 1229//203 1188//203
f 1188//203 1229//203 1189//203
f 1229//203 1230//203 1189//203
f 1189//203 1230//203 1190//203
f 1230//203 1231//203 1190//203
f 1190//203 1231//203 1191//203
f 1231//203 1232//203 1191//203
f 1191//203 1232//203 1192//203
f 1232//203 1233//203 1192//203
f 1192//203 1233//203 1193//203
f 1233//203 1234//203 1193//203
f 1193//203 1234//203 1194//203
f 1234//203 1235//203 1194//203
f 1194//203 1235//203 1195//203
f 1235//203 1236//203 1195//203
f 1195//203 1236//203 1196//203
f 1236//203 1237//203 1196//203
f 1196//203 1237//203 1197//203
f 1237//203 1238//203 1197//203
f 1197//203 1238//203 1198//203
f 1238//203 1239//203 1198//203
f 1198//203 1239//203 1199//203
f 1239//203 1240//203 1199//203
f 1199//203 1240//203 1200//203
f 1240//203 1241//203 1200//203
f 1200//203 1241//203 1201//203
f 1241//203 1242//203 1201//203
f 1201//203 1242//203 1202//203
f 1242//203 1243//203 1202//203
f 1202//203 1243//203 1203//203
f 1243//203 1244//203 1203//203
f 1203//203 1244//203 1204//203
f 1244//203 1245//203 1204//203
f 1204//203 1245//203 1205//203
f 1245//203 1246//203 1205//203
f 1205//203 1246//203 1206//203
f 1246//203 1247//203 1206//203
f 1206//203 1247//203 1207//203
f 1247//203 1248//203 1207//203
f 1207//203 1248//203 1136//203
f 1248//203 1249//203 1136//203
f 1136//203 1249//203 1137//203
f 1249//203 1250//203 1137//203
f 1137//203 1250//203 1138//203
f 1250//203 1251//203 1138//203
f 1138//203 1251//203 1139//203
f 1251//203 1252//203 1139//203
f 1139//203 1252//203 1140//203
f 1252//203 1253//203 1140//203
f 1140//203 1253//203 1141//203
f 1253//203 1254//203 1141//203
f 1141//203 1254//203 1142//203
f 1254//203 1255//203 1142//203
f 1142//203 1255//203 1143//203
f 1255//203 1256//203 1143//203
f 1143//203 1256//203 1144//203
f 1256//203 1257//203 1144//203
f 1144//203 1257//203 1145//203
f 1257//203 1258//203 1145//203
f 1145//203 1258//203 1146//203
f 1258//203 1259//203 1146//203
f 1146//203 1259//203 1147//203
f 1259//203 1260//203 1147//203
f 1147//203 1260//203 1148//203
f 1260//203 1261//203 1148//203
f 1148//203 1261//203 1149//203
f 1261//203 1262//203 1149//203
f 1149//203 1262//203 1150//203
f 1262//203 1263//203 1150//203
f 1150//203 1263//203 1151//203
f 1263//203 1264//203 1151//203
f 1151//203 1264//203 1152//203
f 1264//203 1265//203 1152//203
f 1152//203 1265//203 1153//203
f 1265//203 1266//203 1153//203
f 1153//203 1266//203 1154//203
f 1266//203 1267//203 1154//203
f 1154//203 1267//203 1155//203
f 1267//203 1268//203 1155//203
f 1155//203 1268//203 1156//203
f 1268//203 1269//203 1156//203
f 1156//203 1269//203 1157//203
f 1269//203 1270//203 1157//203
f 1157//203 1270//203 1158//203
f 1270//203 1271//203 1158//203
f 1158//203 1271//203 1159//203
f 1271//203 1272//203 1159//203
f 1159//203 1272//203 1160//203
f 1272//203 1273//203 1160//203
f 1160//203 1273//203 1161//203
f 1273//203 1274//203 1161//203
f 1161//203 1274//203 1162//203
f 1274//203 1275//203 1162//203
f 1162//203 1275//203 1163//203
f 1275//203 1276//203 1163//203
f 1163//203 1276//203 1164//203
f 1276//203 1277//203 1164//203
f 1164//203 1277//203 1165//203
f 1277//203 1278//203 1165//203
f 1165//203 1278//203 1166//203
f 1278//203 1279//203 1166//203
f 1166//203 1279//203 1167//203
f 1279//203 1208//203 1167//203
f 1249//1018 1280//1018 1250//1018
f 1280//1019 1281//1019 1250//1019
f 1250//1019 1281//1019 1251//1019
f 1281//1020 1282//1020 1251//1020
f 1251//1020 1282//1020 1252//1020
f 1282//1021 1283//1021 1252//1021
f 1252//1021 1283//1021 1253//1021
f 1283//1022 1284//1022 1253//1022
f 1253//1022 1284//1022 1254//1022
f 1284//1023 1285//1023 1254//1023
f 1254//1023 1285//1023 1255//1023
f 1285//1024 1286//1024 1255//1024
f 1255//1024 1286//1024 1256//1024
f 1286//1025 1287//1025 1256//1025
f 1256//1025 1287//1025 1257//1025
f 1287//1026 1288//1026 1257//1026
f 1257//1026 1288//1026 1258//1026
f 1288//1027 1289//1027 1258//1027
f 1258//1027 1289//1027 1259//1027
f 1289//1028 1290//1028 1259//1028
f 1259//1028 1290//1028 1260//1028
f 1290//1029 1291//1029 1260//1029
f 1260//1029 1291//1029 1261//1029
f 1291//1030 1292//1030 1261//1030
f 1261//1030 1292//1030 1262//1030
f 1292//1031 1293//1031 1262//1031
f 1262//1031 1293//1031 1263//1031
f 1293//1032 1294//1032 1263//1032
f 1263//1032 1294//1032 1264//1032
f 1294//1033 1295//1033 1264//1033
f 1264//1033 1295//1033 1265//1033
f 1295//1034 1296//1034 1265//1034
f 1265//1034 1296//1034 1266//1034
f 1296//1035 1297//1035 1266//1035
f 1266//1035 1297//1035 1267//1035
f 1297//1036 1298//1036 1267//1036
f 1267//1036 1298//1036 1268//1036
f 1298//1037 1299//1037 1268//1037
f 1268//1037 1299//1037 1269//1037
f 1299//1038 1300//1038 1269//1038
f 1269//1038 1300//1038 1270//1038
f 1300//1039 1301//1039 1270//1039
f 1270//1039 1301//1039 1271//1039
f 1301//1040 1302//1040 1271//1040
f 1271//1040 1302//1040 1272//1040
f 1302//1041 1303//1041 1272//1041
f 1272//1041 1303//1041 1273//1041
f 1303//1042 1304//1042 1273//1042
f 1273//1042 1304//1042 1274//1042
f 1304//1043 1305//1043 1274//1043
f 1274//1043 1305//1043 1275//1043
f 1305//1044 1306//1044 1275//1044
f 1275//1044 1306//1044 1276//1044
f 1306//1045 1307//1045 1276//1045
f 1276//1045 1307//1045 1277//1045
f 1307//1046 1308//1046 1277//1046
f 1277//1046 1308//1046 1278//1046
f 1308//1047 1309//1047 1278//1047
f 1278//1047 1309//1047 1279//1047
f 1309//1048 1310//1048 1279//1048
f 1279//1048 1310//1048 1208//1048
f 1310//1049 1311//1049 1208//1049
f 1208//1049 1311//1049 1209//1049
f 1311//1050 1312//1050 1209//1050
f 1209//1050 1312//1050 1210//1050
f 1312//1051 1313//1051 1210//1051
f 1210//1051 1313//1051 1211//1051
f 1313//1052 1314//1052 1211//1052
f 1211//1052 1314//1052 1212//1052
f 1314//1053 1315//1053 1212//1053
f 1212//1053 1315//1053 1213//1053
f 1315//1054 1316//1054 1213//1054
f 1213//1054 1316//1054 1214//1054
f 1316//1055 1317//1055 1214//1055
f 1214//1055 1317//1055 1215//1055
f 1317//1056 1318//1056 1215//1056
f 1215//1056 1318//1056 1216//1056
f 1318//1057 1319//1057 1216//1057
f 1216//1057 1319//1057 1217//1057
f 1319//1058 1320//1058 1217//1058
f 1217//1058 1320//1058 1218//1058
f 1320//1059 1321//1059 1218//1059
f 1218//1059 1321//1059 1219//1059
f 1321//1060 1322//1060 1219//1060
f 1219//1060 1322//1060 1220//1060
f 1322//1061 1323//1061 1220//1061
f 1220//1061 1323//1061 1221//1061
f 1323//1062 1324//1062 1221//1062
f 1221//1062 1324//1062 1222//1062
f 1324//1063 1325//1063 1222//1063
f 1222//1063 1325//1063 1223//1063
f 1325//1064 1326//1064 1223//1064
f 1223//1064 1326//1064 1224//1064
f 1326//1065 1327//1065 1224//1065
f 1224//1065 1327//1065 1225//1065
f 1327//1066 1328//1066 1225//1066
f 1225//1066 1328//1066 1226//1066
f 1328//1067 1329//1067 1226//1067
f 1226//1067 1329//1067 1227//1067
f 1329//1068 1330//1068 1227//1068
f 1227//1068 1330//1068 1228//1068
f 1330//1069 1331//1069 1228//1069
f 1228//1069 1331//1069 1229//1069
f 1331//1070 1332//1070 1229//1070
f 1229//1070 1332//1070 1230//1070
f 1332//1071 1333//1071 1230//1071
f 1230//1071 1333//1071 1231//1071
f 1333//1072 1334//1072 1231//1072
f 1231//1072 1334//1072 1232//1072
f 1334//1073 1335//1073 1232//1073
f 1232//1073 1335//1073 1233//1073
f 1335//1074 1336//1074 1233//1074
f 1233//1074 1336//1074 1234//1074
f 1336//1075 1337//1075 1234//1075
f 1234//1075 1337//1075 1235//1075
f 1337//1076 1338//1076 1235//1076
f 1235//1076 1338//1076 1236//1076
f 1338//1077 1339//1077 1236//1077
f 1236//1077 1339//1077 1237//1077
f 1339//1078 1340//1078 1237//1078
f 1237//1078 1340//1078 1238//1078
f 1340//1079 1341//1079 1238//1079
f 1238//1079 1341//1079 1239//1079
f 1341//1080 1342//1080 1239//1080
f 1239//1080 1342//1080 1240//1080
f 1342//1081 1343//1081 1240//1081
f 1240//1081 1343//1081 1241//1081
f 1343//1082 1344//1082 1241//1082
f 1241//1082 1344//1082 1242//1082
f 1344//1083 1345//1083 1242//1083
f 1242//1083 1345//1083 1243//1083
f 1345//1084 1346//1084 1243//1084
f 1243//1084 1346//1084 1244//1084
f 1346//1085 1347//1085 1244//1085
f 1244//1085 1347//1085 1245//1085
f 1347//1086 1348//1086 1245//1086
f 1245//1086 1348//1086 1246//1086
f 1348//1087 1349//1087 1246//1087
f 1246//1087 1349//1087 1247//1087
f 1349//1088 1350//1088 1247//1088
f 1247//1088 1350//1088 1248//1088
f 1350//1089 1351//1089 1248//1089
f 1248//1089 1351//1089 1249//1089
f 1351//1018 1280//1018 1249//1018
f 1327//203 389//203 1328//203
f 389//203 390//203 1328//203
f 1328//203 390//203 1329//203
f 390//203 391//203 1329//203
f 1329//203 391//203 1330//203
f 391//203 392//203 1330//203
f 1330//203 392//203 1331//203
f 392//203 393//203 1331//203
f 1331//203 393//203 1332//203
f 393//203 394//203 1332//203
f 1332//203 394//203 1333//203
f 394//203 395//203 1333//203
f 1333//203 395//203 1334//203
f 395//203 396//203 1334//203
f 1334//203 396//203 1335//203
f 396//203 397//203 1335//203
f 1335//203 397//203 1336//203
f 397//203 398//203 1336//203
f 1336//203 398//203 1337//203
f 398//203 399//203 1337//203
f 1337//203 399//203 1338//203
f 399//203 400//203 1338//203
f 1338//203 400//203 1339//203
f 400//203 401//203 1339//203
f 1339//203 401//203 1340//203
f 401//203 402//203 1340//203
f 1340//203 402//203 1341//203
f 402//203 403//203 1341//203
f 1341//203 403//203 1342//203
f 403//203 404//203 1342//203
f 1342//203 404//203 1343//203
f 404//203 405//203 1343//203
f 1343//203 405//203 1344//203
f 405//203 406//203 1344//203
f 1344//203 406//203 1345//203
f 406//203 407//203 1345//203
f 1345//203 407//203 1346//203
f 407//203 408//203 1346//203
f 1346//203 408//203 1347//203
f 408//203 409//203 1347//203
f 1347//203 409//203 1348//203
f 409//203 410//203 1348//203
f 1348//203 410//203 1349//203
f 410//203 411//203 1349//203
f 1349//203 411//203 1350//203
f 411//203 412//203 1350//203
f 1350//203 412//203 1351//203
f 412//203 341//203 1351//203
f 1351//203 341//203 1280//203
f 341//203 342//203 1280//203
f 1280//203 342//203 1281//203
f 342//203 343//203 1281//203
f 1281//203 343//203 1282//203
f 343//203 344//203 1282//203
f 1282//203 344//203 1283//203
f 344//203 345//203 1283//203
f 1283//203 345//203 1284//203
f 345//203 346//203 1284//203
f 1284//203 346//203 1285//203
f 346//203 347//203 1285//203
f 1285//203 347//203 1286//203
f 347//203 348//203 1286//203
f 1286//203 348//203 1287//203
f 348//203 349//203 1287//203
f 1287//203 349//203 1288//203
f 349//203 350//203 1288//203
f 1288//203 350//203 1289//203
f 350//203 351//203 1289//203
f 1289//203 351//203 1290//203
f 351//203 352//203 1290//203
f 1290//203 352//203 1291//203
f 352//203 353//203 1291//203
f 1291//203 353//203 1292//203
f 353//203 354//203 1292//203
f 1292//203 354//203 1293//203
f 354//203 355//203 1293//203
f 1293//203 355//203 1294//203
f 355//203 356//203 1294//203
f 1294//203 356//203 1295//203
f 356//203 357//203 1295//203
f 1295//203 357//203 1296//203
f 357//203 358//203 1296//203
f 1296//203 358//203 1297//203
f 358//203 359//203 1297//203
f 1297//203 359//203 1298//203
f 359//203 360//203 1298//203
f 1298//203 360//203 1299//203
f 360//203 361//203 1299//203
f 1299//203 361//203 1300//203
f 361//203 362//203 1300//203
f 1300//203 362//203 1301//203
f 362//203 363//203 1301//203
f 1301//203 363//203 1302//203
f 363//203 364//203 1302//203
f 1302//203 364//203 1303//203
f 364//203 365//203 1303//203
f 1303//203 365//203 1304//203
f 365//203 366//203 1304//203
f 1304//203 366//203 1305//203
f 366//203 367//203 1305//203
f 1305//203 367//203 1306//203
f 367//203 368//203 1306//203
f 1306//203 368//203 1307//203
f 368//203 369//203 1307//203
f 1307//203 369//203 1308//203
f 369//203 370//203 1308//203
f 1308//203 370//203 1309//203
f 370//203 371//203 1309//203
f 1309//203 371//203 1310//203
f 371//203 372//203 1310//203
f 1310//203 372//203 1311//203
f 372//203 373//203 1311//203
f 1311//203 373//203 1312//203
f 373//203 374//203 1312//203
f 1312//203 374//203 1313//203
f 374//203 375//203 1313//203
f 1313//203 375//203 1314//203
f 375//203 376//203 1314//203
f 1314//203 376//203 1315//203
f 376//203 377//203 1315//203
f 1315//203 377//203 1316//203
f 377//203 378//203 1316//203
f 1316//203 378//203 1317//203
f 378//203 379//203 1317//203
f 1317//203 379//203 1318//203
f 379//203 380//203 1318//203
f 1318//203 380//203 1319//203
f 380//203 381//203 1319//203
f 1319//203 381//203 1320//203
f 381//203 382//203 1320//203
f 1320//203 382//203 1321//203
f 382//203 383//203 1321//203
f 1321//203 383//203 1322//203
f 383//203 384//203 1322//203
f 1322//203 384//203 1323//203
f 384//203 385//203 1323//203
f 1323//203 385//203 1324//203
f 385//203 386//203 1324//203
f 1324//203 386//203 1325//203
f 386//203 387//203 1325//203
f 1325//203 387//203 1326//203
f 387//203 388//203 1326//203
f 1326//203 388//203 1327//203
f 388//203 389//203 1327//203
# Vertices: 1351, normals: 1089, texture coordinates: 0, faces: 2698

