# File generated by ImageToStl.com - Free Image and 3D model conversion tools

o obj1
v 0.1977375 0.28776142 0.0766
v 0.19772609 0.2635527 0.07633853
v 0.19772609 0.28776142 0.07633853
v 0.19769192 0.2635527 0.07607906
v 0.19769192 0.28776142 0.07607906
v 0.19763528 0.2635527 0.07582355
v 0.19763528 0.28776142 0.07582355
v 0.19755659 0.2635527 0.07557394
v 0.19755659 0.28776142 0.07557394
v 0.19745642 0.2635527 0.07533214
v 0.19745642 0.28776142 0.07533214
v 0.19733557 0.2635527 0.0751
v 0.19733557 0.28776142 0.0751
v 0.19719495 0.2635527 0.07487927
v 0.19719495 0.28776142 0.07487927
v 0.19703564 0.2635527 0.07467163
v 0.19703564 0.28776142 0.07467163
v 0.19685882 0.2635527 0.07447868
v 0.19685882 0.28776142 0.07447868
v 0.19666587 0.2635527 0.07430187
v 0.19666587 0.28776142 0.07430187
v 0.19645824 0.2635527 0.07414255
v 0.19645824 0.28776142 0.07414255
v 0.1962375 0.2635527 0.07400192
v 0.1962375 0.28776142 0.07400192
v 0.19600536 0.2635527 0.07388107
v 0.19600536 0.28776142 0.07388107
v 0.19576356 0.2635527 0.07378092
v 0.19576356 0.28776142 0.07378092
v 0.19551396 0.2635527 0.07370222
v 0.19551396 0.28776142 0.07370222
v 0.19525844 0.2635527 0.07364558
v 0.19525844 0.28776142 0.07364558
v 0.19499896 0.2635527 0.07361142
v 0.19499896 0.28776142 0.07361142
v 0.19473749 0.2635527 0.0736
v 0.19473749 0.28776142 0.0736
v 0.19447604 0.2635527 0.07361142
v 0.19447604 0.28776142 0.07361142
v 0.19421655 0.2635527 0.07364558
v 0.19421655 0.28776142 0.07364558
v 0.19396104 0.2635527 0.07370222
v 0.19396104 0.28776142 0.07370222
v 0.19371144 0.2635527 0.07378092
v 0.19371144 0.28776142 0.07378092
v 0.19346964 0.2635527 0.07388107
v 0.19346964 0.28776142 0.07388107
v 0.1932375 0.2635527 0.07400192
v 0.1932375 0.28776142 0.07400192
v 0.19301677 0.2635527 0.07414255
v 0.19301677 0.28776142 0.07414255
v 0.19280913 0.2635527 0.07430187
v 0.19280913 0.28776142 0.07430187
v 0.19261618 0.2635527 0.07447868
v 0.19261618 0.28776142 0.07447868
v 0.19243936 0.2635527 0.07467163
v 0.19243936 0.28776142 0.07467163
v 0.19228004 0.2635527 0.07487927
v 0.19228004 0.28776142 0.07487927
v 0.19213942 0.2635527 0.0751
v 0.19213942 0.28776142 0.0751
v 0.19201858 0.2635527 0.07533214
v 0.19201858 0.28776142 0.07533214
v 0.19191842 0.2635527 0.07557394
v 0.19191842 0.28776142 0.07557394
v 0.19183972 0.2635527 0.07582355
v 0.19183972 0.28776142 0.07582355
v 0.19178307 0.2635527 0.07607906
v 0.19178307 0.28776142 0.07607906
v 0.19174892 0.2635527 0.07633853
v 0.19174892 0.28776142 0.07633853
v 0.1917375 0.2635527 0.0766
v 0.1917375 0.28776142 0.0766
v 0.19174892 0.2635527 0.07686147
v 0.19174892 0.28776142 0.07686147
v 0.19178307 0.2635527 0.07712094
v 0.19178307 0.28776142 0.07712094
v 0.19183972 0.2635527 0.07737646
v 0.19183972 0.28776142 0.07737646
v 0.19191842 0.2635527 0.07762606
v 0.19191842 0.28776142 0.07762606
v 0.19201858 0.2635527 0.07786786
v 0.19201858 0.28776142 0.07786786
v 0.19213942 0.2635527 0.0781
v 0.19213942 0.28776142 0.0781
v 0.19228004 0.2635527 0.07832073
v 0.19228004 0.28776142 0.07832073
v 0.19243936 0.2635527 0.07852836
v 0.19243936 0.28776142 0.07852836
v 0.19261618 0.2635527 0.07872132
v 0.19261618 0.28776142 0.07872132
v 0.19280913 0.2635527 0.07889813
v 0.19280913 0.28776142 0.07889813
v 0.19301677 0.2635527 0.07905746
v 0.19301677 0.28776142 0.07905746
v 0.1932375 0.2635527 0.07919808
v 0.1932375 0.28776142 0.07919808
v 0.19346964 0.2635527 0.07931893
v 0.19346964 0.28776142 0.07931893
v 0.19371144 0.2635527 0.07941908
v 0.19371144 0.28776142 0.07941908
v 0.19396104 0.2635527 0.07949778
v 0.19396104 0.28776142 0.07949778
v 0.19421655 0.2635527 0.07955442
v 0.19421655 0.28776142 0.07955442
v 0.19447604 0.2635527 0.07958858
v 0.19447604 0.28776142 0.07958858
v 0.19473749 0.2635527 0.0796
v 0.19473749 0.28776142 0.0796
v 0.19499896 0.2635527 0.07958858
v 0.19499896 0.28776142 0.07958858
v 0.19525844 0.2635527 0.07955442
v 0.19525844 0.28776142 0.07955442
v 0.19551396 0.2635527 0.07949778
v 0.19551396 0.28776142 0.07949778
v 0.19576356 0.2635527 0.07941908
v 0.19576356 0.28776142 0.07941908
v 0.19600536 0.2635527 0.07931893
v 0.19600536 0.28776142 0.07931893
v 0.1962375 0.2635527 0.07919808
v 0.1962375 0.28776142 0.07919808
v 0.19645824 0.2635527 0.07905746
v 0.19645824 0.28776142 0.07905746
v 0.19666587 0.2635527 0.07889813
v 0.19666587 0.28776142 0.07889813
v 0.19685882 0.2635527 0.07872132
v 0.19685882 0.28776142 0.07872132
v 0.19703564 0.2635527 0.07852836
v 0.19703564 0.28776142 0.07852836
v 0.19719495 0.2635527 0.07832073
v 0.19719495 0.28776142 0.07832073
v 0.19733557 0.2635527 0.0781
v 0.19733557 0.28776142 0.0781
v 0.19745642 0.2635527 0.07786786
v 0.19745642 0.28776142 0.07786786
v 0.19755659 0.2635527 0.07762606
v 0.19755659 0.28776142 0.07762606
v 0.19763528 0.2635527 0.07737646
v 0.19763528 0.28776142 0.07737646
v 0.19769192 0.2635527 0.07712094
v 0.19769192 0.28776142 0.07712094
v 0.19772609 0.2635527 0.07686147
v 0.19772609 0.28776142 0.07686147
v 0.1977375 0.2635527 0.0766
v 0.19906762 0.28851143 0.0741
v 0.19906762 0.29201141 0.0741
v 0.19925608 0.29200324 0.07442641
v 0.19762425 0.28851143 0.0716
v 0.19762425 0.29156485 0.0716
v 0.19800653 0.29176217 0.07226212
v 0.20051101 0.29156485 0.0766
v 0.20051101 0.28851143 0.0766
v 0.2001285 0.29176226 0.07593748
v 0.19989988 0.29185566 0.07554152
v 0.1982352 0.2918556 0.07265818
v 0.19846028 0.29192746 0.07304804
v 0.19946276 0.29197559 0.0747844
v 0.19967486 0.29192749 0.07515176
v 0.19867241 0.29197556 0.07341547
v 0.19887914 0.29200321 0.07377353
v 0.19040737 0.28851143 0.0741
v 0.19040737 0.29201141 0.0741
v 0.19059579 0.29200324 0.07377366
v 0.18896399 0.28851143 0.0766
v 0.18896399 0.29156485 0.0766
v 0.18934651 0.29176226 0.07593748
v 0.19185075 0.29156485 0.0716
v 0.19185075 0.28851143 0.0716
v 0.19146802 0.29176235 0.07226291
v 0.19123946 0.29185572 0.07265878
v 0.18957511 0.29185566 0.07554152
v 0.18980014 0.29192749 0.07515176
v 0.19080243 0.29197559 0.07341574
v 0.19101448 0.29192752 0.07304846
v 0.19001223 0.29197559 0.0747844
v 0.19021893 0.29200324 0.07442641
v 0.19473749 0.28851143 0.0816
v 0.19473749 0.29201141 0.0816
v 0.1943606 0.29200324 0.0816
v 0.19762425 0.28851143 0.0816
v 0.19762425 0.29156485 0.0816
v 0.19685924 0.29176226 0.0816
v 0.19185075 0.29156485 0.0816
v 0.19185075 0.28851143 0.0816
v 0.19261576 0.29176226 0.0816
v 0.19307297 0.29185566 0.0816
v 0.19640203 0.29185566 0.0816
v 0.19595195 0.29192749 0.0816
v 0.19394723 0.29197559 0.0816
v 0.19352303 0.29192749 0.0816
v 0.19552778 0.29197559 0.0816
v 0.1951144 0.29200324 0.0816
v 0.19906762 0.28851143 0.0791
v 0.19906762 0.29201141 0.0791
v 0.19887918 0.29200324 0.0794264
v 0.2001285 0.29176226 0.07726252
v 0.19800676 0.29176226 0.08093748
v 0.19823536 0.29185566 0.08054152
v 0.19989988 0.29185566 0.07765848
v 0.19967486 0.29192749 0.07804824
v 0.19867249 0.29197559 0.07978439
v 0.1984604 0.29192749 0.08015175
v 0.19946276 0.29197559 0.0784156
v 0.19925608 0.29200324 0.0787736
v 0.19473749 0.28851143 0.0716
v 0.1947365 0.29201141 0.0716
v 0.19511347 0.29200327 0.0716
v 0.19261503 0.29176208 0.0716
v 0.19685851 0.29176244 0.0716
v 0.19640125 0.29185581 0.0716
v 0.1930722 0.29185551 0.0716
v 0.19352221 0.29192737 0.0716
v 0.1955269 0.29197568 0.0716
v 0.19595113 0.29192761 0.0716
v 0.19394635 0.2919755 0.0716
v 0.19435966 0.29200318 0.0716
v 0.19040737 0.28851143 0.0791
v 0.19040737 0.29201141 0.0791
v 0.19021893 0.29200324 0.0787736
v 0.19146824 0.29176226 0.08093748
v 0.18934651 0.29176226 0.07726252
v 0.18957511 0.29185566 0.07765848
v 0.19123964 0.29185566 0.08054152
v 0.1910146 0.29192749 0.08015175
v 0.19001223 0.29197559 0.0784156
v 0.18980014 0.29192749 0.07804824
v 0.19080251 0.29197559 0.07978439
v 0.19059582 0.29200324 0.0794264
v 0.1963625 0.28801143 0.07941458
v 0.19723751 0.28801143 0.08093013
v 0.19611101 0.28801143 0.0795455
v 0.1968506 0.28801143 0.08113154
v 0.19584906 0.28801143 0.079654
v 0.1964476 0.28801143 0.08129846
v 0.19557866 0.28801143 0.07973926
v 0.1960316 0.28801143 0.08142963
v 0.19530186 0.28801143 0.07980063
v 0.19560574 0.28801143 0.08152404
v 0.19502075 0.28801143 0.07983764
v 0.19517328 0.28801143 0.08158097
v 0.19473749 0.28801143 0.07985
v 0.19473749 0.28801143 0.0816
v 0.19445424 0.28801143 0.07983764
v 0.19430172 0.28801143 0.08158097
v 0.19417314 0.28801143 0.07980063
v 0.19386926 0.28801143 0.08152404
v 0.19389634 0.28801143 0.07973926
v 0.1934434 0.28801143 0.08142963
v 0.19362594 0.28801143 0.079654
v 0.19302739 0.28801143 0.08129846
v 0.19336399 0.28801143 0.0795455
v 0.19262441 0.28801143 0.08113154
v 0.19311249 0.28801143 0.07941458
v 0.1922375 0.28801143 0.08093013
v 0.19287337 0.28801143 0.07926224
v 0.19186962 0.28801143 0.08069576
v 0.19264844 0.28801143 0.07908964
v 0.19152357 0.28801143 0.08043022
v 0.19243941 0.28801143 0.07889809
v 0.19120197 0.28801143 0.08013553
v 0.19224785 0.28801143 0.07868906
v 0.19090728 0.28801143 0.07981393
v 0.19207525 0.28801143 0.07846412
v 0.19064175 0.28801143 0.07946789
v 0.19192292 0.28801143 0.078225
v 0.19040737 0.28801143 0.0791
v 0.191792 0.28801143 0.07797351
v 0.19020596 0.28801143 0.07871309
v 0.1916835 0.28801143 0.07771157
v 0.19003904 0.28801143 0.0783101
v 0.19159824 0.28801143 0.07744116
v 0.18990786 0.28801143 0.07789409
v 0.19153687 0.28801143 0.07716436
v 0.18981346 0.28801143 0.07746824
v 0.19149987 0.28801143 0.07688326
v 0.18975653 0.28801143 0.07703578
v 0.19148751 0.28801143 0.0766
v 0.1897375 0.28801143 0.0766
v 0.19149987 0.28801143 0.07631674
v 0.18975653 0.28801143 0.07616422
v 0.19153687 0.28801143 0.07603564
v 0.18981346 0.28801143 0.07573176
v 0.19159824 0.28801143 0.07575884
v 0.18990786 0.28801143 0.0753059
v 0.1916835 0.28801143 0.07548843
v 0.19003904 0.28801143 0.0748899
v 0.191792 0.28801143 0.07522649
v 0.19020596 0.28801143 0.07448691
v 0.19192292 0.28801143 0.074975
v 0.19040737 0.28801143 0.0741
v 0.19207525 0.28801143 0.07473588
v 0.19064175 0.28801143 0.07373212
v 0.19224785 0.28801143 0.07451094
v 0.19090728 0.28801143 0.07338607
v 0.19243941 0.28801143 0.07430191
v 0.19120197 0.28801143 0.07306447
v 0.19264844 0.28801143 0.07411036
v 0.19152357 0.28801143 0.07276978
v 0.19287337 0.28801143 0.07393776
v 0.19186962 0.28801143 0.07250424
v 0.19311249 0.28801143 0.07378542
v 0.1922375 0.28801143 0.07226987
v 0.19336399 0.28801143 0.0736545
v 0.19262441 0.28801143 0.07206846
v 0.19362594 0.28801143 0.073546
v 0.19302739 0.28801143 0.07190154
v 0.19389634 0.28801143 0.07346074
v 0.1934434 0.28801143 0.07177037
v 0.19417314 0.28801143 0.07339937
v 0.19386926 0.28801143 0.07167596
v 0.19445424 0.28801143 0.07336237
v 0.19430172 0.28801143 0.07161903
v 0.19473749 0.28801143 0.07335
v 0.19473749 0.28801143 0.0716
v 0.19502075 0.28801143 0.07336237
v 0.19517328 0.28801143 0.07161903
v 0.19530186 0.28801143 0.07339937
v 0.19560574 0.28801143 0.07167596
v 0.19557866 0.28801143 0.07346074
v 0.1960316 0.28801143 0.07177037
v 0.19584906 0.28801143 0.073546
v 0.1964476 0.28801143 0.07190154
v 0.19611101 0.28801143 0.0736545
v 0.1968506 0.28801143 0.07206846
v 0.1963625 0.28801143 0.07378542
v 0.19723751 0.28801143 0.07226987
v 0.19660163 0.28801143 0.07393776
v 0.19760539 0.28801143 0.07250424
v 0.19682656 0.28801143 0.07411036
v 0.19795144 0.28801143 0.07276978
v 0.1970356 0.28801143 0.07430191
v 0.19827303 0.28801143 0.07306447
v 0.19722715 0.28801143 0.07451094
v 0.19856772 0.28801143 0.07338607
v 0.19739975 0.28801143 0.07473588
v 0.19883326 0.28801143 0.07373212
v 0.19755208 0.28801143 0.074975
v 0.19906762 0.28801143 0.0741
v 0.19768301 0.28801143 0.07522649
v 0.19926904 0.28801143 0.07448691
v 0.1977915 0.28801143 0.07548843
v 0.19943596 0.28801143 0.0748899
v 0.19787677 0.28801143 0.07575884
v 0.19956712 0.28801143 0.0753059
v 0.19793813 0.28801143 0.07603564
v 0.19966154 0.28801143 0.07573176
v 0.19797513 0.28801143 0.07631674
v 0.19971848 0.28801143 0.07616422
v 0.1979875 0.28801143 0.0766
v 0.1997375 0.28801143 0.0766
v 0.19797513 0.28801143 0.07688326
v 0.19971848 0.28801143 0.07703578
v 0.19793813 0.28801143 0.07716436
v 0.19966154 0.28801143 0.07746824
v 0.19787677 0.28801143 0.07744116
v 0.19956712 0.28801143 0.07789409
v 0.1977915 0.28801143 0.07771157
v 0.19943596 0.28801143 0.0783101
v 0.19768301 0.28801143 0.07797351
v 0.19926904 0.28801143 0.07871309
v 0.19755208 0.28801143 0.078225
v 0.19906762 0.28801143 0.0791
v 0.19739975 0.28801143 0.07846412
v 0.19883326 0.28801143 0.07946789
v 0.19722715 0.28801143 0.07868906
v 0.19856772 0.28801143 0.07981393
v 0.1970356 0.28801143 0.07889809
v 0.19827303 0.28801143 0.08013553
v 0.19682656 0.28801143 0.07908964
v 0.19795144 0.28801143 0.08043022
v 0.19660163 0.28801143 0.07926224
v 0.19760539 0.28801143 0.08069576
v 0.19926904 0.28851143 0.07871309
v 0.19943596 0.28851143 0.0783101
v 0.19956712 0.28851143 0.07789409
v 0.19966154 0.28851143 0.07746824
v 0.19926904 0.28851143 0.07448691
v 0.19943596 0.28851143 0.0748899
v 0.19971848 0.28851143 0.07703578
v 0.1997375 0.28851143 0.0766
v 0.19971848 0.28851143 0.07616422
v 0.19966154 0.28851143 0.07573176
v 0.19956712 0.28851143 0.0753059
v 0.19886746 0.29201141 0.07941841
v 0.19862424 0.29201141 0.07974535
v 0.19835521 0.29201141 0.0800514
v 0.19806215 0.29201141 0.08033453
v 0.19774701 0.29201141 0.08059286
v 0.19741186 0.29201141 0.08082466
v 0.19511333 0.29201141 0.08158585
v 0.19551808 0.29201141 0.08153869
v 0.19591765 0.29201141 0.08145873
v 0.19630937 0.29201141 0.0813465
v 0.19669066 0.29201141 0.08120273
v 0.19705898 0.29201141 0.0810284
v 0.19924329 0.29201141 0.07443255
v 0.19940482 0.29201141 0.07480665
v 0.19953535 0.29201141 0.07519267
v 0.19963402 0.29201141 0.07558803
v 0.19970016 0.29201141 0.07599012
v 0.19973335 0.29201141 0.07639626
v 0.19924329 0.29201141 0.07876745
v 0.19940482 0.29201141 0.07839334
v 0.19953535 0.29201141 0.07800733
v 0.19963402 0.29201141 0.07761197
v 0.19970016 0.29201141 0.07720988
v 0.19973335 0.29201141 0.07680374
v 0.19511241 0.29201141 0.07161407
v 0.19886743 0.29201141 0.07378154
v 0.19551724 0.29201141 0.07166117
v 0.18984097 0.29201141 0.07761197
v 0.18993965 0.29201141 0.07800733
v 0.19060753 0.29201141 0.07941841
v 0.19436073 0.29201141 0.07161421
v 0.19395608 0.29201141 0.07166144
v 0.19355659 0.29201141 0.07174145
v 0.19007018 0.29201141 0.07839334
v 0.19023171 0.29201141 0.07876745
v 0.19141263 0.29201141 0.07286567
v 0.19111963 0.29201141 0.07314876
v 0.19085066 0.29201141 0.07345477
v 0.1906075 0.29201141 0.07378165
v 0.19023171 0.29201141 0.07443255
v 0.19007018 0.29201141 0.07480665
v 0.18993965 0.29201141 0.07519267
v 0.19355735 0.29201141 0.08145873
v 0.19395691 0.29201141 0.08153869
v 0.19436167 0.29201141 0.08158585
v 0.19862415 0.29201141 0.07345454
v 0.19630872 0.29201141 0.07185329
v 0.19591689 0.29201141 0.07174109
v 0.19835505 0.29201141 0.07314843
v 0.19806191 0.29201141 0.07286526
v 0.19774669 0.29201141 0.07260691
v 0.19741148 0.29201141 0.0723751
v 0.1970585 0.29201141 0.07217135
v 0.1966901 0.29201141 0.07199702
v 0.19316496 0.29201141 0.07185373
v 0.19278377 0.29201141 0.07199751
v 0.19241555 0.29201141 0.07217185
v 0.19206274 0.29201141 0.07237559
v 0.19172768 0.29201141 0.07260738
v 0.18984097 0.29201141 0.07558803
v 0.18977484 0.29201141 0.07599012
v 0.18974166 0.29201141 0.07639626
v 0.19085075 0.29201141 0.07974535
v 0.19111979 0.29201141 0.0800514
v 0.19141285 0.29201141 0.08033453
v 0.191728 0.29201141 0.08059286
v 0.19206312 0.29201141 0.08082466
v 0.19241603 0.29201141 0.0810284
v 0.19278434 0.29201141 0.08120273
v 0.19316563 0.29201141 0.0813465
v 0.18974166 0.29201141 0.07680374
v 0.18977484 0.29201141 0.07720988
v 0.19231611 0.26301143 0.07702696
v 0.19228812 0.26301143 0.07681429
v 0.19473749 0.26301143 0.0766
v 0.19227877 0.26301143 0.0766
v 0.19228812 0.26301143 0.07638571
v 0.19250913 0.26301143 0.0776391
v 0.19242704 0.26301143 0.07744094
v 0.19236255 0.26301143 0.07723637
v 0.192854 0.26301143 0.07818045
v 0.19272342 0.26301143 0.07801027
v 0.19260818 0.26301143 0.07782937
v 0.19332723 0.26301143 0.07861408
v 0.19315706 0.26301143 0.0784835
v 0.19299892 0.26301143 0.07833859
v 0.19389656 0.26301143 0.07891046
v 0.19369839 0.26301143 0.07882837
v 0.19350813 0.26301143 0.07872932
v 0.1945232 0.26301143 0.07904938
v 0.19431055 0.26301143 0.07902138
v 0.19410114 0.26301143 0.07897495
v 0.19516446 0.26301143 0.07902138
v 0.19495179 0.26301143 0.07904938
v 0.19473749 0.26301143 0.07905874
v 0.19577661 0.26301143 0.07882837
v 0.19557844 0.26301143 0.07891046
v 0.19537386 0.26301143 0.07897495
v 0.19631794 0.26301143 0.0784835
v 0.19614777 0.26301143 0.07861408
v 0.19596687 0.26301143 0.07872932
v 0.19675158 0.26301143 0.07801027
v 0.196621 0.26301143 0.07818045
v 0.19647609 0.26301143 0.07833859
v 0.19704795 0.26301143 0.07744094
v 0.19696587 0.26301143 0.0776391
v 0.19686683 0.26301143 0.07782937
v 0.19718687 0.26301143 0.07681429
v 0.19715887 0.26301143 0.07702696
v 0.19711246 0.26301143 0.07723637
v 0.19715887 0.26301143 0.07617304
v 0.19718687 0.26301143 0.07638571
v 0.19719623 0.26301143 0.0766
v 0.19696587 0.26301143 0.0755609
v 0.19704795 0.26301143 0.07575906
v 0.19711246 0.26301143 0.07596363
v 0.196621 0.26301143 0.07501955
v 0.19675158 0.26301143 0.07518972
v 0.19686683 0.26301143 0.07537063
v 0.19614777 0.26301143 0.07458592
v 0.19631794 0.26301143 0.0747165
v 0.19647609 0.26301143 0.07486141
v 0.19557844 0.26301143 0.07428955
v 0.19577661 0.26301143 0.07437163
v 0.19596687 0.26301143 0.07447068
v 0.19495179 0.26301143 0.07415062
v 0.19516446 0.26301143 0.07417862
v 0.19537386 0.26301143 0.07422505
v 0.19431055 0.26301143 0.07417862
v 0.1945232 0.26301143 0.07415062
v 0.19473749 0.26301143 0.07414126
v 0.19369839 0.26301143 0.07437163
v 0.19389656 0.26301143 0.07428955
v 0.19410114 0.26301143 0.07422505
v 0.19315706 0.26301143 0.0747165
v 0.19332723 0.26301143 0.07458592
v 0.19350813 0.26301143 0.07447068
v 0.19272342 0.26301143 0.07518972
v 0.192854 0.26301143 0.07501955
v 0.19299892 0.26301143 0.07486141
v 0.19242704 0.26301143 0.07575906
v 0.19250913 0.26301143 0.0755609
v 0.19260818 0.26301143 0.07537063
v 0.19231611 0.26301143 0.07617304
v 0.19236255 0.26301143 0.07596363
v 0.19795343 0.28801048 0.07631864
v 0.19791667 0.28801048 0.07603943
v 0.19785571 0.28801048 0.07576448
v 0.19777103 0.28801048 0.07549588
v 0.19766325 0.28801048 0.0752357
v 0.19753322 0.28801048 0.07498589
v 0.1973819 0.28801048 0.07474837
v 0.19721045 0.28801048 0.07452495
v 0.19702019 0.28801048 0.07431731
v 0.19681256 0.28801048 0.07412705
v 0.19658913 0.28801048 0.0739556
v 0.1963516 0.28801048 0.07380429
v 0.1961018 0.28801048 0.07367425
v 0.19584161 0.28801048 0.07356647
v 0.19557302 0.28801048 0.07348179
v 0.19529808 0.28801048 0.07342083
v 0.19501886 0.28801048 0.07338408
v 0.19473749 0.28801048 0.07337179
v 0.19445615 0.28801048 0.07338408
v 0.19417693 0.28801048 0.07342083
v 0.19390197 0.28801048 0.07348179
v 0.19363339 0.28801048 0.07356647
v 0.1933732 0.28801048 0.07367425
v 0.1931234 0.28801048 0.07380429
v 0.19288588 0.28801048 0.0739556
v 0.19266245 0.28801048 0.07412705
v 0.19245481 0.28801048 0.07431731
v 0.19226454 0.28801048 0.07452495
v 0.1920931 0.28801048 0.07474837
v 0.19194178 0.28801048 0.07498589
v 0.19181174 0.28801048 0.0752357
v 0.19170398 0.28801048 0.07549588
v 0.19161929 0.28801048 0.07576448
v 0.19155833 0.28801048 0.07603943
v 0.19152157 0.28801048 0.07631864
v 0.19150929 0.28801048 0.0766
v 0.19152157 0.28801048 0.07688136
v 0.19155833 0.28801048 0.07716057
v 0.19161929 0.28801048 0.07743552
v 0.19170398 0.28801048 0.07770412
v 0.19181174 0.28801048 0.0779643
v 0.19194178 0.28801048 0.07821411
v 0.1920931 0.28801048 0.07845163
v 0.19226454 0.28801048 0.07867505
v 0.19245481 0.28801048 0.07888269
v 0.19266245 0.28801048 0.07907295
v 0.19288588 0.28801048 0.0792444
v 0.1931234 0.28801048 0.07939571
v 0.1933732 0.28801048 0.07952575
v 0.19363339 0.28801048 0.07963353
v 0.19390197 0.28801048 0.07971821
v 0.19417693 0.28801048 0.07977917
v 0.19445615 0.28801048 0.07981592
v 0.19473749 0.28801048 0.07982821
v 0.19501886 0.28801048 0.07981592
v 0.19529808 0.28801048 0.07977917
v 0.19557302 0.28801048 0.07971821
v 0.19584161 0.28801048 0.07963353
v 0.1961018 0.28801048 0.07952575
v 0.1963516 0.28801048 0.07939571
v 0.19658913 0.28801048 0.0792444
v 0.19681256 0.28801048 0.07907295
v 0.19702019 0.28801048 0.07888269
v 0.19721045 0.28801048 0.07867505
v 0.1973819 0.28801048 0.07845163
v 0.19753322 0.28801048 0.07821411
v 0.19766325 0.28801048 0.0779643
v 0.19777103 0.28801048 0.07770412
v 0.19785571 0.28801048 0.07743552
v 0.19791667 0.28801048 0.07716057
v 0.19795343 0.28801048 0.07688136
v 0.19796571 0.28801048 0.0766
v 0.19793189 0.28800762 0.07632053
v 0.19789538 0.28800762 0.07604318
v 0.19783482 0.28800762 0.07577007
v 0.1977507 0.28800762 0.07550328
v 0.19764365 0.28800762 0.07524484
v 0.19751449 0.28800762 0.0749967
v 0.19736418 0.28800762 0.07476078
v 0.19719389 0.28800762 0.07453884
v 0.1970049 0.28800762 0.0743326
v 0.19679865 0.28800762 0.07414361
v 0.19657673 0.28800762 0.07397332
v 0.1963408 0.28800762 0.07382301
v 0.19609267 0.28800762 0.07369384
v 0.19583422 0.28800762 0.07358679
v 0.19556743 0.28800762 0.07350267
v 0.19529432 0.28800762 0.07344212
v 0.19501697 0.28800762 0.07340562
v 0.19473749 0.28800762 0.07339341
v 0.19445802 0.28800762 0.07340562
v 0.19418068 0.28800762 0.07344212
v 0.19390757 0.28800762 0.07350267
v 0.19364078 0.28800762 0.07358679
v 0.19338234 0.28800762 0.07369384
v 0.1931342 0.28800762 0.07382301
v 0.19289827 0.28800762 0.07397332
v 0.19267635 0.28800762 0.07414361
v 0.1924701 0.28800762 0.0743326
v 0.19228111 0.28800762 0.07453884
v 0.19211082 0.28800762 0.07476078
v 0.19196051 0.28800762 0.0749967
v 0.19183135 0.28800762 0.07524484
v 0.1917243 0.28800762 0.07550328
v 0.19164017 0.28800762 0.07577007
v 0.19157963 0.28800762 0.07604318
v 0.19154312 0.28800762 0.07632053
v 0.19153091 0.28800762 0.0766
v 0.19154312 0.28800762 0.07687947
v 0.19157963 0.28800762 0.07715682
v 0.19164017 0.28800762 0.07742993
v 0.1917243 0.28800762 0.07769672
v 0.19183135 0.28800762 0.07795516
v 0.19196051 0.28800762 0.07820329
v 0.19211082 0.28800762 0.07843922
v 0.19228111 0.28800762 0.07866116
v 0.1924701 0.28800762 0.0788674
v 0.19267635 0.28800762 0.07905639
v 0.19289827 0.28800762 0.07922668
v 0.1931342 0.28800762 0.07937699
v 0.19338234 0.28800762 0.07950616
v 0.19364078 0.28800762 0.07961321
v 0.19390757 0.28800762 0.07969733
v 0.19418068 0.28800762 0.07975787
v 0.19445802 0.28800762 0.07979438
v 0.19473749 0.28800762 0.07980659
v 0.19501697 0.28800762 0.07979438
v 0.19529432 0.28800762 0.07975787
v 0.19556743 0.28800762 0.07969733
v 0.19583422 0.28800762 0.07961321
v 0.19609267 0.28800762 0.07950616
v 0.1963408 0.28800762 0.07937699
v 0.19657673 0.28800762 0.07922668
v 0.19679865 0.28800762 0.07905639
v 0.1970049 0.28800762 0.0788674
v 0.19719389 0.28800762 0.07866116
v 0.19736418 0.28800762 0.07843922
v 0.19751449 0.28800762 0.07820329
v 0.19764365 0.28800762 0.07795516
v 0.1977507 0.28800762 0.07769672
v 0.19783482 0.28800762 0.07742993
v 0.19789538 0.28800762 0.07715682
v 0.19793189 0.28800762 0.07687947
v 0.19794409 0.28800762 0.0766
v 0.19791068 0.28800291 0.07632238
v 0.1978744 0.28800291 0.07604688
v 0.19781426 0.28800291 0.07577559
v 0.19773071 0.28800291 0.07551056
v 0.19762436 0.28800291 0.07525384
v 0.19749604 0.28800291 0.07500735
v 0.19734675 0.28800291 0.07477299
v 0.19717757 0.28800291 0.07455253
v 0.19698985 0.28800291 0.07434765
v 0.19678497 0.28800291 0.07415992
v 0.19656451 0.28800291 0.07399076
v 0.19633015 0.28800291 0.07384145
v 0.19608366 0.28800291 0.07371314
v 0.19582693 0.28800291 0.0736068
v 0.19556192 0.28800291 0.07352324
v 0.19529063 0.28800291 0.0734631
v 0.19501512 0.28800291 0.07342683
v 0.19473749 0.28800291 0.07341471
v 0.19445989 0.28800291 0.07342683
v 0.19418438 0.28800291 0.0734631
v 0.19391309 0.28800291 0.07352324
v 0.19364807 0.28800291 0.0736068
v 0.19339134 0.28800291 0.07371314
v 0.19314486 0.28800291 0.07384145
v 0.19291049 0.28800291 0.07399076
v 0.19269003 0.28800291 0.07415992
v 0.19248515 0.28800291 0.07434765
v 0.19229743 0.28800291 0.07455253
v 0.19212826 0.28800291 0.07477299
v 0.19197895 0.28800291 0.07500735
v 0.19185065 0.28800291 0.07525384
v 0.1917443 0.28800291 0.07551056
v 0.19166075 0.28800291 0.07577559
v 0.19160059 0.28800291 0.07604688
v 0.19156432 0.28800291 0.07632238
v 0.19155221 0.28800291 0.0766
v 0.19156432 0.28800291 0.07687762
v 0.19160059 0.28800291 0.07715312
v 0.19166075 0.28800291 0.07742441
v 0.1917443 0.28800291 0.07768943
v 0.19185065 0.28800291 0.07794616
v 0.19197895 0.28800291 0.07819265
v 0.19212826 0.28800291 0.07842701
v 0.19229743 0.28800291 0.07864747
v 0.19248515 0.28800291 0.07885234
v 0.19269003 0.28800291 0.07904008
v 0.19291049 0.28800291 0.07920924
v 0.19314486 0.28800291 0.07935855
v 0.19339134 0.28800291 0.07948685
v 0.19364807 0.28800291 0.0795932
v 0.19391309 0.28800291 0.07967676
v 0.19418438 0.28800291 0.0797369
v 0.19445989 0.28800291 0.07977317
v 0.19473749 0.28800291 0.07978529
v 0.19501512 0.28800291 0.07977317
v 0.19529063 0.28800291 0.0797369
v 0.19556192 0.28800291 0.07967676
v 0.19582693 0.28800291 0.0795932
v 0.19608366 0.28800291 0.07948685
v 0.19633015 0.28800291 0.07935855
v 0.19656451 0.28800291 0.07920924
v 0.19678497 0.28800291 0.07904008
v 0.19698985 0.28800291 0.07885234
v 0.19717757 0.28800291 0.07864747
v 0.19734675 0.28800291 0.07842701
v 0.19749604 0.28800291 0.07819265
v 0.19762436 0.28800291 0.07794616
v 0.19773071 0.28800291 0.07768943
v 0.19781426 0.28800291 0.07742441
v 0.1978744 0.28800291 0.07715312
v 0.19791068 0.28800291 0.07687762
v 0.1979228 0.28800291 0.0766
v 0.19788995 0.28799635 0.07632419
v 0.19785392 0.28799635 0.07605049
v 0.19779417 0.28799635 0.07578097
v 0.19771115 0.28799635 0.07551768
v 0.19760551 0.28799635 0.07526263
v 0.19747803 0.28799635 0.07501775
v 0.1973297 0.28799635 0.07478492
v 0.19716164 0.28799635 0.0745659
v 0.19697514 0.28799635 0.07436237
v 0.19677159 0.28799635 0.07417586
v 0.19655257 0.28799635 0.07400779
v 0.19631974 0.28799635 0.07385947
v 0.19607487 0.28799635 0.073732
v 0.19581982 0.28799635 0.07362635
v 0.19555654 0.28799635 0.07354333
v 0.195287 0.28799635 0.07348358
v 0.1950133 0.28799635 0.07344755
v 0.19473749 0.28799635 0.07343551
v 0.1944617 0.28799635 0.07344755
v 0.19418798 0.28799635 0.07348358
v 0.19391847 0.28799635 0.07354333
v 0.19365518 0.28799635 0.07362635
v 0.19340013 0.28799635 0.073732
v 0.19315526 0.28799635 0.07385947
v 0.19292241 0.28799635 0.07400779
v 0.1927034 0.28799635 0.07417586
v 0.19249986 0.28799635 0.07436237
v 0.19231336 0.28799635 0.0745659
v 0.1921453 0.28799635 0.07478492
v 0.19199696 0.28799635 0.07501775
v 0.1918695 0.28799635 0.07526263
v 0.19176385 0.28799635 0.07551768
v 0.19168083 0.28799635 0.07578097
v 0.19162108 0.28799635 0.07605049
v 0.19158505 0.28799635 0.07632419
v 0.19157301 0.28799635 0.0766
v 0.19158505 0.28799635 0.07687581
v 0.19162108 0.28799635 0.07714951
v 0.19168083 0.28799635 0.07741904
v 0.19176385 0.28799635 0.07768232
v 0.1918695 0.28799635 0.07793737
v 0.19199696 0.28799635 0.07818225
v 0.1921453 0.28799635 0.07841508
v 0.19231336 0.28799635 0.0786341
v 0.19249986 0.28799635 0.07883763
v 0.1927034 0.28799635 0.07902414
v 0.19292241 0.28799635 0.0791922
v 0.19315526 0.28799635 0.07934053
v 0.19340013 0.28799635 0.079468
v 0.19365518 0.28799635 0.07957365
v 0.19391847 0.28799635 0.07965667
v 0.19418798 0.28799635 0.07971642
v 0.1944617 0.28799635 0.07975245
v 0.19473749 0.28799635 0.07976449
v 0.1950133 0.28799635 0.07975245
v 0.195287 0.28799635 0.07971642
v 0.19555654 0.28799635 0.07965667
v 0.19581982 0.28799635 0.07957365
v 0.19607487 0.28799635 0.079468
v 0.19631974 0.28799635 0.07934053
v 0.19655257 0.28799635 0.0791922
v 0.19677159 0.28799635 0.07902414
v 0.19697514 0.28799635 0.07883763
v 0.19716164 0.28799635 0.0786341
v 0.1973297 0.28799635 0.07841508
v 0.19747803 0.28799635 0.07818225
v 0.19760551 0.28799635 0.07793737
v 0.19771115 0.28799635 0.07768232
v 0.19779417 0.28799635 0.07741904
v 0.19785392 0.28799635 0.07714951
v 0.19788995 0.28799635 0.07687581
v 0.19790199 0.28799635 0.0766
v 0.19786988 0.28798801 0.07632595
v 0.19783407 0.28798801 0.07605399
v 0.19777471 0.28798801 0.07578618
v 0.19769222 0.28798801 0.07552457
v 0.19758725 0.28798801 0.07527114
v 0.19746058 0.28798801 0.07502783
v 0.1973132 0.28798801 0.07479648
v 0.19714621 0.28798801 0.07457885
v 0.19696088 0.28798801 0.07437661
v 0.19675864 0.28798801 0.07419129
v 0.19654103 0.28798801 0.0740243
v 0.19630967 0.28798801 0.07387692
v 0.19606636 0.28798801 0.07375026
v 0.19581293 0.28798801 0.07364528
v 0.19555132 0.28798801 0.07356279
v 0.19528352 0.28798801 0.07350343
v 0.19501154 0.28798801 0.07346762
v 0.19473749 0.28798801 0.07345565
v 0.19446345 0.28798801 0.07346762
v 0.19419149 0.28798801 0.07350343
v 0.19392368 0.28798801 0.07356279
v 0.19366208 0.28798801 0.07364528
v 0.19340864 0.28798801 0.07375026
v 0.19316533 0.28798801 0.07387692
v 0.19293398 0.28798801 0.0740243
v 0.19271636 0.28798801 0.07419129
v 0.19251411 0.28798801 0.07437661
v 0.1923288 0.28798801 0.07457885
v 0.1921618 0.28798801 0.07479648
v 0.19201441 0.28798801 0.07502783
v 0.19188775 0.28798801 0.07527114
v 0.19178279 0.28798801 0.07552457
v 0.19170029 0.28798801 0.07578618
v 0.19164093 0.28798801 0.07605399
v 0.19160512 0.28798801 0.07632595
v 0.19159316 0.28798801 0.0766
v 0.19160512 0.28798801 0.07687405
v 0.19164093 0.28798801 0.07714601
v 0.19170029 0.28798801 0.07741382
v 0.19178279 0.28798801 0.07767543
v 0.19188775 0.28798801 0.07792886
v 0.19201441 0.28798801 0.07817217
v 0.1921618 0.28798801 0.07840353
v 0.1923288 0.28798801 0.07862115
v 0.19251411 0.28798801 0.07882339
v 0.19271636 0.28798801 0.07900871
v 0.19293398 0.28798801 0.0791757
v 0.19316533 0.28798801 0.07932308
v 0.19340864 0.28798801 0.07944974
v 0.19366208 0.28798801 0.07955472
v 0.19392368 0.28798801 0.07963721
v 0.19419149 0.28798801 0.07969657
v 0.19446345 0.28798801 0.07973238
v 0.19473749 0.28798801 0.07974435
v 0.19501154 0.28798801 0.07973238
v 0.19528352 0.28798801 0.07969657
v 0.19555132 0.28798801 0.07963721
v 0.19581293 0.28798801 0.07955472
v 0.19606636 0.28798801 0.07944974
v 0.19630967 0.28798801 0.07932308
v 0.19654103 0.28798801 0.0791757
v 0.19675864 0.28798801 0.07900871
v 0.19696088 0.28798801 0.07882339
v 0.19714621 0.28798801 0.07862115
v 0.1973132 0.28798801 0.07840353
v 0.19746058 0.28798801 0.07817217
v 0.19758725 0.28798801 0.07792886
v 0.19769222 0.28798801 0.07767543
v 0.19777471 0.28798801 0.07741382
v 0.19783407 0.28798801 0.07714601
v 0.19786988 0.28798801 0.07687405
v 0.19788185 0.28798801 0.0766
v 0.19785061 0.28797793 0.07632764
v 0.19781503 0.28797793 0.07605735
v 0.19775602 0.28797793 0.07579119
v 0.19767404 0.28797793 0.07553118
v 0.19756971 0.28797793 0.07527932
v 0.19744383 0.28797793 0.0750375
v 0.19729735 0.28797793 0.07480758
v 0.1971314 0.28797793 0.07459129
v 0.1969472 0.28797793 0.07439029
v 0.19674622 0.28797793 0.07420611
v 0.19652992 0.28797793 0.07404015
v 0.1963 0.28797793 0.07389367
v 0.19605818 0.28797793 0.07376779
v 0.19580631 0.28797793 0.07366346
v 0.19554631 0.28797793 0.07358148
v 0.19528015 0.28797793 0.07352248
v 0.19500986 0.28797793 0.07348689
v 0.19473749 0.28797793 0.073475
v 0.19446515 0.28797793 0.07348689
v 0.19419485 0.28797793 0.07352248
v 0.19392869 0.28797793 0.07358148
v 0.19366869 0.28797793 0.07366346
v 0.19341682 0.28797793 0.07376779
v 0.193175 0.28797793 0.07389367
v 0.19294508 0.28797793 0.07404015
v 0.19272879 0.28797793 0.07420611
v 0.19252779 0.28797793 0.07439029
v 0.19234361 0.28797793 0.07459129
v 0.19217765 0.28797793 0.07480758
v 0.19203117 0.28797793 0.0750375
v 0.19190529 0.28797793 0.07527932
v 0.19180097 0.28797793 0.07553118
v 0.19171898 0.28797793 0.07579119
v 0.19165997 0.28797793 0.07605735
v 0.19162439 0.28797793 0.07632764
v 0.1916125 0.28797793 0.0766
v 0.19162439 0.28797793 0.07687236
v 0.19165997 0.28797793 0.07714265
v 0.19171898 0.28797793 0.07740881
v 0.19180097 0.28797793 0.07766882
v 0.19190529 0.28797793 0.07792068
v 0.19203117 0.28797793 0.0781625
v 0.19217765 0.28797793 0.07839242
v 0.19234361 0.28797793 0.07860871
v 0.19252779 0.28797793 0.07880971
v 0.19272879 0.28797793 0.07899389
v 0.19294508 0.28797793 0.07915985
v 0.193175 0.28797793 0.07930633
v 0.19341682 0.28797793 0.07943221
v 0.19366869 0.28797793 0.07953654
v 0.19392869 0.28797793 0.07961852
v 0.19419485 0.28797793 0.07967752
v 0.19446515 0.28797793 0.07971311
v 0.19473749 0.28797793 0.079725
v 0.19500986 0.28797793 0.07971311
v 0.19528015 0.28797793 0.07967752
v 0.19554631 0.28797793 0.07961852
v 0.19580631 0.28797793 0.07953654
v 0.19605818 0.28797793 0.07943221
v 0.1963 0.28797793 0.07930633
v 0.19652992 0.28797793 0.07915985
v 0.19674622 0.28797793 0.07899389
v 0.1969472 0.28797793 0.07880971
v 0.1971314 0.28797793 0.07860871
v 0.19729735 0.28797793 0.07839242
v 0.19744383 0.28797793 0.0781625
v 0.19756971 0.28797793 0.07792068
v 0.19767404 0.28797793 0.07766882
v 0.19775602 0.28797793 0.07740881
v 0.19781503 0.28797793 0.07714265
v 0.19785061 0.28797793 0.07687236
v 0.19786251 0.28797793 0.0766
v 0.19783229 0.28796622 0.07632924
v 0.19779691 0.28796622 0.07606054
v 0.19773825 0.28796622 0.07579595
v 0.19765675 0.28796622 0.07553748
v 0.19755304 0.28796622 0.07528709
v 0.1974279 0.28796622 0.0750467
v 0.19728228 0.28796622 0.07481813
v 0.1971173 0.28796622 0.07460311
v 0.19693421 0.28796622 0.0744033
v 0.19673438 0.28796622 0.0742202
v 0.19651937 0.28796622 0.07405522
v 0.19629081 0.28796622 0.0739096
v 0.19605041 0.28796622 0.07378446
v 0.19580002 0.28796622 0.07368074
v 0.19554155 0.28796622 0.07359925
v 0.19527696 0.28796622 0.07354059
v 0.19500826 0.28796622 0.07350522
v 0.19473749 0.28796622 0.07349339
v 0.19446674 0.28796622 0.07350522
v 0.19419804 0.28796622 0.07354059
v 0.19393346 0.28796622 0.07359925
v 0.19367498 0.28796622 0.07368074
v 0.1934246 0.28796622 0.07378446
v 0.1931842 0.28796622 0.0739096
v 0.19295563 0.28796622 0.07405522
v 0.19274062 0.28796622 0.0742202
v 0.19254079 0.28796622 0.0744033
v 0.1923577 0.28796622 0.07460311
v 0.19219272 0.28796622 0.07481813
v 0.1920471 0.28796622 0.0750467
v 0.19192196 0.28796622 0.07528709
v 0.19181825 0.28796622 0.07553748
v 0.19173674 0.28796622 0.07579595
v 0.19167809 0.28796622 0.07606054
v 0.19164272 0.28796622 0.07632924
v 0.1916309 0.28796622 0.0766
v 0.19164272 0.28796622 0.07687076
v 0.19167809 0.28796622 0.07713946
v 0.19173674 0.28796622 0.07740405
v 0.19181825 0.28796622 0.07766252
v 0.19192196 0.28796622 0.07791291
v 0.1920471 0.28796622 0.0781533
v 0.19219272 0.28796622 0.07838187
v 0.1923577 0.28796622 0.07859689
v 0.19254079 0.28796622 0.0787967
v 0.19274062 0.28796622 0.0789798
v 0.19295563 0.28796622 0.07914478
v 0.1931842 0.28796622 0.0792904
v 0.1934246 0.28796622 0.07941554
v 0.19367498 0.28796622 0.07951926
v 0.19393346 0.28796622 0.07960075
v 0.19419804 0.28796622 0.07965941
v 0.19446674 0.28796622 0.07969479
v 0.19473749 0.28796622 0.07970661
v 0.19500826 0.28796622 0.07969479
v 0.19527696 0.28796622 0.07965941
v 0.19554155 0.28796622 0.07960075
v 0.19580002 0.28796622 0.07951926
v 0.19605041 0.28796622 0.07941554
v 0.19629081 0.28796622 0.0792904
v 0.19651937 0.28796622 0.07914478
v 0.19673438 0.28796622 0.0789798
v 0.19693421 0.28796622 0.0787967
v 0.1971173 0.28796622 0.07859689
v 0.19728228 0.28796622 0.07838187
v 0.1974279 0.28796622 0.0781533
v 0.19755304 0.28796622 0.07791291
v 0.19765675 0.28796622 0.07766252
v 0.19773825 0.28796622 0.07740405
v 0.19779691 0.28796622 0.07713946
v 0.19783229 0.28796622 0.07687076
v 0.1978441 0.28796622 0.0766
v 0.19781505 0.28795293 0.07633075
v 0.19777986 0.28795293 0.07606355
v 0.19772154 0.28795293 0.07580043
v 0.19764049 0.28795293 0.0755434
v 0.19753736 0.28795293 0.07529441
v 0.19741291 0.28795293 0.07505535
v 0.19726811 0.28795293 0.07482805
v 0.19710404 0.28795293 0.07461423
v 0.19692197 0.28795293 0.07441553
v 0.19672327 0.28795293 0.07423346
v 0.19650945 0.28795293 0.07406939
v 0.19628215 0.28795293 0.07392459
v 0.19604309 0.28795293 0.07380014
v 0.19579411 0.28795293 0.07369701
v 0.19553708 0.28795293 0.07361596
v 0.19527395 0.28795293 0.07355763
v 0.19500674 0.28795293 0.07352246
v 0.19473749 0.28795293 0.0735107
v 0.19446824 0.28795293 0.07352246
v 0.19420105 0.28795293 0.07355763
v 0.19393793 0.28795293 0.07361596
v 0.1936809 0.28795293 0.07369701
v 0.1934319 0.28795293 0.07380014
v 0.19319285 0.28795293 0.07392459
v 0.19296555 0.28795293 0.07406939
v 0.19275174 0.28795293 0.07423346
v 0.19255303 0.28795293 0.07441553
v 0.19237095 0.28795293 0.07461423
v 0.19220689 0.28795293 0.07482805
v 0.19206208 0.28795293 0.07505535
v 0.19193764 0.28795293 0.07529441
v 0.19183451 0.28795293 0.0755434
v 0.19175346 0.28795293 0.07580043
v 0.19169512 0.28795293 0.07606355
v 0.19165996 0.28795293 0.07633075
v 0.1916482 0.28795293 0.0766
v 0.19165996 0.28795293 0.07686925
v 0.19169512 0.28795293 0.07713645
v 0.19175346 0.28795293 0.07739957
v 0.19183451 0.28795293 0.0776566
v 0.19193764 0.28795293 0.0779056
v 0.19206208 0.28795293 0.07814465
v 0.19220689 0.28795293 0.07837195
v 0.19237095 0.28795293 0.07858577
v 0.19255303 0.28795293 0.07878447
v 0.19275174 0.28795293 0.07896654
v 0.19296555 0.28795293 0.07913061
v 0.19319285 0.28795293 0.07927541
v 0.1934319 0.28795293 0.07939986
v 0.1936809 0.28795293 0.07950299
v 0.19393793 0.28795293 0.07958404
v 0.19420105 0.28795293 0.07964237
v 0.19446824 0.28795293 0.07967754
v 0.19473749 0.28795293 0.0796893
v 0.19500674 0.28795293 0.07967754
v 0.19527395 0.28795293 0.07964237
v 0.19553708 0.28795293 0.07958404
v 0.19579411 0.28795293 0.07950299
v 0.19604309 0.28795293 0.07939986
v 0.19628215 0.28795293 0.07927541
v 0.19650945 0.28795293 0.07913061
v 0.19672327 0.28795293 0.07896654
v 0.19692197 0.28795293 0.07878447
v 0.19710404 0.28795293 0.07858577
v 0.19726811 0.28795293 0.07837195
v 0.19741291 0.28795293 0.07814465
v 0.19753736 0.28795293 0.0779056
v 0.19764049 0.28795293 0.0776566
v 0.19772154 0.28795293 0.07739957
v 0.19777986 0.28795293 0.07713645
v 0.19781505 0.28795293 0.07686925
v 0.1978268 0.28795293 0.0766
v 0.19779903 0.28793821 0.07633215
v 0.19776404 0.28793821 0.07606634
v 0.197706 0.28793821 0.07580459
v 0.19762538 0.28793821 0.07554889
v 0.19752279 0.28793821 0.0753012
v 0.19739899 0.28793821 0.07506339
v 0.19725494 0.28793821 0.07483727
v 0.19709173 0.28793821 0.07462457
v 0.19691059 0.28793821 0.0744269
v 0.19671293 0.28793821 0.07424577
v 0.19650023 0.28793821 0.07408256
v 0.19627412 0.28793821 0.07393851
v 0.19603629 0.28793821 0.07381471
v 0.19578861 0.28793821 0.07371212
v 0.1955329 0.28793821 0.0736315
v 0.19527116 0.28793821 0.07357346
v 0.19500534 0.28793821 0.07353847
v 0.19473749 0.28793821 0.07352678
v 0.19446965 0.28793821 0.07353847
v 0.19420384 0.28793821 0.07357346
v 0.19394208 0.28793821 0.0736315
v 0.1936864 0.28793821 0.07371212
v 0.19343869 0.28793821 0.07381471
v 0.19320089 0.28793821 0.07393851
v 0.19297478 0.28793821 0.07408256
v 0.19276208 0.28793821 0.07424577
v 0.1925644 0.28793821 0.0744269
v 0.19238327 0.28793821 0.07462457
v 0.19222006 0.28793821 0.07483727
v 0.19207601 0.28793821 0.07506339
v 0.19195221 0.28793821 0.0753012
v 0.19184962 0.28793821 0.07554889
v 0.19176899 0.28793821 0.07580459
v 0.19171096 0.28793821 0.07606634
v 0.19167598 0.28793821 0.07633215
v 0.19166428 0.28793821 0.0766
v 0.19167598 0.28793821 0.07686785
v 0.19171096 0.28793821 0.07713366
v 0.19176899 0.28793821 0.07739541
v 0.19184962 0.28793821 0.07765111
v 0.19195221 0.28793821 0.0778988
v 0.19207601 0.28793821 0.07813661
v 0.19222006 0.28793821 0.07836273
v 0.19238327 0.28793821 0.07857543
v 0.1925644 0.28793821 0.0787731
v 0.19276208 0.28793821 0.07895423
v 0.19297478 0.28793821 0.07911744
v 0.19320089 0.28793821 0.07926149
v 0.19343869 0.28793821 0.07938529
v 0.1936864 0.28793821 0.07948788
v 0.19394208 0.28793821 0.07956851
v 0.19420384 0.28793821 0.07962654
v 0.19446965 0.28793821 0.07966153
v 0.19473749 0.28793821 0.07967322
v 0.19500534 0.28793821 0.07966153
v 0.19527116 0.28793821 0.07962654
v 0.1955329 0.28793821 0.07956851
v 0.19578861 0.28793821 0.07948788
v 0.19603629 0.28793821 0.07938529
v 0.19627412 0.28793821 0.07926149
v 0.19650023 0.28793821 0.07911744
v 0.19671293 0.28793821 0.07895423
v 0.19691059 0.28793821 0.0787731
v 0.19709173 0.28793821 0.07857543
v 0.19725494 0.28793821 0.07836273
v 0.19739899 0.28793821 0.07813661
v 0.19752279 0.28793821 0.0778988
v 0.19762538 0.28793821 0.07765111
v 0.197706 0.28793821 0.07739541
v 0.19776404 0.28793821 0.07713366
v 0.19779903 0.28793821 0.07686785
v 0.19781072 0.28793821 0.0766
v 0.19778435 0.28792211 0.07633343
v 0.19774953 0.28792211 0.0760689
v 0.19769177 0.28792211 0.07580841
v 0.19761154 0.28792211 0.07555394
v 0.19750944 0.28792211 0.07530743
v 0.19738623 0.28792211 0.07507075
v 0.19724287 0.28792211 0.07484572
v 0.19708043 0.28792211 0.07463404
v 0.19690017 0.28792211 0.07443732
v 0.19670346 0.28792211 0.07425706
v 0.19649178 0.28792211 0.07409463
v 0.19626674 0.28792211 0.07395127
v 0.19603008 0.28792211 0.07382807
v 0.19578357 0.28792211 0.07372596
v 0.19552909 0.28792211 0.07364573
v 0.1952686 0.28792211 0.07358798
v 0.19500406 0.28792211 0.07355315
v 0.19473749 0.28792211 0.07354151
v 0.19447094 0.28792211 0.07355315
v 0.1942064 0.28792211 0.07358798
v 0.1939459 0.28792211 0.07364573
v 0.19369143 0.28792211 0.07372596
v 0.19344492 0.28792211 0.07382807
v 0.19320826 0.28792211 0.07395127
v 0.19298322 0.28792211 0.07409463
v 0.19277154 0.28792211 0.07425706
v 0.19257483 0.28792211 0.07443732
v 0.19239455 0.28792211 0.07463404
v 0.19223213 0.28792211 0.07484572
v 0.19208877 0.28792211 0.07507075
v 0.19196557 0.28792211 0.07530743
v 0.19186346 0.28792211 0.07555394
v 0.19178322 0.28792211 0.07580841
v 0.19172548 0.28792211 0.0760689
v 0.19169065 0.28792211 0.07633343
v 0.19167902 0.28792211 0.0766
v 0.19169065 0.28792211 0.07686657
v 0.19172548 0.28792211 0.0771311
v 0.19178322 0.28792211 0.07739159
v 0.19186346 0.28792211 0.07764606
v 0.19196557 0.28792211 0.07789257
v 0.19208877 0.28792211 0.07812925
v 0.19223213 0.28792211 0.07835428
v 0.19239455 0.28792211 0.07856596
v 0.19257483 0.28792211 0.07876268
v 0.19277154 0.28792211 0.07894294
v 0.19298322 0.28792211 0.07910537
v 0.19320826 0.28792211 0.07924873
v 0.19344492 0.28792211 0.07937193
v 0.19369143 0.28792211 0.07947404
v 0.1939459 0.28792211 0.07955427
v 0.1942064 0.28792211 0.07961202
v 0.19447094 0.28792211 0.07964685
v 0.19473749 0.28792211 0.07965849
v 0.19500406 0.28792211 0.07964685
v 0.1952686 0.28792211 0.07961202
v 0.19552909 0.28792211 0.07955427
v 0.19578357 0.28792211 0.07947404
v 0.19603008 0.28792211 0.07937193
v 0.19626674 0.28792211 0.07924873
v 0.19649178 0.28792211 0.07910537
v 0.19670346 0.28792211 0.07894294
v 0.19690017 0.28792211 0.07876268
v 0.19708043 0.28792211 0.07856596
v 0.19724287 0.28792211 0.07835428
v 0.19738623 0.28792211 0.07812925
v 0.19750944 0.28792211 0.07789257
v 0.19761154 0.28792211 0.07764606
v 0.19769177 0.28792211 0.07739159
v 0.19774953 0.28792211 0.0771311
v 0.19778435 0.28792211 0.07686657
v 0.19779599 0.28792211 0.0766
v 0.19777112 0.28790483 0.0763346
v 0.19773644 0.28790483 0.0760712
v 0.19767895 0.28790483 0.07581184
v 0.19759907 0.28790483 0.07555848
v 0.1974974 0.28790483 0.07531304
v 0.19737473 0.28790483 0.07507739
v 0.19723199 0.28790483 0.07485334
v 0.19707027 0.28790483 0.07464258
v 0.19689079 0.28790483 0.07444671
v 0.19669493 0.28790483 0.07426723
v 0.19648416 0.28790483 0.07410551
v 0.19626011 0.28790483 0.07396277
v 0.19602446 0.28790483 0.0738401
v 0.19577903 0.28790483 0.07373843
v 0.19552566 0.28790483 0.07365855
v 0.19526629 0.28790483 0.07360105
v 0.19500291 0.28790483 0.07356638
v 0.19473749 0.28790483 0.07355479
v 0.19447209 0.28790483 0.07356638
v 0.19420871 0.28790483 0.07360105
v 0.19394934 0.28790483 0.07365855
v 0.19369598 0.28790483 0.07373843
v 0.19345054 0.28790483 0.0738401
v 0.19321489 0.28790483 0.07396277
v 0.19299084 0.28790483 0.07410551
v 0.19278008 0.28790483 0.07426723
v 0.19258422 0.28790483 0.07444671
v 0.19240473 0.28790483 0.07464258
v 0.19224301 0.28790483 0.07485334
v 0.19210027 0.28790483 0.07507739
v 0.19197761 0.28790483 0.07531304
v 0.19187593 0.28790483 0.07555848
v 0.19179605 0.28790483 0.07581184
v 0.19173855 0.28790483 0.0760712
v 0.19170387 0.28790483 0.0763346
v 0.19169229 0.28790483 0.0766
v 0.19170387 0.28790483 0.0768654
v 0.19173855 0.28790483 0.0771288
v 0.19179605 0.28790483 0.07738816
v 0.19187593 0.28790483 0.07764152
v 0.19197761 0.28790483 0.07788696
v 0.19210027 0.28790483 0.07812261
v 0.19224301 0.28790483 0.07834666
v 0.19240473 0.28790483 0.07855742
v 0.19258422 0.28790483 0.07875329
v 0.19278008 0.28790483 0.07893277
v 0.19299084 0.28790483 0.07909449
v 0.19321489 0.28790483 0.07923723
v 0.19345054 0.28790483 0.0793599
v 0.19369598 0.28790483 0.07946156
v 0.19394934 0.28790483 0.07954145
v 0.19420871 0.28790483 0.07959895
v 0.19447209 0.28790483 0.07963362
v 0.19473749 0.28790483 0.07964521
v 0.19500291 0.28790483 0.07963362
v 0.19526629 0.28790483 0.07959895
v 0.19552566 0.28790483 0.07954145
v 0.19577903 0.28790483 0.07946156
v 0.19602446 0.28790483 0.0793599
v 0.19626011 0.28790483 0.07923723
v 0.19648416 0.28790483 0.07909449
v 0.19669493 0.28790483 0.07893277
v 0.19689079 0.28790483 0.07875329
v 0.19707027 0.28790483 0.07855742
v 0.19723199 0.28790483 0.07834666
v 0.19737473 0.28790483 0.07812261
v 0.1974974 0.28790483 0.07788696
v 0.19759907 0.28790483 0.07764152
v 0.19767895 0.28790483 0.07738816
v 0.19773644 0.28790483 0.0771288
v 0.19777112 0.28790483 0.0768654
v 0.19778271 0.28790483 0.0766
v 0.19775945 0.28788641 0.07633562
v 0.19772491 0.28788641 0.07607324
v 0.19766763 0.28788641 0.07581487
v 0.19758806 0.28788641 0.07556248
v 0.19748677 0.28788641 0.07531799
v 0.19736458 0.28788641 0.07508326
v 0.1972224 0.28788641 0.07486006
v 0.19706129 0.28788641 0.07465011
v 0.1968825 0.28788641 0.07445499
v 0.19668739 0.28788641 0.07427621
v 0.19647744 0.28788641 0.0741151
v 0.19625425 0.28788641 0.07397292
v 0.19601952 0.28788641 0.07385072
v 0.19577502 0.28788641 0.07374945
v 0.19552262 0.28788641 0.07366987
v 0.19526426 0.28788641 0.07361259
v 0.19500189 0.28788641 0.07357805
v 0.19473749 0.28788641 0.0735665
v 0.19447312 0.28788641 0.07357805
v 0.19421074 0.28788641 0.07361259
v 0.19395237 0.28788641 0.07366987
v 0.19369999 0.28788641 0.07374945
v 0.19345549 0.28788641 0.07385072
v 0.19322075 0.28788641 0.07397292
v 0.19299756 0.28788641 0.0741151
v 0.1927876 0.28788641 0.07427621
v 0.1925925 0.28788641 0.07445499
v 0.1924137 0.28788641 0.07465011
v 0.19225261 0.28788641 0.07486006
v 0.19211042 0.28788641 0.07508326
v 0.19198821 0.28788641 0.07531799
v 0.19188695 0.28788641 0.07556248
v 0.19180737 0.28788641 0.07581487
v 0.19175009 0.28788641 0.07607324
v 0.19171555 0.28788641 0.07633562
v 0.19170401 0.28788641 0.0766
v 0.19171555 0.28788641 0.07686438
v 0.19175009 0.28788641 0.07712676
v 0.19180737 0.28788641 0.07738513
v 0.19188695 0.28788641 0.07763752
v 0.19198821 0.28788641 0.07788201
v 0.19211042 0.28788641 0.07811674
v 0.19225261 0.28788641 0.07833994
v 0.1924137 0.28788641 0.07854989
v 0.1925925 0.28788641 0.07874501
v 0.1927876 0.28788641 0.07892379
v 0.19299756 0.28788641 0.0790849
v 0.19322075 0.28788641 0.07922708
v 0.19345549 0.28788641 0.07934928
v 0.19369999 0.28788641 0.07945056
v 0.19395237 0.28788641 0.07953013
v 0.19421074 0.28788641 0.07958741
v 0.19447312 0.28788641 0.07962195
v 0.19473749 0.28788641 0.0796335
v 0.19500189 0.28788641 0.07962195
v 0.19526426 0.28788641 0.07958741
v 0.19552262 0.28788641 0.07953013
v 0.19577502 0.28788641 0.07945056
v 0.19601952 0.28788641 0.07934928
v 0.19625425 0.28788641 0.07922708
v 0.19647744 0.28788641 0.0790849
v 0.19668739 0.28788641 0.07892379
v 0.1968825 0.28788641 0.07874501
v 0.19706129 0.28788641 0.07854989
v 0.1972224 0.28788641 0.07833994
v 0.19736458 0.28788641 0.07811674
v 0.19748677 0.28788641 0.07788201
v 0.19758806 0.28788641 0.07763752
v 0.19766763 0.28788641 0.07738513
v 0.19772491 0.28788641 0.07712676
v 0.19775945 0.28788641 0.07686438
v 0.197771 0.28788641 0.0766
v 0.19774942 0.28786707 0.07633649
v 0.19771498 0.28786707 0.07607499
v 0.1976579 0.28786707 0.07581748
v 0.19757859 0.28786707 0.07556593
v 0.19747765 0.28786707 0.07532225
v 0.19735587 0.28786707 0.07508828
v 0.19721414 0.28786707 0.07486583
v 0.19705358 0.28786707 0.07465658
v 0.19687538 0.28786707 0.07446212
v 0.19668092 0.28786707 0.07428392
v 0.19647166 0.28786707 0.07412336
v 0.19624922 0.28786707 0.07398164
v 0.19601525 0.28786707 0.07385985
v 0.19577157 0.28786707 0.07375892
v 0.19552001 0.28786707 0.0736796
v 0.19526251 0.28786707 0.07362251
v 0.19500101 0.28786707 0.07358808
v 0.19473749 0.28786707 0.07357658
v 0.194474 0.28786707 0.07358808
v 0.19421248 0.28786707 0.07362251
v 0.19395497 0.28786707 0.0736796
v 0.19370343 0.28786707 0.07375892
v 0.19345975 0.28786707 0.07385985
v 0.19322579 0.28786707 0.07398164
v 0.19300334 0.28786707 0.07412336
v 0.19279408 0.28786707 0.07428392
v 0.19259962 0.28786707 0.07446212
v 0.19242142 0.28786707 0.07465658
v 0.19226086 0.28786707 0.07486583
v 0.19211914 0.28786707 0.07508828
v 0.19199735 0.28786707 0.07532225
v 0.19189641 0.28786707 0.07556593
v 0.1918171 0.28786707 0.07581748
v 0.19176 0.28786707 0.07607499
v 0.19172558 0.28786707 0.07633649
v 0.19171408 0.28786707 0.0766
v 0.19172558 0.28786707 0.07686351
v 0.19176 0.28786707 0.07712501
v 0.1918171 0.28786707 0.07738252
v 0.19189641 0.28786707 0.07763407
v 0.19199735 0.28786707 0.07787775
v 0.19211914 0.28786707 0.07811171
v 0.19226086 0.28786707 0.07833417
v 0.19242142 0.28786707 0.07854342
v 0.19259962 0.28786707 0.07873788
v 0.19279408 0.28786707 0.07891607
v 0.19300334 0.28786707 0.07907664
v 0.19322579 0.28786707 0.07921836
v 0.19345975 0.28786707 0.07934015
v 0.19370343 0.28786707 0.07944109
v 0.19395497 0.28786707 0.0795204
v 0.19421248 0.28786707 0.07957749
v 0.194474 0.28786707 0.07961192
v 0.19473749 0.28786707 0.07962342
v 0.19500101 0.28786707 0.07961192
v 0.19526251 0.28786707 0.07957749
v 0.19552001 0.28786707 0.0795204
v 0.19577157 0.28786707 0.07944109
v 0.19601525 0.28786707 0.07934015
v 0.19624922 0.28786707 0.07921836
v 0.19647166 0.28786707 0.07907664
v 0.19668092 0.28786707 0.07891607
v 0.19687538 0.28786707 0.07873788
v 0.19705358 0.28786707 0.07854342
v 0.19721414 0.28786707 0.07833417
v 0.19735587 0.28786707 0.07811171
v 0.19747765 0.28786707 0.07787775
v 0.19757859 0.28786707 0.07763407
v 0.1976579 0.28786707 0.07738252
v 0.19771498 0.28786707 0.07712501
v 0.19774942 0.28786707 0.07686351
v 0.19776092 0.28786707 0.0766
v 0.19774111 0.28784692 0.07633722
v 0.19770677 0.28784692 0.07607644
v 0.19764984 0.28784692 0.07581964
v 0.19757074 0.28784692 0.07556878
v 0.19747008 0.28784692 0.07532577
v 0.19734864 0.28784692 0.07509246
v 0.1972073 0.28784692 0.07487062
v 0.19704719 0.28784692 0.07466195
v 0.19686948 0.28784692 0.07446802
v 0.19667555 0.28784692 0.07429032
v 0.19646688 0.28784692 0.07413019
v 0.19624504 0.28784692 0.07398887
v 0.19601172 0.28784692 0.07386741
v 0.19576871 0.28784692 0.07376675
v 0.19551785 0.28784692 0.07368766
v 0.19526106 0.28784692 0.07363073
v 0.19500028 0.28784692 0.0735964
v 0.19473749 0.28784692 0.07358492
v 0.19447471 0.28784692 0.0735964
v 0.19421394 0.28784692 0.07363073
v 0.19395714 0.28784692 0.07368766
v 0.19370629 0.28784692 0.07376675
v 0.19346328 0.28784692 0.07386741
v 0.19322996 0.28784692 0.07398887
v 0.19300812 0.28784692 0.07413019
v 0.19279945 0.28784692 0.07429032
v 0.19260553 0.28784692 0.07446802
v 0.19242781 0.28784692 0.07466195
v 0.1922677 0.28784692 0.07487062
v 0.19212636 0.28784692 0.07509246
v 0.19200492 0.28784692 0.07532577
v 0.19190426 0.28784692 0.07556878
v 0.19182517 0.28784692 0.07581964
v 0.19176823 0.28784692 0.07607644
v 0.1917339 0.28784692 0.07633722
v 0.19172242 0.28784692 0.0766
v 0.1917339 0.28784692 0.07686278
v 0.19176823 0.28784692 0.07712356
v 0.19182517 0.28784692 0.07738036
v 0.19190426 0.28784692 0.07763122
v 0.19200492 0.28784692 0.07787423
v 0.19212636 0.28784692 0.07810754
v 0.1922677 0.28784692 0.07832938
v 0.19242781 0.28784692 0.07853805
v 0.19260553 0.28784692 0.07873198
v 0.19279945 0.28784692 0.07890968
v 0.19300812 0.28784692 0.07906981
v 0.19322996 0.28784692 0.07921113
v 0.19346328 0.28784692 0.07933259
v 0.19370629 0.28784692 0.07943325
v 0.19395714 0.28784692 0.07951234
v 0.19421394 0.28784692 0.07956927
v 0.19447471 0.28784692 0.0796036
v 0.19473749 0.28784692 0.07961508
v 0.19500028 0.28784692 0.0796036
v 0.19526106 0.28784692 0.07956927
v 0.19551785 0.28784692 0.07951234
v 0.19576871 0.28784692 0.07943325
v 0.19601172 0.28784692 0.07933259
v 0.19624504 0.28784692 0.07921113
v 0.19646688 0.28784692 0.07906981
v 0.19667555 0.28784692 0.07890968
v 0.19686948 0.28784692 0.07873198
v 0.19704719 0.28784692 0.07853805
v 0.1972073 0.28784692 0.07832938
v 0.19734864 0.28784692 0.07810754
v 0.19747008 0.28784692 0.07787423
v 0.19757074 0.28784692 0.07763122
v 0.19764984 0.28784692 0.07738036
v 0.19770677 0.28784692 0.07712356
v 0.19774111 0.28784692 0.07686278
v 0.19775258 0.28784692 0.0766
v 0.19773456 0.28782612 0.07633779
v 0.19770031 0.28782612 0.07607757
v 0.1976435 0.28782612 0.07582134
v 0.19756459 0.28782612 0.07557102
v 0.19746414 0.28782612 0.07532854
v 0.19734295 0.28782612 0.07509574
v 0.19720194 0.28782612 0.07487439
v 0.19704215 0.28782612 0.07466616
v 0.19686484 0.28782612 0.07447266
v 0.19667134 0.28782612 0.07429534
v 0.19646311 0.28782612 0.07413556
v 0.19624177 0.28782612 0.07399455
v 0.19600895 0.28782612 0.07387336
v 0.19576648 0.28782612 0.07377291
v 0.19551617 0.28782612 0.07369399
v 0.19525993 0.28782612 0.07363719
v 0.19499971 0.28782612 0.07360293
v 0.19473749 0.28782612 0.07359148
v 0.19447529 0.28782612 0.07360293
v 0.19421507 0.28782612 0.07363719
v 0.19395883 0.28782612 0.07369399
v 0.19370852 0.28782612 0.07377291
v 0.19346605 0.28782612 0.07387336
v 0.19323324 0.28782612 0.07399455
v 0.19301188 0.28782612 0.07413556
v 0.19280367 0.28782612 0.07429534
v 0.19261016 0.28782612 0.07447266
v 0.19243284 0.28782612 0.07466616
v 0.19227307 0.28782612 0.07487439
v 0.19213204 0.28782612 0.07509574
v 0.19201085 0.28782612 0.07532854
v 0.19191042 0.28782612 0.07557102
v 0.1918315 0.28782612 0.07582134
v 0.19177468 0.28782612 0.07607757
v 0.19174042 0.28782612 0.07633779
v 0.19172898 0.28782612 0.0766
v 0.19174042 0.28782612 0.07686221
v 0.19177468 0.28782612 0.07712242
v 0.1918315 0.28782612 0.07737866
v 0.19191042 0.28782612 0.07762898
v 0.19201085 0.28782612 0.07787146
v 0.19213204 0.28782612 0.07810426
v 0.19227307 0.28782612 0.07832561
v 0.19243284 0.28782612 0.07853384
v 0.19261016 0.28782612 0.07872734
v 0.19280367 0.28782612 0.07890466
v 0.19301188 0.28782612 0.07906444
v 0.19323324 0.28782612 0.07920545
v 0.19346605 0.28782612 0.07932664
v 0.19370852 0.28782612 0.07942709
v 0.19395883 0.28782612 0.079506
v 0.19421507 0.28782612 0.07956281
v 0.19447529 0.28782612 0.07959707
v 0.19473749 0.28782612 0.07960851
v 0.19499971 0.28782612 0.07959707
v 0.19525993 0.28782612 0.07956281
v 0.19551617 0.28782612 0.079506
v 0.19576648 0.28782612 0.07942709
v 0.19600895 0.28782612 0.07932664
v 0.19624177 0.28782612 0.07920545
v 0.19646311 0.28782612 0.07906444
v 0.19667134 0.28782612 0.07890466
v 0.19686484 0.28782612 0.07872734
v 0.19704215 0.28782612 0.07853384
v 0.19720194 0.28782612 0.07832561
v 0.19734295 0.28782612 0.07810426
v 0.19746414 0.28782612 0.07787146
v 0.19756459 0.28782612 0.07762898
v 0.1976435 0.28782612 0.07737866
v 0.19770031 0.28782612 0.07712242
v 0.19773456 0.28782612 0.07686221
v 0.19774602 0.28782612 0.0766
v 0.19772987 0.28780484 0.0763382
v 0.19769566 0.28780484 0.07607839
v 0.19763894 0.28780484 0.07582256
v 0.19756015 0.28780484 0.07557264
v 0.19745986 0.28780484 0.07533054
v 0.19733886 0.28780484 0.0750981
v 0.19719806 0.28780484 0.07487709
v 0.19703855 0.28780484 0.0746692
v 0.19686151 0.28780484 0.074476
v 0.1966683 0.28780484 0.07429896
v 0.19646041 0.28780484 0.07413943
v 0.1962394 0.28780484 0.07399864
v 0.19600695 0.28780484 0.07387763
v 0.19576485 0.28780484 0.07377736
v 0.19551495 0.28780484 0.07369855
v 0.19525911 0.28780484 0.07364184
v 0.19499929 0.28780484 0.07360763
v 0.19473749 0.28780484 0.0735962
v 0.1944757 0.28780484 0.07360763
v 0.19421589 0.28780484 0.07364184
v 0.19396006 0.28780484 0.07369855
v 0.19371013 0.28780484 0.07377736
v 0.19346803 0.28780484 0.07387763
v 0.19323561 0.28780484 0.07399864
v 0.19301459 0.28780484 0.07413943
v 0.19280669 0.28780484 0.07429896
v 0.1926135 0.28780484 0.074476
v 0.19243646 0.28780484 0.0746692
v 0.19227694 0.28780484 0.07487709
v 0.19213614 0.28780484 0.0750981
v 0.19201514 0.28780484 0.07533054
v 0.19191486 0.28780484 0.07557264
v 0.19183606 0.28780484 0.07582256
v 0.19177933 0.28780484 0.07607839
v 0.19174513 0.28780484 0.0763382
v 0.1917337 0.28780484 0.0766
v 0.19174513 0.28780484 0.0768618
v 0.19177933 0.28780484 0.0771216
v 0.19183606 0.28780484 0.07737744
v 0.19191486 0.28780484 0.07762736
v 0.19201514 0.28780484 0.07786946
v 0.19213614 0.28780484 0.0781019
v 0.19227694 0.28780484 0.07832291
v 0.19243646 0.28780484 0.0785308
v 0.1926135 0.28780484 0.078724
v 0.19280669 0.28780484 0.07890105
v 0.19301459 0.28780484 0.07906057
v 0.19323561 0.28780484 0.07920136
v 0.19346803 0.28780484 0.07932237
v 0.19371013 0.28780484 0.07942265
v 0.19396006 0.28780484 0.07950144
v 0.19421589 0.28780484 0.07955816
v 0.1944757 0.28780484 0.07959237
v 0.19473749 0.28780484 0.0796038
v 0.19499929 0.28780484 0.07959237
v 0.19525911 0.28780484 0.07955816
v 0.19551495 0.28780484 0.07950144
v 0.19576485 0.28780484 0.07942265
v 0.19600695 0.28780484 0.07932237
v 0.1962394 0.28780484 0.07920136
v 0.19646041 0.28780484 0.07906057
v 0.1966683 0.28780484 0.07890105
v 0.19686151 0.28780484 0.078724
v 0.19703855 0.28780484 0.0785308
v 0.19719806 0.28780484 0.07832291
v 0.19733886 0.28780484 0.0781019
v 0.19745986 0.28780484 0.07786946
v 0.19756015 0.28780484 0.07762736
v 0.19763894 0.28780484 0.07737744
v 0.19769566 0.28780484 0.0771216
v 0.19772987 0.28780484 0.0768618
v 0.1977413 0.28780484 0.0766
v 0.19772702 0.28778321 0.07633845
v 0.19769286 0.28778321 0.07607889
v 0.1976362 0.28778321 0.0758233
v 0.19755748 0.28778321 0.07557362
v 0.19745728 0.28778321 0.07533174
v 0.19733641 0.28778321 0.07509953
v 0.19719574 0.28778321 0.07487872
v 0.19703636 0.28778321 0.07467102
v 0.19685949 0.28778321 0.07447801
v 0.19666648 0.28778321 0.07430114
v 0.19645877 0.28778321 0.07414176
v 0.19623798 0.28778321 0.0740011
v 0.19600576 0.28778321 0.07388022
v 0.19576389 0.28778321 0.07378003
v 0.1955142 0.28778321 0.07370131
v 0.1952586 0.28778321 0.07364464
v 0.19499905 0.28778321 0.07361047
v 0.19473749 0.28778321 0.07359905
v 0.19447595 0.28778321 0.07361047
v 0.19421639 0.28778321 0.07364464
v 0.1939608 0.28778321 0.07370131
v 0.19371112 0.28778321 0.07378003
v 0.19346924 0.28778321 0.07388022
v 0.19323702 0.28778321 0.0740011
v 0.19301623 0.28778321 0.07414176
v 0.19280852 0.28778321 0.07430114
v 0.19261551 0.28778321 0.07447801
v 0.19243863 0.28778321 0.07467102
v 0.19227926 0.28778321 0.07487872
v 0.1921386 0.28778321 0.07509953
v 0.19201772 0.28778321 0.07533174
v 0.19191752 0.28778321 0.07557362
v 0.1918388 0.28778321 0.0758233
v 0.19178215 0.28778321 0.07607889
v 0.19174796 0.28778321 0.07633845
v 0.19173655 0.28778321 0.0766
v 0.19174796 0.28778321 0.07686155
v 0.19178215 0.28778321 0.07712111
v 0.1918388 0.28778321 0.0773767
v 0.19191752 0.28778321 0.07762638
v 0.19201772 0.28778321 0.07786826
v 0.1921386 0.28778321 0.07810047
v 0.19227926 0.28778321 0.07832128
v 0.19243863 0.28778321 0.07852898
v 0.19261551 0.28778321 0.07872199
v 0.19280852 0.28778321 0.07889886
v 0.19301623 0.28778321 0.07905824
v 0.19323702 0.28778321 0.0791989
v 0.19346924 0.28778321 0.07931978
v 0.19371112 0.28778321 0.07941997
v 0.1939608 0.28778321 0.07949869
v 0.19421639 0.28778321 0.07955536
v 0.19447595 0.28778321 0.07958953
v 0.19473749 0.28778321 0.07960095
v 0.19499905 0.28778321 0.07958953
v 0.1952586 0.28778321 0.07955536
v 0.1955142 0.28778321 0.07949869
v 0.19576389 0.28778321 0.07941997
v 0.19600576 0.28778321 0.07931978
v 0.19623798 0.28778321 0.0791989
v 0.19645877 0.28778321 0.07905824
v 0.19666648 0.28778321 0.07889886
v 0.19685949 0.28778321 0.07872199
v 0.19703636 0.28778321 0.07852898
v 0.19719574 0.28778321 0.07832128
v 0.19733641 0.28778321 0.07810047
v 0.19745728 0.28778321 0.07786826
v 0.19755748 0.28778321 0.07762638
v 0.1976362 0.28778321 0.0773767
v 0.19769286 0.28778321 0.07712111
v 0.19772702 0.28778321 0.07686155
v 0.19773845 0.28778321 0.0766
v 0.1960316 0.28851143 0.07177037
v 0.19560574 0.28851143 0.07167596
v 0.19517328 0.28851143 0.07161903
v 0.19883326 0.28851143 0.07373212
v 0.19856772 0.28851143 0.07338607
v 0.19827303 0.28851143 0.07306447
v 0.19795144 0.28851143 0.07276978
v 0.19760539 0.28851143 0.07250424
v 0.19723751 0.28851143 0.07226987
v 0.1968506 0.28851143 0.07206846
v 0.1964476 0.28851143 0.07190154
v 0.19883326 0.28851143 0.07946789
v 0.19517328 0.28851143 0.08158097
v 0.19560574 0.28851143 0.08152404
v 0.1960316 0.28851143 0.08142963
v 0.1964476 0.28851143 0.08129846
v 0.19760539 0.28851143 0.08069576
v 0.19795144 0.28851143 0.08043022
v 0.1968506 0.28851143 0.08113154
v 0.19723751 0.28851143 0.08093013
v 0.19827303 0.28851143 0.08013553
v 0.19856772 0.28851143 0.07981393
v 0.19020596 0.28851143 0.07448691
v 0.19003904 0.28851143 0.0748899
v 0.18975653 0.28851143 0.07616422
v 0.1897375 0.28851143 0.0766
v 0.18975653 0.28851143 0.07703578
v 0.18990786 0.28851143 0.0753059
v 0.18981346 0.28851143 0.07573176
v 0.19020596 0.28851143 0.07871309
v 0.19003904 0.28851143 0.0783101
v 0.18981346 0.28851143 0.07746824
v 0.18990786 0.28851143 0.07789409
v 0.19064175 0.28851143 0.07373212
v 0.19430172 0.28851143 0.07161903
v 0.19386926 0.28851143 0.07167596
v 0.1934434 0.28851143 0.07177037
v 0.19302739 0.28851143 0.07190154
v 0.19186962 0.28851143 0.07250424
v 0.19152357 0.28851143 0.07276978
v 0.19262441 0.28851143 0.07206846
v 0.1922375 0.28851143 0.07226987
v 0.19120197 0.28851143 0.07306447
v 0.19090728 0.28851143 0.07338607
v 0.19430172 0.28851143 0.08158097
v 0.19386926 0.28851143 0.08152404
v 0.1934434 0.28851143 0.08142963
v 0.19302739 0.28851143 0.08129846
v 0.19262441 0.28851143 0.08113154
v 0.1922375 0.28851143 0.08093013
v 0.19186962 0.28851143 0.08069576
v 0.19152357 0.28851143 0.08043022
v 0.19120197 0.28851143 0.08013553
v 0.19090728 0.28851143 0.07981393
v 0.19064175 0.28851143 0.07946789
v -0.1917375 0.28776142 0.0766
v -0.19174892 0.2635527 0.07633853
v -0.19174892 0.28776142 0.07633853
v -0.19178307 0.2635527 0.07607906
v -0.19178307 0.28776142 0.07607906
v -0.19183972 0.2635527 0.07582355
v -0.19183972 0.28776142 0.07582355
v -0.19191842 0.2635527 0.07557394
v -0.19191842 0.28776142 0.07557394
v -0.19201858 0.2635527 0.07533214
v -0.19201858 0.28776142 0.07533214
v -0.19213942 0.2635527 0.0751
v -0.19213942 0.28776142 0.0751
v -0.19228004 0.2635527 0.07487927
v -0.19228004 0.28776142 0.07487927
v -0.19243936 0.2635527 0.07467163
v -0.19243936 0.28776142 0.07467163
v -0.19261618 0.2635527 0.07447868
v -0.19261618 0.28776142 0.07447868
v -0.19280913 0.2635527 0.07430187
v -0.19280913 0.28776142 0.07430187
v -0.19301677 0.2635527 0.07414255
v -0.19301677 0.28776142 0.07414255
v -0.1932375 0.2635527 0.07400192
v -0.1932375 0.28776142 0.07400192
v -0.19346964 0.2635527 0.07388107
v -0.19346964 0.28776142 0.07388107
v -0.19371144 0.2635527 0.07378092
v -0.19371144 0.28776142 0.07378092
v -0.19396104 0.2635527 0.07370222
v -0.19396104 0.28776142 0.07370222
v -0.19421655 0.2635527 0.07364558
v -0.19421655 0.28776142 0.07364558
v -0.19447604 0.2635527 0.07361142
v -0.19447604 0.28776142 0.07361142
v -0.19473749 0.2635527 0.0736
v -0.19473749 0.28776142 0.0736
v -0.19499896 0.2635527 0.07361142
v -0.19499896 0.28776142 0.07361142
v -0.19525844 0.2635527 0.07364558
v -0.19525844 0.28776142 0.07364558
v -0.19551396 0.2635527 0.07370222
v -0.19551396 0.28776142 0.07370222
v -0.19576356 0.2635527 0.07378092
v -0.19576356 0.28776142 0.07378092
v -0.19600536 0.2635527 0.07388107
v -0.19600536 0.28776142 0.07388107
v -0.1962375 0.2635527 0.07400192
v -0.1962375 0.28776142 0.07400192
v -0.19645824 0.2635527 0.07414255
v -0.19645824 0.28776142 0.07414255
v -0.19666587 0.2635527 0.07430187
v -0.19666587 0.28776142 0.07430187
v -0.19685882 0.2635527 0.07447868
v -0.19685882 0.28776142 0.07447868
v -0.19703564 0.2635527 0.07467163
v -0.19703564 0.28776142 0.07467163
v -0.19719495 0.2635527 0.07487927
v -0.19719495 0.28776142 0.07487927
v -0.19733557 0.2635527 0.0751
v -0.19733557 0.28776142 0.0751
v -0.19745642 0.2635527 0.07533214
v -0.19745642 0.28776142 0.07533214
v -0.19755659 0.2635527 0.07557394
v -0.19755659 0.28776142 0.07557394
v -0.19763528 0.2635527 0.07582355
v -0.19763528 0.28776142 0.07582355
v -0.19769192 0.2635527 0.07607906
v -0.19769192 0.28776142 0.07607906
v -0.19772609 0.2635527 0.07633853
v -0.19772609 0.28776142 0.07633853
v -0.1977375 0.2635527 0.0766
v -0.1977375 0.28776142 0.0766
v -0.19772609 0.2635527 0.07686147
v -0.19772609 0.28776142 0.07686147
v -0.19769192 0.2635527 0.07712094
v -0.19769192 0.28776142 0.07712094
v -0.19763528 0.2635527 0.07737646
v -0.19763528 0.28776142 0.07737646
v -0.19755659 0.2635527 0.07762606
v -0.19755659 0.28776142 0.07762606
v -0.19745642 0.2635527 0.07786786
v -0.19745642 0.28776142 0.07786786
v -0.19733557 0.2635527 0.0781
v -0.19733557 0.28776142 0.0781
v -0.19719495 0.2635527 0.07832073
v -0.19719495 0.28776142 0.07832073
v -0.19703564 0.2635527 0.07852836
v -0.19703564 0.28776142 0.07852836
v -0.19685882 0.2635527 0.07872132
v -0.19685882 0.28776142 0.07872132
v -0.19666587 0.2635527 0.07889813
v -0.19666587 0.28776142 0.07889813
v -0.19645824 0.2635527 0.07905746
v -0.19645824 0.28776142 0.07905746
v -0.1962375 0.2635527 0.07919808
v -0.1962375 0.28776142 0.07919808
v -0.19600536 0.2635527 0.07931893
v -0.19600536 0.28776142 0.07931893
v -0.19576356 0.2635527 0.07941908
v -0.19576356 0.28776142 0.07941908
v -0.19551396 0.2635527 0.07949778
v -0.19551396 0.28776142 0.07949778
v -0.19525844 0.2635527 0.07955442
v -0.19525844 0.28776142 0.07955442
v -0.19499896 0.2635527 0.07958858
v -0.19499896 0.28776142 0.07958858
v -0.19473749 0.2635527 0.0796
v -0.19473749 0.28776142 0.0796
v -0.19447604 0.2635527 0.07958858
v -0.19447604 0.28776142 0.07958858
v -0.19421655 0.2635527 0.07955442
v -0.19421655 0.28776142 0.07955442
v -0.19396104 0.2635527 0.07949778
v -0.19396104 0.28776142 0.07949778
v -0.19371144 0.2635527 0.07941908
v -0.19371144 0.28776142 0.07941908
v -0.19346964 0.2635527 0.07931893
v -0.19346964 0.28776142 0.07931893
v -0.1932375 0.2635527 0.07919808
v -0.1932375 0.28776142 0.07919808
v -0.19301677 0.2635527 0.07905746
v -0.19301677 0.28776142 0.07905746
v -0.19280913 0.2635527 0.07889813
v -0.19280913 0.28776142 0.07889813
v -0.19261618 0.2635527 0.07872132
v -0.19261618 0.28776142 0.07872132
v -0.19243936 0.2635527 0.07852836
v -0.19243936 0.28776142 0.07852836
v -0.19228004 0.2635527 0.07832073
v -0.19228004 0.28776142 0.07832073
v -0.19213942 0.2635527 0.0781
v -0.19213942 0.28776142 0.0781
v -0.19201858 0.2635527 0.07786786
v -0.19201858 0.28776142 0.07786786
v -0.19191842 0.2635527 0.07762606
v -0.19191842 0.28776142 0.07762606
v -0.19183972 0.2635527 0.07737646
v -0.19183972 0.28776142 0.07737646
v -0.19178307 0.2635527 0.07712094
v -0.19178307 0.28776142 0.07712094
v -0.19174892 0.2635527 0.07686147
v -0.19174892 0.28776142 0.07686147
v -0.1917375 0.2635527 0.0766
v -0.19040737 0.28851143 0.0741
v -0.19040737 0.29201141 0.0741
v -0.19021893 0.29200324 0.07442641
v -0.19185075 0.28851143 0.0716
v -0.19185075 0.29156485 0.0716
v -0.19146848 0.29176217 0.07226212
v -0.18896399 0.29156485 0.0766
v -0.18896399 0.28851143 0.0766
v -0.18934651 0.29176226 0.07593748
v -0.18957511 0.29185566 0.07554152
v -0.1912398 0.2918556 0.07265818
v -0.19101472 0.29192746 0.07304804
v -0.19001223 0.29197559 0.0747844
v -0.18980014 0.29192749 0.07515176
v -0.19080259 0.29197556 0.07341547
v -0.19059585 0.29200321 0.07377353
v -0.19906762 0.28851143 0.0741
v -0.19906762 0.29201141 0.0741
v -0.19887921 0.29200324 0.07377366
v -0.20051101 0.28851143 0.0766
v -0.20051101 0.29156485 0.0766
v -0.2001285 0.29176226 0.07593748
v -0.19762425 0.29156485 0.0716
v -0.19762425 0.28851143 0.0716
v -0.19800699 0.29176235 0.07226291
v -0.19823554 0.29185572 0.07265878
v -0.19989988 0.29185566 0.07554152
v -0.19967486 0.29192749 0.07515176
v -0.19867256 0.29197559 0.07341574
v -0.19846052 0.29192752 0.07304846
v -0.19946276 0.29197559 0.0747844
v -0.19925608 0.29200324 0.07442641
v -0.19473749 0.28851143 0.0816
v -0.19473749 0.29201141 0.0816
v -0.1951144 0.29200324 0.0816
v -0.19185075 0.28851143 0.0816
v -0.19185075 0.29156485 0.0816
v -0.19261576 0.29176226 0.0816
v -0.19762425 0.29156485 0.0816
v -0.19762425 0.28851143 0.0816
v -0.19685924 0.29176226 0.0816
v -0.19640203 0.29185566 0.0816
v -0.19307297 0.29185566 0.0816
v -0.19352303 0.29192749 0.0816
v -0.19552778 0.29197559 0.0816
v -0.19595195 0.29192749 0.0816
v -0.19394723 0.29197559 0.0816
v -0.1943606 0.29200324 0.0816
v -0.19040737 0.28851143 0.0791
v -0.19040737 0.29201141 0.0791
v -0.19059582 0.29200324 0.0794264
v -0.18934651 0.29176226 0.07726252
v -0.19146824 0.29176226 0.08093748
v -0.19123964 0.29185566 0.08054152
v -0.18957511 0.29185566 0.07765848
v -0.18980014 0.29192749 0.07804824
v -0.19080251 0.29197559 0.07978439
v -0.1910146 0.29192749 0.08015175
v -0.19001223 0.29197559 0.0784156
v -0.19021893 0.29200324 0.0787736
v -0.19473749 0.28851143 0.0716
v -0.19473851 0.29201141 0.0716
v -0.19436154 0.29200327 0.0716
v -0.19685997 0.29176208 0.0716
v -0.19261649 0.29176244 0.0716
v -0.19307375 0.29185581 0.0716
v -0.1964028 0.29185551 0.0716
v -0.19595279 0.29192737 0.0716
v -0.1939481 0.29197568 0.0716
v -0.19352385 0.29192761 0.0716
v -0.19552864 0.2919755 0.0716
v -0.19511533 0.29200318 0.0716
v -0.19906762 0.28851143 0.0791
v -0.19906762 0.29201141 0.0791
v -0.19925608 0.29200324 0.0787736
v -0.19800676 0.29176226 0.08093748
v -0.2001285 0.29176226 0.07726252
v -0.19989988 0.29185566 0.07765848
v -0.19823536 0.29185566 0.08054152
v -0.1984604 0.29192749 0.08015175
v -0.19946276 0.29197559 0.0784156
v -0.19967486 0.29192749 0.07804824
v -0.19867249 0.29197559 0.07978439
v -0.19887918 0.29200324 0.0794264
v -0.19584906 0.28801143 0.079654
v -0.1964476 0.28801143 0.08129846
v -0.19611101 0.28801143 0.0795455
v -0.1968506 0.28801143 0.08113154
v -0.1963625 0.28801143 0.07941458
v -0.19723751 0.28801143 0.08093013
v -0.19660163 0.28801143 0.07926224
v -0.19760539 0.28801143 0.08069576
v -0.19682656 0.28801143 0.07908964
v -0.19795144 0.28801143 0.08043022
v -0.1970356 0.28801143 0.07889809
v -0.19827303 0.28801143 0.08013553
v -0.19722715 0.28801143 0.07868906
v -0.19856772 0.28801143 0.07981393
v -0.19739975 0.28801143 0.07846412
v -0.19883326 0.28801143 0.07946789
v -0.19755208 0.28801143 0.078225
v -0.19906762 0.28801143 0.0791
v -0.19768301 0.28801143 0.07797351
v -0.19926904 0.28801143 0.07871309
v -0.1977915 0.28801143 0.07771157
v -0.19943596 0.28801143 0.0783101
v -0.19787677 0.28801143 0.07744116
v -0.19956712 0.28801143 0.07789409
v -0.19793813 0.28801143 0.07716436
v -0.19966154 0.28801143 0.07746824
v -0.19797513 0.28801143 0.07688326
v -0.19971848 0.28801143 0.07703578
v -0.1979875 0.28801143 0.0766
v -0.1997375 0.28801143 0.0766
v -0.19797513 0.28801143 0.07631674
v -0.19971848 0.28801143 0.07616422
v -0.19793813 0.28801143 0.07603564
v -0.19966154 0.28801143 0.07573176
v -0.19787677 0.28801143 0.07575884
v -0.19956712 0.28801143 0.0753059
v -0.1977915 0.28801143 0.07548843
v -0.19943596 0.28801143 0.0748899
v -0.19768301 0.28801143 0.07522649
v -0.19926904 0.28801143 0.07448691
v -0.19755208 0.28801143 0.074975
v -0.19906762 0.28801143 0.0741
v -0.19739975 0.28801143 0.07473588
v -0.19883326 0.28801143 0.07373212
v -0.19722715 0.28801143 0.07451094
v -0.19856772 0.28801143 0.07338607
v -0.1970356 0.28801143 0.07430191
v -0.19827303 0.28801143 0.07306447
v -0.19682656 0.28801143 0.07411036
v -0.19795144 0.28801143 0.07276978
v -0.19660163 0.28801143 0.07393776
v -0.19760539 0.28801143 0.07250424
v -0.1963625 0.28801143 0.07378542
v -0.19723751 0.28801143 0.07226987
v -0.19611101 0.28801143 0.0736545
v -0.1968506 0.28801143 0.07206846
v -0.19584906 0.28801143 0.073546
v -0.1964476 0.28801143 0.07190154
v -0.19557866 0.28801143 0.07346074
v -0.1960316 0.28801143 0.07177037
v -0.19530186 0.28801143 0.07339937
v -0.19560574 0.28801143 0.07167596
v -0.19502075 0.28801143 0.07336237
v -0.19517328 0.28801143 0.07161903
v -0.19473749 0.28801143 0.07335
v -0.19473749 0.28801143 0.0716
v -0.19445424 0.28801143 0.07336237
v -0.19430172 0.28801143 0.07161903
v -0.19417314 0.28801143 0.07339937
v -0.19386926 0.28801143 0.07167596
v -0.19389634 0.28801143 0.07346074
v -0.1934434 0.28801143 0.07177037
v -0.19362594 0.28801143 0.073546
v -0.19302739 0.28801143 0.07190154
v -0.19336399 0.28801143 0.0736545
v -0.19262441 0.28801143 0.07206846
v -0.19311249 0.28801143 0.07378542
v -0.1922375 0.28801143 0.07226987
v -0.19287337 0.28801143 0.07393776
v -0.19186962 0.28801143 0.07250424
v -0.19264844 0.28801143 0.07411036
v -0.19152357 0.28801143 0.07276978
v -0.19243941 0.28801143 0.07430191
v -0.19120197 0.28801143 0.07306447
v -0.19224785 0.28801143 0.07451094
v -0.19090728 0.28801143 0.07338607
v -0.19207525 0.28801143 0.07473588
v -0.19064175 0.28801143 0.07373212
v -0.19192292 0.28801143 0.074975
v -0.19040737 0.28801143 0.0741
v -0.191792 0.28801143 0.07522649
v -0.19020596 0.28801143 0.07448691
v -0.1916835 0.28801143 0.07548843
v -0.19003904 0.28801143 0.0748899
v -0.19159824 0.28801143 0.07575884
v -0.18990786 0.28801143 0.0753059
v -0.19153687 0.28801143 0.07603564
v -0.18981346 0.28801143 0.07573176
v -0.19149987 0.28801143 0.07631674
v -0.18975653 0.28801143 0.07616422
v -0.19148751 0.28801143 0.0766
v -0.1897375 0.28801143 0.0766
v -0.19149987 0.28801143 0.07688326
v -0.18975653 0.28801143 0.07703578
v -0.19153687 0.28801143 0.07716436
v -0.18981346 0.28801143 0.07746824
v -0.19159824 0.28801143 0.07744116
v -0.18990786 0.28801143 0.07789409
v -0.1916835 0.28801143 0.07771157
v -0.19003904 0.28801143 0.0783101
v -0.191792 0.28801143 0.07797351
v -0.19020596 0.28801143 0.07871309
v -0.19192292 0.28801143 0.078225
v -0.19040737 0.28801143 0.0791
v -0.19207525 0.28801143 0.07846412
v -0.19064175 0.28801143 0.07946789
v -0.19224785 0.28801143 0.07868906
v -0.19090728 0.28801143 0.07981393
v -0.19243941 0.28801143 0.07889809
v -0.19120197 0.28801143 0.08013553
v -0.19264844 0.28801143 0.07908964
v -0.19152357 0.28801143 0.08043022
v -0.19287337 0.28801143 0.07926224
v -0.19186962 0.28801143 0.08069576
v -0.19311249 0.28801143 0.07941458
v -0.1922375 0.28801143 0.08093013
v -0.19336399 0.28801143 0.0795455
v -0.19262441 0.28801143 0.08113154
v -0.19362594 0.28801143 0.079654
v -0.19302739 0.28801143 0.08129846
v -0.19389634 0.28801143 0.07973926
v -0.1934434 0.28801143 0.08142963
v -0.19417314 0.28801143 0.07980063
v -0.19386926 0.28801143 0.08152404
v -0.19445424 0.28801143 0.07983764
v -0.19430172 0.28801143 0.08158097
v -0.19473749 0.28801143 0.07985
v -0.19473749 0.28801143 0.0816
v -0.19502075 0.28801143 0.07983764
v -0.19517328 0.28801143 0.08158097
v -0.19530186 0.28801143 0.07980063
v -0.19560574 0.28801143 0.08152404
v -0.19557866 0.28801143 0.07973926
v -0.1960316 0.28801143 0.08142963
v -0.19020596 0.28851143 0.07448691
v -0.19003904 0.28851143 0.0748899
v -0.19020596 0.28851143 0.07871309
v -0.19003904 0.28851143 0.0783101
v -0.18990786 0.28851143 0.07789409
v -0.18981346 0.28851143 0.07746824
v -0.18975653 0.28851143 0.07703578
v -0.1897375 0.28851143 0.0766
v -0.18975653 0.28851143 0.07616422
v -0.18981346 0.28851143 0.07573176
v -0.18990786 0.28851143 0.0753059
v -0.19060753 0.29201141 0.07941841
v -0.19085075 0.29201141 0.07974535
v -0.19111979 0.29201141 0.0800514
v -0.19141285 0.29201141 0.08033453
v -0.191728 0.29201141 0.08059286
v -0.19206312 0.29201141 0.08082466
v -0.19436167 0.29201141 0.08158585
v -0.19395691 0.29201141 0.08153869
v -0.19355735 0.29201141 0.08145873
v -0.19316563 0.29201141 0.0813465
v -0.19278434 0.29201141 0.08120273
v -0.19241603 0.29201141 0.0810284
v -0.19023171 0.29201141 0.07443255
v -0.19007018 0.29201141 0.07480665
v -0.18993965 0.29201141 0.07519267
v -0.18984097 0.29201141 0.07558803
v -0.18977484 0.29201141 0.07599012
v -0.18974166 0.29201141 0.07639626
v -0.19023171 0.29201141 0.07876745
v -0.19007018 0.29201141 0.07839334
v -0.18993965 0.29201141 0.07800733
v -0.18984097 0.29201141 0.07761197
v -0.18977484 0.29201141 0.07720988
v -0.18974166 0.29201141 0.07680374
v -0.19511425 0.29201141 0.07161421
v -0.19924329 0.29201141 0.07443255
v -0.19886746 0.29201141 0.07941841
v -0.1943626 0.29201141 0.07161407
v -0.19060758 0.29201141 0.07378154
v -0.19085085 0.29201141 0.07345454
v -0.19741227 0.29201141 0.07237559
v -0.19774731 0.29201141 0.07260738
v -0.19806238 0.29201141 0.07286567
v -0.19835536 0.29201141 0.07314876
v -0.19862434 0.29201141 0.07345477
v -0.1988675 0.29201141 0.07378165
v -0.19111995 0.29201141 0.07314843
v -0.19141307 0.29201141 0.07286526
v -0.19395776 0.29201141 0.07166117
v -0.19551893 0.29201141 0.07166144
v -0.1959184 0.29201141 0.07174145
v -0.19631004 0.29201141 0.07185373
v -0.19940482 0.29201141 0.07480665
v -0.19953535 0.29201141 0.07519267
v -0.19963402 0.29201141 0.07558803
v -0.19862424 0.29201141 0.07974535
v -0.19835521 0.29201141 0.0800514
v -0.19806215 0.29201141 0.08033453
v -0.19172831 0.29201141 0.07260691
v -0.19206353 0.29201141 0.0723751
v -0.19316629 0.29201141 0.07185329
v -0.1924165 0.29201141 0.07217135
v -0.19278491 0.29201141 0.07199702
v -0.19355811 0.29201141 0.07174109
v -0.19669123 0.29201141 0.07199751
v -0.19705945 0.29201141 0.07217185
v -0.19970016 0.29201141 0.07599012
v -0.19973335 0.29201141 0.07639626
v -0.19973335 0.29201141 0.07680374
v -0.19953535 0.29201141 0.07800733
v -0.19940482 0.29201141 0.07839334
v -0.19924329 0.29201141 0.07876745
v -0.19970016 0.29201141 0.07720988
v -0.19963402 0.29201141 0.07761197
v -0.19774701 0.29201141 0.08059286
v -0.19741186 0.29201141 0.08082466
v -0.19705898 0.29201141 0.0810284
v -0.19669066 0.29201141 0.08120273
v -0.19630937 0.29201141 0.0813465
v -0.19591765 0.29201141 0.08145873
v -0.19551808 0.29201141 0.08153869
v -0.19511333 0.29201141 0.08158585
v -0.19715887 0.26301143 0.07702696
v -0.19718687 0.26301143 0.07681429
v -0.19473749 0.26301143 0.0766
v -0.19719623 0.26301143 0.0766
v -0.19718687 0.26301143 0.07638571
v -0.19696587 0.26301143 0.0776391
v -0.19704795 0.26301143 0.07744094
v -0.19711246 0.26301143 0.07723637
v -0.196621 0.26301143 0.07818045
v -0.19675158 0.26301143 0.07801027
v -0.19686683 0.26301143 0.07782937
v -0.19614777 0.26301143 0.07861408
v -0.19631794 0.26301143 0.0784835
v -0.19647609 0.26301143 0.07833859
v -0.19557844 0.26301143 0.07891046
v -0.19577661 0.26301143 0.07882837
v -0.19596687 0.26301143 0.07872932
v -0.19495179 0.26301143 0.07904938
v -0.19516446 0.26301143 0.07902138
v -0.19537386 0.26301143 0.07897495
v -0.19431055 0.26301143 0.07902138
v -0.1945232 0.26301143 0.07904938
v -0.19473749 0.26301143 0.07905874
v -0.19369839 0.26301143 0.07882837
v -0.19389656 0.26301143 0.07891046
v -0.19410114 0.26301143 0.07897495
v -0.19315706 0.26301143 0.0784835
v -0.19332723 0.26301143 0.07861408
v -0.19350813 0.26301143 0.07872932
v -0.19272342 0.26301143 0.07801027
v -0.192854 0.26301143 0.07818045
v -0.19299892 0.26301143 0.07833859
v -0.19242704 0.26301143 0.07744094
v -0.19250913 0.26301143 0.0776391
v -0.19260818 0.26301143 0.07782937
v -0.19228812 0.26301143 0.07681429
v -0.19231611 0.26301143 0.07702696
v -0.19236255 0.26301143 0.07723637
v -0.19231611 0.26301143 0.07617304
v -0.19228812 0.26301143 0.07638571
v -0.19227877 0.26301143 0.0766
v -0.19250913 0.26301143 0.0755609
v -0.19242704 0.26301143 0.07575906
v -0.19236255 0.26301143 0.07596363
v -0.192854 0.26301143 0.07501955
v -0.19272342 0.26301143 0.07518972
v -0.19260818 0.26301143 0.07537063
v -0.19332723 0.26301143 0.07458592
v -0.19315706 0.26301143 0.0747165
v -0.19299892 0.26301143 0.07486141
v -0.19389656 0.26301143 0.07428955
v -0.19369839 0.26301143 0.07437163
v -0.19350813 0.26301143 0.07447068
v -0.1945232 0.26301143 0.07415062
v -0.19431055 0.26301143 0.07417862
v -0.19410114 0.26301143 0.07422505
v -0.19516446 0.26301143 0.07417862
v -0.19495179 0.26301143 0.07415062
v -0.19473749 0.26301143 0.07414126
v -0.19577661 0.26301143 0.07437163
v -0.19557844 0.26301143 0.07428955
v -0.19537386 0.26301143 0.07422505
v -0.19631794 0.26301143 0.0747165
v -0.19614777 0.26301143 0.07458592
v -0.19596687 0.26301143 0.07447068
v -0.19675158 0.26301143 0.07518972
v -0.196621 0.26301143 0.07501955
v -0.19647609 0.26301143 0.07486141
v -0.19704795 0.26301143 0.07575906
v -0.19696587 0.26301143 0.0755609
v -0.19686683 0.26301143 0.07537063
v -0.19715887 0.26301143 0.07617304
v -0.19711246 0.26301143 0.07596363
v -0.19152157 0.28801048 0.07631864
v -0.19155833 0.28801048 0.07603943
v -0.19161929 0.28801048 0.07576448
v -0.19170398 0.28801048 0.07549588
v -0.19181174 0.28801048 0.0752357
v -0.19194178 0.28801048 0.07498589
v -0.1920931 0.28801048 0.07474837
v -0.19226454 0.28801048 0.07452495
v -0.19245481 0.28801048 0.07431731
v -0.19266245 0.28801048 0.07412705
v -0.19288588 0.28801048 0.0739556
v -0.1931234 0.28801048 0.07380429
v -0.1933732 0.28801048 0.07367425
v -0.19363339 0.28801048 0.07356647
v -0.19390197 0.28801048 0.07348179
v -0.19417693 0.28801048 0.07342083
v -0.19445615 0.28801048 0.07338408
v -0.19473749 0.28801048 0.07337179
v -0.19501886 0.28801048 0.07338408
v -0.19529808 0.28801048 0.07342083
v -0.19557302 0.28801048 0.07348179
v -0.19584161 0.28801048 0.07356647
v -0.1961018 0.28801048 0.07367425
v -0.1963516 0.28801048 0.07380429
v -0.19658913 0.28801048 0.0739556
v -0.19681256 0.28801048 0.07412705
v -0.19702019 0.28801048 0.07431731
v -0.19721045 0.28801048 0.07452495
v -0.1973819 0.28801048 0.07474837
v -0.19753322 0.28801048 0.07498589
v -0.19766325 0.28801048 0.0752357
v -0.19777103 0.28801048 0.07549588
v -0.19785571 0.28801048 0.07576448
v -0.19791667 0.28801048 0.07603943
v -0.19795343 0.28801048 0.07631864
v -0.19796571 0.28801048 0.0766
v -0.19795343 0.28801048 0.07688136
v -0.19791667 0.28801048 0.07716057
v -0.19785571 0.28801048 0.07743552
v -0.19777103 0.28801048 0.07770412
v -0.19766325 0.28801048 0.0779643
v -0.19753322 0.28801048 0.07821411
v -0.1973819 0.28801048 0.07845163
v -0.19721045 0.28801048 0.07867505
v -0.19702019 0.28801048 0.07888269
v -0.19681256 0.28801048 0.07907295
v -0.19658913 0.28801048 0.0792444
v -0.1963516 0.28801048 0.07939571
v -0.1961018 0.28801048 0.07952575
v -0.19584161 0.28801048 0.07963353
v -0.19557302 0.28801048 0.07971821
v -0.19529808 0.28801048 0.07977917
v -0.19501886 0.28801048 0.07981592
v -0.19473749 0.28801048 0.07982821
v -0.19445615 0.28801048 0.07981592
v -0.19417693 0.28801048 0.07977917
v -0.19390197 0.28801048 0.07971821
v -0.19363339 0.28801048 0.07963353
v -0.1933732 0.28801048 0.07952575
v -0.1931234 0.28801048 0.07939571
v -0.19288588 0.28801048 0.0792444
v -0.19266245 0.28801048 0.07907295
v -0.19245481 0.28801048 0.07888269
v -0.19226454 0.28801048 0.07867505
v -0.1920931 0.28801048 0.07845163
v -0.19194178 0.28801048 0.07821411
v -0.19181174 0.28801048 0.0779643
v -0.19170398 0.28801048 0.07770412
v -0.19161929 0.28801048 0.07743552
v -0.19155833 0.28801048 0.07716057
v -0.19152157 0.28801048 0.07688136
v -0.19150929 0.28801048 0.0766
v -0.19154312 0.28800762 0.07632053
v -0.19157963 0.28800762 0.07604318
v -0.19164017 0.28800762 0.07577007
v -0.1917243 0.28800762 0.07550328
v -0.19183135 0.28800762 0.07524484
v -0.19196051 0.28800762 0.0749967
v -0.19211082 0.28800762 0.07476078
v -0.19228111 0.28800762 0.07453884
v -0.1924701 0.28800762 0.0743326
v -0.19267635 0.28800762 0.07414361
v -0.19289827 0.28800762 0.07397332
v -0.1931342 0.28800762 0.07382301
v -0.19338234 0.28800762 0.07369384
v -0.19364078 0.28800762 0.07358679
v -0.19390757 0.28800762 0.07350267
v -0.19418068 0.28800762 0.07344212
v -0.19445802 0.28800762 0.07340562
v -0.19473749 0.28800762 0.07339341
v -0.19501697 0.28800762 0.07340562
v -0.19529432 0.28800762 0.07344212
v -0.19556743 0.28800762 0.07350267
v -0.19583422 0.28800762 0.07358679
v -0.19609267 0.28800762 0.07369384
v -0.1963408 0.28800762 0.07382301
v -0.19657673 0.28800762 0.07397332
v -0.19679865 0.28800762 0.07414361
v -0.1970049 0.28800762 0.0743326
v -0.19719389 0.28800762 0.07453884
v -0.19736418 0.28800762 0.07476078
v -0.19751449 0.28800762 0.0749967
v -0.19764365 0.28800762 0.07524484
v -0.1977507 0.28800762 0.07550328
v -0.19783482 0.28800762 0.07577007
v -0.19789538 0.28800762 0.07604318
v -0.19793189 0.28800762 0.07632053
v -0.19794409 0.28800762 0.0766
v -0.19793189 0.28800762 0.07687947
v -0.19789538 0.28800762 0.07715682
v -0.19783482 0.28800762 0.07742993
v -0.1977507 0.28800762 0.07769672
v -0.19764365 0.28800762 0.07795516
v -0.19751449 0.28800762 0.07820329
v -0.19736418 0.28800762 0.07843922
v -0.19719389 0.28800762 0.07866116
v -0.1970049 0.28800762 0.0788674
v -0.19679865 0.28800762 0.07905639
v -0.19657673 0.28800762 0.07922668
v -0.1963408 0.28800762 0.07937699
v -0.19609267 0.28800762 0.07950616
v -0.19583422 0.28800762 0.07961321
v -0.19556743 0.28800762 0.07969733
v -0.19529432 0.28800762 0.07975787
v -0.19501697 0.28800762 0.07979438
v -0.19473749 0.28800762 0.07980659
v -0.19445802 0.28800762 0.07979438
v -0.19418068 0.28800762 0.07975787
v -0.19390757 0.28800762 0.07969733
v -0.19364078 0.28800762 0.07961321
v -0.19338234 0.28800762 0.07950616
v -0.1931342 0.28800762 0.07937699
v -0.19289827 0.28800762 0.07922668
v -0.19267635 0.28800762 0.07905639
v -0.1924701 0.28800762 0.0788674
v -0.19228111 0.28800762 0.07866116
v -0.19211082 0.28800762 0.07843922
v -0.19196051 0.28800762 0.07820329
v -0.19183135 0.28800762 0.07795516
v -0.1917243 0.28800762 0.07769672
v -0.19164017 0.28800762 0.07742993
v -0.19157963 0.28800762 0.07715682
v -0.19154312 0.28800762 0.07687947
v -0.19153091 0.28800762 0.0766
v -0.19156432 0.28800291 0.07632238
v -0.19160059 0.28800291 0.07604688
v -0.19166075 0.28800291 0.07577559
v -0.1917443 0.28800291 0.07551056
v -0.19185065 0.28800291 0.07525384
v -0.19197895 0.28800291 0.07500735
v -0.19212826 0.28800291 0.07477299
v -0.19229743 0.28800291 0.07455253
v -0.19248515 0.28800291 0.07434765
v -0.19269003 0.28800291 0.07415992
v -0.19291049 0.28800291 0.07399076
v -0.19314486 0.28800291 0.07384145
v -0.19339134 0.28800291 0.07371314
v -0.19364807 0.28800291 0.0736068
v -0.19391309 0.28800291 0.07352324
v -0.19418438 0.28800291 0.0734631
v -0.19445989 0.28800291 0.07342683
v -0.19473749 0.28800291 0.07341471
v -0.19501512 0.28800291 0.07342683
v -0.19529063 0.28800291 0.0734631
v -0.19556192 0.28800291 0.07352324
v -0.19582693 0.28800291 0.0736068
v -0.19608366 0.28800291 0.07371314
v -0.19633015 0.28800291 0.07384145
v -0.19656451 0.28800291 0.07399076
v -0.19678497 0.28800291 0.07415992
v -0.19698985 0.28800291 0.07434765
v -0.19717757 0.28800291 0.07455253
v -0.19734675 0.28800291 0.07477299
v -0.19749604 0.28800291 0.07500735
v -0.19762436 0.28800291 0.07525384
v -0.19773071 0.28800291 0.07551056
v -0.19781426 0.28800291 0.07577559
v -0.1978744 0.28800291 0.07604688
v -0.19791068 0.28800291 0.07632238
v -0.1979228 0.28800291 0.0766
v -0.19791068 0.28800291 0.07687762
v -0.1978744 0.28800291 0.07715312
v -0.19781426 0.28800291 0.07742441
v -0.19773071 0.28800291 0.07768943
v -0.19762436 0.28800291 0.07794616
v -0.19749604 0.28800291 0.07819265
v -0.19734675 0.28800291 0.07842701
v -0.19717757 0.28800291 0.07864747
v -0.19698985 0.28800291 0.07885234
v -0.19678497 0.28800291 0.07904008
v -0.19656451 0.28800291 0.07920924
v -0.19633015 0.28800291 0.07935855
v -0.19608366 0.28800291 0.07948685
v -0.19582693 0.28800291 0.0795932
v -0.19556192 0.28800291 0.07967676
v -0.19529063 0.28800291 0.0797369
v -0.19501512 0.28800291 0.07977317
v -0.19473749 0.28800291 0.07978529
v -0.19445989 0.28800291 0.07977317
v -0.19418438 0.28800291 0.0797369
v -0.19391309 0.28800291 0.07967676
v -0.19364807 0.28800291 0.0795932
v -0.19339134 0.28800291 0.07948685
v -0.19314486 0.28800291 0.07935855
v -0.19291049 0.28800291 0.07920924
v -0.19269003 0.28800291 0.07904008
v -0.19248515 0.28800291 0.07885234
v -0.19229743 0.28800291 0.07864747
v -0.19212826 0.28800291 0.07842701
v -0.19197895 0.28800291 0.07819265
v -0.19185065 0.28800291 0.07794616
v -0.1917443 0.28800291 0.07768943
v -0.19166075 0.28800291 0.07742441
v -0.19160059 0.28800291 0.07715312
v -0.19156432 0.28800291 0.07687762
v -0.19155221 0.28800291 0.0766
v -0.19158505 0.28799635 0.07632419
v -0.19162108 0.28799635 0.07605049
v -0.19168083 0.28799635 0.07578097
v -0.19176385 0.28799635 0.07551768
v -0.1918695 0.28799635 0.07526263
v -0.19199696 0.28799635 0.07501775
v -0.1921453 0.28799635 0.07478492
v -0.19231336 0.28799635 0.0745659
v -0.19249986 0.28799635 0.07436237
v -0.1927034 0.28799635 0.07417586
v -0.19292241 0.28799635 0.07400779
v -0.19315526 0.28799635 0.07385947
v -0.19340013 0.28799635 0.073732
v -0.19365518 0.28799635 0.07362635
v -0.19391847 0.28799635 0.07354333
v -0.19418798 0.28799635 0.07348358
v -0.1944617 0.28799635 0.07344755
v -0.19473749 0.28799635 0.07343551
v -0.1950133 0.28799635 0.07344755
v -0.195287 0.28799635 0.07348358
v -0.19555654 0.28799635 0.07354333
v -0.19581982 0.28799635 0.07362635
v -0.19607487 0.28799635 0.073732
v -0.19631974 0.28799635 0.07385947
v -0.19655257 0.28799635 0.07400779
v -0.19677159 0.28799635 0.07417586
v -0.19697514 0.28799635 0.07436237
v -0.19716164 0.28799635 0.0745659
v -0.1973297 0.28799635 0.07478492
v -0.19747803 0.28799635 0.07501775
v -0.19760551 0.28799635 0.07526263
v -0.19771115 0.28799635 0.07551768
v -0.19779417 0.28799635 0.07578097
v -0.19785392 0.28799635 0.07605049
v -0.19788995 0.28799635 0.07632419
v -0.19790199 0.28799635 0.0766
v -0.19788995 0.28799635 0.07687581
v -0.19785392 0.28799635 0.07714951
v -0.19779417 0.28799635 0.07741904
v -0.19771115 0.28799635 0.07768232
v -0.19760551 0.28799635 0.07793737
v -0.19747803 0.28799635 0.07818225
v -0.1973297 0.28799635 0.07841508
v -0.19716164 0.28799635 0.0786341
v -0.19697514 0.28799635 0.07883763
v -0.19677159 0.28799635 0.07902414
v -0.19655257 0.28799635 0.0791922
v -0.19631974 0.28799635 0.07934053
v -0.19607487 0.28799635 0.079468
v -0.19581982 0.28799635 0.07957365
v -0.19555654 0.28799635 0.07965667
v -0.195287 0.28799635 0.07971642
v -0.1950133 0.28799635 0.07975245
v -0.19473749 0.28799635 0.07976449
v -0.1944617 0.28799635 0.07975245
v -0.19418798 0.28799635 0.07971642
v -0.19391847 0.28799635 0.07965667
v -0.19365518 0.28799635 0.07957365
v -0.19340013 0.28799635 0.079468
v -0.19315526 0.28799635 0.07934053
v -0.19292241 0.28799635 0.0791922
v -0.1927034 0.28799635 0.07902414
v -0.19249986 0.28799635 0.07883763
v -0.19231336 0.28799635 0.0786341
v -0.1921453 0.28799635 0.07841508
v -0.19199696 0.28799635 0.07818225
v -0.1918695 0.28799635 0.07793737
v -0.19176385 0.28799635 0.07768232
v -0.19168083 0.28799635 0.07741904
v -0.19162108 0.28799635 0.07714951
v -0.19158505 0.28799635 0.07687581
v -0.19157301 0.28799635 0.0766
v -0.19160512 0.28798801 0.07632595
v -0.19164093 0.28798801 0.07605399
v -0.19170029 0.28798801 0.07578618
v -0.19178279 0.28798801 0.07552457
v -0.19188775 0.28798801 0.07527114
v -0.19201441 0.28798801 0.07502783
v -0.1921618 0.28798801 0.07479648
v -0.1923288 0.28798801 0.07457885
v -0.19251411 0.28798801 0.07437661
v -0.19271636 0.28798801 0.07419129
v -0.19293398 0.28798801 0.0740243
v -0.19316533 0.28798801 0.07387692
v -0.19340864 0.28798801 0.07375026
v -0.19366208 0.28798801 0.07364528
v -0.19392368 0.28798801 0.07356279
v -0.19419149 0.28798801 0.07350343
v -0.19446345 0.28798801 0.07346762
v -0.19473749 0.28798801 0.07345565
v -0.19501154 0.28798801 0.07346762
v -0.19528352 0.28798801 0.07350343
v -0.19555132 0.28798801 0.07356279
v -0.19581293 0.28798801 0.07364528
v -0.19606636 0.28798801 0.07375026
v -0.19630967 0.28798801 0.07387692
v -0.19654103 0.28798801 0.0740243
v -0.19675864 0.28798801 0.07419129
v -0.19696088 0.28798801 0.07437661
v -0.19714621 0.28798801 0.07457885
v -0.1973132 0.28798801 0.07479648
v -0.19746058 0.28798801 0.07502783
v -0.19758725 0.28798801 0.07527114
v -0.19769222 0.28798801 0.07552457
v -0.19777471 0.28798801 0.07578618
v -0.19783407 0.28798801 0.07605399
v -0.19786988 0.28798801 0.07632595
v -0.19788185 0.28798801 0.0766
v -0.19786988 0.28798801 0.07687405
v -0.19783407 0.28798801 0.07714601
v -0.19777471 0.28798801 0.07741382
v -0.19769222 0.28798801 0.07767543
v -0.19758725 0.28798801 0.07792886
v -0.19746058 0.28798801 0.07817217
v -0.1973132 0.28798801 0.07840353
v -0.19714621 0.28798801 0.07862115
v -0.19696088 0.28798801 0.07882339
v -0.19675864 0.28798801 0.07900871
v -0.19654103 0.28798801 0.0791757
v -0.19630967 0.28798801 0.07932308
v -0.19606636 0.28798801 0.07944974
v -0.19581293 0.28798801 0.07955472
v -0.19555132 0.28798801 0.07963721
v -0.19528352 0.28798801 0.07969657
v -0.19501154 0.28798801 0.07973238
v -0.19473749 0.28798801 0.07974435
v -0.19446345 0.28798801 0.07973238
v -0.19419149 0.28798801 0.07969657
v -0.19392368 0.28798801 0.07963721
v -0.19366208 0.28798801 0.07955472
v -0.19340864 0.28798801 0.07944974
v -0.19316533 0.28798801 0.07932308
v -0.19293398 0.28798801 0.0791757
v -0.19271636 0.28798801 0.07900871
v -0.19251411 0.28798801 0.07882339
v -0.1923288 0.28798801 0.07862115
v -0.1921618 0.28798801 0.07840353
v -0.19201441 0.28798801 0.07817217
v -0.19188775 0.28798801 0.07792886
v -0.19178279 0.28798801 0.07767543
v -0.19170029 0.28798801 0.07741382
v -0.19164093 0.28798801 0.07714601
v -0.19160512 0.28798801 0.07687405
v -0.19159316 0.28798801 0.0766
v -0.19162439 0.28797793 0.07632764
v -0.19165997 0.28797793 0.07605735
v -0.19171898 0.28797793 0.07579119
v -0.19180097 0.28797793 0.07553118
v -0.19190529 0.28797793 0.07527932
v -0.19203117 0.28797793 0.0750375
v -0.19217765 0.28797793 0.07480758
v -0.19234361 0.28797793 0.07459129
v -0.19252779 0.28797793 0.07439029
v -0.19272879 0.28797793 0.07420611
v -0.19294508 0.28797793 0.07404015
v -0.193175 0.28797793 0.07389367
v -0.19341682 0.28797793 0.07376779
v -0.19366869 0.28797793 0.07366346
v -0.19392869 0.28797793 0.07358148
v -0.19419485 0.28797793 0.07352248
v -0.19446515 0.28797793 0.07348689
v -0.19473749 0.28797793 0.073475
v -0.19500986 0.28797793 0.07348689
v -0.19528015 0.28797793 0.07352248
v -0.19554631 0.28797793 0.07358148
v -0.19580631 0.28797793 0.07366346
v -0.19605818 0.28797793 0.07376779
v -0.1963 0.28797793 0.07389367
v -0.19652992 0.28797793 0.07404015
v -0.19674622 0.28797793 0.07420611
v -0.1969472 0.28797793 0.07439029
v -0.1971314 0.28797793 0.07459129
v -0.19729735 0.28797793 0.07480758
v -0.19744383 0.28797793 0.0750375
v -0.19756971 0.28797793 0.07527932
v -0.19767404 0.28797793 0.07553118
v -0.19775602 0.28797793 0.07579119
v -0.19781503 0.28797793 0.07605735
v -0.19785061 0.28797793 0.07632764
v -0.19786251 0.28797793 0.0766
v -0.19785061 0.28797793 0.07687236
v -0.19781503 0.28797793 0.07714265
v -0.19775602 0.28797793 0.07740881
v -0.19767404 0.28797793 0.07766882
v -0.19756971 0.28797793 0.07792068
v -0.19744383 0.28797793 0.0781625
v -0.19729735 0.28797793 0.07839242
v -0.1971314 0.28797793 0.07860871
v -0.1969472 0.28797793 0.07880971
v -0.19674622 0.28797793 0.07899389
v -0.19652992 0.28797793 0.07915985
v -0.1963 0.28797793 0.07930633
v -0.19605818 0.28797793 0.07943221
v -0.19580631 0.28797793 0.07953654
v -0.19554631 0.28797793 0.07961852
v -0.19528015 0.28797793 0.07967752
v -0.19500986 0.28797793 0.07971311
v -0.19473749 0.28797793 0.079725
v -0.19446515 0.28797793 0.07971311
v -0.19419485 0.28797793 0.07967752
v -0.19392869 0.28797793 0.07961852
v -0.19366869 0.28797793 0.07953654
v -0.19341682 0.28797793 0.07943221
v -0.193175 0.28797793 0.07930633
v -0.19294508 0.28797793 0.07915985
v -0.19272879 0.28797793 0.07899389
v -0.19252779 0.28797793 0.07880971
v -0.19234361 0.28797793 0.07860871
v -0.19217765 0.28797793 0.07839242
v -0.19203117 0.28797793 0.0781625
v -0.19190529 0.28797793 0.07792068
v -0.19180097 0.28797793 0.07766882
v -0.19171898 0.28797793 0.07740881
v -0.19165997 0.28797793 0.07714265
v -0.19162439 0.28797793 0.07687236
v -0.1916125 0.28797793 0.0766
v -0.19164272 0.28796622 0.07632924
v -0.19167809 0.28796622 0.07606054
v -0.19173674 0.28796622 0.07579595
v -0.19181825 0.28796622 0.07553748
v -0.19192196 0.28796622 0.07528709
v -0.1920471 0.28796622 0.0750467
v -0.19219272 0.28796622 0.07481813
v -0.1923577 0.28796622 0.07460311
v -0.19254079 0.28796622 0.0744033
v -0.19274062 0.28796622 0.0742202
v -0.19295563 0.28796622 0.07405522
v -0.1931842 0.28796622 0.0739096
v -0.1934246 0.28796622 0.07378446
v -0.19367498 0.28796622 0.07368074
v -0.19393346 0.28796622 0.07359925
v -0.19419804 0.28796622 0.07354059
v -0.19446674 0.28796622 0.07350522
v -0.19473749 0.28796622 0.07349339
v -0.19500826 0.28796622 0.07350522
v -0.19527696 0.28796622 0.07354059
v -0.19554155 0.28796622 0.07359925
v -0.19580002 0.28796622 0.07368074
v -0.19605041 0.28796622 0.07378446
v -0.19629081 0.28796622 0.0739096
v -0.19651937 0.28796622 0.07405522
v -0.19673438 0.28796622 0.0742202
v -0.19693421 0.28796622 0.0744033
v -0.1971173 0.28796622 0.07460311
v -0.19728228 0.28796622 0.07481813
v -0.1974279 0.28796622 0.0750467
v -0.19755304 0.28796622 0.07528709
v -0.19765675 0.28796622 0.07553748
v -0.19773825 0.28796622 0.07579595
v -0.19779691 0.28796622 0.07606054
v -0.19783229 0.28796622 0.07632924
v -0.1978441 0.28796622 0.0766
v -0.19783229 0.28796622 0.07687076
v -0.19779691 0.28796622 0.07713946
v -0.19773825 0.28796622 0.07740405
v -0.19765675 0.28796622 0.07766252
v -0.19755304 0.28796622 0.07791291
v -0.1974279 0.28796622 0.0781533
v -0.19728228 0.28796622 0.07838187
v -0.1971173 0.28796622 0.07859689
v -0.19693421 0.28796622 0.0787967
v -0.19673438 0.28796622 0.0789798
v -0.19651937 0.28796622 0.07914478
v -0.19629081 0.28796622 0.0792904
v -0.19605041 0.28796622 0.07941554
v -0.19580002 0.28796622 0.07951926
v -0.19554155 0.28796622 0.07960075
v -0.19527696 0.28796622 0.07965941
v -0.19500826 0.28796622 0.07969479
v -0.19473749 0.28796622 0.07970661
v -0.19446674 0.28796622 0.07969479
v -0.19419804 0.28796622 0.07965941
v -0.19393346 0.28796622 0.07960075
v -0.19367498 0.28796622 0.07951926
v -0.1934246 0.28796622 0.07941554
v -0.1931842 0.28796622 0.0792904
v -0.19295563 0.28796622 0.07914478
v -0.19274062 0.28796622 0.0789798
v -0.19254079 0.28796622 0.0787967
v -0.1923577 0.28796622 0.07859689
v -0.19219272 0.28796622 0.07838187
v -0.1920471 0.28796622 0.0781533
v -0.19192196 0.28796622 0.07791291
v -0.19181825 0.28796622 0.07766252
v -0.19173674 0.28796622 0.07740405
v -0.19167809 0.28796622 0.07713946
v -0.19164272 0.28796622 0.07687076
v -0.1916309 0.28796622 0.0766
v -0.19165996 0.28795293 0.07633075
v -0.19169512 0.28795293 0.07606355
v -0.19175346 0.28795293 0.07580043
v -0.19183451 0.28795293 0.0755434
v -0.19193764 0.28795293 0.07529441
v -0.19206208 0.28795293 0.07505535
v -0.19220689 0.28795293 0.07482805
v -0.19237095 0.28795293 0.07461423
v -0.19255303 0.28795293 0.07441553
v -0.19275174 0.28795293 0.07423346
v -0.19296555 0.28795293 0.07406939
v -0.19319285 0.28795293 0.07392459
v -0.1934319 0.28795293 0.07380014
v -0.1936809 0.28795293 0.07369701
v -0.19393793 0.28795293 0.07361596
v -0.19420105 0.28795293 0.07355763
v -0.19446824 0.28795293 0.07352246
v -0.19473749 0.28795293 0.0735107
v -0.19500674 0.28795293 0.07352246
v -0.19527395 0.28795293 0.07355763
v -0.19553708 0.28795293 0.07361596
v -0.19579411 0.28795293 0.07369701
v -0.19604309 0.28795293 0.07380014
v -0.19628215 0.28795293 0.07392459
v -0.19650945 0.28795293 0.07406939
v -0.19672327 0.28795293 0.07423346
v -0.19692197 0.28795293 0.07441553
v -0.19710404 0.28795293 0.07461423
v -0.19726811 0.28795293 0.07482805
v -0.19741291 0.28795293 0.07505535
v -0.19753736 0.28795293 0.07529441
v -0.19764049 0.28795293 0.0755434
v -0.19772154 0.28795293 0.07580043
v -0.19777986 0.28795293 0.07606355
v -0.19781505 0.28795293 0.07633075
v -0.1978268 0.28795293 0.0766
v -0.19781505 0.28795293 0.07686925
v -0.19777986 0.28795293 0.07713645
v -0.19772154 0.28795293 0.07739957
v -0.19764049 0.28795293 0.0776566
v -0.19753736 0.28795293 0.0779056
v -0.19741291 0.28795293 0.07814465
v -0.19726811 0.28795293 0.07837195
v -0.19710404 0.28795293 0.07858577
v -0.19692197 0.28795293 0.07878447
v -0.19672327 0.28795293 0.07896654
v -0.19650945 0.28795293 0.07913061
v -0.19628215 0.28795293 0.07927541
v -0.19604309 0.28795293 0.07939986
v -0.19579411 0.28795293 0.07950299
v -0.19553708 0.28795293 0.07958404
v -0.19527395 0.28795293 0.07964237
v -0.19500674 0.28795293 0.07967754
v -0.19473749 0.28795293 0.0796893
v -0.19446824 0.28795293 0.07967754
v -0.19420105 0.28795293 0.07964237
v -0.19393793 0.28795293 0.07958404
v -0.1936809 0.28795293 0.07950299
v -0.1934319 0.28795293 0.07939986
v -0.19319285 0.28795293 0.07927541
v -0.19296555 0.28795293 0.07913061
v -0.19275174 0.28795293 0.07896654
v -0.19255303 0.28795293 0.07878447
v -0.19237095 0.28795293 0.07858577
v -0.19220689 0.28795293 0.07837195
v -0.19206208 0.28795293 0.07814465
v -0.19193764 0.28795293 0.0779056
v -0.19183451 0.28795293 0.0776566
v -0.19175346 0.28795293 0.07739957
v -0.19169512 0.28795293 0.07713645
v -0.19165996 0.28795293 0.07686925
v -0.1916482 0.28795293 0.0766
v -0.19167598 0.28793821 0.07633215
v -0.19171096 0.28793821 0.07606634
v -0.19176899 0.28793821 0.07580459
v -0.19184962 0.28793821 0.07554889
v -0.19195221 0.28793821 0.0753012
v -0.19207601 0.28793821 0.07506339
v -0.19222006 0.28793821 0.07483727
v -0.19238327 0.28793821 0.07462457
v -0.1925644 0.28793821 0.0744269
v -0.19276208 0.28793821 0.07424577
v -0.19297478 0.28793821 0.07408256
v -0.19320089 0.28793821 0.07393851
v -0.19343869 0.28793821 0.07381471
v -0.1936864 0.28793821 0.07371212
v -0.19394208 0.28793821 0.0736315
v -0.19420384 0.28793821 0.07357346
v -0.19446965 0.28793821 0.07353847
v -0.19473749 0.28793821 0.07352678
v -0.19500534 0.28793821 0.07353847
v -0.19527116 0.28793821 0.07357346
v -0.1955329 0.28793821 0.0736315
v -0.19578861 0.28793821 0.07371212
v -0.19603629 0.28793821 0.07381471
v -0.19627412 0.28793821 0.07393851
v -0.19650023 0.28793821 0.07408256
v -0.19671293 0.28793821 0.07424577
v -0.19691059 0.28793821 0.0744269
v -0.19709173 0.28793821 0.07462457
v -0.19725494 0.28793821 0.07483727
v -0.19739899 0.28793821 0.07506339
v -0.19752279 0.28793821 0.0753012
v -0.19762538 0.28793821 0.07554889
v -0.197706 0.28793821 0.07580459
v -0.19776404 0.28793821 0.07606634
v -0.19779903 0.28793821 0.07633215
v -0.19781072 0.28793821 0.0766
v -0.19779903 0.28793821 0.07686785
v -0.19776404 0.28793821 0.07713366
v -0.197706 0.28793821 0.07739541
v -0.19762538 0.28793821 0.07765111
v -0.19752279 0.28793821 0.0778988
v -0.19739899 0.28793821 0.07813661
v -0.19725494 0.28793821 0.07836273
v -0.19709173 0.28793821 0.07857543
v -0.19691059 0.28793821 0.0787731
v -0.19671293 0.28793821 0.07895423
v -0.19650023 0.28793821 0.07911744
v -0.19627412 0.28793821 0.07926149
v -0.19603629 0.28793821 0.07938529
v -0.19578861 0.28793821 0.07948788
v -0.1955329 0.28793821 0.07956851
v -0.19527116 0.28793821 0.07962654
v -0.19500534 0.28793821 0.07966153
v -0.19473749 0.28793821 0.07967322
v -0.19446965 0.28793821 0.07966153
v -0.19420384 0.28793821 0.07962654
v -0.19394208 0.28793821 0.07956851
v -0.1936864 0.28793821 0.07948788
v -0.19343869 0.28793821 0.07938529
v -0.19320089 0.28793821 0.07926149
v -0.19297478 0.28793821 0.07911744
v -0.19276208 0.28793821 0.07895423
v -0.1925644 0.28793821 0.0787731
v -0.19238327 0.28793821 0.07857543
v -0.19222006 0.28793821 0.07836273
v -0.19207601 0.28793821 0.07813661
v -0.19195221 0.28793821 0.0778988
v -0.19184962 0.28793821 0.07765111
v -0.19176899 0.28793821 0.07739541
v -0.19171096 0.28793821 0.07713366
v -0.19167598 0.28793821 0.07686785
v -0.19166428 0.28793821 0.0766
v -0.19169065 0.28792211 0.07633343
v -0.19172548 0.28792211 0.0760689
v -0.19178322 0.28792211 0.07580841
v -0.19186346 0.28792211 0.07555394
v -0.19196557 0.28792211 0.07530743
v -0.19208877 0.28792211 0.07507075
v -0.19223213 0.28792211 0.07484572
v -0.19239455 0.28792211 0.07463404
v -0.19257483 0.28792211 0.07443732
v -0.19277154 0.28792211 0.07425706
v -0.19298322 0.28792211 0.07409463
v -0.19320826 0.28792211 0.07395127
v -0.19344492 0.28792211 0.07382807
v -0.19369143 0.28792211 0.07372596
v -0.1939459 0.28792211 0.07364573
v -0.1942064 0.28792211 0.07358798
v -0.19447094 0.28792211 0.07355315
v -0.19473749 0.28792211 0.07354151
v -0.19500406 0.28792211 0.07355315
v -0.1952686 0.28792211 0.07358798
v -0.19552909 0.28792211 0.07364573
v -0.19578357 0.28792211 0.07372596
v -0.19603008 0.28792211 0.07382807
v -0.19626674 0.28792211 0.07395127
v -0.19649178 0.28792211 0.07409463
v -0.19670346 0.28792211 0.07425706
v -0.19690017 0.28792211 0.07443732
v -0.19708043 0.28792211 0.07463404
v -0.19724287 0.28792211 0.07484572
v -0.19738623 0.28792211 0.07507075
v -0.19750944 0.28792211 0.07530743
v -0.19761154 0.28792211 0.07555394
v -0.19769177 0.28792211 0.07580841
v -0.19774953 0.28792211 0.0760689
v -0.19778435 0.28792211 0.07633343
v -0.19779599 0.28792211 0.0766
v -0.19778435 0.28792211 0.07686657
v -0.19774953 0.28792211 0.0771311
v -0.19769177 0.28792211 0.07739159
v -0.19761154 0.28792211 0.07764606
v -0.19750944 0.28792211 0.07789257
v -0.19738623 0.28792211 0.07812925
v -0.19724287 0.28792211 0.07835428
v -0.19708043 0.28792211 0.07856596
v -0.19690017 0.28792211 0.07876268
v -0.19670346 0.28792211 0.07894294
v -0.19649178 0.28792211 0.07910537
v -0.19626674 0.28792211 0.07924873
v -0.19603008 0.28792211 0.07937193
v -0.19578357 0.28792211 0.07947404
v -0.19552909 0.28792211 0.07955427
v -0.1952686 0.28792211 0.07961202
v -0.19500406 0.28792211 0.07964685
v -0.19473749 0.28792211 0.07965849
v -0.19447094 0.28792211 0.07964685
v -0.1942064 0.28792211 0.07961202
v -0.1939459 0.28792211 0.07955427
v -0.19369143 0.28792211 0.07947404
v -0.19344492 0.28792211 0.07937193
v -0.19320826 0.28792211 0.07924873
v -0.19298322 0.28792211 0.07910537
v -0.19277154 0.28792211 0.07894294
v -0.19257483 0.28792211 0.07876268
v -0.19239455 0.28792211 0.07856596
v -0.19223213 0.28792211 0.07835428
v -0.19208877 0.28792211 0.07812925
v -0.19196557 0.28792211 0.07789257
v -0.19186346 0.28792211 0.07764606
v -0.19178322 0.28792211 0.07739159
v -0.19172548 0.28792211 0.0771311
v -0.19169065 0.28792211 0.07686657
v -0.19167902 0.28792211 0.0766
v -0.19170387 0.28790483 0.0763346
v -0.19173855 0.28790483 0.0760712
v -0.19179605 0.28790483 0.07581184
v -0.19187593 0.28790483 0.07555848
v -0.19197761 0.28790483 0.07531304
v -0.19210027 0.28790483 0.07507739
v -0.19224301 0.28790483 0.07485334
v -0.19240473 0.28790483 0.07464258
v -0.19258422 0.28790483 0.07444671
v -0.19278008 0.28790483 0.07426723
v -0.19299084 0.28790483 0.07410551
v -0.19321489 0.28790483 0.07396277
v -0.19345054 0.28790483 0.0738401
v -0.19369598 0.28790483 0.07373843
v -0.19394934 0.28790483 0.07365855
v -0.19420871 0.28790483 0.07360105
v -0.19447209 0.28790483 0.07356638
v -0.19473749 0.28790483 0.07355479
v -0.19500291 0.28790483 0.07356638
v -0.19526629 0.28790483 0.07360105
v -0.19552566 0.28790483 0.07365855
v -0.19577903 0.28790483 0.07373843
v -0.19602446 0.28790483 0.0738401
v -0.19626011 0.28790483 0.07396277
v -0.19648416 0.28790483 0.07410551
v -0.19669493 0.28790483 0.07426723
v -0.19689079 0.28790483 0.07444671
v -0.19707027 0.28790483 0.07464258
v -0.19723199 0.28790483 0.07485334
v -0.19737473 0.28790483 0.07507739
v -0.1974974 0.28790483 0.07531304
v -0.19759907 0.28790483 0.07555848
v -0.19767895 0.28790483 0.07581184
v -0.19773644 0.28790483 0.0760712
v -0.19777112 0.28790483 0.0763346
v -0.19778271 0.28790483 0.0766
v -0.19777112 0.28790483 0.0768654
v -0.19773644 0.28790483 0.0771288
v -0.19767895 0.28790483 0.07738816
v -0.19759907 0.28790483 0.07764152
v -0.1974974 0.28790483 0.07788696
v -0.19737473 0.28790483 0.07812261
v -0.19723199 0.28790483 0.07834666
v -0.19707027 0.28790483 0.07855742
v -0.19689079 0.28790483 0.07875329
v -0.19669493 0.28790483 0.07893277
v -0.19648416 0.28790483 0.07909449
v -0.19626011 0.28790483 0.07923723
v -0.19602446 0.28790483 0.0793599
v -0.19577903 0.28790483 0.07946156
v -0.19552566 0.28790483 0.07954145
v -0.19526629 0.28790483 0.07959895
v -0.19500291 0.28790483 0.07963362
v -0.19473749 0.28790483 0.07964521
v -0.19447209 0.28790483 0.07963362
v -0.19420871 0.28790483 0.07959895
v -0.19394934 0.28790483 0.07954145
v -0.19369598 0.28790483 0.07946156
v -0.19345054 0.28790483 0.0793599
v -0.19321489 0.28790483 0.07923723
v -0.19299084 0.28790483 0.07909449
v -0.19278008 0.28790483 0.07893277
v -0.19258422 0.28790483 0.07875329
v -0.19240473 0.28790483 0.07855742
v -0.19224301 0.28790483 0.07834666
v -0.19210027 0.28790483 0.07812261
v -0.19197761 0.28790483 0.07788696
v -0.19187593 0.28790483 0.07764152
v -0.19179605 0.28790483 0.07738816
v -0.19173855 0.28790483 0.0771288
v -0.19170387 0.28790483 0.0768654
v -0.19169229 0.28790483 0.0766
v -0.19171555 0.28788641 0.07633562
v -0.19175009 0.28788641 0.07607324
v -0.19180737 0.28788641 0.07581487
v -0.19188695 0.28788641 0.07556248
v -0.19198821 0.28788641 0.07531799
v -0.19211042 0.28788641 0.07508326
v -0.19225261 0.28788641 0.07486006
v -0.1924137 0.28788641 0.07465011
v -0.1925925 0.28788641 0.07445499
v -0.1927876 0.28788641 0.07427621
v -0.19299756 0.28788641 0.0741151
v -0.19322075 0.28788641 0.07397292
v -0.19345549 0.28788641 0.07385072
v -0.19369999 0.28788641 0.07374945
v -0.19395237 0.28788641 0.07366987
v -0.19421074 0.28788641 0.07361259
v -0.19447312 0.28788641 0.07357805
v -0.19473749 0.28788641 0.0735665
v -0.19500189 0.28788641 0.07357805
v -0.19526426 0.28788641 0.07361259
v -0.19552262 0.28788641 0.07366987
v -0.19577502 0.28788641 0.07374945
v -0.19601952 0.28788641 0.07385072
v -0.19625425 0.28788641 0.07397292
v -0.19647744 0.28788641 0.0741151
v -0.19668739 0.28788641 0.07427621
v -0.1968825 0.28788641 0.07445499
v -0.19706129 0.28788641 0.07465011
v -0.1972224 0.28788641 0.07486006
v -0.19736458 0.28788641 0.07508326
v -0.19748677 0.28788641 0.07531799
v -0.19758806 0.28788641 0.07556248
v -0.19766763 0.28788641 0.07581487
v -0.19772491 0.28788641 0.07607324
v -0.19775945 0.28788641 0.07633562
v -0.197771 0.28788641 0.0766
v -0.19775945 0.28788641 0.07686438
v -0.19772491 0.28788641 0.07712676
v -0.19766763 0.28788641 0.07738513
v -0.19758806 0.28788641 0.07763752
v -0.19748677 0.28788641 0.07788201
v -0.19736458 0.28788641 0.07811674
v -0.1972224 0.28788641 0.07833994
v -0.19706129 0.28788641 0.07854989
v -0.1968825 0.28788641 0.07874501
v -0.19668739 0.28788641 0.07892379
v -0.19647744 0.28788641 0.0790849
v -0.19625425 0.28788641 0.07922708
v -0.19601952 0.28788641 0.07934928
v -0.19577502 0.28788641 0.07945056
v -0.19552262 0.28788641 0.07953013
v -0.19526426 0.28788641 0.07958741
v -0.19500189 0.28788641 0.07962195
v -0.19473749 0.28788641 0.0796335
v -0.19447312 0.28788641 0.07962195
v -0.19421074 0.28788641 0.07958741
v -0.19395237 0.28788641 0.07953013
v -0.19369999 0.28788641 0.07945056
v -0.19345549 0.28788641 0.07934928
v -0.19322075 0.28788641 0.07922708
v -0.19299756 0.28788641 0.0790849
v -0.1927876 0.28788641 0.07892379
v -0.1925925 0.28788641 0.07874501
v -0.1924137 0.28788641 0.07854989
v -0.19225261 0.28788641 0.07833994
v -0.19211042 0.28788641 0.07811674
v -0.19198821 0.28788641 0.07788201
v -0.19188695 0.28788641 0.07763752
v -0.19180737 0.28788641 0.07738513
v -0.19175009 0.28788641 0.07712676
v -0.19171555 0.28788641 0.07686438
v -0.19170401 0.28788641 0.0766
v -0.19172558 0.28786707 0.07633649
v -0.19176 0.28786707 0.07607499
v -0.1918171 0.28786707 0.07581748
v -0.19189641 0.28786707 0.07556593
v -0.19199735 0.28786707 0.07532225
v -0.19211914 0.28786707 0.07508828
v -0.19226086 0.28786707 0.07486583
v -0.19242142 0.28786707 0.07465658
v -0.19259962 0.28786707 0.07446212
v -0.19279408 0.28786707 0.07428392
v -0.19300334 0.28786707 0.07412336
v -0.19322579 0.28786707 0.07398164
v -0.19345975 0.28786707 0.07385985
v -0.19370343 0.28786707 0.07375892
v -0.19395497 0.28786707 0.0736796
v -0.19421248 0.28786707 0.07362251
v -0.194474 0.28786707 0.07358808
v -0.19473749 0.28786707 0.07357658
v -0.19500101 0.28786707 0.07358808
v -0.19526251 0.28786707 0.07362251
v -0.19552001 0.28786707 0.0736796
v -0.19577157 0.28786707 0.07375892
v -0.19601525 0.28786707 0.07385985
v -0.19624922 0.28786707 0.07398164
v -0.19647166 0.28786707 0.07412336
v -0.19668092 0.28786707 0.07428392
v -0.19687538 0.28786707 0.07446212
v -0.19705358 0.28786707 0.07465658
v -0.19721414 0.28786707 0.07486583
v -0.19735587 0.28786707 0.07508828
v -0.19747765 0.28786707 0.07532225
v -0.19757859 0.28786707 0.07556593
v -0.1976579 0.28786707 0.07581748
v -0.19771498 0.28786707 0.07607499
v -0.19774942 0.28786707 0.07633649
v -0.19776092 0.28786707 0.0766
v -0.19774942 0.28786707 0.07686351
v -0.19771498 0.28786707 0.07712501
v -0.1976579 0.28786707 0.07738252
v -0.19757859 0.28786707 0.07763407
v -0.19747765 0.28786707 0.07787775
v -0.19735587 0.28786707 0.07811171
v -0.19721414 0.28786707 0.07833417
v -0.19705358 0.28786707 0.07854342
v -0.19687538 0.28786707 0.07873788
v -0.19668092 0.28786707 0.07891607
v -0.19647166 0.28786707 0.07907664
v -0.19624922 0.28786707 0.07921836
v -0.19601525 0.28786707 0.07934015
v -0.19577157 0.28786707 0.07944109
v -0.19552001 0.28786707 0.0795204
v -0.19526251 0.28786707 0.07957749
v -0.19500101 0.28786707 0.07961192
v -0.19473749 0.28786707 0.07962342
v -0.194474 0.28786707 0.07961192
v -0.19421248 0.28786707 0.07957749
v -0.19395497 0.28786707 0.0795204
v -0.19370343 0.28786707 0.07944109
v -0.19345975 0.28786707 0.07934015
v -0.19322579 0.28786707 0.07921836
v -0.19300334 0.28786707 0.07907664
v -0.19279408 0.28786707 0.07891607
v -0.19259962 0.28786707 0.07873788
v -0.19242142 0.28786707 0.07854342
v -0.19226086 0.28786707 0.07833417
v -0.19211914 0.28786707 0.07811171
v -0.19199735 0.28786707 0.07787775
v -0.19189641 0.28786707 0.07763407
v -0.1918171 0.28786707 0.07738252
v -0.19176 0.28786707 0.07712501
v -0.19172558 0.28786707 0.07686351
v -0.19171408 0.28786707 0.0766
v -0.1917339 0.28784692 0.07633722
v -0.19176823 0.28784692 0.07607644
v -0.19182517 0.28784692 0.07581964
v -0.19190426 0.28784692 0.07556878
v -0.19200492 0.28784692 0.07532577
v -0.19212636 0.28784692 0.07509246
v -0.1922677 0.28784692 0.07487062
v -0.19242781 0.28784692 0.07466195
v -0.19260553 0.28784692 0.07446802
v -0.19279945 0.28784692 0.07429032
v -0.19300812 0.28784692 0.07413019
v -0.19322996 0.28784692 0.07398887
v -0.19346328 0.28784692 0.07386741
v -0.19370629 0.28784692 0.07376675
v -0.19395714 0.28784692 0.07368766
v -0.19421394 0.28784692 0.07363073
v -0.19447471 0.28784692 0.0735964
v -0.19473749 0.28784692 0.07358492
v -0.19500028 0.28784692 0.0735964
v -0.19526106 0.28784692 0.07363073
v -0.19551785 0.28784692 0.07368766
v -0.19576871 0.28784692 0.07376675
v -0.19601172 0.28784692 0.07386741
v -0.19624504 0.28784692 0.07398887
v -0.19646688 0.28784692 0.07413019
v -0.19667555 0.28784692 0.07429032
v -0.19686948 0.28784692 0.07446802
v -0.19704719 0.28784692 0.07466195
v -0.1972073 0.28784692 0.07487062
v -0.19734864 0.28784692 0.07509246
v -0.19747008 0.28784692 0.07532577
v -0.19757074 0.28784692 0.07556878
v -0.19764984 0.28784692 0.07581964
v -0.19770677 0.28784692 0.07607644
v -0.19774111 0.28784692 0.07633722
v -0.19775258 0.28784692 0.0766
v -0.19774111 0.28784692 0.07686278
v -0.19770677 0.28784692 0.07712356
v -0.19764984 0.28784692 0.07738036
v -0.19757074 0.28784692 0.07763122
v -0.19747008 0.28784692 0.07787423
v -0.19734864 0.28784692 0.07810754
v -0.1972073 0.28784692 0.07832938
v -0.19704719 0.28784692 0.07853805
v -0.19686948 0.28784692 0.07873198
v -0.19667555 0.28784692 0.07890968
v -0.19646688 0.28784692 0.07906981
v -0.19624504 0.28784692 0.07921113
v -0.19601172 0.28784692 0.07933259
v -0.19576871 0.28784692 0.07943325
v -0.19551785 0.28784692 0.07951234
v -0.19526106 0.28784692 0.07956927
v -0.19500028 0.28784692 0.0796036
v -0.19473749 0.28784692 0.07961508
v -0.19447471 0.28784692 0.0796036
v -0.19421394 0.28784692 0.07956927
v -0.19395714 0.28784692 0.07951234
v -0.19370629 0.28784692 0.07943325
v -0.19346328 0.28784692 0.07933259
v -0.19322996 0.28784692 0.07921113
v -0.19300812 0.28784692 0.07906981
v -0.19279945 0.28784692 0.07890968
v -0.19260553 0.28784692 0.07873198
v -0.19242781 0.28784692 0.07853805
v -0.1922677 0.28784692 0.07832938
v -0.19212636 0.28784692 0.07810754
v -0.19200492 0.28784692 0.07787423
v -0.19190426 0.28784692 0.07763122
v -0.19182517 0.28784692 0.07738036
v -0.19176823 0.28784692 0.07712356
v -0.1917339 0.28784692 0.07686278
v -0.19172242 0.28784692 0.0766
v -0.19174042 0.28782612 0.07633779
v -0.19177468 0.28782612 0.07607757
v -0.1918315 0.28782612 0.07582134
v -0.19191042 0.28782612 0.07557102
v -0.19201085 0.28782612 0.07532854
v -0.19213204 0.28782612 0.07509574
v -0.19227307 0.28782612 0.07487439
v -0.19243284 0.28782612 0.07466616
v -0.19261016 0.28782612 0.07447266
v -0.19280367 0.28782612 0.07429534
v -0.19301188 0.28782612 0.07413556
v -0.19323324 0.28782612 0.07399455
v -0.19346605 0.28782612 0.07387336
v -0.19370852 0.28782612 0.07377291
v -0.19395883 0.28782612 0.07369399
v -0.19421507 0.28782612 0.07363719
v -0.19447529 0.28782612 0.07360293
v -0.19473749 0.28782612 0.07359148
v -0.19499971 0.28782612 0.07360293
v -0.19525993 0.28782612 0.07363719
v -0.19551617 0.28782612 0.07369399
v -0.19576648 0.28782612 0.07377291
v -0.19600895 0.28782612 0.07387336
v -0.19624177 0.28782612 0.07399455
v -0.19646311 0.28782612 0.07413556
v -0.19667134 0.28782612 0.07429534
v -0.19686484 0.28782612 0.07447266
v -0.19704215 0.28782612 0.07466616
v -0.19720194 0.28782612 0.07487439
v -0.19734295 0.28782612 0.07509574
v -0.19746414 0.28782612 0.07532854
v -0.19756459 0.28782612 0.07557102
v -0.1976435 0.28782612 0.07582134
v -0.19770031 0.28782612 0.07607757
v -0.19773456 0.28782612 0.07633779
v -0.19774602 0.28782612 0.0766
v -0.19773456 0.28782612 0.07686221
v -0.19770031 0.28782612 0.07712242
v -0.1976435 0.28782612 0.07737866
v -0.19756459 0.28782612 0.07762898
v -0.19746414 0.28782612 0.07787146
v -0.19734295 0.28782612 0.07810426
v -0.19720194 0.28782612 0.07832561
v -0.19704215 0.28782612 0.07853384
v -0.19686484 0.28782612 0.07872734
v -0.19667134 0.28782612 0.07890466
v -0.19646311 0.28782612 0.07906444
v -0.19624177 0.28782612 0.07920545
v -0.19600895 0.28782612 0.07932664
v -0.19576648 0.28782612 0.07942709
v -0.19551617 0.28782612 0.079506
v -0.19525993 0.28782612 0.07956281
v -0.19499971 0.28782612 0.07959707
v -0.19473749 0.28782612 0.07960851
v -0.19447529 0.28782612 0.07959707
v -0.19421507 0.28782612 0.07956281
v -0.19395883 0.28782612 0.079506
v -0.19370852 0.28782612 0.07942709
v -0.19346605 0.28782612 0.07932664
v -0.19323324 0.28782612 0.07920545
v -0.19301188 0.28782612 0.07906444
v -0.19280367 0.28782612 0.07890466
v -0.19261016 0.28782612 0.07872734
v -0.19243284 0.28782612 0.07853384
v -0.19227307 0.28782612 0.07832561
v -0.19213204 0.28782612 0.07810426
v -0.19201085 0.28782612 0.07787146
v -0.19191042 0.28782612 0.07762898
v -0.1918315 0.28782612 0.07737866
v -0.19177468 0.28782612 0.07712242
v -0.19174042 0.28782612 0.07686221
v -0.19172898 0.28782612 0.0766
v -0.19174513 0.28780484 0.0763382
v -0.19177933 0.28780484 0.07607839
v -0.19183606 0.28780484 0.07582256
v -0.19191486 0.28780484 0.07557264
v -0.19201514 0.28780484 0.07533054
v -0.19213614 0.28780484 0.0750981
v -0.19227694 0.28780484 0.07487709
v -0.19243646 0.28780484 0.0746692
v -0.1926135 0.28780484 0.074476
v -0.19280669 0.28780484 0.07429896
v -0.19301459 0.28780484 0.07413943
v -0.19323561 0.28780484 0.07399864
v -0.19346803 0.28780484 0.07387763
v -0.19371013 0.28780484 0.07377736
v -0.19396006 0.28780484 0.07369855
v -0.19421589 0.28780484 0.07364184
v -0.1944757 0.28780484 0.07360763
v -0.19473749 0.28780484 0.0735962
v -0.19499929 0.28780484 0.07360763
v -0.19525911 0.28780484 0.07364184
v -0.19551495 0.28780484 0.07369855
v -0.19576485 0.28780484 0.07377736
v -0.19600695 0.28780484 0.07387763
v -0.1962394 0.28780484 0.07399864
v -0.19646041 0.28780484 0.07413943
v -0.1966683 0.28780484 0.07429896
v -0.19686151 0.28780484 0.074476
v -0.19703855 0.28780484 0.0746692
v -0.19719806 0.28780484 0.07487709
v -0.19733886 0.28780484 0.0750981
v -0.19745986 0.28780484 0.07533054
v -0.19756015 0.28780484 0.07557264
v -0.19763894 0.28780484 0.07582256
v -0.19769566 0.28780484 0.07607839
v -0.19772987 0.28780484 0.0763382
v -0.1977413 0.28780484 0.0766
v -0.19772987 0.28780484 0.0768618
v -0.19769566 0.28780484 0.0771216
v -0.19763894 0.28780484 0.07737744
v -0.19756015 0.28780484 0.07762736
v -0.19745986 0.28780484 0.07786946
v -0.19733886 0.28780484 0.0781019
v -0.19719806 0.28780484 0.07832291
v -0.19703855 0.28780484 0.0785308
v -0.19686151 0.28780484 0.078724
v -0.1966683 0.28780484 0.07890105
v -0.19646041 0.28780484 0.07906057
v -0.1962394 0.28780484 0.07920136
v -0.19600695 0.28780484 0.07932237
v -0.19576485 0.28780484 0.07942265
v -0.19551495 0.28780484 0.07950144
v -0.19525911 0.28780484 0.07955816
v -0.19499929 0.28780484 0.07959237
v -0.19473749 0.28780484 0.0796038
v -0.1944757 0.28780484 0.07959237
v -0.19421589 0.28780484 0.07955816
v -0.19396006 0.28780484 0.07950144
v -0.19371013 0.28780484 0.07942265
v -0.19346803 0.28780484 0.07932237
v -0.19323561 0.28780484 0.07920136
v -0.19301459 0.28780484 0.07906057
v -0.19280669 0.28780484 0.07890105
v -0.1926135 0.28780484 0.078724
v -0.19243646 0.28780484 0.0785308
v -0.19227694 0.28780484 0.07832291
v -0.19213614 0.28780484 0.0781019
v -0.19201514 0.28780484 0.07786946
v -0.19191486 0.28780484 0.07762736
v -0.19183606 0.28780484 0.07737744
v -0.19177933 0.28780484 0.0771216
v -0.19174513 0.28780484 0.0768618
v -0.1917337 0.28780484 0.0766
v -0.19174796 0.28778321 0.07633845
v -0.19178215 0.28778321 0.07607889
v -0.1918388 0.28778321 0.0758233
v -0.19191752 0.28778321 0.07557362
v -0.19201772 0.28778321 0.07533174
v -0.1921386 0.28778321 0.07509953
v -0.19227926 0.28778321 0.07487872
v -0.19243863 0.28778321 0.07467102
v -0.19261551 0.28778321 0.07447801
v -0.19280852 0.28778321 0.07430114
v -0.19301623 0.28778321 0.07414176
v -0.19323702 0.28778321 0.0740011
v -0.19346924 0.28778321 0.07388022
v -0.19371112 0.28778321 0.07378003
v -0.1939608 0.28778321 0.07370131
v -0.19421639 0.28778321 0.07364464
v -0.19447595 0.28778321 0.07361047
v -0.19473749 0.28778321 0.07359905
v -0.19499905 0.28778321 0.07361047
v -0.1952586 0.28778321 0.07364464
v -0.1955142 0.28778321 0.07370131
v -0.19576389 0.28778321 0.07378003
v -0.19600576 0.28778321 0.07388022
v -0.19623798 0.28778321 0.0740011
v -0.19645877 0.28778321 0.07414176
v -0.19666648 0.28778321 0.07430114
v -0.19685949 0.28778321 0.07447801
v -0.19703636 0.28778321 0.07467102
v -0.19719574 0.28778321 0.07487872
v -0.19733641 0.28778321 0.07509953
v -0.19745728 0.28778321 0.07533174
v -0.19755748 0.28778321 0.07557362
v -0.1976362 0.28778321 0.0758233
v -0.19769286 0.28778321 0.07607889
v -0.19772702 0.28778321 0.07633845
v -0.19773845 0.28778321 0.0766
v -0.19772702 0.28778321 0.07686155
v -0.19769286 0.28778321 0.07712111
v -0.1976362 0.28778321 0.0773767
v -0.19755748 0.28778321 0.07762638
v -0.19745728 0.28778321 0.07786826
v -0.19733641 0.28778321 0.07810047
v -0.19719574 0.28778321 0.07832128
v -0.19703636 0.28778321 0.07852898
v -0.19685949 0.28778321 0.07872199
v -0.19666648 0.28778321 0.07889886
v -0.19645877 0.28778321 0.07905824
v -0.19623798 0.28778321 0.0791989
v -0.19600576 0.28778321 0.07931978
v -0.19576389 0.28778321 0.07941997
v -0.1955142 0.28778321 0.07949869
v -0.1952586 0.28778321 0.07955536
v -0.19499905 0.28778321 0.07958953
v -0.19473749 0.28778321 0.07960095
v -0.19447595 0.28778321 0.07958953
v -0.19421639 0.28778321 0.07955536
v -0.1939608 0.28778321 0.07949869
v -0.19371112 0.28778321 0.07941997
v -0.19346924 0.28778321 0.07931978
v -0.19323702 0.28778321 0.0791989
v -0.19301623 0.28778321 0.07905824
v -0.19280852 0.28778321 0.07889886
v -0.19261551 0.28778321 0.07872199
v -0.19243863 0.28778321 0.07852898
v -0.19227926 0.28778321 0.07832128
v -0.1921386 0.28778321 0.07810047
v -0.19201772 0.28778321 0.07786826
v -0.19191752 0.28778321 0.07762638
v -0.1918388 0.28778321 0.0773767
v -0.19178215 0.28778321 0.07712111
v -0.19174796 0.28778321 0.07686155
v -0.19173655 0.28778321 0.0766
v -0.19064175 0.28851143 0.07373212
v -0.19090728 0.28851143 0.07338607
v -0.19120197 0.28851143 0.07306447
v -0.19152357 0.28851143 0.07276978
v -0.19186962 0.28851143 0.07250424
v -0.1922375 0.28851143 0.07226987
v -0.19262441 0.28851143 0.07206846
v -0.19302739 0.28851143 0.07190154
v -0.1934434 0.28851143 0.07177037
v -0.19386926 0.28851143 0.07167596
v -0.19430172 0.28851143 0.07161903
v -0.19430172 0.28851143 0.08158097
v -0.19386926 0.28851143 0.08152404
v -0.1934434 0.28851143 0.08142963
v -0.19302739 0.28851143 0.08129846
v -0.19262441 0.28851143 0.08113154
v -0.1922375 0.28851143 0.08093013
v -0.19186962 0.28851143 0.08069576
v -0.19152357 0.28851143 0.08043022
v -0.19120197 0.28851143 0.08013553
v -0.19090728 0.28851143 0.07981393
v -0.19064175 0.28851143 0.07946789
v -0.19926904 0.28851143 0.07871309
v -0.19926904 0.28851143 0.07448691
v -0.19943596 0.28851143 0.0748899
v -0.19956712 0.28851143 0.0753059
v -0.19966154 0.28851143 0.07573176
v -0.19943596 0.28851143 0.0783101
v -0.19971848 0.28851143 0.07616422
v -0.1997375 0.28851143 0.0766
v -0.19971848 0.28851143 0.07703578
v -0.19966154 0.28851143 0.07746824
v -0.19956712 0.28851143 0.07789409
v -0.19517328 0.28851143 0.07161903
v -0.19560574 0.28851143 0.07167596
v -0.1960316 0.28851143 0.07177037
v -0.1964476 0.28851143 0.07190154
v -0.19883326 0.28851143 0.07373212
v -0.19856772 0.28851143 0.07338607
v -0.1968506 0.28851143 0.07206846
v -0.19723751 0.28851143 0.07226987
v -0.19760539 0.28851143 0.07250424
v -0.19795144 0.28851143 0.07276978
v -0.19827303 0.28851143 0.07306447
v -0.19517328 0.28851143 0.08158097
v -0.19560574 0.28851143 0.08152404
v -0.1960316 0.28851143 0.08142963
v -0.1964476 0.28851143 0.08129846
v -0.1968506 0.28851143 0.08113154
v -0.19723751 0.28851143 0.08093013
v -0.19760539 0.28851143 0.08069576
v -0.19795144 0.28851143 0.08043022
v -0.19827303 0.28851143 0.08013553
v -0.19856772 0.28851143 0.07981393
v -0.19883326 0.28851143 0.07946789
v -0.18642166 0.27048641 0.0916
v -0.18642166 0.27048641 0.0901
v -0.18642166 0.27050355 0.0904922
v -0.18642166 0.27055478 0.09088141
v -0.18642166 0.27063975 0.09126469
v -0.18642166 0.27074379 0.0916
v 0.18642166 0.27048641 0.0916
v 0.18642166 0.27074379 0.0916
v 0.18642166 0.27063975 0.09126469
v 0.18642166 0.27055478 0.09088141
v 0.18642166 0.27050355 0.0904922
v 0.18642166 0.27048641 0.0901
v -0.17704876 0.27348644 0.07668583
v -0.17704876 0.27048641 0.07668583
v -0.17442988 0.27348644 0.07895465
v -0.17442988 0.27048641 0.07895465
v -0.17728053 0.27048641 0.0765016
v -0.17728053 0.27348644 0.0765016
v -0.17752706 0.27048641 0.07633762
v -0.17752706 0.27348644 0.07633762
v -0.17778654 0.27048641 0.07619507
v -0.17778654 0.27348644 0.07619507
v -0.17805716 0.27048641 0.07607495
v -0.17805716 0.27348644 0.07607495
v -0.17833696 0.27048641 0.07597814
v -0.17833696 0.27348644 0.07597814
v -0.17862394 0.27048641 0.07590532
v -0.17862394 0.27348644 0.07590532
v -0.17891605 0.27048641 0.07585701
v -0.17891605 0.27348644 0.07585701
v -0.1792112 0.27048641 0.07583357
v -0.1792112 0.27348644 0.07583357
v -0.17950727 0.27048641 0.07583515
v -0.17950727 0.27348644 0.07583515
v -0.17980215 0.27048641 0.07586176
v -0.17980215 0.27348644 0.07586176
v -0.18009372 0.27048641 0.07591319
v -0.18009372 0.27348644 0.07591319
v -0.18037991 0.27048641 0.07598908
v -0.18037991 0.27348644 0.07598908
v -0.18065865 0.27048641 0.07608888
v -0.18065865 0.27348644 0.07608888
v -0.18092798 0.27048641 0.07621189
v -0.18092798 0.27348644 0.07621189
v -0.18118593 0.27048641 0.07635722
v -0.18118593 0.27348644 0.07635722
v -0.18143067 0.27048641 0.07652383
v -0.18143067 0.27348644 0.07652383
v -0.18166047 0.27048641 0.07671053
v -0.18166047 0.27348644 0.07671053
v -0.18187365 0.27048641 0.07691599
v -0.18187365 0.27348644 0.07691599
v -0.18206872 0.27048641 0.07713872
v -0.18206872 0.27348644 0.07713872
v -0.18224426 0.27048641 0.07737715
v -0.18224426 0.27348644 0.07737715
v -0.18239902 0.27048641 0.07762956
v -0.18239902 0.27348644 0.07762956
v -0.18253189 0.27048641 0.07789414
v -0.18253189 0.27348644 0.07789414
v -0.18264192 0.27048641 0.07816901
v -0.18264192 0.27348644 0.07816901
v -0.18272834 0.27048641 0.0784522
v -0.18272834 0.27348644 0.0784522
v -0.1827905 0.27048641 0.07874168
v -0.1827905 0.27348644 0.07874168
v -0.18282798 0.27048641 0.07903536
v -0.18282798 0.27348644 0.07903536
v -0.18284051 0.27048641 0.07933118
v -0.18284051 0.27348644 0.07933118
v -0.18284051 0.27348644 0.0816
v -0.18284051 0.27048641 0.0816
v -0.18282719 0.27048641 0.08190504
v -0.18282719 0.27348644 0.08190504
v -0.18278733 0.27048641 0.08220777
v -0.18278733 0.27348644 0.08220777
v -0.18272124 0.27048641 0.08250587
v -0.18272124 0.27348644 0.08250587
v -0.18262944 0.27048641 0.08279707
v -0.18262944 0.27348644 0.08279707
v -0.18251258 0.27048641 0.08307917
v -0.18251258 0.27348644 0.08307917
v -0.1823716 0.27048641 0.08335
v -0.1823716 0.27348644 0.08335
v -0.18220754 0.27048641 0.08360752
v -0.18220754 0.27348644 0.08360752
v -0.18202166 0.27048641 0.08384976
v -0.18202166 0.27348644 0.08384976
v -0.18181539 0.27048641 0.08407488
v -0.18181539 0.27348644 0.08407488
v -0.18159026 0.27048641 0.08428115
v -0.18159026 0.27348644 0.08428115
v -0.18134803 0.27048641 0.08446703
v -0.18134803 0.27348644 0.08446703
v -0.1810905 0.27048641 0.08463109
v -0.1810905 0.27348644 0.08463109
v -0.18081968 0.27048641 0.08477208
v -0.18081968 0.27348644 0.08477208
v -0.18053758 0.27048641 0.08488893
v -0.18053758 0.27348644 0.08488893
v -0.18024637 0.27048641 0.08498074
v -0.18024637 0.27348644 0.08498074
v -0.17994827 0.27048641 0.08504683
v -0.17994827 0.27348644 0.08504683
v -0.17964555 0.27048641 0.08508668
v -0.17964555 0.27348644 0.08508668
v -0.17934051 0.27048641 0.0851
v -0.17934051 0.27348644 0.0851
v -0.17672163 0.27348644 0.0851
v -0.17672163 0.27048641 0.0851
v -0.06221616 0.27048641 0.0681
v -0.06221616 0.27348644 0.0681
v -0.06251924 0.27048641 0.06811315
v -0.06251924 0.27348644 0.06811315
v -0.06282005 0.27048641 0.06815249
v -0.06282005 0.27348644 0.06815249
v -0.06311632 0.27048641 0.06821773
v -0.06311632 0.27348644 0.06821773
v -0.06340582 0.27048641 0.06830839
v -0.06340582 0.27348644 0.06830839
v -0.06368639 0.27048641 0.06842377
v -0.06368639 0.27348644 0.06842377
v -0.06395591 0.27048641 0.06856301
v -0.06395591 0.27348644 0.06856301
v -0.06421236 0.27048641 0.06872508
v -0.06421236 0.27348644 0.06872508
v -0.06445382 0.27048641 0.06890874
v -0.06445382 0.27348644 0.06890874
v -0.06467846 0.27048641 0.06911261
v -0.06467846 0.27348644 0.06911261
v -0.0648846 0.27048641 0.06933518
v -0.0648846 0.27348644 0.06933518
v -0.0650707 0.27048641 0.06957476
v -0.0650707 0.27348644 0.06957476
v -0.06523535 0.27048641 0.06982955
v -0.06523535 0.27348644 0.06982955
v -0.06537732 0.27048641 0.07009766
v -0.06537732 0.27348644 0.07009766
v -0.06549554 0.27048641 0.07037704
v -0.06549554 0.27348644 0.07037704
v -0.06558913 0.27048641 0.07066561
v -0.06558913 0.27348644 0.07066561
v -0.06565738 0.27048641 0.0709612
v -0.06565738 0.27348644 0.0709612
v -0.06569976 0.27048641 0.07126158
v -0.06569976 0.27348644 0.07126158
v -0.06571598 0.27048641 0.07156452
v -0.06571598 0.27348644 0.07156452
v -0.06570591 0.27048641 0.07186772
v -0.06570591 0.27348644 0.07186772
v -0.06566962 0.27048641 0.07216891
v -0.06566962 0.27348644 0.07216891
v -0.06560738 0.27048641 0.07246582
v -0.06560738 0.27348644 0.07246582
v -0.06551967 0.27048641 0.07275623
v -0.06551967 0.27348644 0.07275623
v -0.06540713 0.27048641 0.07303795
v -0.06540713 0.27348644 0.07303795
v -0.06527063 0.27048641 0.07330887
v -0.06527063 0.27348644 0.07330887
v -0.06511118 0.27048641 0.07356695
v -0.06511118 0.27348644 0.07356695
v -0.06492997 0.27048641 0.07381026
v -0.06492997 0.27348644 0.07381026
v -0.06472838 0.27048641 0.07403696
v -0.06472838 0.27348644 0.07403696
v -0.06450792 0.27048641 0.07424535
v -0.06450792 0.27348644 0.07424535
v -0.05538904 0.27348644 0.08214534
v -0.05538904 0.27048641 0.08214534
v -0.05515905 0.27048641 0.08232827
v -0.05515905 0.27348644 0.08232827
v -0.05491452 0.27048641 0.08249126
v -0.05491452 0.27348644 0.08249126
v -0.05465718 0.27048641 0.08263316
v -0.05465718 0.27348644 0.08263316
v -0.05438884 0.27048641 0.08275298
v -0.05438884 0.27348644 0.08275298
v -0.05411139 0.27048641 0.08284986
v -0.05411139 0.27348644 0.08284986
v -0.0538268 0.27048641 0.08292312
v -0.0538268 0.27348644 0.08292312
v -0.05353706 0.27048641 0.08297226
v -0.05353706 0.27348644 0.08297226
v -0.05324423 0.27048641 0.0829969
v -0.05324423 0.27348644 0.0829969
v -0.05295035 0.27048641 0.0829969
v -0.05295035 0.27348644 0.0829969
v -0.05265751 0.27048641 0.08297226
v -0.05265751 0.27348644 0.08297226
v -0.05236778 0.27048641 0.08292312
v -0.05236778 0.27348644 0.08292312
v -0.05208318 0.27048641 0.08284986
v -0.05208318 0.27348644 0.08284986
v -0.05180574 0.27048641 0.08275298
v -0.05180574 0.27348644 0.08275298
v -0.0515374 0.27048641 0.08263316
v -0.0515374 0.27348644 0.08263316
v -0.05128006 0.27048641 0.08249126
v -0.05128006 0.27348644 0.08249126
v -0.05103553 0.27048641 0.08232827
v -0.05103553 0.27348644 0.08232827
v -0.05080554 0.27048641 0.08214534
v -0.05080554 0.27348644 0.08214534
v -0.04168666 0.27348644 0.07424535
v -0.04168666 0.27048641 0.07424535
v -0.0414662 0.27048641 0.07403696
v -0.0414662 0.27348644 0.07403696
v -0.0412646 0.27048641 0.07381026
v -0.0412646 0.27348644 0.07381026
v -0.0410834 0.27048641 0.07356695
v -0.0410834 0.27348644 0.07356695
v -0.04092395 0.27048641 0.07330887
v -0.04092395 0.27348644 0.07330887
v -0.04078744 0.27048641 0.07303795
v -0.04078744 0.27348644 0.07303795
v -0.04067491 0.27048641 0.07275623
v -0.04067491 0.27348644 0.07275623
v -0.04058719 0.27048641 0.07246582
v -0.04058719 0.27348644 0.07246582
v -0.04052496 0.27048641 0.07216891
v -0.04052496 0.27348644 0.07216891
v -0.04048867 0.27048641 0.07186772
v -0.04048867 0.27348644 0.07186772
v -0.04047859 0.27048641 0.07156452
v -0.04047859 0.27348644 0.07156452
v -0.04049481 0.27048641 0.07126158
v -0.04049481 0.27348644 0.07126158
v -0.0405372 0.27048641 0.0709612
v -0.0405372 0.27348644 0.0709612
v -0.04060544 0.27048641 0.07066561
v -0.04060544 0.27348644 0.07066561
v -0.04069903 0.27048641 0.07037704
v -0.04069903 0.27348644 0.07037704
v -0.04081725 0.27048641 0.07009766
v -0.04081725 0.27348644 0.07009766
v -0.04095922 0.27048641 0.06982955
v -0.04095922 0.27348644 0.06982955
v -0.04112387 0.27048641 0.06957476
v -0.04112387 0.27348644 0.06957476
v -0.04130997 0.27048641 0.06933518
v -0.04130997 0.27348644 0.06933518
v -0.04151611 0.27048641 0.06911261
v -0.04151611 0.27348644 0.06911261
v -0.04174076 0.27048641 0.06890874
v -0.04174076 0.27348644 0.06890874
v -0.04198221 0.27048641 0.06872508
v -0.04198221 0.27348644 0.06872508
v -0.04223866 0.27048641 0.06856301
v -0.04223866 0.27348644 0.06856301
v -0.04250819 0.27048641 0.06842377
v -0.04250819 0.27348644 0.06842377
v -0.04278876 0.27048641 0.06830839
v -0.04278876 0.27348644 0.06830839
v -0.04307826 0.27048641 0.06821773
v -0.04307826 0.27348644 0.06821773
v -0.04337453 0.27048641 0.06815249
v -0.04337453 0.27348644 0.06815249
v -0.04367533 0.27048641 0.06811315
v -0.04367533 0.27348644 0.06811315
v -0.04397841 0.27048641 0.0681
v -0.04397841 0.27348644 0.0681
v -0.07052705 0.27348644 0.0851
v -0.07052705 0.27048641 0.0851
v -0.08876481 0.27348644 0.0851
v -0.08876481 0.27048641 0.0851
v -0.07022397 0.27048641 0.08508685
v -0.07022397 0.27348644 0.08508685
v -0.06992317 0.27048641 0.08504751
v -0.06992317 0.27348644 0.08504751
v -0.06962691 0.27048641 0.08498227
v -0.06962691 0.27348644 0.08498227
v -0.0693374 0.27048641 0.08489161
v -0.0693374 0.27348644 0.08489161
v -0.06905683 0.27048641 0.08477623
v -0.06905683 0.27348644 0.08477623
v -0.06878731 0.27048641 0.08463699
v -0.06878731 0.27348644 0.08463699
v -0.06853086 0.27048641 0.08447492
v -0.06853086 0.27348644 0.08447492
v -0.06828941 0.27048641 0.08429126
v -0.06828941 0.27348644 0.08429126
v -0.06806476 0.27048641 0.08408739
v -0.06806476 0.27348644 0.08408739
v -0.06785861 0.27048641 0.08386482
v -0.06785861 0.27348644 0.08386482
v -0.06767251 0.27048641 0.08362524
v -0.06767251 0.27348644 0.08362524
v -0.06750786 0.27048641 0.08337045
v -0.06750786 0.27348644 0.08337045
v -0.06736589 0.27048641 0.08310235
v -0.06736589 0.27348644 0.08310235
v -0.06724767 0.27048641 0.08282296
v -0.06724767 0.27348644 0.08282296
v -0.06715409 0.27048641 0.0825344
v -0.06715409 0.27348644 0.0825344
v -0.06708585 0.27048641 0.0822388
v -0.06708585 0.27348644 0.0822388
v -0.06704345 0.27048641 0.08193842
v -0.06704345 0.27348644 0.08193842
v -0.06702723 0.27048641 0.08163548
v -0.06702723 0.27348644 0.08163548
v -0.06703731 0.27048641 0.08133228
v -0.06703731 0.27348644 0.08133228
v -0.06707361 0.27048641 0.08103109
v -0.06707361 0.27348644 0.08103109
v -0.06713584 0.27048641 0.08073418
v -0.06713584 0.27348644 0.08073418
v -0.06722356 0.27048641 0.08044377
v -0.06722356 0.27348644 0.08044377
v -0.06733609 0.27048641 0.08016205
v -0.06733609 0.27348644 0.08016205
v -0.06747259 0.27048641 0.07989113
v -0.06747259 0.27348644 0.07989113
v -0.06763204 0.27048641 0.07963305
v -0.06763204 0.27348644 0.07963305
v -0.06781325 0.27048641 0.07938974
v -0.06781325 0.27348644 0.07938974
v -0.06801484 0.27048641 0.07916304
v -0.06801484 0.27348644 0.07916304
v -0.0682353 0.27048641 0.07895465
v -0.0682353 0.27348644 0.07895465
v -0.07735418 0.27348644 0.07105466
v -0.07735418 0.27048641 0.07105466
v -0.07758417 0.27048641 0.07087173
v -0.07758417 0.27348644 0.07087173
v -0.07782871 0.27048641 0.07070874
v -0.07782871 0.27348644 0.07070874
v -0.07808605 0.27048641 0.07056683
v -0.07808605 0.27348644 0.07056683
v -0.07835438 0.27048641 0.07044702
v -0.07835438 0.27348644 0.07044702
v -0.07863183 0.27048641 0.07035014
v -0.07863183 0.27348644 0.07035014
v -0.07891642 0.27048641 0.07027688
v -0.07891642 0.27348644 0.07027688
v -0.07920616 0.27048641 0.07022774
v -0.07920616 0.27348644 0.07022774
v -0.079499 0.27048641 0.07020309
v -0.079499 0.27348644 0.07020309
v -0.07979287 0.27048641 0.07020309
v -0.07979287 0.27348644 0.07020309
v -0.0800857 0.27048641 0.07022774
v -0.0800857 0.27348644 0.07022774
v -0.08037544 0.27048641 0.07027688
v -0.08037544 0.27348644 0.07027688
v -0.08066004 0.27048641 0.07035014
v -0.08066004 0.27348644 0.07035014
v -0.08093748 0.27048641 0.07044702
v -0.08093748 0.27348644 0.07044702
v -0.08120582 0.27048641 0.07056683
v -0.08120582 0.27348644 0.07056683
v -0.08146316 0.27048641 0.07070874
v -0.08146316 0.27348644 0.07070874
v -0.08170769 0.27048641 0.07087173
v -0.08170769 0.27348644 0.07087173
v -0.08193769 0.27048641 0.07105466
v -0.08193769 0.27348644 0.07105466
v -0.09105656 0.27348644 0.07895465
v -0.09105656 0.27048641 0.07895465
v 0.19988938 0.27048641 0.07047969
v 0.19988938 0.27348644 0.07047969
v 0.20024198 0.27048641 0.07079477
v 0.20024198 0.27348644 0.07079477
v 0.2004023 0.27048641 0.07095111
v 0.2004023 0.27348644 0.08224889
v 0.20087229 0.27048641 0.08173463
v 0.20087229 0.27348644 0.08173463
v 0.20129573 0.27048641 0.08118144
v 0.20129573 0.27348644 0.08118144
v 0.20166945 0.27048641 0.0805935
v 0.20166945 0.27348644 0.0805935
v 0.2019906 0.27048641 0.07997528
v 0.2019906 0.27348644 0.07997528
v 0.20225675 0.27048641 0.07933146
v 0.20225675 0.27348644 0.07933146
v 0.20246588 0.27048641 0.07866693
v 0.20246588 0.27348644 0.07866693
v 0.20261639 0.27048641 0.07798672
v 0.20261639 0.27348644 0.07798672
v 0.20270717 0.27048641 0.077296
v 0.20270717 0.27348644 0.077296
v 0.2027375 0.27048641 0.0766
v 0.2027375 0.27348644 0.0766
v 0.20270717 0.27048641 0.075904
v 0.20270717 0.27348644 0.075904
v 0.20261639 0.27048641 0.07521328
v 0.20261639 0.27348644 0.07521328
v 0.20246588 0.27048641 0.07453308
v 0.20246588 0.27348644 0.07453308
v 0.20225675 0.27048641 0.07386854
v 0.20225675 0.27348644 0.07386854
v 0.2019906 0.27048641 0.07322472
v 0.2019906 0.27348644 0.07322472
v 0.20166945 0.27048641 0.0726065
v 0.20166945 0.27348644 0.0726065
v 0.20129573 0.27048641 0.07201856
v 0.20129573 0.27348644 0.07201856
v 0.20087229 0.27048641 0.07146537
v 0.20087229 0.27348644 0.07146537
v 0.2004023 0.27348644 0.07095111
v 0.19988938 0.27348644 0.08272031
v 0.19988938 0.27048641 0.08272031
v 0.20024198 0.27348644 0.08240523
v 0.20024198 0.27048641 0.08240523
v 0.2004023 0.27048641 0.08224889
v 0.19893342 0.27048641 0.08352499
v 0.19893342 0.27348644 0.08352499
v 0.19157355 0.27048641 0.08972031
v 0.19157355 0.27348644 0.08972031
v 0.19108264 0.27348644 0.09010194
v 0.18704298 0.27348644 0.09157584
v 0.18642166 0.27348644 0.0916
v 0.19108264 0.27048641 0.09010194
v 0.19056359 0.27348644 0.0904443
v 0.19056359 0.27048641 0.0904443
v 0.1900195 0.27348644 0.09074531
v 0.1900195 0.27048641 0.09074531
v 0.18945369 0.27348644 0.09100316
v 0.18945369 0.27048641 0.09100316
v 0.18886957 0.27348644 0.09121628
v 0.18886957 0.27048641 0.09121628
v 0.18827064 0.27348644 0.0913834
v 0.18827064 0.27048641 0.0913834
v 0.18766056 0.27348644 0.09150349
v 0.18766056 0.27048641 0.09150349
v 0.18704298 0.27048641 0.09157584
v -0.18642166 0.27348644 0.0916
v -0.18704298 0.27348644 0.09157584
v -0.18704298 0.27048641 0.09157584
v -0.18766056 0.27348644 0.09150349
v -0.18766056 0.27048641 0.09150349
v -0.18827064 0.27348644 0.0913834
v -0.18827064 0.27048641 0.0913834
v -0.18886957 0.27348644 0.09121628
v -0.18886957 0.27048641 0.09121628
v -0.18945369 0.27348644 0.09100316
v -0.18945369 0.27048641 0.09100316
v -0.1900195 0.27348644 0.09074531
v -0.1900195 0.27048641 0.09074531
v -0.19056359 0.27348644 0.0904443
v -0.19056359 0.27048641 0.0904443
v -0.19108264 0.27348644 0.09010194
v -0.19108264 0.27048641 0.09010194
v -0.19157355 0.27348644 0.08972031
v -0.19157355 0.27048641 0.08972031
v -0.19988938 0.27348644 0.08272031
v -0.19988938 0.27048641 0.08272031
v -0.2004023 0.27348644 0.08224889
v -0.2004023 0.27048641 0.08224889
v -0.20087229 0.27348644 0.08173463
v -0.20087229 0.27048641 0.08173463
v -0.20129573 0.27348644 0.08118144
v -0.20129573 0.27048641 0.08118144
v -0.20166945 0.27348644 0.0805935
v -0.20166945 0.27048641 0.0805935
v -0.2019906 0.27348644 0.07997528
v -0.2019906 0.27048641 0.07997528
v -0.20225675 0.27348644 0.07933146
v -0.20225675 0.27048641 0.07933146
v -0.20246588 0.27348644 0.07866693
v -0.20246588 0.27048641 0.07866693
v -0.20261639 0.27348644 0.07798672
v -0.20261639 0.27048641 0.07798672
v -0.20270717 0.27348644 0.077296
v -0.20270717 0.27048641 0.077296
v -0.2027375 0.27348644 0.0766
v -0.2027375 0.27048641 0.0766
v -0.20270717 0.27348644 0.075904
v -0.20270717 0.27048641 0.075904
v -0.20261639 0.27348644 0.07521328
v -0.20261639 0.27048641 0.07521328
v -0.20246588 0.27348644 0.07453308
v -0.20246588 0.27048641 0.07453308
v -0.20225675 0.27348644 0.07386854
v -0.20225675 0.27048641 0.07386854
v -0.2019906 0.27348644 0.07322472
v -0.2019906 0.27048641 0.07322472
v -0.20166945 0.27348644 0.0726065
v -0.20166945 0.27048641 0.0726065
v -0.20129573 0.27348644 0.07201856
v -0.20129573 0.27048641 0.07201856
v -0.20087229 0.27348644 0.07146537
v -0.20087229 0.27048641 0.07146537
v -0.2004023 0.27348644 0.07095111
v -0.2004023 0.27048641 0.07095111
v -0.19988938 0.27348644 0.07047969
v -0.19988938 0.27048641 0.07047969
v -0.19157355 0.27348644 0.06347969
v -0.19157355 0.27048641 0.06347969
v -0.19108264 0.27348644 0.06309806
v -0.19108264 0.27048641 0.06309806
v -0.19056359 0.27348644 0.0627557
v -0.19056359 0.27048641 0.0627557
v -0.1900195 0.27348644 0.06245469
v -0.1900195 0.27048641 0.06245469
v -0.18945369 0.27348644 0.06219684
v -0.18945369 0.27048641 0.06219684
v -0.18886957 0.27348644 0.06198372
v -0.18886957 0.27048641 0.06198372
v -0.18827064 0.27348644 0.0618166
v -0.18827064 0.27048641 0.0618166
v -0.18766056 0.27348644 0.06169651
v -0.18766056 0.27048641 0.06169651
v -0.18704298 0.27348644 0.06162417
v -0.18704298 0.27048641 0.06162417
v -0.18642166 0.27348644 0.0616
v -0.18642166 0.27048641 0.0616
v 0.18642166 0.27348644 0.0616
v 0.18642166 0.27048641 0.0616
v 0.17256619 0.27348644 0.0616
v 0.17256619 0.27048641 0.0616
v 0.14601754 0.27348644 0.0616
v 0.14601754 0.27048641 0.0616
v 0.1194689 0.27348644 0.0616
v 0.1194689 0.27048641 0.0616
v 0.09292025 0.27348644 0.0616
v 0.09292025 0.27048641 0.0616
v 0.06637161 0.27348644 0.0616
v 0.06637161 0.27048641 0.0616
v 0.01068988 0.27348644 0.0616
v 0.01068988 0.27048641 0.0616
v -0.01068988 0.27348644 0.0616
v -0.01068988 0.27048641 0.0616
v -0.03982297 0.27348644 0.0616
v -0.03982297 0.27048641 0.0616
v -0.06637161 0.27348644 0.0616
v -0.06637161 0.27048641 0.0616
v -0.09292025 0.27348644 0.0616
v -0.09292025 0.27048641 0.0616
v -0.1194689 0.27348644 0.0616
v -0.1194689 0.27048641 0.0616
v -0.14601754 0.27348644 0.0616
v -0.14601754 0.27048641 0.0616
v -0.17256619 0.27348644 0.0616
v -0.17256619 0.27048641 0.0616
v 0.18704298 0.27348644 0.06162417
v 0.18704298 0.27048641 0.06162417
v 0.18766056 0.27348644 0.06169651
v 0.18766056 0.27048641 0.06169651
v 0.18827064 0.27348644 0.0618166
v 0.18827064 0.27048641 0.0618166
v 0.18886957 0.27348644 0.06198372
v 0.18886957 0.27048641 0.06198372
v 0.18945369 0.27348644 0.06219684
v 0.18945369 0.27048641 0.06219684
v 0.1900195 0.27348644 0.06245469
v 0.1900195 0.27048641 0.06245469
v 0.19056359 0.27348644 0.0627557
v 0.19056359 0.27048641 0.0627557
v 0.19108264 0.27348644 0.06309806
v 0.19108264 0.27048641 0.06309806
v 0.19157355 0.27348644 0.06347969
v 0.19157355 0.27048641 0.06347969
v 0.15017299 0.27048641 0.0681
v 0.15017299 0.27348644 0.0681
v 0.1498699 0.27048641 0.06811315
v 0.1498699 0.27348644 0.06811315
v 0.14956911 0.27048641 0.06815249
v 0.14956911 0.27348644 0.06815249
v 0.14927283 0.27048641 0.06821773
v 0.14927283 0.27348644 0.06821773
v 0.14898333 0.27048641 0.06830839
v 0.14898333 0.27348644 0.06830839
v 0.14870277 0.27048641 0.06842377
v 0.14870277 0.27348644 0.06842377
v 0.14843324 0.27048641 0.06856301
v 0.14843324 0.27348644 0.06856301
v 0.14817679 0.27048641 0.06872508
v 0.14817679 0.27348644 0.06872508
v 0.14793533 0.27048641 0.06890874
v 0.14793533 0.27348644 0.06890874
v 0.1477107 0.27048641 0.06911261
v 0.1477107 0.27348644 0.06911261
v 0.14750455 0.27048641 0.06933518
v 0.14750455 0.27348644 0.06933518
v 0.14731845 0.27048641 0.06957476
v 0.14731845 0.27348644 0.06957476
v 0.14715379 0.27048641 0.06982955
v 0.14715379 0.27348644 0.06982955
v 0.14701183 0.27048641 0.07009766
v 0.14701183 0.27348644 0.07009766
v 0.14689361 0.27048641 0.07037704
v 0.14689361 0.27348644 0.07037704
v 0.14680003 0.27048641 0.07066561
v 0.14680003 0.27348644 0.07066561
v 0.14673178 0.27048641 0.0709612
v 0.14673178 0.27348644 0.0709612
v 0.14668939 0.27048641 0.07126158
v 0.14668939 0.27348644 0.07126158
v 0.14667317 0.27048641 0.07156452
v 0.14667317 0.27348644 0.07156452
v 0.14668325 0.27048641 0.07186772
v 0.14668325 0.27348644 0.07186772
v 0.14671953 0.27048641 0.07216891
v 0.14671953 0.27348644 0.07216891
v 0.14678177 0.27048641 0.07246582
v 0.14678177 0.27348644 0.07246582
v 0.14686948 0.27048641 0.07275623
v 0.14686948 0.27348644 0.07275623
v 0.14698201 0.27048641 0.07303795
v 0.14698201 0.27348644 0.07303795
v 0.14711852 0.27048641 0.07330887
v 0.14711852 0.27348644 0.07330887
v 0.14727798 0.27048641 0.07356695
v 0.14727798 0.27348644 0.07356695
v 0.14745918 0.27048641 0.07381026
v 0.14745918 0.27348644 0.07381026
v 0.14766078 0.27048641 0.07403696
v 0.14766078 0.27348644 0.07403696
v 0.14788124 0.27048641 0.07424535
v 0.14788124 0.27348644 0.07424535
v 0.15700011 0.27348644 0.08214534
v 0.15700011 0.27048641 0.08214534
v 0.15723011 0.27048641 0.08232827
v 0.15723011 0.27348644 0.08232827
v 0.15747464 0.27048641 0.08249126
v 0.15747464 0.27348644 0.08249126
v 0.15773198 0.27048641 0.08263316
v 0.15773198 0.27348644 0.08263316
v 0.15800032 0.27048641 0.08275298
v 0.15800032 0.27348644 0.08275298
v 0.15827776 0.27048641 0.08284986
v 0.15827776 0.27348644 0.08284986
v 0.15856235 0.27048641 0.08292312
v 0.15856235 0.27348644 0.08292312
v 0.15885209 0.27048641 0.08297226
v 0.15885209 0.27348644 0.08297226
v 0.15914492 0.27048641 0.0829969
v 0.15914492 0.27348644 0.0829969
v 0.1594388 0.27048641 0.0829969
v 0.1594388 0.27348644 0.0829969
v 0.15973164 0.27048641 0.08297226
v 0.15973164 0.27348644 0.08297226
v 0.16002138 0.27048641 0.08292312
v 0.16002138 0.27348644 0.08292312
v 0.16030596 0.27048641 0.08284986
v 0.16030596 0.27348644 0.08284986
v 0.16058341 0.27048641 0.08275298
v 0.16058341 0.27348644 0.08275298
v 0.16085175 0.27048641 0.08263316
v 0.16085175 0.27348644 0.08263316
v 0.16110909 0.27048641 0.08249126
v 0.16110909 0.27348644 0.08249126
v 0.16135362 0.27048641 0.08232827
v 0.16135362 0.27348644 0.08232827
v 0.16158362 0.27048641 0.08214534
v 0.16158362 0.27348644 0.08214534
v 0.17070249 0.27348644 0.07424535
v 0.17070249 0.27048641 0.07424535
v 0.17092296 0.27048641 0.07403696
v 0.17092296 0.27348644 0.07403696
v 0.17112455 0.27048641 0.07381026
v 0.17112455 0.27348644 0.07381026
v 0.17130575 0.27048641 0.07356695
v 0.17130575 0.27348644 0.07356695
v 0.1714652 0.27048641 0.07330887
v 0.1714652 0.27348644 0.07330887
v 0.17160171 0.27048641 0.07303795
v 0.17160171 0.27348644 0.07303795
v 0.17171425 0.27048641 0.07275623
v 0.17171425 0.27348644 0.07275623
v 0.17180195 0.27048641 0.07246582
v 0.17180195 0.27348644 0.07246582
v 0.1718642 0.27048641 0.07216891
v 0.1718642 0.27348644 0.07216891
v 0.17190048 0.27048641 0.07186772
v 0.17190048 0.27348644 0.07186772
v 0.17191055 0.27048641 0.07156452
v 0.17191055 0.27348644 0.07156452
v 0.17189434 0.27048641 0.07126158
v 0.17189434 0.27348644 0.07126158
v 0.17185195 0.27048641 0.0709612
v 0.17185195 0.27348644 0.0709612
v 0.1717837 0.27048641 0.07066561
v 0.1717837 0.27348644 0.07066561
v 0.17169012 0.27048641 0.07037704
v 0.17169012 0.27348644 0.07037704
v 0.1715719 0.27048641 0.07009766
v 0.1715719 0.27348644 0.07009766
v 0.17142993 0.27048641 0.06982955
v 0.17142993 0.27348644 0.06982955
v 0.17126527 0.27048641 0.06957476
v 0.17126527 0.27348644 0.06957476
v 0.17107919 0.27048641 0.06933518
v 0.17107919 0.27348644 0.06933518
v 0.17087303 0.27048641 0.06911261
v 0.17087303 0.27348644 0.06911261
v 0.1706484 0.27048641 0.06890874
v 0.1706484 0.27348644 0.06890874
v 0.17040694 0.27048641 0.06872508
v 0.17040694 0.27348644 0.06872508
v 0.17015049 0.27048641 0.06856301
v 0.17015049 0.27348644 0.06856301
v 0.16988097 0.27048641 0.06842377
v 0.16988097 0.27348644 0.06842377
v 0.1696004 0.27048641 0.06830839
v 0.1696004 0.27348644 0.06830839
v 0.1693109 0.27048641 0.06821773
v 0.1693109 0.27348644 0.06821773
v 0.16901462 0.27048641 0.06815249
v 0.16901462 0.27348644 0.06815249
v 0.16871382 0.27048641 0.06811315
v 0.16871382 0.27348644 0.06811315
v 0.16841073 0.27048641 0.0681
v 0.16841073 0.27348644 0.0681
v -0.11531345 0.27048641 0.0681
v -0.11531345 0.27348644 0.0681
v -0.11561653 0.27048641 0.06811315
v -0.11561653 0.27348644 0.06811315
v -0.11591734 0.27048641 0.06815249
v -0.11591734 0.27348644 0.06815249
v -0.1162136 0.27048641 0.06821773
v -0.1162136 0.27348644 0.06821773
v -0.11650311 0.27048641 0.06830839
v -0.11650311 0.27348644 0.06830839
v -0.11678368 0.27048641 0.06842377
v -0.11678368 0.27348644 0.06842377
v -0.1170532 0.27048641 0.06856301
v -0.1170532 0.27348644 0.06856301
v -0.11730965 0.27048641 0.06872508
v -0.11730965 0.27348644 0.06872508
v -0.1175511 0.27048641 0.06890874
v -0.1175511 0.27348644 0.06890874
v -0.11777575 0.27048641 0.06911261
v -0.11777575 0.27348644 0.06911261
v -0.1179819 0.27048641 0.06933518
v -0.1179819 0.27348644 0.06933518
v -0.11816799 0.27048641 0.06957476
v -0.11816799 0.27348644 0.06957476
v -0.11833265 0.27048641 0.06982955
v -0.11833265 0.27348644 0.06982955
v -0.11847462 0.27048641 0.07009766
v -0.11847462 0.27348644 0.07009766
v -0.11859284 0.27048641 0.07037704
v -0.11859284 0.27348644 0.07037704
v -0.11868642 0.27048641 0.07066561
v -0.11868642 0.27348644 0.07066561
v -0.11875466 0.27048641 0.0709612
v -0.11875466 0.27348644 0.0709612
v -0.11879705 0.27048641 0.07126158
v -0.11879705 0.27348644 0.07126158
v -0.11881327 0.27048641 0.07156452
v -0.11881327 0.27348644 0.07156452
v -0.1188032 0.27048641 0.07186772
v -0.1188032 0.27348644 0.07186772
v -0.1187669 0.27048641 0.07216891
v -0.1187669 0.27348644 0.07216891
v -0.11870467 0.27048641 0.07246582
v -0.11870467 0.27348644 0.07246582
v -0.11861695 0.27048641 0.07275623
v -0.11861695 0.27348644 0.07275623
v -0.11850442 0.27048641 0.07303795
v -0.11850442 0.27348644 0.07303795
v -0.11836792 0.27048641 0.07330887
v -0.11836792 0.27348644 0.07330887
v -0.11820846 0.27048641 0.07356695
v -0.11820846 0.27348644 0.07356695
v -0.11802726 0.27048641 0.07381026
v -0.11802726 0.27348644 0.07381026
v -0.11782567 0.27048641 0.07403696
v -0.11782567 0.27348644 0.07403696
v -0.11760521 0.27048641 0.07424535
v -0.11760521 0.27348644 0.07424535
v 0.13503498 0.27348644 0.07105466
v 0.13503498 0.27048641 0.07105466
v 0.14415385 0.27348644 0.07895465
v 0.14415385 0.27048641 0.07895465
v 0.13480498 0.27048641 0.07087173
v 0.13480498 0.27348644 0.07087173
v 0.13456045 0.27048641 0.07070874
v 0.13456045 0.27348644 0.07070874
v 0.13430311 0.27048641 0.07056683
v 0.13430311 0.27348644 0.07056683
v 0.13403477 0.27048641 0.07044702
v 0.13403477 0.27348644 0.07044702
v 0.13375732 0.27048641 0.07035014
v 0.13375732 0.27348644 0.07035014
v 0.13347273 0.27048641 0.07027688
v 0.13347273 0.27348644 0.07027688
v 0.13318299 0.27048641 0.07022774
v 0.13318299 0.27348644 0.07022774
v 0.13289015 0.27048641 0.07020309
v 0.13289015 0.27348644 0.07020309
v 0.13259628 0.27048641 0.07020309
v 0.13259628 0.27348644 0.07020309
v 0.13230345 0.27048641 0.07022774
v 0.13230345 0.27348644 0.07022774
v 0.13201371 0.27048641 0.07027688
v 0.13201371 0.27348644 0.07027688
v 0.13172911 0.27048641 0.07035014
v 0.13172911 0.27348644 0.07035014
v 0.13145167 0.27048641 0.07044702
v 0.13145167 0.27348644 0.07044702
v 0.13118334 0.27048641 0.07056683
v 0.13118334 0.27348644 0.07056683
v 0.130926 0.27048641 0.07070874
v 0.130926 0.27348644 0.07070874
v 0.13068146 0.27048641 0.07087173
v 0.13068146 0.27348644 0.07087173
v 0.13045147 0.27048641 0.07105466
v 0.13045147 0.27348644 0.07105466
v 0.17442988 0.27048641 0.07895465
v 0.17442988 0.27348644 0.07895465
v 0.17420942 0.27048641 0.07916304
v 0.17420942 0.27348644 0.07916304
v 0.17400782 0.27048641 0.07938974
v 0.17400782 0.27348644 0.07938974
v 0.17382662 0.27048641 0.07963305
v 0.17382662 0.27348644 0.07963305
v 0.17366716 0.27048641 0.07989113
v 0.17366716 0.27348644 0.07989113
v 0.17353067 0.27048641 0.08016205
v 0.17353067 0.27348644 0.08016205
v 0.17341813 0.27048641 0.08044377
v 0.17341813 0.27348644 0.08044377
v 0.17333041 0.27048641 0.08073418
v 0.17333041 0.27348644 0.08073418
v 0.17326818 0.27048641 0.08103109
v 0.17326818 0.27348644 0.08103109
v 0.17323188 0.27048641 0.08133228
v 0.17323188 0.27348644 0.08133228
v 0.17322181 0.27048641 0.08163548
v 0.17322181 0.27348644 0.08163548
v 0.17323804 0.27048641 0.08193842
v 0.17323804 0.27348644 0.08193842
v 0.17328042 0.27048641 0.0822388
v 0.17328042 0.27348644 0.0822388
v 0.17334867 0.27048641 0.0825344
v 0.17334867 0.27348644 0.0825344
v 0.17344224 0.27048641 0.08282296
v 0.17344224 0.27348644 0.08282296
v 0.17356047 0.27048641 0.08310235
v 0.17356047 0.27348644 0.08310235
v 0.17370243 0.27048641 0.08337045
v 0.17370243 0.27348644 0.08337045
v 0.17386709 0.27048641 0.08362524
v 0.17386709 0.27348644 0.08362524
v 0.17405319 0.27048641 0.08386482
v 0.17405319 0.27348644 0.08386482
v 0.17425933 0.27048641 0.08408739
v 0.17425933 0.27348644 0.08408739
v 0.17448398 0.27048641 0.08429126
v 0.17448398 0.27348644 0.08429126
v 0.17472543 0.27048641 0.08447492
v 0.17472543 0.27348644 0.08447492
v 0.17498189 0.27048641 0.08463699
v 0.17498189 0.27348644 0.08463699
v 0.17525141 0.27048641 0.08477623
v 0.17525141 0.27348644 0.08477623
v 0.17553197 0.27048641 0.08489161
v 0.17553197 0.27348644 0.08489161
v 0.17582148 0.27048641 0.08498227
v 0.17582148 0.27348644 0.08498227
v 0.17611775 0.27048641 0.08504751
v 0.17611775 0.27348644 0.08504751
v 0.17641856 0.27048641 0.08508685
v 0.17641856 0.27348644 0.08508685
v 0.17672163 0.27048641 0.0851
v 0.17672163 0.27348644 0.0851
v 0.17934051 0.27348644 0.0851
v 0.17934051 0.27048641 0.0851
v 0.17964555 0.27048641 0.08508668
v 0.17964555 0.27348644 0.08508668
v 0.17994827 0.27048641 0.08504683
v 0.17994827 0.27348644 0.08504683
v 0.18024637 0.27048641 0.08498074
v 0.18024637 0.27348644 0.08498074
v 0.18053758 0.27048641 0.08488893
v 0.18053758 0.27348644 0.08488893
v 0.18081968 0.27048641 0.08477208
v 0.18081968 0.27348644 0.08477208
v 0.1810905 0.27048641 0.08463109
v 0.1810905 0.27348644 0.08463109
v 0.18134803 0.27048641 0.08446703
v 0.18134803 0.27348644 0.08446703
v 0.18159026 0.27048641 0.08428115
v 0.18159026 0.27348644 0.08428115
v 0.18181539 0.27048641 0.08407488
v 0.18181539 0.27348644 0.08407488
v 0.18202166 0.27048641 0.08384976
v 0.18202166 0.27348644 0.08384976
v 0.18220754 0.27048641 0.08360752
v 0.18220754 0.27348644 0.08360752
v 0.1823716 0.27048641 0.08335
v 0.1823716 0.27348644 0.08335
v 0.18251258 0.27048641 0.08307917
v 0.18251258 0.27348644 0.08307917
v 0.18262944 0.27048641 0.08279707
v 0.18262944 0.27348644 0.08279707
v 0.18272124 0.27048641 0.08250587
v 0.18272124 0.27348644 0.08250587
v 0.18278733 0.27048641 0.08220777
v 0.18278733 0.27348644 0.08220777
v 0.18282719 0.27048641 0.08190504
v 0.18282719 0.27348644 0.08190504
v 0.18284051 0.27048641 0.0816
v 0.18284051 0.27348644 0.0816
v 0.18284051 0.27348644 0.07933118
v 0.18284051 0.27048641 0.07933118
v 0.18282798 0.27048641 0.07903536
v 0.18282798 0.27348644 0.07903536
v 0.1827905 0.27048641 0.07874168
v 0.1827905 0.27348644 0.07874168
v 0.18272834 0.27048641 0.0784522
v 0.18272834 0.27348644 0.0784522
v 0.18264192 0.27048641 0.07816901
v 0.18264192 0.27348644 0.07816901
v 0.18253189 0.27048641 0.07789414
v 0.18253189 0.27348644 0.07789414
v 0.18239902 0.27048641 0.07762956
v 0.18239902 0.27348644 0.07762956
v 0.18224426 0.27048641 0.07737715
v 0.18224426 0.27348644 0.07737715
v 0.18206872 0.27048641 0.07713872
v 0.18206872 0.27348644 0.07713872
v 0.18187365 0.27048641 0.07691599
v 0.18187365 0.27348644 0.07691599
v 0.18166047 0.27048641 0.07671053
v 0.18166047 0.27348644 0.07671053
v 0.18143067 0.27048641 0.07652383
v 0.18143067 0.27348644 0.07652383
v 0.18118593 0.27048641 0.07635722
v 0.18118593 0.27348644 0.07635722
v 0.18092798 0.27048641 0.07621189
v 0.18092798 0.27348644 0.07621189
v 0.18065865 0.27048641 0.07608888
v 0.18065865 0.27348644 0.07608888
v 0.18037991 0.27048641 0.07598908
v 0.18037991 0.27348644 0.07598908
v 0.18009372 0.27048641 0.07591319
v 0.18009372 0.27348644 0.07591319
v 0.17980215 0.27048641 0.07586176
v 0.17980215 0.27348644 0.07586176
v 0.17950727 0.27048641 0.07583515
v 0.17950727 0.27348644 0.07583515
v 0.1792112 0.27048641 0.07583357
v 0.1792112 0.27348644 0.07583357
v 0.17891605 0.27048641 0.07585701
v 0.17891605 0.27348644 0.07585701
v 0.17862394 0.27048641 0.07590532
v 0.17862394 0.27348644 0.07590532
v 0.17833696 0.27048641 0.07597814
v 0.17833696 0.27348644 0.07597814
v 0.17805716 0.27048641 0.07607495
v 0.17805716 0.27348644 0.07607495
v 0.17778654 0.27048641 0.07619507
v 0.17778654 0.27348644 0.07619507
v 0.17752706 0.27048641 0.07633762
v 0.17752706 0.27348644 0.07633762
v 0.17728053 0.27048641 0.0765016
v 0.17728053 0.27348644 0.0765016
v 0.17704876 0.27048641 0.07668583
v 0.17704876 0.27348644 0.07668583
v 0.12133259 0.27048641 0.07895465
v 0.12133259 0.27348644 0.07895465
v 0.0970757 0.27048641 0.0681
v 0.11531345 0.27048641 0.0681
v 0.0970757 0.27348644 0.0681
v 0.11531345 0.27348644 0.0681
v 0.0682353 0.27048641 0.07895465
v 0.07735418 0.27048641 0.07105466
v 0.0682353 0.27348644 0.07895465
v 0.07735418 0.27348644 0.07105466
v 0.04397841 0.27048641 0.0681
v 0.06221616 0.27048641 0.0681
v 0.04397841 0.27348644 0.0681
v 0.06221616 0.27348644 0.0681
v 0.01513801 0.27048641 0.07895465
v 0.02425689 0.27048641 0.07105466
v 0.01513801 0.27348644 0.07895465
v 0.02425689 0.27348644 0.07105466
v -0.14415385 0.27048641 0.07895465
v -0.14415385 0.27348644 0.07895465
v -0.14437431 0.27048641 0.07916304
v -0.14437431 0.27348644 0.07916304
v -0.14457591 0.27048641 0.07938974
v -0.14457591 0.27348644 0.07938974
v -0.14475711 0.27048641 0.07963305
v -0.14475711 0.27348644 0.07963305
v -0.14491656 0.27048641 0.07989113
v -0.14491656 0.27348644 0.07989113
v -0.14505306 0.27048641 0.08016205
v -0.14505306 0.27348644 0.08016205
v -0.14516559 0.27048641 0.08044377
v -0.14516559 0.27348644 0.08044377
v -0.14525332 0.27048641 0.08073418
v -0.14525332 0.27348644 0.08073418
v -0.14531554 0.27048641 0.08103109
v -0.14531554 0.27348644 0.08103109
v -0.14535184 0.27048641 0.08133228
v -0.14535184 0.27348644 0.08133228
v -0.14536192 0.27048641 0.08163548
v -0.14536192 0.27348644 0.08163548
v -0.1453457 0.27048641 0.08193842
v -0.1453457 0.27348644 0.08193842
v -0.14530331 0.27048641 0.0822388
v -0.14530331 0.27348644 0.0822388
v -0.14523506 0.27048641 0.0825344
v -0.14523506 0.27348644 0.0825344
v -0.14514148 0.27048641 0.08282296
v -0.14514148 0.27348644 0.08282296
v -0.14502326 0.27048641 0.08310235
v -0.14502326 0.27348644 0.08310235
v -0.14488129 0.27048641 0.08337045
v -0.14488129 0.27348644 0.08337045
v -0.14471664 0.27048641 0.08362524
v -0.14471664 0.27348644 0.08362524
v -0.14453053 0.27048641 0.08386482
v -0.14453053 0.27348644 0.08386482
v -0.14432439 0.27048641 0.08408739
v -0.14432439 0.27348644 0.08408739
v -0.14409974 0.27048641 0.08429126
v -0.14409974 0.27348644 0.08429126
v -0.1438583 0.27048641 0.08447492
v -0.1438583 0.27348644 0.08447492
v -0.14360185 0.27048641 0.08463699
v -0.14360185 0.27348644 0.08463699
v -0.14333232 0.27048641 0.08477623
v -0.14333232 0.27348644 0.08477623
v -0.14305176 0.27048641 0.08489161
v -0.14305176 0.27348644 0.08489161
v -0.14276224 0.27048641 0.08498227
v -0.14276224 0.27348644 0.08498227
v -0.14246598 0.27048641 0.08504751
v -0.14246598 0.27348644 0.08504751
v -0.14216518 0.27048641 0.08508685
v -0.14216518 0.27348644 0.08508685
v -0.14186209 0.27048641 0.0851
v -0.14186209 0.27348644 0.0851
v -0.03795927 0.27048641 0.07895465
v -0.03795927 0.27348644 0.07895465
v -0.03817974 0.27048641 0.07916304
v -0.03817974 0.27348644 0.07916304
v -0.03838133 0.27048641 0.07938974
v -0.03838133 0.27348644 0.07938974
v -0.03856253 0.27048641 0.07963305
v -0.03856253 0.27348644 0.07963305
v -0.03872198 0.27048641 0.07989113
v -0.03872198 0.27348644 0.07989113
v -0.03885849 0.27048641 0.08016205
v -0.03885849 0.27348644 0.08016205
v -0.03897102 0.27048641 0.08044377
v -0.03897102 0.27348644 0.08044377
v -0.03905874 0.27048641 0.08073418
v -0.03905874 0.27348644 0.08073418
v -0.03912097 0.27048641 0.08103109
v -0.03912097 0.27348644 0.08103109
v -0.03915726 0.27048641 0.08133228
v -0.03915726 0.27348644 0.08133228
v -0.03916734 0.27048641 0.08163548
v -0.03916734 0.27348644 0.08163548
v -0.03915112 0.27048641 0.08193842
v -0.03915112 0.27348644 0.08193842
v -0.03910873 0.27048641 0.0822388
v -0.03910873 0.27348644 0.0822388
v -0.03904049 0.27048641 0.0825344
v -0.03904049 0.27348644 0.0825344
v -0.0389469 0.27048641 0.08282296
v -0.0389469 0.27348644 0.08282296
v -0.03882868 0.27048641 0.08310235
v -0.03882868 0.27348644 0.08310235
v -0.03868671 0.27048641 0.08337045
v -0.03868671 0.27348644 0.08337045
v -0.03852206 0.27048641 0.08362524
v -0.03852206 0.27348644 0.08362524
v -0.03833596 0.27048641 0.08386482
v -0.03833596 0.27348644 0.08386482
v -0.03812982 0.27048641 0.08408739
v -0.03812982 0.27348644 0.08408739
v -0.03790517 0.27048641 0.08429126
v -0.03790517 0.27348644 0.08429126
v -0.03766372 0.27048641 0.08447492
v -0.03766372 0.27348644 0.08447492
v -0.03740727 0.27048641 0.08463699
v -0.03740727 0.27348644 0.08463699
v -0.03713774 0.27048641 0.08477623
v -0.03713774 0.27348644 0.08477623
v -0.03685718 0.27048641 0.08489161
v -0.03685718 0.27348644 0.08489161
v -0.03656767 0.27048641 0.08498227
v -0.03656767 0.27348644 0.08498227
v -0.0362714 0.27048641 0.08504751
v -0.0362714 0.27348644 0.08504751
v -0.0359706 0.27048641 0.08508685
v -0.0359706 0.27348644 0.08508685
v -0.03566752 0.27048641 0.0851
v -0.03566752 0.27348644 0.0851
v -0.16158362 0.27048641 0.08214534
v -0.17070249 0.27048641 0.07424535
v -0.16158362 0.27348644 0.08214534
v -0.17070249 0.27348644 0.07424535
v -0.0970757 0.27048641 0.0681
v -0.0970757 0.27348644 0.0681
v 0.19473749 0.27048641 0.0736
v 0.19473749 0.27348644 0.0736
v 0.19447604 0.27048641 0.07361142
v 0.19447604 0.27348644 0.07361142
v 0.19421655 0.27048641 0.07364558
v 0.19421655 0.27348644 0.07364558
v 0.19396104 0.27048641 0.07370222
v 0.19396104 0.27348644 0.07370222
v 0.19371144 0.27048641 0.07378092
v 0.19371144 0.27348644 0.07378092
v 0.19346964 0.27048641 0.07388107
v 0.19346964 0.27348644 0.07388107
v 0.1932375 0.27048641 0.07400192
v 0.1932375 0.27348644 0.07400192
v 0.19301677 0.27048641 0.07414255
v 0.19301677 0.27348644 0.07414255
v 0.19280913 0.27048641 0.07430187
v 0.19280913 0.27348644 0.07430187
v 0.19261618 0.27048641 0.07447868
v 0.19261618 0.27348644 0.07447868
v 0.19243936 0.27048641 0.07467163
v 0.19243936 0.27348644 0.07467163
v 0.19228004 0.27048641 0.07487927
v 0.19228004 0.27348644 0.07487927
v 0.19213942 0.27048641 0.0751
v 0.19213942 0.27348644 0.0751
v 0.19201858 0.27048641 0.07533214
v 0.19201858 0.27348644 0.07533214
v 0.19191842 0.27048641 0.07557394
v 0.19191842 0.27348644 0.07557394
v 0.19183972 0.27048641 0.07582355
v 0.19183972 0.27348644 0.07582355
v 0.19178307 0.27048641 0.07607906
v 0.19178307 0.27348644 0.07607906
v 0.19174892 0.27048641 0.07633853
v 0.19174892 0.27348644 0.07633853
v 0.1917375 0.27048641 0.0766
v 0.1917375 0.27348644 0.0766
v 0.19174892 0.27048641 0.07686147
v 0.19174892 0.27348644 0.07686147
v 0.19178307 0.27048641 0.07712094
v 0.19178307 0.27348644 0.07712094
v 0.19183972 0.27048641 0.07737646
v 0.19183972 0.27348644 0.07737646
v 0.19191842 0.27048641 0.07762606
v 0.19191842 0.27348644 0.07762606
v 0.19201858 0.27048641 0.07786786
v 0.19201858 0.27348644 0.07786786
v 0.19213942 0.27048641 0.0781
v 0.19213942 0.27348644 0.0781
v 0.19228004 0.27048641 0.07832073
v 0.19228004 0.27348644 0.07832073
v 0.19243936 0.27048641 0.07852836
v 0.19243936 0.27348644 0.07852836
v 0.19261618 0.27048641 0.07872132
v 0.19261618 0.27348644 0.07872132
v 0.19280913 0.27048641 0.07889813
v 0.19280913 0.27348644 0.07889813
v 0.19301677 0.27048641 0.07905746
v 0.19301677 0.27348644 0.07905746
v 0.1932375 0.27048641 0.07919808
v 0.1932375 0.27348644 0.07919808
v 0.19346964 0.27048641 0.07931893
v 0.19346964 0.27348644 0.07931893
v 0.19371144 0.27048641 0.07941908
v 0.19371144 0.27348644 0.07941908
v 0.19396104 0.27048641 0.07949778
v 0.19396104 0.27348644 0.07949778
v 0.19421655 0.27048641 0.07955442
v 0.19421655 0.27348644 0.07955442
v 0.19447604 0.27048641 0.07958858
v 0.19447604 0.27348644 0.07958858
v 0.19473749 0.27048641 0.0796
v 0.19473749 0.27348644 0.0796
v 0.19499896 0.27048641 0.07958858
v 0.19499896 0.27348644 0.07958858
v 0.19525844 0.27048641 0.07955442
v 0.19525844 0.27348644 0.07955442
v 0.19551396 0.27048641 0.07949778
v 0.19551396 0.27348644 0.07949778
v 0.19576356 0.27048641 0.07941908
v 0.19576356 0.27348644 0.07941908
v 0.19600536 0.27048641 0.07931893
v 0.19600536 0.27348644 0.07931893
v 0.1962375 0.27048641 0.07919808
v 0.1962375 0.27348644 0.07919808
v 0.19645824 0.27048641 0.07905746
v 0.19645824 0.27348644 0.07905746
v 0.19666587 0.27048641 0.07889813
v 0.19666587 0.27348644 0.07889813
v 0.19685882 0.27048641 0.07872132
v 0.19685882 0.27348644 0.07872132
v 0.19703564 0.27048641 0.07852836
v 0.19703564 0.27348644 0.07852836
v 0.19719495 0.27048641 0.07832073
v 0.19719495 0.27348644 0.07832073
v 0.19733557 0.27048641 0.0781
v 0.19733557 0.27348644 0.0781
v 0.19745642 0.27048641 0.07786786
v 0.19745642 0.27348644 0.07786786
v 0.19755659 0.27048641 0.07762606
v 0.19755659 0.27348644 0.07762606
v 0.19763528 0.27048641 0.07737646
v 0.19763528 0.27348644 0.07737646
v 0.19769192 0.27048641 0.07712094
v 0.19769192 0.27348644 0.07712094
v 0.19772609 0.27048641 0.07686147
v 0.19772609 0.27348644 0.07686147
v 0.1977375 0.27048641 0.0766
v 0.1977375 0.27348644 0.0766
v 0.19772609 0.27048641 0.07633853
v 0.19772609 0.27348644 0.07633853
v 0.19769192 0.27048641 0.07607906
v 0.19769192 0.27348644 0.07607906
v 0.19763528 0.27048641 0.07582355
v 0.19763528 0.27348644 0.07582355
v 0.19755659 0.27048641 0.07557394
v 0.19755659 0.27348644 0.07557394
v 0.19745642 0.27048641 0.07533214
v 0.19745642 0.27348644 0.07533214
v 0.19733557 0.27048641 0.0751
v 0.19733557 0.27348644 0.0751
v 0.19719495 0.27048641 0.07487927
v 0.19719495 0.27348644 0.07487927
v 0.19703564 0.27048641 0.07467163
v 0.19703564 0.27348644 0.07467163
v 0.19685882 0.27048641 0.07447868
v 0.19685882 0.27348644 0.07447868
v 0.19666587 0.27048641 0.07430187
v 0.19666587 0.27348644 0.07430187
v 0.19645824 0.27048641 0.07414255
v 0.19645824 0.27348644 0.07414255
v 0.1962375 0.27048641 0.07400192
v 0.1962375 0.27348644 0.07400192
v 0.19600536 0.27048641 0.07388107
v 0.19600536 0.27348644 0.07388107
v 0.19576356 0.27048641 0.07378092
v 0.19576356 0.27348644 0.07378092
v 0.19551396 0.27048641 0.07370222
v 0.19551396 0.27348644 0.07370222
v 0.19525844 0.27048641 0.07364558
v 0.19525844 0.27348644 0.07364558
v 0.19499896 0.27048641 0.07361142
v 0.19499896 0.27348644 0.07361142
v -0.18642166 0.27498642 0.0946
v 0.18642166 0.27498642 0.0946
v 0.18642166 0.27648643 0.0946
v 0.18185744 0.28146741 0.0946
v 0.18142167 0.28148642 0.0946
v -0.1822899 0.28141046 0.0946
v -0.18271576 0.28131604 0.0946
v -0.18642166 0.27648643 0.0946
v -0.18142167 0.28148642 0.0946
v -0.18185744 0.28146741 0.0946
v 0.18640263 0.2769222 0.0946
v 0.1863457 0.27735466 0.0946
v 0.18392166 0.28081656 0.0946
v 0.1862513 0.2777805 0.0946
v 0.18428954 0.28058219 0.0946
v 0.18463559 0.28031665 0.0946
v 0.18313177 0.28118488 0.0946
v 0.18271576 0.28131604 0.0946
v 0.1822899 0.28141046 0.0946
v -0.18612012 0.27819651 0.0946
v -0.1862513 0.2777805 0.0946
v 0.18353476 0.28101796 0.0946
v -0.1863457 0.27735466 0.0946
v -0.18640263 0.2769222 0.0946
v 0.18525189 0.27970037 0.0946
v 0.1859532 0.2785995 0.0946
v 0.18551742 0.2793543 0.0946
v 0.1857518 0.27898642 0.0946
v 0.18612012 0.27819651 0.0946
v 0.18495719 0.28002197 0.0946
v -0.18313177 0.28118488 0.0946
v -0.1857518 0.27898642 0.0946
v -0.1859532 0.2785995 0.0946
v -0.18353476 0.28101796 0.0946
v -0.18392166 0.28081656 0.0946
v -0.18551742 0.2793543 0.0946
v -0.18428954 0.28058219 0.0946
v -0.18463559 0.28031665 0.0946
v -0.18495719 0.28002197 0.0946
v -0.18525189 0.27970037 0.0946
v 0.18640263 0.2769222 0.0916
v 0.18642166 0.27648643 0.0916
v 0.18392166 0.28081656 0.0916
v -0.18142167 0.28148642 0.0916
v 0.18142167 0.28148642 0.0916
v -0.1822899 0.28141046 0.0916
v -0.18185744 0.28146741 0.0916
v -0.18642166 0.27648643 0.0916
v -0.18642166 0.27498642 0.0916
v 0.18642166 0.27498642 0.0916
v -0.1862513 0.2777805 0.0916
v -0.18612012 0.27819651 0.0916
v -0.18271576 0.28131604 0.0916
v 0.18428954 0.28058219 0.0916
v 0.18463559 0.28031665 0.0916
v 0.1862513 0.2777805 0.0916
v -0.1863457 0.27735466 0.0916
v 0.18185744 0.28146741 0.0916
v 0.1822899 0.28141046 0.0916
v 0.18271576 0.28131604 0.0916
v 0.1863457 0.27735466 0.0916
v -0.18640263 0.2769222 0.0916
v 0.18313177 0.28118488 0.0916
v 0.18353476 0.28101796 0.0916
v -0.1859532 0.2785995 0.0916
v -0.1857518 0.27898642 0.0916
v -0.18313177 0.28118488 0.0916
v -0.18353476 0.28101796 0.0916
v 0.18495719 0.28002197 0.0916
v 0.1859532 0.2785995 0.0916
v 0.18612012 0.27819651 0.0916
v 0.18525189 0.27970037 0.0916
v 0.18551742 0.2793543 0.0916
v 0.1857518 0.27898642 0.0916
v -0.18392166 0.28081656 0.0916
v -0.18551742 0.2793543 0.0916
v -0.18525189 0.27970037 0.0916
v -0.18495719 0.28002197 0.0916
v -0.18463559 0.28031665 0.0916
v -0.18428954 0.28058219 0.0916
v 0.18642166 0.27348644 0.0901
v 0.17256619 0.27348644 0.0901
v 0.18642166 0.27349213 0.09023073
v 0.14601754 0.27348644 0.0901
v 0.1194689 0.27348644 0.0901
v 0.09292025 0.27348644 0.0901
v 0.06637161 0.27348644 0.0901
v 0.01068988 0.27348644 0.0901
v -0.18642166 0.27349213 0.09023073
v -0.01068988 0.27348644 0.0901
v -0.03982297 0.27348644 0.0901
v -0.06637161 0.27348644 0.0901
v -0.09292025 0.27348644 0.0901
v -0.1194689 0.27348644 0.0901
v -0.14601754 0.27348644 0.0901
v -0.17256619 0.27348644 0.0901
v -0.18642166 0.27348644 0.0901
v 0.18642166 0.2735092 0.09036047
v -0.18642166 0.2735092 0.09036047
v 0.18642166 0.27353755 0.09048823
v -0.18642166 0.27353755 0.09048823
v 0.18642166 0.27357689 0.09061303
v -0.18642166 0.27357689 0.09061303
v 0.18642166 0.27362695 0.09073393
v -0.18642166 0.27362695 0.09073393
v 0.18642166 0.27368739 0.09085
v -0.18642166 0.27368739 0.09085
v 0.18642166 0.2737577 0.09096036
v -0.18642166 0.2737577 0.09096036
v 0.18642166 0.27383736 0.09106418
v -0.18642166 0.27383736 0.09106418
v 0.18642166 0.27392575 0.09116066
v -0.18642166 0.27392575 0.09116066
v 0.18642166 0.27402225 0.09124906
v -0.18642166 0.27402225 0.09124906
v 0.18642166 0.27412605 0.09132873
v -0.18642166 0.27412605 0.09132873
v 0.18642166 0.27423641 0.09139904
v -0.18642166 0.27423641 0.09139904
v 0.18642166 0.27435249 0.09145946
v -0.18642166 0.27435249 0.09145946
v 0.18642166 0.2744734 0.09150954
v -0.18642166 0.2744734 0.09150954
v 0.18642166 0.27459818 0.09154889
v -0.18642166 0.27459818 0.09154889
v 0.18642166 0.27472594 0.09157721
v -0.18642166 0.27472594 0.09157721
v 0.18642166 0.27485567 0.09159429
v -0.18642166 0.27485567 0.09159429
v -0.18642166 0.27459422 0.09458288
v 0.18642166 0.27459422 0.09458288
v -0.18642166 0.274205 0.09453163
v 0.18642166 0.274205 0.09453163
v -0.18642166 0.27382174 0.09444667
v 0.18642166 0.27382174 0.09444667
v -0.18642166 0.27344733 0.09432862
v 0.18642166 0.27344733 0.09432862
v -0.18642166 0.27308464 0.09417839
v 0.18642166 0.27308464 0.09417839
v -0.18642166 0.27273643 0.09399711
v 0.18642166 0.27273643 0.09399711
v -0.18642166 0.27240533 0.09378619
v 0.18642166 0.27240533 0.09378619
v -0.18642166 0.27209386 0.0935472
v 0.18642166 0.27209386 0.0935472
v -0.18642166 0.27180445 0.09328198
v 0.18642166 0.27180445 0.09328198
v -0.18642166 0.27153921 0.09299254
v 0.18642166 0.27153921 0.09299254
v -0.18642166 0.27130023 0.0926811
v 0.18642166 0.27130023 0.0926811
v -0.18642166 0.27108932 0.09235
v 0.18642166 0.27108932 0.09235
v -0.18642166 0.27090803 0.09200178
v 0.18642166 0.27090803 0.09200178
v -0.18642166 0.27075779 0.09163909
v 0.18642166 0.27075779 0.09163909
v -0.17256619 0.27048641 0.0901
v -0.14601754 0.27048641 0.0901
v -0.1194689 0.27048641 0.0901
v -0.09292025 0.27048641 0.0901
v -0.06637161 0.27048641 0.0901
v -0.03982297 0.27048641 0.0901
v -0.01068988 0.27048641 0.0901
v 0.01068988 0.27048641 0.0901
v 0.06637161 0.27048641 0.0901
v 0.09292025 0.27048641 0.0901
v 0.1194689 0.27048641 0.0901
v 0.14601754 0.27048641 0.0901
v 0.17256619 0.27048641 0.0901
v -0.15885209 0.27348644 0.08297226
v -0.15914492 0.27348644 0.0829969
v -0.14601754 0.27348644 0.08352499
v 0.187289 0.27348644 0.08352499
v 0.17256619 0.27348644 0.08352499
v 0.17256619 0.27348644 0.084575
v 0.187289 0.27348644 0.084575
v 0.1194689 0.27348644 0.08352499
v 0.12014075 0.27348644 0.08193842
v 0.12012453 0.27348644 0.08163548
v 0.12032084 0.27348644 0.08044377
v 0.12043338 0.27348644 0.08016205
v 0.12056988 0.27348644 0.07989113
v 0.12072933 0.27348644 0.07963305
v 0.12091053 0.27348644 0.07938974
v 0.12111212 0.27348644 0.07916304
v 0.14437431 0.27348644 0.07916304
v 0.14457591 0.27348644 0.07938974
v 0.12034496 0.27348644 0.08282296
v 0.12046319 0.27348644 0.08310235
v 0.12060516 0.27348644 0.08337045
v 0.12025138 0.27348644 0.0825344
v 0.12018313 0.27348644 0.0822388
v 0.14601754 0.27348644 0.08352499
v 0.14536192 0.27348644 0.08163548
v 0.1453457 0.27348644 0.08193842
v 0.14530331 0.27348644 0.0822388
v 0.14523506 0.27348644 0.0825344
v 0.14514148 0.27348644 0.08282296
v 0.14502326 0.27348644 0.08310235
v 0.14488129 0.27348644 0.08337045
v 0.14471664 0.27348644 0.08362524
v 0.1201346 0.27348644 0.08133228
v 0.12017089 0.27348644 0.08103109
v 0.12023313 0.27348644 0.08073418
v 0.14475711 0.27348644 0.07963305
v 0.14491656 0.27348644 0.07989113
v 0.14505306 0.27348644 0.08016205
v 0.14531554 0.27348644 0.08103109
v 0.14535184 0.27348644 0.08133228
v 0.14516559 0.27348644 0.08044377
v 0.14525332 0.27348644 0.08073418
v 0.1194689 0.27348644 0.084575
v 0.12162814 0.27348644 0.08447492
v 0.12138669 0.27348644 0.08429126
v 0.12116205 0.27348644 0.08408739
v 0.1209559 0.27348644 0.08386482
v 0.12076981 0.27348644 0.08362524
v 0.14333232 0.27348644 0.08477623
v 0.14305176 0.27348644 0.08489161
v 0.14276224 0.27348644 0.08498227
v 0.14246598 0.27348644 0.08504751
v 0.12272419 0.27348644 0.08498227
v 0.12302046 0.27348644 0.08504751
v 0.12332126 0.27348644 0.08508685
v 0.12243469 0.27348644 0.08489161
v 0.12215412 0.27348644 0.08477623
v 0.1218846 0.27348644 0.08463699
v 0.14216518 0.27348644 0.08508685
v 0.14186209 0.27348644 0.0851
v 0.12362435 0.27348644 0.0851
v 0.14453053 0.27348644 0.08386482
v 0.14432439 0.27348644 0.08408739
v 0.14601754 0.27348644 0.084575
v 0.14409974 0.27348644 0.08429126
v 0.1438583 0.27348644 0.08447492
v 0.14360185 0.27348644 0.08463699
v 0.09195578 0.27348644 0.08016205
v 0.09206831 0.27348644 0.08044377
v 0.09181927 0.27348644 0.07989113
v 0.09224841 0.27348644 0.08193842
v 0.09220602 0.27348644 0.0822388
v 0.09292025 0.27348644 0.08352499
v 0.09226463 0.27348644 0.08163548
v 0.06722356 0.27348644 0.08044377
v 0.06733609 0.27348644 0.08016205
v 0.06747259 0.27348644 0.07989113
v 0.06763204 0.27348644 0.07963305
v 0.06781325 0.27348644 0.07938974
v 0.09127703 0.27348644 0.07916304
v 0.09147862 0.27348644 0.07938974
v 0.09165982 0.27348644 0.07963305
v 0.09213778 0.27348644 0.0825344
v 0.09204419 0.27348644 0.08282296
v 0.09192597 0.27348644 0.08310235
v 0.06750786 0.27348644 0.08337045
v 0.06736589 0.27348644 0.08310235
v 0.06637161 0.27348644 0.08352499
v 0.06724767 0.27348644 0.08282296
v 0.06715409 0.27348644 0.0825344
v 0.06708585 0.27348644 0.0822388
v 0.06704345 0.27348644 0.08193842
v 0.06702723 0.27348644 0.08163548
v 0.06703731 0.27348644 0.08133228
v 0.06707361 0.27348644 0.08103109
v 0.06713584 0.27348644 0.08073418
v 0.09215602 0.27348644 0.08073418
v 0.09221826 0.27348644 0.08103109
v 0.09225456 0.27348644 0.08133228
v 0.06801484 0.27348644 0.07916304
v 0.0800857 0.27348644 0.07022774
v 0.08037544 0.27348644 0.07027688
v 0.08066004 0.27348644 0.07035014
v 0.08093748 0.27348644 0.07044702
v 0.08120582 0.27348644 0.07056683
v 0.08146316 0.27348644 0.07070874
v 0.08170769 0.27348644 0.07087173
v 0.07758417 0.27348644 0.07087173
v 0.07782871 0.27348644 0.07070874
v 0.07808605 0.27348644 0.07056683
v 0.07891642 0.27348644 0.07027688
v 0.07920616 0.27348644 0.07022774
v 0.079499 0.27348644 0.07020309
v 0.07979287 0.27348644 0.07020309
v 0.07835438 0.27348644 0.07044702
v 0.07863183 0.27348644 0.07035014
v 0.08193769 0.27348644 0.07105466
v 0.09105656 0.27348644 0.07895465
v 0.06905683 0.27348644 0.08477623
v 0.06878731 0.27348644 0.08463699
v 0.06637161 0.27348644 0.084575
v 0.06853086 0.27348644 0.08447492
v 0.06828941 0.27348644 0.08429126
v 0.06806476 0.27348644 0.08408739
v 0.06785861 0.27348644 0.08386482
v 0.06767251 0.27348644 0.08362524
v 0.09292025 0.27348644 0.084575
v 0.09050456 0.27348644 0.08463699
v 0.09023503 0.27348644 0.08477623
v 0.0693374 0.27348644 0.08489161
v 0.08995447 0.27348644 0.08489161
v 0.08966496 0.27348644 0.08498227
v 0.08936869 0.27348644 0.08504751
v 0.07022397 0.27348644 0.08508685
v 0.06992317 0.27348644 0.08504751
v 0.06962691 0.27348644 0.08498227
v 0.08906789 0.27348644 0.08508685
v 0.08876481 0.27348644 0.0851
v 0.07052705 0.27348644 0.0851
v 0.09122711 0.27348644 0.08408739
v 0.09100246 0.27348644 0.08429126
v 0.09076101 0.27348644 0.08447492
v 0.091784 0.27348644 0.08337045
v 0.09161935 0.27348644 0.08362524
v 0.09143325 0.27348644 0.08386482
v 0.04168666 0.27348644 0.07424535
v 0.03817974 0.27348644 0.07916304
v 0.03838133 0.27348644 0.07938974
v 0.0142388 0.27348644 0.08016205
v 0.0143753 0.27348644 0.07989113
v 0.01453476 0.27348644 0.07963305
v 0.01471596 0.27348644 0.07938974
v 0.04223866 0.27348644 0.06856301
v 0.04198221 0.27348644 0.06872508
v 0.04174076 0.27348644 0.06890874
v 0.03882868 0.27348644 0.08310235
v 0.0389469 0.27348644 0.08282296
v 0.05295035 0.27348644 0.0829969
v 0.03904049 0.27348644 0.0825344
v 0.03910873 0.27348644 0.0822388
v 0.01068988 0.27348644 0.08352499
v 0.01392995 0.27348644 0.08163548
v 0.01394002 0.27348644 0.08133228
v 0.06251924 0.27348644 0.06811315
v 0.06282005 0.27348644 0.06815249
v 0.06311632 0.27348644 0.06821773
v 0.06340582 0.27348644 0.06830839
v 0.06368639 0.27348644 0.06842377
v 0.06537732 0.27348644 0.07009766
v 0.06523535 0.27348644 0.06982955
v 0.0650707 0.27348644 0.06957476
v 0.06549554 0.27348644 0.07037704
v 0.06558913 0.27348644 0.07066561
v 0.06565738 0.27348644 0.0709612
v 0.03915112 0.27348644 0.08193842
v 0.05265751 0.27348644 0.08297226
v 0.05236778 0.27348644 0.08292312
v 0.05208318 0.27348644 0.08284986
v 0.05180574 0.27348644 0.08275298
v 0.0515374 0.27348644 0.08263316
v 0.01441058 0.27348644 0.08337045
v 0.01426861 0.27348644 0.08310235
v 0.01415039 0.27348644 0.08282296
v 0.0140568 0.27348644 0.0825344
v 0.02698842 0.27348644 0.07022774
v 0.04052496 0.27348644 0.07216891
v 0.04048867 0.27348644 0.07186772
v 0.04250819 0.27348644 0.06842377
v 0.04278876 0.27348644 0.06830839
v 0.04307826 0.27348644 0.06821773
v 0.06395591 0.27348644 0.06856301
v 0.06421236 0.27348644 0.06872508
v 0.06445382 0.27348644 0.06890874
v 0.03885849 0.27348644 0.08016205
v 0.05080554 0.27348644 0.08214534
v 0.03872198 0.27348644 0.07989113
v 0.03856253 0.27348644 0.07963305
v 0.03897102 0.27348644 0.08044377
v 0.03905874 0.27348644 0.08073418
v 0.03912097 0.27348644 0.08103109
v 0.01398856 0.27348644 0.0822388
v 0.01394617 0.27348644 0.08193842
v 0.01397632 0.27348644 0.08103109
v 0.01403855 0.27348644 0.08073418
v 0.01412627 0.27348644 0.08044377
v 0.04069903 0.27348644 0.07037704
v 0.04081725 0.27348644 0.07009766
v 0.04095922 0.27348644 0.06982955
v 0.04112387 0.27348644 0.06957476
v 0.04130997 0.27348644 0.06933518
v 0.04151611 0.27348644 0.06911261
v 0.04337453 0.27348644 0.06815249
v 0.04367533 0.27348644 0.06811315
v 0.06467846 0.27348644 0.06911261
v 0.0648846 0.27348644 0.06933518
v 0.06569976 0.27348644 0.07126158
v 0.06571598 0.27348644 0.07156452
v 0.06570591 0.27348644 0.07186772
v 0.06566962 0.27348644 0.07216891
v 0.06560738 0.27348644 0.07246582
v 0.06551967 0.27348644 0.07275623
v 0.06540713 0.27348644 0.07303795
v 0.03915726 0.27348644 0.08133228
v 0.03916734 0.27348644 0.08163548
v 0.05103553 0.27348644 0.08232827
v 0.05128006 0.27348644 0.08249126
v 0.03795927 0.27348644 0.07895465
v 0.0414662 0.27348644 0.07403696
v 0.0412646 0.27348644 0.07381026
v 0.06527063 0.27348644 0.07330887
v 0.06511118 0.27348644 0.07356695
v 0.06492997 0.27348644 0.07381026
v 0.0410834 0.27348644 0.07356695
v 0.04092395 0.27348644 0.07330887
v 0.0288404 0.27348644 0.07105466
v 0.04078744 0.27348644 0.07303795
v 0.02784019 0.27348644 0.07044702
v 0.02810853 0.27348644 0.07056683
v 0.06472838 0.27348644 0.07403696
v 0.06450792 0.27348644 0.07424535
v 0.05538904 0.27348644 0.08214534
v 0.02727815 0.27348644 0.07027688
v 0.02756275 0.27348644 0.07035014
v 0.04067491 0.27348644 0.07275623
v 0.04058719 0.27348644 0.07246582
v 0.0286104 0.27348644 0.07087173
v 0.02836587 0.27348644 0.07070874
v 0.01491755 0.27348644 0.07916304
v 0.05515905 0.27348644 0.08232827
v 0.05491452 0.27348644 0.08249126
v 0.05465718 0.27348644 0.08263316
v 0.05438884 0.27348644 0.08275298
v 0.05411139 0.27348644 0.08284986
v 0.0538268 0.27348644 0.08292312
v 0.05353706 0.27348644 0.08297226
v 0.05324423 0.27348644 0.0829969
v 0.02448688 0.27348644 0.07087173
v 0.02473142 0.27348644 0.07070874
v 0.02498876 0.27348644 0.07056683
v 0.0252571 0.27348644 0.07044702
v 0.02553454 0.27348644 0.07035014
v 0.02581913 0.27348644 0.07027688
v 0.02610887 0.27348644 0.07022774
v 0.02640171 0.27348644 0.07020309
v 0.02669558 0.27348644 0.07020309
v 0.04047859 0.27348644 0.07156452
v 0.04049481 0.27348644 0.07126158
v 0.0405372 0.27348644 0.0709612
v 0.04060544 0.27348644 0.07066561
v 0.01595954 0.27348644 0.08477623
v 0.01569002 0.27348644 0.08463699
v 0.01068988 0.27348644 0.084575
v 0.01543357 0.27348644 0.08447492
v 0.01519211 0.27348644 0.08429126
v 0.01496747 0.27348644 0.08408739
v 0.01476133 0.27348644 0.08386482
v 0.01457523 0.27348644 0.08362524
v 0.03713774 0.27348644 0.08477623
v 0.03685718 0.27348644 0.08489161
v 0.03656767 0.27348644 0.08498227
v 0.01742977 0.27348644 0.0851
v 0.01712669 0.27348644 0.08508685
v 0.01682588 0.27348644 0.08504751
v 0.01652962 0.27348644 0.08498227
v 0.01624011 0.27348644 0.08489161
v 0.03740727 0.27348644 0.08463699
v 0.0362714 0.27348644 0.08504751
v 0.0359706 0.27348644 0.08508685
v 0.03566752 0.27348644 0.0851
v 0.03868671 0.27348644 0.08337045
v 0.03852206 0.27348644 0.08362524
v 0.03833596 0.27348644 0.08386482
v 0.03812982 0.27348644 0.08408739
v 0.03790517 0.27348644 0.08429126
v 0.03766372 0.27348644 0.08447492
v -0.13045147 0.27348644 0.07105466
v -0.12133259 0.27348644 0.07895465
v -0.13375732 0.27348644 0.07035014
v -0.13347273 0.27348644 0.07027688
v -0.12111212 0.27348644 0.07916304
v -0.12091053 0.27348644 0.07938974
v -0.12072933 0.27348644 0.07963305
v -0.13230345 0.27348644 0.07022774
v -0.13201371 0.27348644 0.07027688
v -0.1194689 0.27348644 0.08352499
v -0.12025138 0.27348644 0.0825344
v -0.12034496 0.27348644 0.08282296
v -0.12046319 0.27348644 0.08310235
v -0.12060516 0.27348644 0.08337045
v -0.12076981 0.27348644 0.08362524
v -0.13172911 0.27348644 0.07035014
v -0.13145167 0.27348644 0.07044702
v -0.13118334 0.27348644 0.07056683
v -0.130926 0.27348644 0.07070874
v -0.13068146 0.27348644 0.07087173
v -0.12056988 0.27348644 0.07989113
v -0.12043338 0.27348644 0.08016205
v -0.12032084 0.27348644 0.08044377
v -0.13456045 0.27348644 0.07070874
v -0.13430311 0.27348644 0.07056683
v -0.13403477 0.27348644 0.07044702
v -0.12023313 0.27348644 0.08073418
v -0.12017089 0.27348644 0.08103109
v -0.1201346 0.27348644 0.08133228
v -0.12012453 0.27348644 0.08163548
v -0.12014075 0.27348644 0.08193842
v -0.12018313 0.27348644 0.0822388
v -0.13318299 0.27348644 0.07022774
v -0.13289015 0.27348644 0.07020309
v -0.13259628 0.27348644 0.07020309
v -0.13503498 0.27348644 0.07105466
v -0.13480498 0.27348644 0.07087173
v -0.14601754 0.27348644 0.084575
v -0.1218846 0.27348644 0.08463699
v -0.12215412 0.27348644 0.08477623
v -0.12243469 0.27348644 0.08489161
v -0.12272419 0.27348644 0.08498227
v -0.12302046 0.27348644 0.08504751
v -0.12332126 0.27348644 0.08508685
v -0.12362435 0.27348644 0.0851
v -0.1209559 0.27348644 0.08386482
v -0.12116205 0.27348644 0.08408739
v -0.1194689 0.27348644 0.084575
v -0.12138669 0.27348644 0.08429126
v -0.12162814 0.27348644 0.08447492
v -0.01513801 0.27348644 0.07895465
v -0.01491755 0.27348644 0.07916304
v -0.02425689 0.27348644 0.07105466
v -0.03982297 0.27348644 0.08352499
v -0.02756275 0.27348644 0.07035014
v -0.02727815 0.27348644 0.07027688
v -0.01068988 0.27348644 0.08352499
v -0.01394617 0.27348644 0.08193842
v -0.01398856 0.27348644 0.0822388
v -0.0140568 0.27348644 0.0825344
v -0.01415039 0.27348644 0.08282296
v -0.01426861 0.27348644 0.08310235
v -0.01471596 0.27348644 0.07938974
v -0.01453476 0.27348644 0.07963305
v -0.0143753 0.27348644 0.07989113
v -0.0142388 0.27348644 0.08016205
v -0.01412627 0.27348644 0.08044377
v -0.01403855 0.27348644 0.08073418
v -0.01397632 0.27348644 0.08103109
v -0.0288404 0.27348644 0.07105466
v -0.0286104 0.27348644 0.07087173
v -0.02836587 0.27348644 0.07070874
v -0.01394002 0.27348644 0.08133228
v -0.01392995 0.27348644 0.08163548
v -0.02810853 0.27348644 0.07056683
v -0.02784019 0.27348644 0.07044702
v -0.02698842 0.27348644 0.07022774
v -0.02669558 0.27348644 0.07020309
v -0.02640171 0.27348644 0.07020309
v -0.02610887 0.27348644 0.07022774
v -0.02581913 0.27348644 0.07027688
v -0.02553454 0.27348644 0.07035014
v -0.0252571 0.27348644 0.07044702
v -0.02498876 0.27348644 0.07056683
v -0.02473142 0.27348644 0.07070874
v -0.02448688 0.27348644 0.07087173
v -0.03982297 0.27348644 0.084575
v -0.01595954 0.27348644 0.08477623
v -0.01624011 0.27348644 0.08489161
v -0.01652962 0.27348644 0.08498227
v -0.01682588 0.27348644 0.08504751
v -0.01712669 0.27348644 0.08508685
v -0.01742977 0.27348644 0.0851
v -0.01441058 0.27348644 0.08337045
v -0.01457523 0.27348644 0.08362524
v -0.01068988 0.27348644 0.084575
v -0.01476133 0.27348644 0.08386482
v -0.01496747 0.27348644 0.08408739
v -0.01519211 0.27348644 0.08429126
v -0.01543357 0.27348644 0.08447492
v -0.01569002 0.27348644 0.08463699
v -0.06637161 0.27348644 0.084575
v -0.08906789 0.27348644 0.08508685
v -0.08936869 0.27348644 0.08504751
v -0.08966496 0.27348644 0.08498227
v -0.09292025 0.27348644 0.084575
v -0.17553197 0.27348644 0.08489161
v -0.17582148 0.27348644 0.08498227
v -0.17611775 0.27348644 0.08504751
v -0.17641856 0.27348644 0.08508685
v -0.19396104 0.27348644 0.07949778
v -0.19421655 0.27348644 0.07955442
v -0.19280913 0.27348644 0.07430187
v -0.19261618 0.27348644 0.07447868
v -0.19174892 0.27348644 0.07633853
v -0.19178307 0.27348644 0.07607906
v -0.19183972 0.27348644 0.07582355
v -0.19447604 0.27348644 0.07958858
v -0.19473749 0.27348644 0.0796
v -0.19499896 0.27348644 0.07958858
v -0.19243936 0.27348644 0.07467163
v -0.19228004 0.27348644 0.07487927
v -0.19213942 0.27348644 0.0751
v -0.19228004 0.27348644 0.07832073
v -0.19243936 0.27348644 0.07852836
v -0.19201858 0.27348644 0.07533214
v -0.19191842 0.27348644 0.07557394
v -0.19261618 0.27348644 0.07872132
v -0.19280913 0.27348644 0.07889813
v -0.19301677 0.27348644 0.07905746
v -0.1932375 0.27348644 0.07919808
v -0.19346964 0.27348644 0.07931893
v -0.19371144 0.27348644 0.07941908
v -0.19600536 0.27348644 0.07931893
v -0.1962375 0.27348644 0.07919808
v -0.19645824 0.27348644 0.07414255
v -0.1962375 0.27348644 0.07400192
v -0.17322181 0.27348644 0.08163548
v -0.17323804 0.27348644 0.08193842
v -0.17256619 0.27348644 0.08352499
v -0.19178307 0.27348644 0.07712094
v -0.19183972 0.27348644 0.07737646
v -0.19525844 0.27348644 0.07955442
v -0.19551396 0.27348644 0.07949778
v -0.19576356 0.27348644 0.07941908
v -0.19551396 0.27348644 0.07370222
v -0.19576356 0.27348644 0.07378092
v -0.19600536 0.27348644 0.07388107
v -0.19525844 0.27348644 0.07364558
v -0.19499896 0.27348644 0.07361142
v -0.19473749 0.27348644 0.0736
v -0.19447604 0.27348644 0.07361142
v -0.19421655 0.27348644 0.07364558
v -0.19396104 0.27348644 0.07370222
v -0.19371144 0.27348644 0.07378092
v -0.1917375 0.27348644 0.0766
v -0.19174892 0.27348644 0.07686147
v -0.19645824 0.27348644 0.07905746
v -0.19666587 0.27348644 0.07889813
v -0.19685882 0.27348644 0.07872132
v -0.19703564 0.27348644 0.07852836
v -0.19719495 0.27348644 0.07832073
v -0.19733557 0.27348644 0.0781
v -0.19745642 0.27348644 0.07786786
v -0.19755659 0.27348644 0.07762606
v -0.19763528 0.27348644 0.07737646
v -0.19769192 0.27348644 0.07712094
v -0.19772609 0.27348644 0.07686147
v -0.1977375 0.27348644 0.0766
v -0.19772609 0.27348644 0.07633853
v -0.19769192 0.27348644 0.07607906
v -0.19763528 0.27348644 0.07582355
v -0.19755659 0.27348644 0.07557394
v -0.19745642 0.27348644 0.07533214
v -0.19733557 0.27348644 0.0751
v -0.19719495 0.27348644 0.07487927
v -0.19703564 0.27348644 0.07467163
v -0.19685882 0.27348644 0.07447868
v -0.19666587 0.27348644 0.07430187
v -0.17344224 0.27348644 0.08282296
v -0.17356047 0.27348644 0.08310235
v -0.19191842 0.27348644 0.07762606
v -0.19201858 0.27348644 0.07786786
v -0.19213942 0.27348644 0.0781
v -0.19346964 0.27348644 0.07388107
v -0.1932375 0.27348644 0.07400192
v -0.19301677 0.27348644 0.07414255
v -0.17353067 0.27348644 0.08016205
v -0.17341813 0.27348644 0.08044377
v -0.17328042 0.27348644 0.0822388
v -0.17334867 0.27348644 0.0825344
v -0.17333041 0.27348644 0.08073418
v -0.17326818 0.27348644 0.08103109
v -0.17323188 0.27348644 0.08133228
v -0.17400782 0.27348644 0.07938974
v -0.17382662 0.27348644 0.07963305
v -0.17366716 0.27348644 0.07989113
v -0.17420942 0.27348644 0.07916304
v 0.00427314 0.27348644 0.08270268
v 0.003725 0.27348644 0.08305189
v -0.003725 0.27348644 0.08305189
v -0.00427314 0.27348644 0.08270268
v -0.00478877 0.27348644 0.08230703
v -0.003725 0.27348644 0.07014811
v -0.00314851 0.27348644 0.06984801
v -0.00254805 0.27348644 0.06959929
v -0.0019282 0.27348644 0.06940385
v 0.0019282 0.27348644 0.06940385
v 0.00129368 0.27348644 0.06926318
v 0.00064931 0.27348644 0.06917835
v 0.00570703 0.27348644 0.08138876
v 0.00526795 0.27348644 0.08186795
v 0.00478877 0.27348644 0.08230703
v -0.00526795 0.27348644 0.08186795
v -0.00570703 0.27348644 0.08138876
v -0.00610268 0.27348644 0.08087315
v -0.00645189 0.27348644 0.080325
v -0.00675199 0.27348644 0.0797485
v -0.00700071 0.27348644 0.07914805
v -0.00129368 0.27348644 0.06926318
v -0.00064931 0.27348644 0.06917835
v 0 0.27348644 0.06915
v 0.00254805 0.27348644 0.06959929
v 0.00314851 0.27348644 0.06984801
v 0.003725 0.27348644 0.07014811
v 0.00427314 0.27348644 0.07049732
v 0.00478877 0.27348644 0.07089297
v 0.00526795 0.27348644 0.07133205
v -0.00526795 0.27348644 0.07133205
v -0.00570703 0.27348644 0.07181123
v -0.00610268 0.27348644 0.07232685
v -0.00478877 0.27348644 0.07089297
v -0.00427314 0.27348644 0.07049732
v 0.00570703 0.27348644 0.07181123
v 0.00610268 0.27348644 0.07232685
v 0.00645189 0.27348644 0.072875
v -0.00719615 0.27348644 0.0746718
v -0.00700071 0.27348644 0.07405195
v 0.00675199 0.27348644 0.0734515
v 0.00700071 0.27348644 0.07405195
v 0.00719615 0.27348644 0.0746718
v 0.00742165 0.27348644 0.07724931
v 0.00733682 0.27348644 0.07789368
v 0.00719615 0.27348644 0.0785282
v 0.00700071 0.27348644 0.07914805
v 0.00675199 0.27348644 0.0797485
v -0.00675199 0.27348644 0.0734515
v -0.00645189 0.27348644 0.072875
v 0.00645189 0.27348644 0.080325
v 0.00610268 0.27348644 0.08087315
v -0.00719615 0.27348644 0.0785282
v -0.00733682 0.27348644 0.07789368
v -0.00742165 0.27348644 0.07724931
v 0.00733682 0.27348644 0.07530632
v 0.00742165 0.27348644 0.07595069
v 0.00745 0.27348644 0.0766
v -0.00745 0.27348644 0.0766
v -0.00742165 0.27348644 0.07595069
v -0.00733682 0.27348644 0.07530632
v -0.00129368 0.27348644 0.08393682
v -0.0019282 0.27348644 0.08379615
v -0.00254805 0.27348644 0.08360071
v -0.00314851 0.27348644 0.08335199
v 0.00314851 0.27348644 0.08335199
v 0.00254805 0.27348644 0.08360071
v 0.0019282 0.27348644 0.08379615
v 0.00129368 0.27348644 0.08393682
v 0.00064931 0.27348644 0.08402165
v 0 0.27348644 0.08405
v -0.00064931 0.27348644 0.08402165
v -0.09143325 0.27348644 0.08386482
v -0.09161935 0.27348644 0.08362524
v -0.09292025 0.27348644 0.08352499
v -0.091784 0.27348644 0.08337045
v -0.09192597 0.27348644 0.08310235
v -0.09204419 0.27348644 0.08282296
v -0.09213778 0.27348644 0.0825344
v -0.09220602 0.27348644 0.0822388
v -0.09224841 0.27348644 0.08193842
v -0.09226463 0.27348644 0.08163548
v -0.09225456 0.27348644 0.08133228
v -0.09221826 0.27348644 0.08103109
v -0.09215602 0.27348644 0.08073418
v -0.09206831 0.27348644 0.08044377
v -0.09195578 0.27348644 0.08016205
v -0.09181927 0.27348644 0.07989113
v -0.09165982 0.27348644 0.07963305
v -0.06637161 0.27348644 0.08352499
v -0.09147862 0.27348644 0.07938974
v -0.09127703 0.27348644 0.07916304
v -0.08995447 0.27348644 0.08489161
v -0.09023503 0.27348644 0.08477623
v -0.09050456 0.27348644 0.08463699
v -0.09076101 0.27348644 0.08447492
v -0.09100246 0.27348644 0.08429126
v -0.09122711 0.27348644 0.08408739
v -0.17425933 0.27348644 0.08408739
v -0.17448398 0.27348644 0.08429126
v -0.17256619 0.27348644 0.084575
v -0.17370243 0.27348644 0.08337045
v -0.17386709 0.27348644 0.08362524
v -0.17405319 0.27348644 0.08386482
v -0.17472543 0.27348644 0.08447492
v -0.17498189 0.27348644 0.08463699
v -0.17525141 0.27348644 0.08477623
v -0.15773198 0.27348644 0.08263316
v -0.15800032 0.27348644 0.08275298
v -0.15747464 0.27348644 0.08249126
v -0.15827776 0.27348644 0.08284986
v -0.15856235 0.27348644 0.08292312
v -0.16135362 0.27348644 0.08232827
v -0.17092296 0.27348644 0.07403696
v -0.14711852 0.27348644 0.07330887
v -0.14727798 0.27348644 0.07356695
v -0.1594388 0.27348644 0.0829969
v -0.15973164 0.27348644 0.08297226
v -0.16058341 0.27348644 0.08275298
v -0.16085175 0.27348644 0.08263316
v -0.16110909 0.27348644 0.08249126
v -0.16002138 0.27348644 0.08292312
v -0.16030596 0.27348644 0.08284986
v -0.17112455 0.27348644 0.07381026
v -0.17130575 0.27348644 0.07356695
v -0.1714652 0.27348644 0.07330887
v -0.17160171 0.27348644 0.07303795
v -0.17171425 0.27348644 0.07275623
v -0.17180195 0.27348644 0.07246582
v -0.14701183 0.27348644 0.07009766
v -0.14689361 0.27348644 0.07037704
v -0.14680003 0.27348644 0.07066561
v -0.14673178 0.27348644 0.0709612
v -0.14745918 0.27348644 0.07381026
v -0.14766078 0.27348644 0.07403696
v -0.14788124 0.27348644 0.07424535
v -0.14671953 0.27348644 0.07216891
v -0.14678177 0.27348644 0.07246582
v -0.15700011 0.27348644 0.08214534
v -0.15723011 0.27348644 0.08232827
v -0.14750455 0.27348644 0.06933518
v -0.14731845 0.27348644 0.06957476
v -0.14715379 0.27348644 0.06982955
v -0.14668939 0.27348644 0.07126158
v -0.14667317 0.27348644 0.07156452
v -0.14668325 0.27348644 0.07186772
v -0.14686948 0.27348644 0.07275623
v -0.14698201 0.27348644 0.07303795
v -0.1718642 0.27348644 0.07216891
v -0.17190048 0.27348644 0.07186772
v -0.17191055 0.27348644 0.07156452
v -0.17189434 0.27348644 0.07126158
v -0.17185195 0.27348644 0.0709612
v -0.1717837 0.27348644 0.07066561
v -0.17169012 0.27348644 0.07037704
v -0.1715719 0.27348644 0.07009766
v -0.17142993 0.27348644 0.06982955
v -0.17126527 0.27348644 0.06957476
v -0.17107919 0.27348644 0.06933518
v -0.17087303 0.27348644 0.06911261
v -0.1706484 0.27348644 0.06890874
v -0.17040694 0.27348644 0.06872508
v -0.17015049 0.27348644 0.06856301
v -0.16988097 0.27348644 0.06842377
v -0.1696004 0.27348644 0.06830839
v -0.1693109 0.27348644 0.06821773
v -0.16901462 0.27348644 0.06815249
v -0.14817679 0.27348644 0.06872508
v -0.14793533 0.27348644 0.06890874
v -0.1477107 0.27348644 0.06911261
v -0.14898333 0.27348644 0.06830839
v -0.14870277 0.27348644 0.06842377
v -0.14843324 0.27348644 0.06856301
v -0.16871382 0.27348644 0.06811315
v -0.16841073 0.27348644 0.0681
v -0.15017299 0.27348644 0.0681
v -0.1498699 0.27348644 0.06811315
v -0.14956911 0.27348644 0.06815249
v -0.14927283 0.27348644 0.06821773
v -0.10663435 0.27348644 0.08297226
v -0.10692409 0.27348644 0.08292312
v -0.10720868 0.27348644 0.08284986
v -0.10748612 0.27348644 0.08275298
v -0.10775446 0.27348644 0.08263316
v -0.09436189 0.27348644 0.07381026
v -0.09456348 0.27348644 0.07403696
v -0.09478395 0.27348644 0.07424535
v -0.10390282 0.27348644 0.08214534
v -0.10546507 0.27348644 0.08292312
v -0.1057548 0.27348644 0.08297226
v -0.10604764 0.27348644 0.0829969
v -0.10634151 0.27348644 0.0829969
v -0.1080118 0.27348644 0.08249126
v -0.10825633 0.27348644 0.08232827
v -0.10848633 0.27348644 0.08214534
v -0.10413282 0.27348644 0.08232827
v -0.10437734 0.27348644 0.08249126
v -0.10463469 0.27348644 0.08263316
v -0.09677262 0.27348644 0.06811315
v -0.09362224 0.27348644 0.07216891
v -0.09368449 0.27348644 0.07246582
v -0.0937722 0.27348644 0.07275623
v -0.09388473 0.27348644 0.07303795
v -0.10490303 0.27348644 0.08275298
v -0.10518047 0.27348644 0.08284986
v -0.09391454 0.27348644 0.07009766
v -0.09379632 0.27348644 0.07037704
v -0.09370273 0.27348644 0.07066561
v -0.09363449 0.27348644 0.0709612
v -0.0935921 0.27348644 0.07126158
v -0.09357588 0.27348644 0.07156452
v -0.09358595 0.27348644 0.07186772
v -0.09402124 0.27348644 0.07330887
v -0.09418069 0.27348644 0.07356695
v -0.09647182 0.27348644 0.06815249
v -0.09617555 0.27348644 0.06821773
v -0.09588604 0.27348644 0.06830839
v -0.09560548 0.27348644 0.06842377
v -0.09533595 0.27348644 0.06856301
v -0.0950795 0.27348644 0.06872508
v -0.09483805 0.27348644 0.06890874
v -0.0946134 0.27348644 0.06911261
v -0.09440726 0.27348644 0.06933518
v -0.09422116 0.27348644 0.06957476
v -0.09405651 0.27348644 0.06982955
v 0.10437734 0.27348644 0.08249126
v 0.10413282 0.27348644 0.08232827
v 0.10390282 0.27348644 0.08214534
v 0.10604764 0.27348644 0.0829969
v 0.1057548 0.27348644 0.08297226
v 0.10546507 0.27348644 0.08292312
v 0.10518047 0.27348644 0.08284986
v 0.09588604 0.27348644 0.06830839
v 0.09617555 0.27348644 0.06821773
v 0.09647182 0.27348644 0.06815249
v 0.10490303 0.27348644 0.08275298
v 0.10463469 0.27348644 0.08263316
v 0.09363449 0.27348644 0.0709612
v 0.09370273 0.27348644 0.07066561
v 0.0950795 0.27348644 0.06872508
v 0.09483805 0.27348644 0.06890874
v 0.0946134 0.27348644 0.06911261
v 0.09533595 0.27348644 0.06856301
v 0.09560548 0.27348644 0.06842377
v 0.1187669 0.27348644 0.07216891
v 0.11870467 0.27348644 0.07246582
v 0.11861695 0.27348644 0.07275623
v 0.11850442 0.27348644 0.07303795
v 0.11836792 0.27348644 0.07330887
v 0.11820846 0.27348644 0.07356695
v 0.09379632 0.27348644 0.07037704
v 0.09391454 0.27348644 0.07009766
v 0.09405651 0.27348644 0.06982955
v 0.1179819 0.27348644 0.06933518
v 0.11777575 0.27348644 0.06911261
v 0.1175511 0.27348644 0.06890874
v 0.11816799 0.27348644 0.06957476
v 0.11833265 0.27348644 0.06982955
v 0.11847462 0.27348644 0.07009766
v 0.09478395 0.27348644 0.07424535
v 0.09456348 0.27348644 0.07403696
v 0.09436189 0.27348644 0.07381026
v 0.09422116 0.27348644 0.06957476
v 0.09440726 0.27348644 0.06933518
v 0.11561653 0.27348644 0.06811315
v 0.11591734 0.27348644 0.06815249
v 0.11859284 0.27348644 0.07037704
v 0.11868642 0.27348644 0.07066561
v 0.11875466 0.27348644 0.0709612
v 0.1080118 0.27348644 0.08249126
v 0.10775446 0.27348644 0.08263316
v 0.10748612 0.27348644 0.08275298
v 0.10720868 0.27348644 0.08284986
v 0.10692409 0.27348644 0.08292312
v 0.09418069 0.27348644 0.07356695
v 0.09402124 0.27348644 0.07330887
v 0.09388473 0.27348644 0.07303795
v 0.0937722 0.27348644 0.07275623
v 0.09368449 0.27348644 0.07246582
v 0.09362224 0.27348644 0.07216891
v 0.09677262 0.27348644 0.06811315
v 0.1162136 0.27348644 0.06821773
v 0.11650311 0.27348644 0.06830839
v 0.11678368 0.27348644 0.06842377
v 0.1170532 0.27348644 0.06856301
v 0.11730965 0.27348644 0.06872508
v 0.11879705 0.27348644 0.07126158
v 0.11881327 0.27348644 0.07156452
v 0.1188032 0.27348644 0.07186772
v 0.11802726 0.27348644 0.07381026
v 0.11782567 0.27348644 0.07403696
v 0.11760521 0.27348644 0.07424535
v 0.10663435 0.27348644 0.08297226
v 0.10634151 0.27348644 0.0829969
v 0.09358595 0.27348644 0.07186772
v 0.09357588 0.27348644 0.07156452
v 0.0935921 0.27348644 0.07126158
v 0.10848633 0.27348644 0.08214534
v 0.10825633 0.27348644 0.08232827
v 0.11561653 0.27048641 0.06811315
v -0.17405319 0.27048641 0.08386482
v -0.17386709 0.27048641 0.08362524
v -0.17256619 0.27048641 0.08352499
v -0.06637161 0.27048641 0.084575
v -0.12215412 0.27048641 0.08477623
v -0.1218846 0.27048641 0.08463699
v -0.1194689 0.27048641 0.084575
v 0.09023503 0.27048641 0.08477623
v 0.09050456 0.27048641 0.08463699
v 0.09292025 0.27048641 0.084575
v 0.09143325 0.27048641 0.08386482
v 0.09161935 0.27048641 0.08362524
v 0.09292025 0.27048641 0.08352499
v 0.14333232 0.27048641 0.08477623
v 0.14360185 0.27048641 0.08463699
v 0.14601754 0.27048641 0.084575
v 0.187289 0.27048641 0.08352499
v 0.17256619 0.27048641 0.08352499
v 0.187289 0.27048641 0.084575
v 0.17256619 0.27048641 0.084575
v 0.14475711 0.27048641 0.07963305
v 0.14457591 0.27048641 0.07938974
v 0.14453053 0.27048641 0.08386482
v 0.14471664 0.27048641 0.08362524
v 0.14601754 0.27048641 0.08352499
v 0.14488129 0.27048641 0.08337045
v 0.14502326 0.27048641 0.08310235
v 0.14514148 0.27048641 0.08282296
v 0.14523506 0.27048641 0.0825344
v 0.14530331 0.27048641 0.0822388
v 0.1453457 0.27048641 0.08193842
v 0.14536192 0.27048641 0.08163548
v 0.14535184 0.27048641 0.08133228
v 0.14531554 0.27048641 0.08103109
v 0.14525332 0.27048641 0.08073418
v 0.14516559 0.27048641 0.08044377
v 0.14505306 0.27048641 0.08016205
v 0.14491656 0.27048641 0.07989113
v 0.12111212 0.27048641 0.07916304
v 0.12091053 0.27048641 0.07938974
v 0.12072933 0.27048641 0.07963305
v 0.14437431 0.27048641 0.07916304
v 0.12056988 0.27048641 0.07989113
v 0.12043338 0.27048641 0.08016205
v 0.12032084 0.27048641 0.08044377
v 0.12012453 0.27048641 0.08163548
v 0.12014075 0.27048641 0.08193842
v 0.1194689 0.27048641 0.08352499
v 0.12018313 0.27048641 0.0822388
v 0.12025138 0.27048641 0.0825344
v 0.12034496 0.27048641 0.08282296
v 0.12046319 0.27048641 0.08310235
v 0.12060516 0.27048641 0.08337045
v 0.12023313 0.27048641 0.08073418
v 0.12017089 0.27048641 0.08103109
v 0.1201346 0.27048641 0.08133228
v 0.1438583 0.27048641 0.08447492
v 0.14409974 0.27048641 0.08429126
v 0.14432439 0.27048641 0.08408739
v 0.1218846 0.27048641 0.08463699
v 0.12215412 0.27048641 0.08477623
v 0.12243469 0.27048641 0.08489161
v 0.12272419 0.27048641 0.08498227
v 0.12302046 0.27048641 0.08504751
v 0.14216518 0.27048641 0.08508685
v 0.14246598 0.27048641 0.08504751
v 0.14276224 0.27048641 0.08498227
v 0.14305176 0.27048641 0.08489161
v 0.12332126 0.27048641 0.08508685
v 0.12362435 0.27048641 0.0851
v 0.14186209 0.27048641 0.0851
v 0.12076981 0.27048641 0.08362524
v 0.1209559 0.27048641 0.08386482
v 0.1194689 0.27048641 0.084575
v 0.12116205 0.27048641 0.08408739
v 0.12138669 0.27048641 0.08429126
v 0.12162814 0.27048641 0.08447492
v 0.06733609 0.27048641 0.08016205
v 0.06722356 0.27048641 0.08044377
v 0.09206831 0.27048641 0.08044377
v 0.09195578 0.27048641 0.08016205
v 0.09181927 0.27048641 0.07989113
v 0.09165982 0.27048641 0.07963305
v 0.09224841 0.27048641 0.08193842
v 0.09226463 0.27048641 0.08163548
v 0.06801484 0.27048641 0.07916304
v 0.06781325 0.27048641 0.07938974
v 0.091784 0.27048641 0.08337045
v 0.09192597 0.27048641 0.08310235
v 0.09204419 0.27048641 0.08282296
v 0.09213778 0.27048641 0.0825344
v 0.09220602 0.27048641 0.0822388
v 0.06763204 0.27048641 0.07963305
v 0.06747259 0.27048641 0.07989113
v 0.09225456 0.27048641 0.08133228
v 0.09221826 0.27048641 0.08103109
v 0.09215602 0.27048641 0.08073418
v 0.06703731 0.27048641 0.08133228
v 0.06637161 0.27048641 0.08352499
v 0.06707361 0.27048641 0.08103109
v 0.06713584 0.27048641 0.08073418
v 0.06702723 0.27048641 0.08163548
v 0.06704345 0.27048641 0.08193842
v 0.06708585 0.27048641 0.0822388
v 0.06715409 0.27048641 0.0825344
v 0.06724767 0.27048641 0.08282296
v 0.06736589 0.27048641 0.08310235
v 0.07782871 0.27048641 0.07070874
v 0.07758417 0.27048641 0.07087173
v 0.07891642 0.27048641 0.07027688
v 0.07863183 0.27048641 0.07035014
v 0.08146316 0.27048641 0.07070874
v 0.08120582 0.27048641 0.07056683
v 0.08093748 0.27048641 0.07044702
v 0.08066004 0.27048641 0.07035014
v 0.08037544 0.27048641 0.07027688
v 0.07920616 0.27048641 0.07022774
v 0.09147862 0.27048641 0.07938974
v 0.09127703 0.27048641 0.07916304
v 0.09105656 0.27048641 0.07895465
v 0.0800857 0.27048641 0.07022774
v 0.07979287 0.27048641 0.07020309
v 0.079499 0.27048641 0.07020309
v 0.08193769 0.27048641 0.07105466
v 0.08170769 0.27048641 0.07087173
v 0.07835438 0.27048641 0.07044702
v 0.07808605 0.27048641 0.07056683
v 0.09076101 0.27048641 0.08447492
v 0.09100246 0.27048641 0.08429126
v 0.09122711 0.27048641 0.08408739
v 0.08906789 0.27048641 0.08508685
v 0.08936869 0.27048641 0.08504751
v 0.08966496 0.27048641 0.08498227
v 0.08995447 0.27048641 0.08489161
v 0.0693374 0.27048641 0.08489161
v 0.06962691 0.27048641 0.08498227
v 0.06992317 0.27048641 0.08504751
v 0.07022397 0.27048641 0.08508685
v 0.07052705 0.27048641 0.0851
v 0.08876481 0.27048641 0.0851
v 0.06806476 0.27048641 0.08408739
v 0.06828941 0.27048641 0.08429126
v 0.06637161 0.27048641 0.084575
v 0.06750786 0.27048641 0.08337045
v 0.06767251 0.27048641 0.08362524
v 0.06785861 0.27048641 0.08386482
v 0.06853086 0.27048641 0.08447492
v 0.06878731 0.27048641 0.08463699
v 0.06905683 0.27048641 0.08477623
v 0.01415039 0.27048641 0.08282296
v 0.01426861 0.27048641 0.08310235
v 0.01068988 0.27048641 0.08352499
v 0.06340582 0.27048641 0.06830839
v 0.06311632 0.27048641 0.06821773
v 0.04174076 0.27048641 0.06890874
v 0.04198221 0.27048641 0.06872508
v 0.04223866 0.27048641 0.06856301
v 0.06565738 0.27048641 0.0709612
v 0.06558913 0.27048641 0.07066561
v 0.06549554 0.27048641 0.07037704
v 0.06537732 0.27048641 0.07009766
v 0.06523535 0.27048641 0.06982955
v 0.0650707 0.27048641 0.06957476
v 0.0648846 0.27048641 0.06933518
v 0.06282005 0.27048641 0.06815249
v 0.06251924 0.27048641 0.06811315
v 0.04307826 0.27048641 0.06821773
v 0.04278876 0.27048641 0.06830839
v 0.04250819 0.27048641 0.06842377
v 0.01491755 0.27048641 0.07916304
v 0.01471596 0.27048641 0.07938974
v 0.01453476 0.27048641 0.07963305
v 0.0143753 0.27048641 0.07989113
v 0.03868671 0.27048641 0.08337045
v 0.03882868 0.27048641 0.08310235
v 0.06421236 0.27048641 0.06872508
v 0.06395591 0.27048641 0.06856301
v 0.06368639 0.27048641 0.06842377
v 0.06467846 0.27048641 0.06911261
v 0.06445382 0.27048641 0.06890874
v 0.04367533 0.27048641 0.06811315
v 0.04337453 0.27048641 0.06815249
v 0.04151611 0.27048641 0.06911261
v 0.04130997 0.27048641 0.06933518
v 0.04112387 0.27048641 0.06957476
v 0.04048867 0.27048641 0.07186772
v 0.04047859 0.27048641 0.07156452
v 0.04049481 0.27048641 0.07126158
v 0.01397632 0.27048641 0.08103109
v 0.01394002 0.27048641 0.08133228
v 0.01392995 0.27048641 0.08163548
v 0.01394617 0.27048641 0.08193842
v 0.06570591 0.27048641 0.07186772
v 0.06571598 0.27048641 0.07156452
v 0.06569976 0.27048641 0.07126158
v 0.04095922 0.27048641 0.06982955
v 0.04081725 0.27048641 0.07009766
v 0.04069903 0.27048641 0.07037704
v 0.04052496 0.27048641 0.07216891
v 0.04058719 0.27048641 0.07246582
v 0.04067491 0.27048641 0.07275623
v 0.0142388 0.27048641 0.08016205
v 0.01412627 0.27048641 0.08044377
v 0.01403855 0.27048641 0.08073418
v 0.01398856 0.27048641 0.0822388
v 0.0140568 0.27048641 0.0825344
v 0.05180574 0.27048641 0.08275298
v 0.05208318 0.27048641 0.08284986
v 0.03915112 0.27048641 0.08193842
v 0.06551967 0.27048641 0.07275623
v 0.06560738 0.27048641 0.07246582
v 0.06566962 0.27048641 0.07216891
v 0.04060544 0.27048641 0.07066561
v 0.0405372 0.27048641 0.0709612
v 0.04078744 0.27048641 0.07303795
v 0.04092395 0.27048641 0.07330887
v 0.0410834 0.27048641 0.07356695
v 0.03856253 0.27048641 0.07963305
v 0.03838133 0.27048641 0.07938974
v 0.04168666 0.27048641 0.07424535
v 0.03817974 0.27048641 0.07916304
v 0.0414662 0.27048641 0.07403696
v 0.03795927 0.27048641 0.07895465
v 0.0412646 0.27048641 0.07381026
v 0.06492997 0.27048641 0.07381026
v 0.06511118 0.27048641 0.07356695
v 0.05236778 0.27048641 0.08292312
v 0.05265751 0.27048641 0.08297226
v 0.05295035 0.27048641 0.0829969
v 0.05080554 0.27048641 0.08214534
v 0.05103553 0.27048641 0.08232827
v 0.03916734 0.27048641 0.08163548
v 0.05128006 0.27048641 0.08249126
v 0.0515374 0.27048641 0.08263316
v 0.03915726 0.27048641 0.08133228
v 0.03912097 0.27048641 0.08103109
v 0.03905874 0.27048641 0.08073418
v 0.03897102 0.27048641 0.08044377
v 0.03885849 0.27048641 0.08016205
v 0.03872198 0.27048641 0.07989113
v 0.06527063 0.27048641 0.07330887
v 0.06540713 0.27048641 0.07303795
v 0.0288404 0.27048641 0.07105466
v 0.0286104 0.27048641 0.07087173
v 0.05538904 0.27048641 0.08214534
v 0.06450792 0.27048641 0.07424535
v 0.06472838 0.27048641 0.07403696
v 0.02448688 0.27048641 0.07087173
v 0.02727815 0.27048641 0.07027688
v 0.02698842 0.27048641 0.07022774
v 0.02610887 0.27048641 0.07022774
v 0.02581913 0.27048641 0.07027688
v 0.02553454 0.27048641 0.07035014
v 0.0252571 0.27048641 0.07044702
v 0.0538268 0.27048641 0.08292312
v 0.05411139 0.27048641 0.08284986
v 0.05438884 0.27048641 0.08275298
v 0.05465718 0.27048641 0.08263316
v 0.05491452 0.27048641 0.08249126
v 0.05515905 0.27048641 0.08232827
v 0.02669558 0.27048641 0.07020309
v 0.02640171 0.27048641 0.07020309
v 0.02498876 0.27048641 0.07056683
v 0.02473142 0.27048641 0.07070874
v 0.05324423 0.27048641 0.0829969
v 0.05353706 0.27048641 0.08297226
v 0.0389469 0.27048641 0.08282296
v 0.03904049 0.27048641 0.0825344
v 0.03910873 0.27048641 0.0822388
v 0.02784019 0.27048641 0.07044702
v 0.02756275 0.27048641 0.07035014
v 0.02836587 0.27048641 0.07070874
v 0.02810853 0.27048641 0.07056683
v 0.03766372 0.27048641 0.08447492
v 0.03790517 0.27048641 0.08429126
v 0.03812982 0.27048641 0.08408739
v 0.03833596 0.27048641 0.08386482
v 0.03852206 0.27048641 0.08362524
v 0.01569002 0.27048641 0.08463699
v 0.01595954 0.27048641 0.08477623
v 0.01624011 0.27048641 0.08489161
v 0.01652962 0.27048641 0.08498227
v 0.01682588 0.27048641 0.08504751
v 0.01712669 0.27048641 0.08508685
v 0.0362714 0.27048641 0.08504751
v 0.03656767 0.27048641 0.08498227
v 0.03685718 0.27048641 0.08489161
v 0.03713774 0.27048641 0.08477623
v 0.03740727 0.27048641 0.08463699
v 0.01742977 0.27048641 0.0851
v 0.03566752 0.27048641 0.0851
v 0.0359706 0.27048641 0.08508685
v 0.01441058 0.27048641 0.08337045
v 0.01457523 0.27048641 0.08362524
v 0.01068988 0.27048641 0.084575
v 0.01476133 0.27048641 0.08386482
v 0.01496747 0.27048641 0.08408739
v 0.01519211 0.27048641 0.08429126
v 0.01543357 0.27048641 0.08447492
v -0.12091053 0.27048641 0.07938974
v -0.12111212 0.27048641 0.07916304
v -0.12133259 0.27048641 0.07895465
v -0.13045147 0.27048641 0.07105466
v -0.1209559 0.27048641 0.08386482
v -0.12076981 0.27048641 0.08362524
v -0.1194689 0.27048641 0.08352499
v -0.12060516 0.27048641 0.08337045
v -0.12046319 0.27048641 0.08310235
v -0.12034496 0.27048641 0.08282296
v -0.12025138 0.27048641 0.0825344
v -0.12032084 0.27048641 0.08044377
v -0.12043338 0.27048641 0.08016205
v -0.14601754 0.27048641 0.08352499
v -0.12056988 0.27048641 0.07989113
v -0.12072933 0.27048641 0.07963305
v -0.13068146 0.27048641 0.07087173
v -0.130926 0.27048641 0.07070874
v -0.13118334 0.27048641 0.07056683
v -0.13145167 0.27048641 0.07044702
v -0.13172911 0.27048641 0.07035014
v -0.13201371 0.27048641 0.07027688
v -0.13318299 0.27048641 0.07022774
v -0.13347273 0.27048641 0.07027688
v -0.13375732 0.27048641 0.07035014
v -0.13403477 0.27048641 0.07044702
v -0.12018313 0.27048641 0.0822388
v -0.12014075 0.27048641 0.08193842
v -0.12012453 0.27048641 0.08163548
v -0.1201346 0.27048641 0.08133228
v -0.12017089 0.27048641 0.08103109
v -0.12023313 0.27048641 0.08073418
v -0.13430311 0.27048641 0.07056683
v -0.13456045 0.27048641 0.07070874
v -0.13480498 0.27048641 0.07087173
v -0.13230345 0.27048641 0.07022774
v -0.13259628 0.27048641 0.07020309
v -0.13289015 0.27048641 0.07020309
v -0.13503498 0.27048641 0.07105466
v -0.12162814 0.27048641 0.08447492
v -0.12138669 0.27048641 0.08429126
v -0.12116205 0.27048641 0.08408739
v -0.12332126 0.27048641 0.08508685
v -0.12302046 0.27048641 0.08504751
v -0.12272419 0.27048641 0.08498227
v -0.12243469 0.27048641 0.08489161
v -0.12362435 0.27048641 0.0851
v -0.14601754 0.27048641 0.084575
v -0.03982297 0.27048641 0.08352499
v -0.01068988 0.27048641 0.08352499
v -0.01403855 0.27048641 0.08073418
v -0.0286104 0.27048641 0.07087173
v -0.0288404 0.27048641 0.07105466
v -0.01441058 0.27048641 0.08337045
v -0.01426861 0.27048641 0.08310235
v -0.01415039 0.27048641 0.08282296
v -0.0140568 0.27048641 0.0825344
v -0.01398856 0.27048641 0.0822388
v -0.01394617 0.27048641 0.08193842
v -0.01392995 0.27048641 0.08163548
v -0.01412627 0.27048641 0.08044377
v -0.0142388 0.27048641 0.08016205
v -0.0143753 0.27048641 0.07989113
v -0.01491755 0.27048641 0.07916304
v -0.01513801 0.27048641 0.07895465
v -0.02425689 0.27048641 0.07105466
v -0.02448688 0.27048641 0.07087173
v -0.01453476 0.27048641 0.07963305
v -0.01471596 0.27048641 0.07938974
v -0.02698842 0.27048641 0.07022774
v -0.02727815 0.27048641 0.07027688
v -0.02756275 0.27048641 0.07035014
v -0.02784019 0.27048641 0.07044702
v -0.01394002 0.27048641 0.08133228
v -0.01397632 0.27048641 0.08103109
v -0.02810853 0.27048641 0.07056683
v -0.02836587 0.27048641 0.07070874
v -0.0252571 0.27048641 0.07044702
v -0.02553454 0.27048641 0.07035014
v -0.02581913 0.27048641 0.07027688
v -0.02610887 0.27048641 0.07022774
v -0.02640171 0.27048641 0.07020309
v -0.02669558 0.27048641 0.07020309
v -0.02473142 0.27048641 0.07070874
v -0.02498876 0.27048641 0.07056683
v -0.01595954 0.27048641 0.08477623
v -0.01569002 0.27048641 0.08463699
v -0.01068988 0.27048641 0.084575
v -0.01543357 0.27048641 0.08447492
v -0.01476133 0.27048641 0.08386482
v -0.01457523 0.27048641 0.08362524
v -0.01519211 0.27048641 0.08429126
v -0.01496747 0.27048641 0.08408739
v -0.01742977 0.27048641 0.0851
v -0.01712669 0.27048641 0.08508685
v -0.01682588 0.27048641 0.08504751
v -0.01652962 0.27048641 0.08498227
v -0.01624011 0.27048641 0.08489161
v -0.03982297 0.27048641 0.084575
v -0.19447604 0.27048641 0.07361142
v -0.19473749 0.27048641 0.0736
v -0.19499896 0.27048641 0.07361142
v -0.19525844 0.27048641 0.07364558
v -0.19551396 0.27048641 0.07370222
v -0.19213942 0.27048641 0.0751
v -0.19228004 0.27048641 0.07487927
v -0.19576356 0.27048641 0.07378092
v -0.19600536 0.27048641 0.07388107
v -0.1962375 0.27048641 0.07400192
v -0.17344224 0.27048641 0.08282296
v -0.17334867 0.27048641 0.0825344
v -0.19243936 0.27048641 0.07467163
v -0.19261618 0.27048641 0.07447868
v -0.19346964 0.27048641 0.07388107
v -0.19645824 0.27048641 0.07905746
v -0.1962375 0.27048641 0.07919808
v -0.19600536 0.27048641 0.07931893
v -0.19576356 0.27048641 0.07941908
v -0.19551396 0.27048641 0.07949778
v -0.19525844 0.27048641 0.07955442
v -0.19421655 0.27048641 0.07955442
v -0.19396104 0.27048641 0.07949778
v -0.19371144 0.27048641 0.07941908
v -0.17370243 0.27048641 0.08337045
v -0.17356047 0.27048641 0.08310235
v -0.17328042 0.27048641 0.0822388
v -0.17323804 0.27048641 0.08193842
v -0.17322181 0.27048641 0.08163548
v -0.19280913 0.27048641 0.07430187
v -0.19301677 0.27048641 0.07414255
v -0.1932375 0.27048641 0.07400192
v -0.19645824 0.27048641 0.07414255
v -0.19666587 0.27048641 0.07430187
v -0.19685882 0.27048641 0.07447868
v -0.19703564 0.27048641 0.07467163
v -0.19719495 0.27048641 0.07487927
v -0.19733557 0.27048641 0.0751
v -0.19745642 0.27048641 0.07533214
v -0.19755659 0.27048641 0.07557394
v -0.19763528 0.27048641 0.07582355
v -0.19769192 0.27048641 0.07607906
v -0.19772609 0.27048641 0.07633853
v -0.1977375 0.27048641 0.0766
v -0.19772609 0.27048641 0.07686147
v -0.19769192 0.27048641 0.07712094
v -0.19763528 0.27048641 0.07737646
v -0.19755659 0.27048641 0.07762606
v -0.19745642 0.27048641 0.07786786
v -0.19733557 0.27048641 0.0781
v -0.19719495 0.27048641 0.07832073
v -0.19703564 0.27048641 0.07852836
v -0.19685882 0.27048641 0.07872132
v -0.19666587 0.27048641 0.07889813
v -0.19499896 0.27048641 0.07958858
v -0.19473749 0.27048641 0.0796
v -0.19447604 0.27048641 0.07958858
v -0.19346964 0.27048641 0.07931893
v -0.1932375 0.27048641 0.07919808
v -0.19301677 0.27048641 0.07905746
v -0.19280913 0.27048641 0.07889813
v -0.19261618 0.27048641 0.07872132
v -0.19243936 0.27048641 0.07852836
v -0.19228004 0.27048641 0.07832073
v -0.19213942 0.27048641 0.0781
v -0.19201858 0.27048641 0.07786786
v -0.17323188 0.27048641 0.08133228
v -0.17326818 0.27048641 0.08103109
v -0.17333041 0.27048641 0.08073418
v -0.17341813 0.27048641 0.08044377
v -0.17353067 0.27048641 0.08016205
v -0.17366716 0.27048641 0.07989113
v -0.19371144 0.27048641 0.07378092
v -0.19396104 0.27048641 0.07370222
v -0.19421655 0.27048641 0.07364558
v -0.19183972 0.27048641 0.07737646
v -0.19191842 0.27048641 0.07762606
v -0.17382662 0.27048641 0.07963305
v -0.17400782 0.27048641 0.07938974
v -0.17420942 0.27048641 0.07916304
v -0.19174892 0.27048641 0.07686147
v -0.19178307 0.27048641 0.07712094
v -0.1917375 0.27048641 0.0766
v -0.19174892 0.27048641 0.07633853
v -0.19178307 0.27048641 0.07607906
v -0.19183972 0.27048641 0.07582355
v -0.19191842 0.27048641 0.07557394
v -0.19201858 0.27048641 0.07533214
v -0.17525141 0.27048641 0.08477623
v -0.17498189 0.27048641 0.08463699
v -0.17256619 0.27048641 0.084575
v -0.17641856 0.27048641 0.08508685
v -0.17611775 0.27048641 0.08504751
v -0.17582148 0.27048641 0.08498227
v -0.17553197 0.27048641 0.08489161
v -0.09292025 0.27048641 0.084575
v -0.09050456 0.27048641 0.08463699
v -0.09023503 0.27048641 0.08477623
v -0.08995447 0.27048641 0.08489161
v -0.08966496 0.27048641 0.08498227
v -0.08936869 0.27048641 0.08504751
v -0.08906789 0.27048641 0.08508685
v 0.003725 0.27048641 0.08305189
v 0.00427314 0.27048641 0.08270268
v 0.00478877 0.27048641 0.08230703
v 0.00254805 0.27048641 0.06959929
v 0.0019282 0.27048641 0.06940385
v 0.00129368 0.27048641 0.06926318
v -0.00129368 0.27048641 0.06926318
v -0.0019282 0.27048641 0.06940385
v -0.00254805 0.27048641 0.06959929
v -0.00314851 0.27048641 0.06984801
v -0.003725 0.27048641 0.07014811
v -0.00478877 0.27048641 0.08230703
v -0.00427314 0.27048641 0.08270268
v -0.003725 0.27048641 0.08305189
v 0.00526795 0.27048641 0.08186795
v 0.00570703 0.27048641 0.08138876
v 0.00610268 0.27048641 0.08087315
v -0.00675199 0.27048641 0.0797485
v -0.00645189 0.27048641 0.080325
v -0.00610268 0.27048641 0.08087315
v 0.00526795 0.27048641 0.07133205
v 0.00478877 0.27048641 0.07089297
v 0.00427314 0.27048641 0.07049732
v 0.00064931 0.27048641 0.06917835
v 0 0.27048641 0.06915
v -0.00064931 0.27048641 0.06917835
v -0.00570703 0.27048641 0.08138876
v -0.00526795 0.27048641 0.08186795
v 0.003725 0.27048641 0.07014811
v 0.00314851 0.27048641 0.06984801
v -0.00427314 0.27048641 0.07049732
v -0.00478877 0.27048641 0.07089297
v -0.00526795 0.27048641 0.07133205
v -0.00570703 0.27048641 0.07181123
v -0.00610268 0.27048641 0.07232685
v -0.00645189 0.27048641 0.072875
v 0.00645189 0.27048641 0.080325
v 0.00675199 0.27048641 0.0797485
v 0.00700071 0.27048641 0.07914805
v 0.00719615 0.27048641 0.0785282
v 0.00733682 0.27048641 0.07789368
v 0.00742165 0.27048641 0.07724931
v 0.00719615 0.27048641 0.0746718
v 0.00700071 0.27048641 0.07405195
v 0.00675199 0.27048641 0.0734515
v 0.00645189 0.27048641 0.072875
v 0.00610268 0.27048641 0.07232685
v 0.00570703 0.27048641 0.07181123
v -0.00675199 0.27048641 0.0734515
v -0.00700071 0.27048641 0.07405195
v -0.00719615 0.27048641 0.0746718
v -0.00742165 0.27048641 0.07724931
v -0.00733682 0.27048641 0.07789368
v 0.00745 0.27048641 0.0766
v 0.00742165 0.27048641 0.07595069
v 0.00733682 0.27048641 0.07530632
v -0.00719615 0.27048641 0.0785282
v -0.00700071 0.27048641 0.07914805
v -0.00733682 0.27048641 0.07530632
v -0.00742165 0.27048641 0.07595069
v -0.00745 0.27048641 0.0766
v 0.00129368 0.27048641 0.08393682
v 0.0019282 0.27048641 0.08379615
v 0.00254805 0.27048641 0.08360071
v 0.00314851 0.27048641 0.08335199
v -0.00314851 0.27048641 0.08335199
v -0.00254805 0.27048641 0.08360071
v -0.0019282 0.27048641 0.08379615
v -0.00129368 0.27048641 0.08393682
v -0.00064931 0.27048641 0.08402165
v 0 0.27048641 0.08405
v 0.00064931 0.27048641 0.08402165
v -0.06637161 0.27048641 0.08352499
v -0.09226463 0.27048641 0.08163548
v -0.09224841 0.27048641 0.08193842
v -0.09292025 0.27048641 0.08352499
v -0.09165982 0.27048641 0.07963305
v -0.09147862 0.27048641 0.07938974
v -0.09127703 0.27048641 0.07916304
v -0.091784 0.27048641 0.08337045
v -0.09192597 0.27048641 0.08310235
v -0.09204419 0.27048641 0.08282296
v -0.09181927 0.27048641 0.07989113
v -0.09195578 0.27048641 0.08016205
v -0.09206831 0.27048641 0.08044377
v -0.09215602 0.27048641 0.08073418
v -0.09221826 0.27048641 0.08103109
v -0.09225456 0.27048641 0.08133228
v -0.09220602 0.27048641 0.0822388
v -0.09213778 0.27048641 0.0825344
v -0.09143325 0.27048641 0.08386482
v -0.09122711 0.27048641 0.08408739
v -0.09161935 0.27048641 0.08362524
v -0.09100246 0.27048641 0.08429126
v -0.09076101 0.27048641 0.08447492
v -0.17472543 0.27048641 0.08447492
v -0.17448398 0.27048641 0.08429126
v -0.17425933 0.27048641 0.08408739
v -0.17171425 0.27048641 0.07275623
v -0.17180195 0.27048641 0.07246582
v -0.1718642 0.27048641 0.07216891
v -0.17160171 0.27048641 0.07303795
v -0.1714652 0.27048641 0.07330887
v -0.17130575 0.27048641 0.07356695
v -0.17112455 0.27048641 0.07381026
v -0.17092296 0.27048641 0.07403696
v -0.14766078 0.27048641 0.07403696
v -0.14745918 0.27048641 0.07381026
v -0.14727798 0.27048641 0.07356695
v -0.14711852 0.27048641 0.07330887
v -0.14668939 0.27048641 0.07126158
v -0.14673178 0.27048641 0.0709612
v -0.14680003 0.27048641 0.07066561
v -0.14689361 0.27048641 0.07037704
v -0.14731845 0.27048641 0.06957476
v -0.14750455 0.27048641 0.06933518
v -0.1477107 0.27048641 0.06911261
v -0.14793533 0.27048641 0.06890874
v -0.14870277 0.27048641 0.06842377
v -0.14898333 0.27048641 0.06830839
v -0.14927283 0.27048641 0.06821773
v -0.15017299 0.27048641 0.0681
v -0.16841073 0.27048641 0.0681
v -0.16871382 0.27048641 0.06811315
v -0.16135362 0.27048641 0.08232827
v -0.16110909 0.27048641 0.08249126
v -0.16085175 0.27048641 0.08263316
v -0.15885209 0.27048641 0.08297226
v -0.15856235 0.27048641 0.08292312
v -0.15827776 0.27048641 0.08284986
v -0.15800032 0.27048641 0.08275298
v -0.14701183 0.27048641 0.07009766
v -0.14715379 0.27048641 0.06982955
v -0.14817679 0.27048641 0.06872508
v -0.14843324 0.27048641 0.06856301
v -0.14956911 0.27048641 0.06815249
v -0.1498699 0.27048641 0.06811315
v -0.16901462 0.27048641 0.06815249
v -0.1693109 0.27048641 0.06821773
v -0.1696004 0.27048641 0.06830839
v -0.16058341 0.27048641 0.08275298
v -0.16030596 0.27048641 0.08284986
v -0.16002138 0.27048641 0.08292312
v -0.14698201 0.27048641 0.07303795
v -0.14686948 0.27048641 0.07275623
v -0.14678177 0.27048641 0.07246582
v -0.14671953 0.27048641 0.07216891
v -0.14668325 0.27048641 0.07186772
v -0.14667317 0.27048641 0.07156452
v -0.16988097 0.27048641 0.06842377
v -0.17015049 0.27048641 0.06856301
v -0.17040694 0.27048641 0.06872508
v -0.1706484 0.27048641 0.06890874
v -0.17087303 0.27048641 0.06911261
v -0.17107919 0.27048641 0.06933518
v -0.17126527 0.27048641 0.06957476
v -0.17142993 0.27048641 0.06982955
v -0.1715719 0.27048641 0.07009766
v -0.17169012 0.27048641 0.07037704
v -0.1717837 0.27048641 0.07066561
v -0.17185195 0.27048641 0.0709612
v -0.17189434 0.27048641 0.07126158
v -0.17191055 0.27048641 0.07156452
v -0.17190048 0.27048641 0.07186772
v -0.15973164 0.27048641 0.08297226
v -0.1594388 0.27048641 0.0829969
v -0.15914492 0.27048641 0.0829969
v -0.15773198 0.27048641 0.08263316
v -0.15747464 0.27048641 0.08249126
v -0.15723011 0.27048641 0.08232827
v -0.15700011 0.27048641 0.08214534
v -0.14788124 0.27048641 0.07424535
v -0.10437734 0.27048641 0.08249126
v -0.10413282 0.27048641 0.08232827
v -0.10390282 0.27048641 0.08214534
v -0.09478395 0.27048641 0.07424535
v -0.09588604 0.27048641 0.06830839
v -0.09617555 0.27048641 0.06821773
v -0.10748612 0.27048641 0.08275298
v -0.10775446 0.27048641 0.08263316
v -0.1080118 0.27048641 0.08249126
v -0.10546507 0.27048641 0.08292312
v -0.10518047 0.27048641 0.08284986
v -0.09456348 0.27048641 0.07403696
v -0.09436189 0.27048641 0.07381026
v -0.09418069 0.27048641 0.07356695
v -0.0937722 0.27048641 0.07275623
v -0.09368449 0.27048641 0.07246582
v -0.09362224 0.27048641 0.07216891
v -0.09647182 0.27048641 0.06815249
v -0.09677262 0.27048641 0.06811315
v -0.10848633 0.27048641 0.08214534
v -0.10825633 0.27048641 0.08232827
v -0.10720868 0.27048641 0.08284986
v -0.10692409 0.27048641 0.08292312
v -0.10663435 0.27048641 0.08297226
v -0.10634151 0.27048641 0.0829969
v -0.10604764 0.27048641 0.0829969
v -0.1057548 0.27048641 0.08297226
v -0.10490303 0.27048641 0.08275298
v -0.10463469 0.27048641 0.08263316
v -0.09402124 0.27048641 0.07330887
v -0.09388473 0.27048641 0.07303795
v -0.09358595 0.27048641 0.07186772
v -0.09357588 0.27048641 0.07156452
v -0.0935921 0.27048641 0.07126158
v -0.09363449 0.27048641 0.0709612
v -0.09370273 0.27048641 0.07066561
v -0.09379632 0.27048641 0.07037704
v -0.09391454 0.27048641 0.07009766
v -0.09405651 0.27048641 0.06982955
v -0.09422116 0.27048641 0.06957476
v -0.09440726 0.27048641 0.06933518
v -0.0946134 0.27048641 0.06911261
v -0.09483805 0.27048641 0.06890874
v -0.0950795 0.27048641 0.06872508
v -0.09533595 0.27048641 0.06856301
v -0.09560548 0.27048641 0.06842377
v 0.09677262 0.27048641 0.06811315
v 0.09647182 0.27048641 0.06815249
v 0.09617555 0.27048641 0.06821773
v 0.09588604 0.27048641 0.06830839
v 0.09560548 0.27048641 0.06842377
v 0.09533595 0.27048641 0.06856301
v 0.0950795 0.27048641 0.06872508
v 0.09483805 0.27048641 0.06890874
v 0.0946134 0.27048641 0.06911261
v 0.09440726 0.27048641 0.06933518
v 0.11782567 0.27048641 0.07403696
v 0.11802726 0.27048641 0.07381026
v 0.11820846 0.27048641 0.07356695
v 0.11836792 0.27048641 0.07330887
v 0.11850442 0.27048641 0.07303795
v 0.11861695 0.27048641 0.07275623
v 0.11870467 0.27048641 0.07246582
v 0.1187669 0.27048641 0.07216891
v 0.11875466 0.27048641 0.0709612
v 0.11868642 0.27048641 0.07066561
v 0.09422116 0.27048641 0.06957476
v 0.09405651 0.27048641 0.06982955
v 0.09391454 0.27048641 0.07009766
v 0.09362224 0.27048641 0.07216891
v 0.09368449 0.27048641 0.07246582
v 0.0937722 0.27048641 0.07275623
v 0.09388473 0.27048641 0.07303795
v 0.1179819 0.27048641 0.06933518
v 0.11816799 0.27048641 0.06957476
v 0.11833265 0.27048641 0.06982955
v 0.11777575 0.27048641 0.06911261
v 0.1175511 0.27048641 0.06890874
v 0.11730965 0.27048641 0.06872508
v 0.09379632 0.27048641 0.07037704
v 0.09370273 0.27048641 0.07066561
v 0.09363449 0.27048641 0.0709612
v 0.09402124 0.27048641 0.07330887
v 0.09418069 0.27048641 0.07356695
v 0.09436189 0.27048641 0.07381026
v 0.09456348 0.27048641 0.07403696
v 0.09478395 0.27048641 0.07424535
v 0.10390282 0.27048641 0.08214534
v 0.11859284 0.27048641 0.07037704
v 0.11847462 0.27048641 0.07009766
v 0.0935921 0.27048641 0.07126158
v 0.09357588 0.27048641 0.07156452
v 0.09358595 0.27048641 0.07186772
v 0.1188032 0.27048641 0.07186772
v 0.11881327 0.27048641 0.07156452
v 0.11879705 0.27048641 0.07126158
v 0.1170532 0.27048641 0.06856301
v 0.11678368 0.27048641 0.06842377
v 0.11650311 0.27048641 0.06830839
v 0.1162136 0.27048641 0.06821773
v 0.11591734 0.27048641 0.06815249
v 0.10413282 0.27048641 0.08232827
v 0.10437734 0.27048641 0.08249126
v 0.10463469 0.27048641 0.08263316
v 0.10663435 0.27048641 0.08297226
v 0.10692409 0.27048641 0.08292312
v 0.10720868 0.27048641 0.08284986
v 0.10748612 0.27048641 0.08275298
v 0.10775446 0.27048641 0.08263316
v 0.1080118 0.27048641 0.08249126
v 0.10825633 0.27048641 0.08232827
v 0.10490303 0.27048641 0.08275298
v 0.10518047 0.27048641 0.08284986
v 0.10546507 0.27048641 0.08292312
v 0.1057548 0.27048641 0.08297226
v 0.10604764 0.27048641 0.0829969
v 0.10634151 0.27048641 0.0829969
v 0.10848633 0.27048641 0.08214534
v 0.11760521 0.27048641 0.07424535
v 0 0.27348644 0.0746
v 0 0.27508643 0.0746
v -0.00017431 0.27348644 0.07460761
v -0.00017431 0.27508643 0.07460761
v -0.0003473 0.27348644 0.07463039
v -0.0003473 0.27508643 0.07463039
v -0.00051764 0.27348644 0.07466815
v -0.00051764 0.27508643 0.07466815
v -0.00068404 0.27348644 0.07472061
v -0.00068404 0.27508643 0.07472061
v -0.00084524 0.27348644 0.07478739
v -0.00084524 0.27508643 0.07478739
v -0.001 0.27348644 0.07486795
v -0.001 0.27508643 0.07486795
v -0.00114715 0.27348644 0.0749617
v -0.00114715 0.27508643 0.0749617
v -0.00128558 0.27348644 0.07506791
v -0.00128558 0.27508643 0.07506791
v -0.00141421 0.27348644 0.07518578
v -0.00141421 0.27508643 0.07518578
v -0.00153209 0.27348644 0.07531442
v -0.00153209 0.27508643 0.07531442
v -0.0016383 0.27348644 0.07545285
v -0.0016383 0.27508643 0.07545285
v -0.00173205 0.27348644 0.0756
v -0.00173205 0.27508643 0.0756
v -0.00181262 0.27348644 0.07575476
v -0.00181262 0.27508643 0.07575476
v -0.00187939 0.27348644 0.07591596
v -0.00187939 0.27508643 0.07591596
v -0.00193185 0.27348644 0.07608236
v -0.00193185 0.27508643 0.07608236
v -0.00196962 0.27348644 0.07625271
v -0.00196962 0.27508643 0.07625271
v -0.00199239 0.27348644 0.07642569
v -0.00199239 0.27508643 0.07642569
v -0.002 0.27348644 0.0766
v -0.002 0.27508643 0.0766
v -0.00199239 0.27348644 0.07677431
v -0.00199239 0.27508643 0.07677431
v -0.00196962 0.27348644 0.07694729
v -0.00196962 0.27508643 0.07694729
v -0.00193185 0.27348644 0.07711764
v -0.00193185 0.27508643 0.07711764
v -0.00187939 0.27348644 0.07728404
v -0.00187939 0.27508643 0.07728404
v -0.00181262 0.27348644 0.07744524
v -0.00181262 0.27508643 0.07744524
v -0.00173205 0.27348644 0.0776
v -0.00173205 0.27508643 0.0776
v -0.0016383 0.27348644 0.07774715
v -0.0016383 0.27508643 0.07774715
v -0.00153209 0.27348644 0.07788558
v -0.00153209 0.27508643 0.07788558
v -0.00141421 0.27348644 0.07801421
v -0.00141421 0.27508643 0.07801421
v -0.00128558 0.27348644 0.07813209
v -0.00128558 0.27508643 0.07813209
v -0.00114715 0.27348644 0.0782383
v -0.00114715 0.27508643 0.0782383
v -0.001 0.27348644 0.07833205
v -0.001 0.27508643 0.07833205
v -0.00084524 0.27348644 0.07841261
v -0.00084524 0.27508643 0.07841261
v -0.00068404 0.27348644 0.07847939
v -0.00068404 0.27508643 0.07847939
v -0.00051764 0.27348644 0.07853185
v -0.00051764 0.27508643 0.07853185
v -0.0003473 0.27348644 0.07856961
v -0.0003473 0.27508643 0.07856961
v -0.00017431 0.27348644 0.07859239
v -0.00017431 0.27508643 0.07859239
v 0 0.27348644 0.0786
v 0 0.27508643 0.0786
v 0.00017431 0.27348644 0.07859239
v 0.00017431 0.27508643 0.07859239
v 0.0003473 0.27348644 0.07856961
v 0.0003473 0.27508643 0.07856961
v 0.00051764 0.27348644 0.07853185
v 0.00051764 0.27508643 0.07853185
v 0.00068404 0.27348644 0.07847939
v 0.00068404 0.27508643 0.07847939
v 0.00084524 0.27348644 0.07841261
v 0.00084524 0.27508643 0.07841261
v 0.001 0.27348644 0.07833205
v 0.001 0.27508643 0.07833205
v 0.00114715 0.27348644 0.0782383
v 0.00114715 0.27508643 0.0782383
v 0.00128558 0.27348644 0.07813209
v 0.00128558 0.27508643 0.07813209
v 0.00141421 0.27348644 0.07801421
v 0.00141421 0.27508643 0.07801421
v 0.00153209 0.27348644 0.07788558
v 0.00153209 0.27508643 0.07788558
v 0.0016383 0.27348644 0.07774715
v 0.0016383 0.27508643 0.07774715
v 0.00173205 0.27348644 0.0776
v 0.00173205 0.27508643 0.0776
v 0.00181262 0.27348644 0.07744524
v 0.00181262 0.27508643 0.07744524
v 0.00187939 0.27348644 0.07728404
v 0.00187939 0.27508643 0.07728404
v 0.00193185 0.27348644 0.07711764
v 0.00193185 0.27508643 0.07711764
v 0.00196962 0.27348644 0.07694729
v 0.00196962 0.27508643 0.07694729
v 0.00199239 0.27348644 0.07677431
v 0.00199239 0.27508643 0.07677431
v 0.002 0.27348644 0.0766
v 0.002 0.27508643 0.0766
v 0.00199239 0.27348644 0.07642569
v 0.00199239 0.27508643 0.07642569
v 0.00196962 0.27348644 0.07625271
v 0.00196962 0.27508643 0.07625271
v 0.00193185 0.27348644 0.07608236
v 0.00193185 0.27508643 0.07608236
v 0.00187939 0.27348644 0.07591596
v 0.00187939 0.27508643 0.07591596
v 0.00181262 0.27348644 0.07575476
v 0.00181262 0.27508643 0.07575476
v 0.00173205 0.27348644 0.0756
v 0.00173205 0.27508643 0.0756
v 0.0016383 0.27348644 0.07545285
v 0.0016383 0.27508643 0.07545285
v 0.00153209 0.27348644 0.07531442
v 0.00153209 0.27508643 0.07531442
v 0.00141421 0.27348644 0.07518578
v 0.00141421 0.27508643 0.07518578
v 0.00128558 0.27348644 0.07506791
v 0.00128558 0.27508643 0.07506791
v 0.00114715 0.27348644 0.0749617
v 0.00114715 0.27508643 0.0749617
v 0.001 0.27348644 0.07486795
v 0.001 0.27508643 0.07486795
v 0.00084524 0.27348644 0.07478739
v 0.00084524 0.27508643 0.07478739
v 0.00068404 0.27348644 0.07472061
v 0.00068404 0.27508643 0.07472061
v 0.00051764 0.27348644 0.07466815
v 0.00051764 0.27508643 0.07466815
v 0.0003473 0.27348644 0.07463039
v 0.0003473 0.27508643 0.07463039
v 0.00017431 0.27348644 0.07460761
v 0.00017431 0.27508643 0.07460761
v 0 0.27508643 0.0656
v -0.00095871 0.27348644 0.06564186
v -0.00095871 0.27508643 0.06564186
v -0.00191013 0.27348644 0.06576712
v -0.00191013 0.27508643 0.06576712
v -0.00284701 0.27348644 0.06597482
v -0.00284701 0.27508643 0.06597482
v -0.00376222 0.27348644 0.06626338
v -0.00376222 0.27508643 0.06626338
v -0.0046488 0.27348644 0.06663062
v -0.0046488 0.27508643 0.06663062
v -0.0055 0.27348644 0.06707372
v -0.0055 0.27508643 0.06707372
v -0.00630934 0.27348644 0.06758933
v -0.00630934 0.27508643 0.06758933
v -0.00707066 0.27348644 0.06817351
v -0.00707066 0.27508643 0.06817351
v -0.00777817 0.27348644 0.06882183
v -0.00777817 0.27508643 0.06882183
v -0.00842649 0.27348644 0.06952934
v -0.00842649 0.27508643 0.06952934
v -0.00901067 0.27348644 0.07029066
v -0.00901067 0.27508643 0.07029066
v -0.00952628 0.27348644 0.0711
v -0.00952628 0.27508643 0.0711
v -0.00996939 0.27348644 0.0719512
v -0.00996939 0.27508643 0.0719512
v -0.01033662 0.27348644 0.07283778
v -0.01033662 0.27508643 0.07283778
v -0.01062518 0.27348644 0.07375299
v -0.01062518 0.27508643 0.07375299
v -0.01083289 0.27348644 0.07468987
v -0.01083289 0.27508643 0.07468987
v -0.01095814 0.27348644 0.07564129
v -0.01095814 0.27508643 0.07564129
v -0.011 0.27348644 0.0766
v -0.011 0.27508643 0.0766
v -0.01095814 0.27348644 0.07755871
v -0.01095814 0.27508643 0.07755871
v -0.01083289 0.27348644 0.07851013
v -0.01083289 0.27508643 0.07851013
v -0.01062518 0.27348644 0.07944701
v -0.01062518 0.27508643 0.07944701
v -0.01033662 0.27348644 0.08036222
v -0.01033662 0.27508643 0.08036222
v -0.00996939 0.27348644 0.0812488
v -0.00996939 0.27508643 0.0812488
v -0.00952628 0.27348644 0.0821
v -0.00952628 0.27508643 0.0821
v -0.00901067 0.27348644 0.08290934
v -0.00901067 0.27508643 0.08290934
v -0.00842649 0.27348644 0.08367066
v -0.00842649 0.27508643 0.08367066
v -0.00777817 0.27348644 0.08437818
v -0.00777817 0.27508643 0.08437818
v -0.00707066 0.27348644 0.08502649
v -0.00707066 0.27508643 0.08502649
v -0.00630934 0.27348644 0.08561067
v -0.00630934 0.27508643 0.08561067
v -0.0055 0.27348644 0.08612628
v -0.0055 0.27508643 0.08612628
v -0.0046488 0.27348644 0.08656938
v -0.0046488 0.27508643 0.08656938
v -0.00376222 0.27348644 0.08693662
v -0.00376222 0.27508643 0.08693662
v -0.00284701 0.27348644 0.08722518
v -0.00284701 0.27508643 0.08722518
v -0.00191013 0.27348644 0.08743288
v -0.00191013 0.27508643 0.08743288
v -0.00095871 0.27348644 0.08755814
v -0.00095871 0.27508643 0.08755814
v 0 0.27348644 0.0876
v 0 0.27508643 0.0876
v 0.00095871 0.27348644 0.08755814
v 0.00095871 0.27508643 0.08755814
v 0.00191013 0.27348644 0.08743288
v 0.00191013 0.27508643 0.08743288
v 0.00284701 0.27348644 0.08722518
v 0.00284701 0.27508643 0.08722518
v 0.00376222 0.27348644 0.08693662
v 0.00376222 0.27508643 0.08693662
v 0.0046488 0.27348644 0.08656938
v 0.0046488 0.27508643 0.08656938
v 0.0055 0.27348644 0.08612628
v 0.0055 0.27508643 0.08612628
v 0.00630934 0.27348644 0.08561067
v 0.00630934 0.27508643 0.08561067
v 0.00707066 0.27348644 0.08502649
v 0.00707066 0.27508643 0.08502649
v 0.00777817 0.27348644 0.08437818
v 0.00777817 0.27508643 0.08437818
v 0.00842649 0.27348644 0.08367066
v 0.00842649 0.27508643 0.08367066
v 0.00901067 0.27348644 0.08290934
v 0.00901067 0.27508643 0.08290934
v 0.00952628 0.27348644 0.0821
v 0.00952628 0.27508643 0.0821
v 0.00996939 0.27348644 0.0812488
v 0.00996939 0.27508643 0.0812488
v 0.01033662 0.27348644 0.08036222
v 0.01033662 0.27508643 0.08036222
v 0.01062518 0.27348644 0.07944701
v 0.01062518 0.27508643 0.07944701
v 0.01083289 0.27348644 0.07851013
v 0.01083289 0.27508643 0.07851013
v 0.01095814 0.27348644 0.07755871
v 0.01095814 0.27508643 0.07755871
v 0.011 0.27348644 0.0766
v 0.011 0.27508643 0.0766
v 0.01095814 0.27348644 0.07564129
v 0.01095814 0.27508643 0.07564129
v 0.01083289 0.27348644 0.07468987
v 0.01083289 0.27508643 0.07468987
v 0.01062518 0.27348644 0.07375299
v 0.01062518 0.27508643 0.07375299
v 0.01033662 0.27348644 0.07283778
v 0.01033662 0.27508643 0.07283778
v 0.00996939 0.27348644 0.0719512
v 0.00996939 0.27508643 0.0719512
v 0.00952628 0.27348644 0.0711
v 0.00952628 0.27508643 0.0711
v 0.00901067 0.27348644 0.07029066
v 0.00901067 0.27508643 0.07029066
v 0.00842649 0.27348644 0.06952934
v 0.00842649 0.27508643 0.06952934
v 0.00777817 0.27348644 0.06882183
v 0.00777817 0.27508643 0.06882183
v 0.00707066 0.27348644 0.06817351
v 0.00707066 0.27508643 0.06817351
v 0.00630934 0.27348644 0.06758933
v 0.00630934 0.27508643 0.06758933
v 0.0055 0.27348644 0.06707372
v 0.0055 0.27508643 0.06707372
v 0.0046488 0.27348644 0.06663062
v 0.0046488 0.27508643 0.06663062
v 0.00376222 0.27348644 0.06626338
v 0.00376222 0.27508643 0.06626338
v 0.00284701 0.27348644 0.06597482
v 0.00284701 0.27508643 0.06597482
v 0.00191013 0.27348644 0.06576712
v 0.00191013 0.27508643 0.06576712
v 0.00095871 0.27348644 0.06564186
v 0.00095871 0.27508643 0.06564186
v 0 0.27348644 0.0656
v -0.00196962 0.25848642 0.07625271
v -0.00199239 0.25848642 0.07642569
v 0 0.25848642 0.0766
v -0.002 0.25848642 0.0766
v -0.00199239 0.25848642 0.07677431
v -0.00181262 0.25848642 0.07575476
v -0.00187939 0.25848642 0.07591596
v -0.00193185 0.25848642 0.07608236
v -0.00153209 0.25848642 0.07531442
v -0.0016383 0.25848642 0.07545285
v -0.00173205 0.25848642 0.0756
v -0.00114715 0.25848642 0.0749617
v -0.00128558 0.25848642 0.07506791
v -0.00141421 0.25848642 0.07518578
v -0.00068404 0.25848642 0.07472061
v -0.00084524 0.25848642 0.07478739
v -0.001 0.25848642 0.07486795
v -0.00017431 0.25848642 0.07460761
v -0.0003473 0.25848642 0.07463039
v -0.00051764 0.25848642 0.07466815
v 0.0003473 0.25848642 0.07463039
v 0.00017431 0.25848642 0.07460761
v 0 0.25848642 0.0746
v 0.00084524 0.25848642 0.07478739
v 0.00068404 0.25848642 0.07472061
v 0.00051764 0.25848642 0.07466815
v 0.00128558 0.25848642 0.07506791
v 0.00114715 0.25848642 0.0749617
v 0.001 0.25848642 0.07486795
v 0.0016383 0.25848642 0.07545285
v 0.00153209 0.25848642 0.07531442
v 0.00141421 0.25848642 0.07518578
v 0.00187939 0.25848642 0.07591596
v 0.00181262 0.25848642 0.07575476
v 0.00173205 0.25848642 0.0756
v 0.00199239 0.25848642 0.07642569
v 0.00196962 0.25848642 0.07625271
v 0.00193185 0.25848642 0.07608236
v 0.00196962 0.25848642 0.07694729
v 0.00199239 0.25848642 0.07677431
v 0.002 0.25848642 0.0766
v 0.00181262 0.25848642 0.07744524
v 0.00187939 0.25848642 0.07728404
v 0.00193185 0.25848642 0.07711764
v 0.00153209 0.25848642 0.07788558
v 0.0016383 0.25848642 0.07774715
v 0.00173205 0.25848642 0.0776
v 0.00114715 0.25848642 0.0782383
v 0.00128558 0.25848642 0.07813209
v 0.00141421 0.25848642 0.07801421
v 0.00068404 0.25848642 0.07847939
v 0.00084524 0.25848642 0.07841261
v 0.001 0.25848642 0.07833205
v 0.00017431 0.25848642 0.07859239
v 0.0003473 0.25848642 0.07856961
v 0.00051764 0.25848642 0.07853185
v -0.0003473 0.25848642 0.07856961
v -0.00017431 0.25848642 0.07859239
v 0 0.25848642 0.0786
v -0.00084524 0.25848642 0.07841261
v -0.00068404 0.25848642 0.07847939
v -0.00051764 0.25848642 0.07853185
v -0.00128558 0.25848642 0.07813209
v -0.00114715 0.25848642 0.0782383
v -0.001 0.25848642 0.07833205
v -0.0016383 0.25848642 0.07774715
v -0.00153209 0.25848642 0.07788558
v -0.00141421 0.25848642 0.07801421
v -0.00187939 0.25848642 0.07728404
v -0.00181262 0.25848642 0.07744524
v -0.00173205 0.25848642 0.0776
v -0.00196962 0.25848642 0.07694729
v -0.00193185 0.25848642 0.07711764
v 0 0.27348644 0.0786
v 0 0.27348644 0.0746
v 0.00747146 0.27348644 0.07725367
v 0.0075 0.27348644 0.0766
v 0.00747146 0.27348644 0.07594633
v 0.00738606 0.27348644 0.07529764
v 0.00724444 0.27348644 0.07465886
v 0.00704769 0.27348644 0.07403485
v 0.00679731 0.27348644 0.07343036
v 0.00649519 0.27348644 0.07285
v 0.00614364 0.27348644 0.07229818
v 0.00574533 0.27348644 0.07177909
v 0.0053033 0.27348644 0.0712967
v 0.00482091 0.27348644 0.07085466
v 0.00430182 0.27348644 0.07045636
v 0.00375 0.27348644 0.07010481
v 0.00316964 0.27348644 0.06980269
v 0.00256515 0.27348644 0.0695523
v 0.00194114 0.27348644 0.06935555
v 0.00130236 0.27348644 0.06921394
v 0.00065367 0.27348644 0.06912854
v 0 0.27348644 0.0691
v -0.00065367 0.27348644 0.06912854
v -0.00130236 0.27348644 0.06921394
v -0.00194114 0.27348644 0.06935555
v -0.00256515 0.27348644 0.0695523
v -0.00316964 0.27348644 0.06980269
v -0.00375 0.27348644 0.07010481
v -0.00430182 0.27348644 0.07045636
v -0.00482091 0.27348644 0.07085466
v -0.0053033 0.27348644 0.0712967
v -0.00574533 0.27348644 0.07177909
v -0.00614364 0.27348644 0.07229818
v -0.00649519 0.27348644 0.07285
v -0.00679731 0.27348644 0.07343036
v -0.00704769 0.27348644 0.07403485
v -0.00724444 0.27348644 0.07465886
v -0.00738606 0.27348644 0.07529764
v -0.00747146 0.27348644 0.07594633
v -0.0075 0.27348644 0.0766
v -0.00747146 0.27348644 0.07725367
v -0.00738606 0.27348644 0.07790236
v -0.00724444 0.27348644 0.07854114
v -0.00704769 0.27348644 0.07916515
v -0.00679731 0.27348644 0.07976963
v -0.00649519 0.27348644 0.08035
v -0.00614364 0.27348644 0.08090182
v -0.00574533 0.27348644 0.08142091
v -0.0053033 0.27348644 0.0819033
v -0.00482091 0.27348644 0.08234534
v -0.00430182 0.27348644 0.08274364
v -0.00375 0.27348644 0.08309519
v -0.00316964 0.27348644 0.08339731
v -0.00256515 0.27348644 0.0836477
v -0.00194114 0.27348644 0.08384445
v -0.00130236 0.27348644 0.08398606
v -0.00065367 0.27348644 0.08407146
v 0 0.27348644 0.0841
v 0.00065367 0.27348644 0.08407146
v 0.00130236 0.27348644 0.08398606
v 0.00194114 0.27348644 0.08384445
v 0.00256515 0.27348644 0.0836477
v 0.00316964 0.27348644 0.08339731
v 0.00375 0.27348644 0.08309519
v 0.00430182 0.27348644 0.08274364
v 0.00482091 0.27348644 0.08234534
v 0.0053033 0.27348644 0.0819033
v 0.00574533 0.27348644 0.08142091
v 0.00614364 0.27348644 0.08090182
v 0.00649519 0.27348644 0.08035
v 0.00679731 0.27348644 0.07976963
v 0.00704769 0.27348644 0.07916515
v 0.00724444 0.27348644 0.07854114
v 0.00738606 0.27348644 0.07790236
v -0.00747146 0.27048641 0.07725367
v -0.00738606 0.27048641 0.07790236
v -0.00724444 0.27048641 0.07854114
v -0.00704769 0.27048641 0.07916515
v -0.00679731 0.27048641 0.07976963
v -0.00649519 0.27048641 0.08035
v -0.00614364 0.27048641 0.08090182
v -0.00574533 0.27048641 0.08142091
v -0.0053033 0.27048641 0.0819033
v -0.00482091 0.27048641 0.08234534
v -0.00430182 0.27048641 0.08274364
v -0.00375 0.27048641 0.08309519
v -0.00316964 0.27048641 0.08339731
v -0.00256515 0.27048641 0.0836477
v -0.00194114 0.27048641 0.08384445
v -0.00130236 0.27048641 0.08398606
v -0.00065367 0.27048641 0.08407146
v 0 0.27048641 0.0841
v 0.00065367 0.27048641 0.08407146
v 0.00130236 0.27048641 0.08398606
v 0.00194114 0.27048641 0.08384445
v 0.00256515 0.27048641 0.0836477
v 0.00316964 0.27048641 0.08339731
v 0.00375 0.27048641 0.08309519
v 0.00430182 0.27048641 0.08274364
v 0.00482091 0.27048641 0.08234534
v 0.0053033 0.27048641 0.0819033
v 0.00574533 0.27048641 0.08142091
v 0.00614364 0.27048641 0.08090182
v 0.00649519 0.27048641 0.08035
v 0.00679731 0.27048641 0.07976963
v 0.00704769 0.27048641 0.07916515
v 0.00724444 0.27048641 0.07854114
v 0.00738606 0.27048641 0.07790236
v 0.00747146 0.27048641 0.07725367
v 0.0075 0.27048641 0.0766
v 0.00747146 0.27048641 0.07594633
v 0.00738606 0.27048641 0.07529764
v 0.00724444 0.27048641 0.07465886
v 0.00704769 0.27048641 0.07403485
v 0.00679731 0.27048641 0.07343036
v 0.00649519 0.27048641 0.07285
v 0.00614364 0.27048641 0.07229818
v 0.00574533 0.27048641 0.07177909
v 0.0053033 0.27048641 0.0712967
v 0.00482091 0.27048641 0.07085466
v 0.00430182 0.27048641 0.07045636
v 0.00375 0.27048641 0.07010481
v 0.00316964 0.27048641 0.06980269
v 0.00256515 0.27048641 0.0695523
v 0.00194114 0.27048641 0.06935555
v 0.00130236 0.27048641 0.06921394
v 0.00065367 0.27048641 0.06912854
v 0 0.27048641 0.0691
v -0.00065367 0.27048641 0.06912854
v -0.00130236 0.27048641 0.06921394
v -0.00194114 0.27048641 0.06935555
v -0.00256515 0.27048641 0.0695523
v -0.00316964 0.27048641 0.06980269
v -0.00375 0.27048641 0.07010481
v -0.00430182 0.27048641 0.07045636
v -0.00482091 0.27048641 0.07085466
v -0.0053033 0.27048641 0.0712967
v -0.00574533 0.27048641 0.07177909
v -0.00614364 0.27048641 0.07229818
v -0.00649519 0.27048641 0.07285
v -0.00679731 0.27048641 0.07343036
v -0.00704769 0.27048641 0.07403485
v -0.00724444 0.27048641 0.07465886
v -0.00738606 0.27048641 0.07529764
v -0.00747146 0.27048641 0.07594633
v -0.0075 0.27048641 0.0766
v 0.00846765 0.27048641 0.07734083
v 0.0085 0.27048641 0.0766
v 0.00846765 0.27048641 0.07585917
v 0.00837087 0.27048641 0.07512399
v 0.00821037 0.27048641 0.07440004
v 0.00798739 0.27048641 0.07369283
v 0.00770362 0.27048641 0.07300775
v 0.00736122 0.27048641 0.07235
v 0.00696279 0.27048641 0.0717246
v 0.00651138 0.27048641 0.0711363
v 0.00601041 0.27048641 0.07058959
v 0.00546369 0.27048641 0.07008862
v 0.0048754 0.27048641 0.06963721
v 0.00425 0.27048641 0.06923878
v 0.00359226 0.27048641 0.06889638
v 0.00290717 0.27048641 0.06861261
v 0.00219996 0.27048641 0.06838963
v 0.00147601 0.27048641 0.06822913
v 0.00074082 0.27048641 0.06813235
v 0 0.27048641 0.0681
v -0.00074082 0.27048641 0.06813235
v -0.00147601 0.27048641 0.06822913
v -0.00219996 0.27048641 0.06838963
v -0.00290717 0.27048641 0.06861261
v -0.00359226 0.27048641 0.06889638
v -0.00425 0.27048641 0.06923878
v -0.0048754 0.27048641 0.06963721
v -0.00546369 0.27048641 0.07008862
v -0.00601041 0.27048641 0.07058959
v -0.00651138 0.27048641 0.0711363
v -0.00696279 0.27048641 0.0717246
v -0.00736122 0.27048641 0.07235
v -0.00770362 0.27048641 0.07300775
v -0.00798739 0.27048641 0.07369283
v -0.00821037 0.27048641 0.07440004
v -0.00837087 0.27048641 0.07512399
v -0.00846765 0.27048641 0.07585917
v -0.0085 0.27048641 0.0766
v -0.00846765 0.27048641 0.07734083
v -0.00837087 0.27048641 0.07807601
v -0.00821037 0.27048641 0.07879996
v -0.00798739 0.27048641 0.07950717
v -0.00770362 0.27048641 0.08019225
v -0.00736122 0.27048641 0.08085
v -0.00696279 0.27048641 0.0814754
v -0.00651138 0.27048641 0.0820637
v -0.00601041 0.27048641 0.08261041
v -0.00546369 0.27048641 0.08311138
v -0.0048754 0.27048641 0.08356279
v -0.00425 0.27048641 0.08396122
v -0.00359226 0.27048641 0.08430362
v -0.00290717 0.27048641 0.08458739
v -0.00219996 0.27048641 0.08481037
v -0.00147601 0.27048641 0.08497087
v -0.00074082 0.27048641 0.08506765
v 0 0.27048641 0.0851
v 0.00074082 0.27048641 0.08506765
v 0.00147601 0.27048641 0.08497087
v 0.00219996 0.27048641 0.08481037
v 0.00290717 0.27048641 0.08458739
v 0.00359226 0.27048641 0.08430362
v 0.00425 0.27048641 0.08396122
v 0.0048754 0.27048641 0.08356279
v 0.00546369 0.27048641 0.08311138
v 0.00601041 0.27048641 0.08261041
v 0.00651138 0.27048641 0.0820637
v 0.00696279 0.27048641 0.0814754
v 0.00736122 0.27048641 0.08085
v 0.00770362 0.27048641 0.08019225
v 0.00798739 0.27048641 0.07950717
v 0.00821037 0.27048641 0.07879996
v 0.00837087 0.27048641 0.07807601
v -0.00846765 0.26048642 0.07734083
v -0.00837087 0.26048642 0.07807601
v -0.00821037 0.26048642 0.07879996
v -0.00798739 0.26048642 0.07950717
v -0.00770362 0.26048642 0.08019225
v -0.00736122 0.26048642 0.08085
v -0.00696279 0.26048642 0.0814754
v -0.00651138 0.26048642 0.0820637
v -0.00601041 0.26048642 0.08261041
v -0.00546369 0.26048642 0.08311138
v -0.0048754 0.26048642 0.08356279
v -0.00425 0.26048642 0.08396122
v -0.00359226 0.26048642 0.08430362
v -0.00290717 0.26048642 0.08458739
v -0.00219996 0.26048642 0.08481037
v -0.00147601 0.26048642 0.08497087
v -0.00074082 0.26048642 0.08506765
v 0 0.26048642 0.0851
v 0.00074082 0.26048642 0.08506765
v 0.00147601 0.26048642 0.08497087
v 0.00219996 0.26048642 0.08481037
v 0.00290717 0.26048642 0.08458739
v 0.00359226 0.26048642 0.08430362
v 0.00425 0.26048642 0.08396122
v 0.0048754 0.26048642 0.08356279
v 0.00546369 0.26048642 0.08311138
v 0.00601041 0.26048642 0.08261041
v 0.00651138 0.26048642 0.0820637
v 0.00696279 0.26048642 0.0814754
v 0.00736122 0.26048642 0.08085
v 0.00770362 0.26048642 0.08019225
v 0.00798739 0.26048642 0.07950717
v 0.00821037 0.26048642 0.07879996
v 0.00837087 0.26048642 0.07807601
v 0.00846765 0.26048642 0.07734083
v 0.0085 0.26048642 0.0766
v 0.00846765 0.26048642 0.07585917
v 0.00837087 0.26048642 0.07512399
v 0.00821037 0.26048642 0.07440004
v 0.00798739 0.26048642 0.07369283
v 0.00770362 0.26048642 0.07300775
v 0.00736122 0.26048642 0.07235
v 0.00696279 0.26048642 0.0717246
v 0.00651138 0.26048642 0.0711363
v 0.00601041 0.26048642 0.07058959
v 0.00546369 0.26048642 0.07008862
v 0.0048754 0.26048642 0.06963721
v 0.00425 0.26048642 0.06923878
v 0.00359226 0.26048642 0.06889638
v 0.00290717 0.26048642 0.06861261
v 0.00219996 0.26048642 0.06838963
v 0.00147601 0.26048642 0.06822913
v 0.00074082 0.26048642 0.06813235
v 0 0.26048642 0.0681
v -0.00074082 0.26048642 0.06813235
v -0.00147601 0.26048642 0.06822913
v -0.00219996 0.26048642 0.06838963
v -0.00290717 0.26048642 0.06861261
v -0.00359226 0.26048642 0.06889638
v -0.00425 0.26048642 0.06923878
v -0.0048754 0.26048642 0.06963721
v -0.00546369 0.26048642 0.07008862
v -0.00601041 0.26048642 0.07058959
v -0.00651138 0.26048642 0.0711363
v -0.00696279 0.26048642 0.0717246
v -0.00736122 0.26048642 0.07235
v -0.00770362 0.26048642 0.07300775
v -0.00798739 0.26048642 0.07369283
v -0.00821037 0.26048642 0.07440004
v -0.00837087 0.26048642 0.07512399
v -0.00846765 0.26048642 0.07585917
v -0.0085 0.26048642 0.0766
v -0.0053033 0.26048642 0.0819033
v -0.00574533 0.26048642 0.08142091
v -0.00614364 0.26048642 0.08090182
v -0.00649519 0.26048642 0.08035
v -0.00679731 0.26048642 0.07976963
v -0.00704769 0.26048642 0.07916515
v -0.00724444 0.26048642 0.07854114
v -0.00738606 0.26048642 0.07790236
v -0.00747146 0.26048642 0.07725367
v -0.0075 0.26048642 0.0766
v -0.00747146 0.26048642 0.07594633
v -0.00738606 0.26048642 0.07529764
v -0.00724444 0.26048642 0.07465886
v -0.00704769 0.26048642 0.07403485
v -0.00679731 0.26048642 0.07343036
v -0.00649519 0.26048642 0.07285
v -0.00614364 0.26048642 0.07229818
v -0.00574533 0.26048642 0.07177909
v -0.0053033 0.26048642 0.0712967
v -0.00482091 0.26048642 0.07085466
v -0.00430182 0.26048642 0.07045636
v -0.00375 0.26048642 0.07010481
v -0.00316964 0.26048642 0.06980269
v -0.00256515 0.26048642 0.0695523
v -0.00194114 0.26048642 0.06935555
v -0.00130236 0.26048642 0.06921394
v -0.00065367 0.26048642 0.06912854
v 0 0.26048642 0.0691
v 0.00065367 0.26048642 0.06912854
v 0.00130236 0.26048642 0.06921394
v 0.00194114 0.26048642 0.06935555
v 0.00256515 0.26048642 0.0695523
v 0.00316964 0.26048642 0.06980269
v 0.00375 0.26048642 0.07010481
v 0.00430182 0.26048642 0.07045636
v 0.00482091 0.26048642 0.07085466
v 0.0053033 0.26048642 0.0712967
v 0.00574533 0.26048642 0.07177909
v 0.00614364 0.26048642 0.07229818
v 0.00649519 0.26048642 0.07285
v 0.00679731 0.26048642 0.07343036
v 0.00704769 0.26048642 0.07403485
v 0.00724444 0.26048642 0.07465886
v 0.00738606 0.26048642 0.07529764
v 0.00747146 0.26048642 0.07594633
v 0.0075 0.26048642 0.0766
v 0.00747146 0.26048642 0.07725367
v 0.00738606 0.26048642 0.07790236
v 0.00724444 0.26048642 0.07854114
v 0.00704769 0.26048642 0.07916515
v 0.00679731 0.26048642 0.07976963
v 0.00649519 0.26048642 0.08035
v 0.00614364 0.26048642 0.08090182
v 0.00574533 0.26048642 0.08142091
v 0.0053033 0.26048642 0.0819033
v 0.00482091 0.26048642 0.08234534
v 0.00430182 0.26048642 0.08274364
v 0.00375 0.26048642 0.08309519
v 0.00316964 0.26048642 0.08339731
v 0.00256515 0.26048642 0.0836477
v 0.00194114 0.26048642 0.08384445
v 0.00130236 0.26048642 0.08398606
v 0.00065367 0.26048642 0.08407146
v 0 0.26048642 0.0841
v -0.00065367 0.26048642 0.08407146
v -0.00130236 0.26048642 0.08398606
v -0.00194114 0.26048642 0.08384445
v -0.00256515 0.26048642 0.0836477
v -0.00316964 0.26048642 0.08339731
v -0.00375 0.26048642 0.08309519
v -0.00430182 0.26048642 0.08274364
v -0.00482091 0.26048642 0.08234534
v -0.0075 0.23108642 0.0766
v -0.00747146 0.22948642 0.07725367
v -0.00747146 0.23108642 0.07725367
v -0.00738606 0.22948642 0.07790236
v -0.00738606 0.23108642 0.07790236
v -0.00724444 0.22948642 0.07854114
v -0.00724444 0.23108642 0.07854114
v -0.00704769 0.22948642 0.07916515
v -0.00704769 0.23108642 0.07916515
v -0.00679731 0.22948642 0.07976963
v -0.00679731 0.23108642 0.07976963
v -0.00649519 0.22948642 0.08035
v -0.00649519 0.23108642 0.08035
v -0.00614364 0.22948642 0.08090182
v -0.00614364 0.23108642 0.08090182
v -0.00574533 0.22948642 0.08142091
v -0.00574533 0.23108642 0.08142091
v -0.0053033 0.22948642 0.0819033
v -0.0053033 0.23108642 0.0819033
v -0.00482091 0.22948642 0.08234534
v -0.00482091 0.23108642 0.08234534
v -0.00430182 0.22948642 0.08274364
v -0.00430182 0.23108642 0.08274364
v -0.00375 0.22948642 0.08309519
v -0.00375 0.23108642 0.08309519
v -0.00316964 0.22948642 0.08339731
v -0.00316964 0.23108642 0.08339731
v -0.00256515 0.22948642 0.0836477
v -0.00256515 0.23108642 0.0836477
v -0.00194114 0.22948642 0.08384445
v -0.00194114 0.23108642 0.08384445
v -0.00130236 0.22948642 0.08398606
v -0.00130236 0.23108642 0.08398606
v -0.00065367 0.22948642 0.08407146
v -0.00065367 0.23108642 0.08407146
v 0 0.22948642 0.0841
v 0 0.23108642 0.0841
v 0.00065367 0.22948642 0.08407146
v 0.00065367 0.23108642 0.08407146
v 0.00130236 0.22948642 0.08398606
v 0.00130236 0.23108642 0.08398606
v 0.00194114 0.22948642 0.08384445
v 0.00194114 0.23108642 0.08384445
v 0.00256515 0.22948642 0.0836477
v 0.00256515 0.23108642 0.0836477
v 0.00316964 0.22948642 0.08339731
v 0.00316964 0.23108642 0.08339731
v 0.00375 0.22948642 0.08309519
v 0.00375 0.23108642 0.08309519
v 0.00430182 0.22948642 0.08274364
v 0.00430182 0.23108642 0.08274364
v 0.00482091 0.22948642 0.08234534
v 0.00482091 0.23108642 0.08234534
v 0.0053033 0.22948642 0.0819033
v 0.0053033 0.23108642 0.0819033
v 0.00574533 0.22948642 0.08142091
v 0.00574533 0.23108642 0.08142091
v 0.00614364 0.22948642 0.08090182
v 0.00614364 0.23108642 0.08090182
v 0.00649519 0.22948642 0.08035
v 0.00649519 0.23108642 0.08035
v 0.00679731 0.22948642 0.07976963
v 0.00679731 0.23108642 0.07976963
v 0.00704769 0.22948642 0.07916515
v 0.00704769 0.23108642 0.07916515
v 0.00724444 0.22948642 0.07854114
v 0.00724444 0.23108642 0.07854114
v 0.00738606 0.22948642 0.07790236
v 0.00738606 0.23108642 0.07790236
v 0.00747146 0.22948642 0.07725367
v 0.00747146 0.23108642 0.07725367
v 0.0075 0.22948642 0.0766
v 0.0075 0.23108642 0.0766
v 0.00747146 0.22948642 0.07594633
v 0.00747146 0.23108642 0.07594633
v 0.00738606 0.22948642 0.07529764
v 0.00738606 0.23108642 0.07529764
v 0.00724444 0.22948642 0.07465886
v 0.00724444 0.23108642 0.07465886
v 0.00704769 0.22948642 0.07403485
v 0.00704769 0.23108642 0.07403485
v 0.00679731 0.22948642 0.07343036
v 0.00679731 0.23108642 0.07343036
v 0.00649519 0.22948642 0.07285
v 0.00649519 0.23108642 0.07285
v 0.00614364 0.22948642 0.07229818
v 0.00614364 0.23108642 0.07229818
v 0.00574533 0.22948642 0.07177909
v 0.00574533 0.23108642 0.07177909
v 0.0053033 0.22948642 0.0712967
v 0.0053033 0.23108642 0.0712967
v 0.00482091 0.22948642 0.07085466
v 0.00482091 0.23108642 0.07085466
v 0.00430182 0.22948642 0.07045636
v 0.00430182 0.23108642 0.07045636
v 0.00375 0.22948642 0.07010481
v 0.00375 0.23108642 0.07010481
v 0.00316964 0.22948642 0.06980269
v 0.00316964 0.23108642 0.06980269
v 0.00256515 0.22948642 0.0695523
v 0.00256515 0.23108642 0.0695523
v 0.00194114 0.22948642 0.06935555
v 0.00194114 0.23108642 0.06935555
v 0.00130236 0.22948642 0.06921394
v 0.00130236 0.23108642 0.06921394
v 0.00065367 0.22948642 0.06912854
v 0.00065367 0.23108642 0.06912854
v 0 0.22948642 0.0691
v 0 0.23108642 0.0691
v -0.00065367 0.22948642 0.06912854
v -0.00065367 0.23108642 0.06912854
v -0.00130236 0.22948642 0.06921394
v -0.00130236 0.23108642 0.06921394
v -0.00194114 0.22948642 0.06935555
v -0.00194114 0.23108642 0.06935555
v -0.00256515 0.22948642 0.0695523
v -0.00256515 0.23108642 0.0695523
v -0.00316964 0.22948642 0.06980269
v -0.00316964 0.23108642 0.06980269
v -0.00375 0.22948642 0.07010481
v -0.00375 0.23108642 0.07010481
v -0.00430182 0.22948642 0.07045636
v -0.00430182 0.23108642 0.07045636
v -0.00482091 0.22948642 0.07085466
v -0.00482091 0.23108642 0.07085466
v -0.0053033 0.22948642 0.0712967
v -0.0053033 0.23108642 0.0712967
v -0.00574533 0.22948642 0.07177909
v -0.00574533 0.23108642 0.07177909
v -0.00614364 0.22948642 0.07229818
v -0.00614364 0.23108642 0.07229818
v -0.00649519 0.22948642 0.07285
v -0.00649519 0.23108642 0.07285
v -0.00679731 0.22948642 0.07343036
v -0.00679731 0.23108642 0.07343036
v -0.00704769 0.22948642 0.07403485
v -0.00704769 0.23108642 0.07403485
v -0.00724444 0.22948642 0.07465886
v -0.00724444 0.23108642 0.07465886
v -0.00738606 0.22948642 0.07529764
v -0.00738606 0.23108642 0.07529764
v -0.00747146 0.22948642 0.07594633
v -0.00747146 0.23108642 0.07594633
v -0.0075 0.22948642 0.0766
v 0 0.22948642 0.0766
v 0.00715 0.23108642 0.0766
v 0.00712279 0.23108642 0.07597683
v 0.00704138 0.23108642 0.07535841
v 0.00690637 0.23108642 0.07474945
v 0.0067188 0.23108642 0.07415456
v 0.0064801 0.23108642 0.07357828
v 0.00619208 0.23108642 0.073025
v 0.00585694 0.23108642 0.07249893
v 0.00547722 0.23108642 0.07200406
v 0.00505581 0.23108642 0.07154419
v 0.00459593 0.23108642 0.07112278
v 0.00410107 0.23108642 0.07074306
v 0.003575 0.23108642 0.07040792
v 0.00302172 0.23108642 0.0701199
v 0.00244544 0.23108642 0.0698812
v 0.00185056 0.23108642 0.06969363
v 0.00124158 0.23108642 0.06955863
v 0.00062316 0.23108642 0.06947721
v 0 0.23108642 0.06945
v -0.00062316 0.23108642 0.06947721
v -0.00124158 0.23108642 0.06955863
v -0.00185056 0.23108642 0.06969363
v -0.00244544 0.23108642 0.0698812
v -0.00302172 0.23108642 0.0701199
v -0.003575 0.23108642 0.07040792
v -0.00410107 0.23108642 0.07074306
v -0.00459593 0.23108642 0.07112278
v -0.00505581 0.23108642 0.07154419
v -0.00547722 0.23108642 0.07200406
v -0.00585694 0.23108642 0.07249893
v -0.00619208 0.23108642 0.073025
v -0.0064801 0.23108642 0.07357828
v -0.0067188 0.23108642 0.07415456
v -0.00690637 0.23108642 0.07474945
v -0.00704138 0.23108642 0.07535841
v -0.00712279 0.23108642 0.07597683
v -0.00715 0.23108642 0.0766
v -0.00712279 0.23108642 0.07722317
v -0.00704138 0.23108642 0.07784159
v -0.00690637 0.23108642 0.07845055
v -0.0067188 0.23108642 0.07904544
v -0.0064801 0.23108642 0.07962172
v -0.00619208 0.23108642 0.080175
v -0.00585694 0.23108642 0.08070107
v -0.00547722 0.23108642 0.08119593
v -0.00505581 0.23108642 0.08165582
v -0.00459593 0.23108642 0.08207722
v -0.00410107 0.23108642 0.08245694
v -0.003575 0.23108642 0.08279208
v -0.00302172 0.23108642 0.0830801
v -0.00244544 0.23108642 0.0833188
v -0.00185056 0.23108642 0.08350637
v -0.00124158 0.23108642 0.08364137
v -0.00062316 0.23108642 0.08372279
v 0 0.23108642 0.08375
v 0.00062316 0.23108642 0.08372279
v 0.00124158 0.23108642 0.08364137
v 0.00185056 0.23108642 0.08350637
v 0.00244544 0.23108642 0.0833188
v 0.00302172 0.23108642 0.0830801
v 0.003575 0.23108642 0.08279208
v 0.00410107 0.23108642 0.08245694
v 0.00459593 0.23108642 0.08207722
v 0.00505581 0.23108642 0.08165582
v 0.00547722 0.23108642 0.08119593
v 0.00585694 0.23108642 0.08070107
v 0.00619208 0.23108642 0.080175
v 0.0064801 0.23108642 0.07962172
v 0.0067188 0.23108642 0.07904544
v 0.00690637 0.23108642 0.07845055
v 0.00704138 0.23108642 0.07784159
v 0.00712279 0.23108642 0.07722317
v -0.00715 0.23228642 0.0766
v -0.00712279 0.23228642 0.07722317
v -0.00704138 0.23228642 0.07784159
v -0.00690637 0.23228642 0.07845055
v -0.0067188 0.23228642 0.07904544
v -0.0064801 0.23228642 0.07962172
v -0.00619208 0.23228642 0.080175
v -0.00585694 0.23228642 0.08070107
v -0.00547722 0.23228642 0.08119593
v -0.00505581 0.23228642 0.08165582
v -0.00459593 0.23228642 0.08207722
v -0.00410107 0.23228642 0.08245694
v -0.003575 0.23228642 0.08279208
v -0.00302172 0.23228642 0.0830801
v -0.00244544 0.23228642 0.0833188
v -0.00185056 0.23228642 0.08350637
v -0.00124158 0.23228642 0.08364137
v -0.00062316 0.23228642 0.08372279
v 0 0.23228642 0.08375
v 0.00062316 0.23228642 0.08372279
v 0.00124158 0.23228642 0.08364137
v 0.00185056 0.23228642 0.08350637
v 0.00244544 0.23228642 0.0833188
v 0.00302172 0.23228642 0.0830801
v 0.003575 0.23228642 0.08279208
v 0.00410107 0.23228642 0.08245694
v 0.00459593 0.23228642 0.08207722
v 0.00505581 0.23228642 0.08165582
v 0.00547722 0.23228642 0.08119593
v 0.00585694 0.23228642 0.08070107
v 0.00619208 0.23228642 0.080175
v 0.0064801 0.23228642 0.07962172
v 0.0067188 0.23228642 0.07904544
v 0.00690637 0.23228642 0.07845055
v 0.00704138 0.23228642 0.07784159
v 0.00712279 0.23228642 0.07722317
v 0.00715 0.23228642 0.0766
v 0.00712279 0.23228642 0.07597683
v 0.00704138 0.23228642 0.07535841
v 0.00690637 0.23228642 0.07474945
v 0.0067188 0.23228642 0.07415456
v 0.0064801 0.23228642 0.07357828
v 0.00619208 0.23228642 0.073025
v 0.00585694 0.23228642 0.07249893
v 0.00547722 0.23228642 0.07200406
v 0.00505581 0.23228642 0.07154419
v 0.00459593 0.23228642 0.07112278
v 0.00410107 0.23228642 0.07074306
v 0.003575 0.23228642 0.07040792
v 0.00302172 0.23228642 0.0701199
v 0.00244544 0.23228642 0.0698812
v 0.00185056 0.23228642 0.06969363
v 0.00124158 0.23228642 0.06955863
v 0.00062316 0.23228642 0.06947721
v 0 0.23228642 0.06945
v -0.00062316 0.23228642 0.06947721
v -0.00124158 0.23228642 0.06955863
v -0.00185056 0.23228642 0.06969363
v -0.00244544 0.23228642 0.0698812
v -0.00302172 0.23228642 0.0701199
v -0.003575 0.23228642 0.07040792
v -0.00410107 0.23228642 0.07074306
v -0.00459593 0.23228642 0.07112278
v -0.00505581 0.23228642 0.07154419
v -0.00547722 0.23228642 0.07200406
v -0.00585694 0.23228642 0.07249893
v -0.00619208 0.23228642 0.073025
v -0.0064801 0.23228642 0.07357828
v -0.0067188 0.23228642 0.07415456
v -0.00690637 0.23228642 0.07474945
v -0.00704138 0.23228642 0.07535841
v -0.00712279 0.23228642 0.07597683
v 0.0075 0.23228642 0.0766
v 0.00747146 0.23228642 0.07725367
v 0.00738606 0.23228642 0.07790236
v 0.00724444 0.23228642 0.07854114
v 0.00704769 0.23228642 0.07916515
v 0.00679731 0.23228642 0.07976963
v 0.00649519 0.23228642 0.08035
v 0.00614364 0.23228642 0.08090182
v 0.00574533 0.23228642 0.08142091
v 0.0053033 0.23228642 0.0819033
v 0.00482091 0.23228642 0.08234534
v 0.00430182 0.23228642 0.08274364
v 0.00375 0.23228642 0.08309519
v 0.00316964 0.23228642 0.08339731
v 0.00256515 0.23228642 0.0836477
v 0.00194114 0.23228642 0.08384445
v 0.00130236 0.23228642 0.08398606
v 0.00065367 0.23228642 0.08407146
v 0 0.23228642 0.0841
v -0.00065367 0.23228642 0.08407146
v -0.00130236 0.23228642 0.08398606
v -0.00194114 0.23228642 0.08384445
v -0.00256515 0.23228642 0.0836477
v -0.00316964 0.23228642 0.08339731
v -0.00375 0.23228642 0.08309519
v -0.00430182 0.23228642 0.08274364
v -0.00482091 0.23228642 0.08234534
v -0.0053033 0.23228642 0.0819033
v -0.00574533 0.23228642 0.08142091
v -0.00614364 0.23228642 0.08090182
v -0.00649519 0.23228642 0.08035
v -0.00679731 0.23228642 0.07976963
v -0.00704769 0.23228642 0.07916515
v -0.00724444 0.23228642 0.07854114
v -0.00738606 0.23228642 0.07790236
v -0.00747146 0.23228642 0.07725367
v -0.0075 0.23228642 0.0766
v -0.00747146 0.23228642 0.07594633
v -0.00738606 0.23228642 0.07529764
v -0.00724444 0.23228642 0.07465886
v -0.00704769 0.23228642 0.07403485
v -0.00679731 0.23228642 0.07343036
v -0.00649519 0.23228642 0.07285
v -0.00614364 0.23228642 0.07229818
v -0.00574533 0.23228642 0.07177909
v -0.0053033 0.23228642 0.0712967
v -0.00482091 0.23228642 0.07085466
v -0.00430182 0.23228642 0.07045636
v -0.00375 0.23228642 0.07010481
v -0.00316964 0.23228642 0.06980269
v -0.00256515 0.23228642 0.0695523
v -0.00194114 0.23228642 0.06935555
v -0.00130236 0.23228642 0.06921394
v -0.00065367 0.23228642 0.06912854
v 0 0.23228642 0.0691
v 0.00065367 0.23228642 0.06912854
v 0.00130236 0.23228642 0.06921394
v 0.00194114 0.23228642 0.06935555
v 0.00256515 0.23228642 0.0695523
v 0.00316964 0.23228642 0.06980269
v 0.00375 0.23228642 0.07010481
v 0.00430182 0.23228642 0.07045636
v 0.00482091 0.23228642 0.07085466
v 0.0053033 0.23228642 0.0712967
v 0.00574533 0.23228642 0.07177909
v 0.00614364 0.23228642 0.07229818
v 0.00649519 0.23228642 0.07285
v 0.00679731 0.23228642 0.07343036
v 0.00704769 0.23228642 0.07403485
v 0.00724444 0.23228642 0.07465886
v 0.00738606 0.23228642 0.07529764
v 0.00747146 0.23228642 0.07594633
vn 0.99905 0 -0.04361
vn 0.99144 -0 -0.13056
vn 0.9763 -0 -0.21642
vn 0.95373 -0 -0.30068
vn 0.92386 -0 -0.38272
vn 0.88701 -0 -0.46175
vn 0.84338 -0 -0.53732
vn 0.79339 -0 -0.60871
vn 0.73727 -0 -0.6756
vn 0.67559 -0 -0.73728
vn 0.60876 -0 -0.79335
vn 0.5373 -0 -0.84339
vn 0.46175 -0 -0.88701
vn 0.38266 -0 -0.92389
vn 0.30072 -0 -0.95371
vn 0.21643 -0 -0.9763
vn 0.13053 -0 -0.99144
vn 0.04361 -0 -0.99905
vn -0.04362 0 -0.99905
vn -0.13052 0 -0.99145
vn -0.21645 0 -0.97629
vn -0.30072 0 -0.95371
vn -0.38266 0 -0.92389
vn -0.46175 0 -0.88701
vn -0.5373 0 -0.84339
vn -0.60876 0 -0.79335
vn -0.67559 0 -0.73728
vn -0.73727 0 -0.6756
vn -0.79336 0 -0.60875
vn -0.84338 0 -0.53732
vn -0.88703 0 -0.46171
vn -0.92386 0 -0.38272
vn -0.95373 0 -0.30068
vn -0.97629 0 -0.21647
vn -0.99145 0 -0.1305
vn -0.99905 0 -0.04361
vn -0.99905 -0 0.04361
vn -0.99145 -0 0.1305
vn -0.97629 -0 0.21647
vn -0.95372 -0 0.30068
vn -0.92387 -0 0.38271
vn -0.88703 -0 0.46171
vn -0.84338 -0 0.53732
vn -0.79335 -0 0.60876
vn -0.73728 -0 0.67559
vn -0.67559 -0 0.73728
vn -0.60876 -0 0.79335
vn -0.5373 -0 0.84339
vn -0.46175 -0 0.88701
vn -0.38266 -0 0.92389
vn -0.30072 -0 0.95371
vn -0.21645 -0 0.97629
vn -0.13052 -0 0.99145
vn -0.04362 -0 0.99905
vn 0.04361 -0 0.99905
vn 0.13053 -0 0.99144
vn 0.21643 -0 0.9763
vn 0.30072 -0 0.95371
vn 0.38266 -0 0.92389
vn 0.46175 -0 0.88701
vn 0.5373 -0 0.84339
vn 0.60876 -0 0.79335
vn 0.67559 -0 0.73728
vn 0.73728 -0 0.67559
vn 0.79338 -0 0.60873
vn 0.84338 -0 0.53732
vn 0.88701 -0 0.46175
vn 0.92387 -0 0.38271
vn 0.95372 -0 0.30068
vn 0.9763 -0 0.21642
vn 0.99144 -0 0.13056
vn 0.99905 -0 0.04361
vn 0.86602 0 -0.50001
vn 0.86603 0 -0.5
vn 0.86602 0 -0.50001
vn 0.86602 0 -0.5
vn 0.86602 0 -0.50001
vn 0.86603 0 -0.5
vn 0.86602 -1E-05 -0.50001
vn 0.86603 -0 -0.49999
vn 0.86603 -0 -0.49999
vn 0.86602 0 -0.50001
vn 0.86603 -1E-05 -0.49999
vn 0.86603 0 -0.49999
vn 0.86603 -0 -0.5
vn 0.86603 0 -0.5
vn -0.86601 0 -0.50002
vn -0.86602 0 -0.50001
vn -0.86602 -0 -0.5
vn -0.86602 0 -0.5
vn -0.86602 -0 -0.5
vn -0.86603 0 -0.5
vn -0.86603 -1E-05 -0.49999
vn -0.86602 1E-05 -0.50001
vn -0.86604 0 -0.49998
vn -0.86602 -0 -0.50001
vn -0.86603 0 -0.49999
vn -0.86603 -0 -0.49999
vn -0.86602 0 -0.50001
vn -0.86604 0 -0.49998
vn 0 -0 1
vn 0.86604 -0 0.49998
vn 0.86602 -0 0.50001
vn 0.86603 -0 0.5
vn 0.86603 1E-05 0.49999
vn 0.86602 0 0.5
vn 0.86602 0 0.50001
vn 0.86603 -1E-05 0.49999
vn 0.86602 -0 0.50001
vn 0.86603 0 0.49999
vn 0.86602 -0 0.50001
vn 0.86602 0 0.50001
vn 0.86603 -0 0.49999
vn 0.86602 -0 0.50001
vn 0 0 -1
vn -0.86604 0 0.49998
vn -0.86602 0 0.50001
vn -0.86603 0 0.5
vn -0.86603 -1E-05 0.49999
vn -0.86602 -0 0.5
vn -0.86603 1E-05 0.49999
vn -0.86602 -0 0.50001
vn -0.86602 0 0.50001
vn -0.86603 -0 0.49999
vn -0.86602 1E-05 0.50001
vn -0.86603 1E-05 0.49999
vn -0.86602 0 0.50001
vn -0.86602 0 0.50001
vn 0 -1 0
vn 0.42242 0.86663 0.26555
vn 0.40038 0.86659 0.29784
vn 0.40129 0.86592 0.29859
vn 0.37568 0.86592 0.33023
vn 0.37572 0.86587 0.33029
vn 0.34759 0.86587 0.35978
vn 0.34776 0.86559 0.36029
vn 0.31686 0.86613 0.38655
vn 0.31684 0.86586 0.38716
vn 0.28459 0.86586 0.41146
vn 0.28174 0.8628 0.41975
vn 0.01877 0.86657 0.49871
vn 0.05798 0.86654 0.49573
vn 0.05789 0.86594 0.49679
vn 0.0982 0.86594 0.49041
vn 0.09816 0.86587 0.49054
vn 0.13818 0.86586 0.48082
vn 0.13793 0.86559 0.48138
vn 0.17693 0.86613 0.46746
vn 0.17651 0.86586 0.46812
vn 0.22338 0.86563 0.44809
vn 0.21705 0.86174 0.45858
vn 0.24899 0.86719 0.43125
vn 0.44135 0.86652 -0.23314
vn 0.45829 0.86649 -0.19788
vn 0.45925 0.8659 -0.19824
vn 0.47385 0.86591 -0.16023
vn 0.4739 0.86588 -0.16024
vn 0.48537 0.86588 -0.12112
vn 0.4859 0.8656 -0.12102
vn 0.49319 0.86613 -0.08113
vn 0.49371 0.86586 -0.08081
vn 0.49863 0.86586 -0.04074
vn 0.50439 0.8628 -0.03413
vn 0.44135 0.86652 0.23314
vn 0.45838 0.86649 0.19769
vn 0.45922 0.86591 0.19828
vn 0.47384 0.86591 0.16021
vn 0.47389 0.86588 0.16025
vn 0.48548 0.86587 0.12073
vn 0.48586 0.86559 0.12124
vn 0.4933 0.86613 0.08051
vn 0.49366 0.86586 0.08121
vn 0.49975 0.86563 0.0306
vn 0.50566 0.86174 0.04132
vn 0.49797 0.86719 -0
vn 0 1 0
vn 0.70677 -0.70677 -0.03085
vn 0.70139 -0.70677 -0.09235
vn 0.70139 -0.70677 -0.09236
vn 0.69068 -0.70677 -0.15309
vn 0.69068 -0.70677 -0.1531
vn 0.6747 -0.70677 -0.21275
vn 0.6747 -0.70678 -0.21271
vn 0.65359 -0.70678 -0.27071
vn 0.65359 -0.70677 -0.27075
vn 0.62751 -0.70677 -0.32667
vn 0.62751 -0.70677 -0.32667
vn 0.59666 -0.70677 -0.3801
vn 0.59665 -0.70676 -0.38013
vn 0.56126 -0.70676 -0.43067
vn 0.56128 -0.70677 -0.43063
vn 0.52157 -0.70677 -0.47795
vn 0.52157 -0.70677 -0.47795
vn 0.47794 -0.70677 -0.52158
vn 0.47794 -0.70677 -0.52158
vn 0.43067 -0.70677 -0.56125
vn 0.43067 -0.70677 -0.56125
vn 0.38011 -0.70677 -0.59665
vn 0.38011 -0.70677 -0.59665
vn 0.32668 -0.70677 -0.6275
vn 0.32667 -0.70677 -0.62751
vn 0.27072 -0.70677 -0.6536
vn 0.27071 -0.70676 -0.6536
vn 0.21272 -0.70676 -0.67471
vn 0.21274 -0.70677 -0.6747
vn 0.15312 -0.70677 -0.69068
vn 0.15311 -0.70677 -0.69068
vn 0.09234 -0.70677 -0.70139
vn 0.09234 -0.70677 -0.70139
vn 0.03086 -0.70677 -0.70677
vn 0.03085 -0.70677 -0.70678
vn -0.03086 -0.70677 -0.70677
vn -0.03086 -0.70677 -0.70677
vn -0.09235 -0.70677 -0.70139
vn -0.09234 -0.70677 -0.70139
vn -0.15312 -0.70677 -0.69067
vn -0.15312 -0.70677 -0.69067
vn -0.21272 -0.70677 -0.6747
vn -0.21274 -0.70676 -0.6747
vn -0.27072 -0.70676 -0.6536
vn -0.27071 -0.70677 -0.6536
vn -0.32668 -0.70677 -0.6275
vn -0.32666 -0.70677 -0.62751
vn -0.38011 -0.70677 -0.59665
vn -0.38011 -0.70677 -0.59665
vn -0.43067 -0.70677 -0.56125
vn -0.43067 -0.70677 -0.56125
vn -0.47794 -0.70677 -0.52158
vn -0.47794 -0.70677 -0.52158
vn -0.52157 -0.70677 -0.47795
vn -0.52157 -0.70677 -0.47795
vn -0.56125 -0.70677 -0.43067
vn -0.56126 -0.70677 -0.43066
vn -0.59666 -0.70677 -0.3801
vn -0.59664 -0.70677 -0.38012
vn -0.6275 -0.70677 -0.32666
vn -0.62753 -0.70677 -0.32663
vn -0.65359 -0.70677 -0.27075
vn -0.65359 -0.70677 -0.27075
vn -0.67471 -0.70677 -0.21271
vn -0.67471 -0.70677 -0.21271
vn -0.69067 -0.70677 -0.15314
vn -0.69067 -0.70677 -0.15314
vn -0.70139 -0.70677 -0.09235
vn -0.7014 -0.70676 -0.09232
vn -0.70678 -0.70676 -0.03082
vn -0.70677 -0.70677 -0.03085
vn -0.70677 -0.70677 0.03081
vn -0.70678 -0.70676 0.03085
vn -0.7014 -0.70676 0.09235
vn -0.7014 -0.70677 0.09232
vn -0.69067 -0.70677 0.15314
vn -0.69067 -0.70677 0.15314
vn -0.67471 -0.70677 0.21271
vn -0.67471 -0.70676 0.21272
vn -0.65359 -0.70676 0.27075
vn -0.65359 -0.70677 0.27075
vn -0.62751 -0.70677 0.32667
vn -0.62752 -0.70677 0.32663
vn -0.59665 -0.70677 0.38011
vn -0.59664 -0.70677 0.38012
vn -0.56126 -0.70677 0.43066
vn -0.56125 -0.70677 0.43067
vn -0.52157 -0.70677 0.47796
vn -0.52158 -0.70677 0.47794
vn -0.47794 -0.70677 0.52158
vn -0.47794 -0.70677 0.52158
vn -0.43067 -0.70677 0.56125
vn -0.43067 -0.70677 0.56125
vn -0.38011 -0.70677 0.59665
vn -0.38011 -0.70677 0.59665
vn -0.32668 -0.70677 0.6275
vn -0.32667 -0.70677 0.62751
vn -0.27072 -0.70677 0.6536
vn -0.27071 -0.70676 0.6536
vn -0.21272 -0.70676 0.67471
vn -0.21274 -0.70677 0.6747
vn -0.15312 -0.70677 0.69068
vn -0.15312 -0.70677 0.69067
vn -0.09235 -0.70677 0.70139
vn -0.09234 -0.70677 0.7014
vn -0.03086 -0.70677 0.70677
vn -0.03086 -0.70677 0.70677
vn 0.03086 -0.70677 0.70677
vn 0.03085 -0.70677 0.70677
vn 0.09234 -0.70677 0.70139
vn 0.09234 -0.70677 0.70139
vn 0.15312 -0.70677 0.69068
vn 0.15311 -0.70677 0.69068
vn 0.21272 -0.70677 0.6747
vn 0.21274 -0.70676 0.6747
vn 0.27072 -0.70676 0.6536
vn 0.27071 -0.70677 0.6536
vn 0.32668 -0.70677 0.6275
vn 0.32666 -0.70677 0.62751
vn 0.38011 -0.70677 0.59665
vn 0.38011 -0.70677 0.59665
vn 0.43067 -0.70677 0.56125
vn 0.43067 -0.70677 0.56125
vn 0.47794 -0.70677 0.52158
vn 0.47794 -0.70677 0.52158
vn 0.52157 -0.70677 0.47795
vn 0.52158 -0.70677 0.47794
vn 0.56126 -0.70677 0.43066
vn 0.56128 -0.70676 0.43064
vn 0.59666 -0.70676 0.38011
vn 0.59665 -0.70677 0.38012
vn 0.62751 -0.70677 0.32667
vn 0.62751 -0.70677 0.32667
vn 0.65361 -0.70676 0.27071
vn 0.65358 -0.70677 0.27074
vn 0.67469 -0.70677 0.21275
vn 0.67471 -0.70677 0.21272
vn 0.69068 -0.70677 0.15309
vn 0.69068 -0.70677 0.1531
vn 0.70139 -0.70677 0.09235
vn 0.70139 -0.70677 0.09236
vn 0.70677 -0.70677 0.03086
vn 0.70677 -0.70677 0.03085
vn 0.70677 -0.70677 -0.03086
vn 0.04341 -0.99904 -0.00571
vn 0.04339 -0.99904 -0.00571
vn 0.04273 -0.99904 -0.00947
vn 0.04271 -0.99904 -0.00947
vn 0.04173 -0.99904 -0.01316
vn 0.04175 -0.99904 -0.01316
vn 0.04044 -0.99904 -0.01675
vn 0.04042 -0.99904 -0.01674
vn 0.0388 -0.99904 -0.0202
vn 0.03883 -0.99904 -0.02021
vn 0.03692 -0.99904 -0.02352
vn 0.03691 -0.99904 -0.02352
vn 0.03472 -0.99904 -0.02664
vn 0.03471 -0.99904 -0.02663
vn 0.03225 -0.99904 -0.02956
vn 0.03227 -0.99904 -0.02957
vn 0.02957 -0.99904 -0.03227
vn 0.02957 -0.99904 -0.03227
vn 0.02665 -0.99904 -0.03472
vn 0.02665 -0.99904 -0.03472
vn 0.02352 -0.99904 -0.03692
vn 0.02351 -0.99904 -0.03691
vn 0.02021 -0.99904 -0.03882
vn 0.02021 -0.99904 -0.03883
vn 0.01675 -0.99904 -0.04044
vn 0.01675 -0.99904 -0.04044
vn 0.01316 -0.99904 -0.04174
vn 0.01316 -0.99904 -0.04174
vn 0.00947 -0.99904 -0.04272
vn 0.00947 -0.99904 -0.04273
vn 0.00571 -0.99904 -0.04339
vn 0.00571 -0.99904 -0.04339
vn 0.00191 -0.99904 -0.04372
vn 0.00191 -0.99904 -0.04372
vn -0.00191 -0.99904 -0.04372
vn -0.00191 -0.99904 -0.04372
vn -0.00571 -0.99904 -0.04338
vn -0.00571 -0.99904 -0.04339
vn -0.00947 -0.99904 -0.04273
vn -0.00947 -0.99904 -0.04273
vn -0.01316 -0.99904 -0.04174
vn -0.01316 -0.99904 -0.04174
vn -0.01675 -0.99904 -0.04044
vn -0.01675 -0.99904 -0.04044
vn -0.02021 -0.99904 -0.03883
vn -0.0202 -0.99904 -0.03881
vn -0.02351 -0.99904 -0.0369
vn -0.02352 -0.99904 -0.03692
vn -0.02665 -0.99904 -0.03472
vn -0.02665 -0.99904 -0.03472
vn -0.02957 -0.99904 -0.03227
vn -0.02957 -0.99904 -0.03227
vn -0.03227 -0.99904 -0.02957
vn -0.03227 -0.99904 -0.02957
vn -0.03473 -0.99904 -0.02665
vn -0.03472 -0.99904 -0.02664
vn -0.03691 -0.99904 -0.02352
vn -0.03692 -0.99904 -0.02352
vn -0.03883 -0.99904 -0.02022
vn -0.03883 -0.99904 -0.02021
vn -0.04044 -0.99904 -0.01675
vn -0.04044 -0.99904 -0.01675
vn -0.04174 -0.99904 -0.01316
vn -0.04173 -0.99904 -0.01316
vn -0.04271 -0.99904 -0.00947
vn -0.04273 -0.99904 -0.00947
vn -0.04339 -0.99904 -0.00571
vn -0.04341 -0.99904 -0.00572
vn -0.04375 -0.99904 -0.00191
vn -0.04373 -0.99904 -0.00191
vn -0.04373 -0.99904 0.00191
vn -0.04375 -0.99904 0.00191
vn -0.04341 -0.99904 0.00571
vn -0.04339 -0.99904 0.00571
vn -0.04273 -0.99904 0.00947
vn -0.04271 -0.99904 0.00947
vn -0.04173 -0.99904 0.01316
vn -0.04175 -0.99904 0.01316
vn -0.04044 -0.99904 0.01675
vn -0.04044 -0.99904 0.01675
vn -0.03883 -0.99904 0.02021
vn -0.03883 -0.99904 0.02021
vn -0.03692 -0.99904 0.02352
vn -0.03691 -0.99904 0.02352
vn -0.03472 -0.99904 0.02664
vn -0.03473 -0.99904 0.02664
vn -0.03227 -0.99904 0.02957
vn -0.03227 -0.99904 0.02957
vn -0.02957 -0.99904 0.03227
vn -0.02957 -0.99904 0.03227
vn -0.02665 -0.99904 0.03472
vn -0.02665 -0.99904 0.03472
vn -0.02352 -0.99904 0.03692
vn -0.02351 -0.99904 0.0369
vn -0.0202 -0.99904 0.03881
vn -0.02021 -0.99904 0.03883
vn -0.01675 -0.99904 0.04044
vn -0.01675 -0.99904 0.04044
vn -0.01316 -0.99904 0.04174
vn -0.01316 -0.99904 0.04174
vn -0.00947 -0.99904 0.04273
vn -0.00947 -0.99904 0.04273
vn -0.00571 -0.99904 0.04339
vn -0.00571 -0.99904 0.04338
vn -0.00191 -0.99904 0.04372
vn -0.00191 -0.99904 0.04372
vn 0.00191 -0.99904 0.04372
vn 0.00191 -0.99904 0.04372
vn 0.00571 -0.99904 0.04339
vn 0.00571 -0.99904 0.04339
vn 0.00947 -0.99904 0.04273
vn 0.00947 -0.99904 0.04272
vn 0.01316 -0.99904 0.04174
vn 0.01316 -0.99904 0.04175
vn 0.01675 -0.99904 0.04044
vn 0.01675 -0.99904 0.04044
vn 0.02021 -0.99904 0.03883
vn 0.02021 -0.99904 0.03882
vn 0.02352 -0.99904 0.03691
vn 0.02352 -0.99904 0.03692
vn 0.02665 -0.99904 0.03472
vn 0.02665 -0.99904 0.03472
vn 0.02957 -0.99904 0.03227
vn 0.02957 -0.99904 0.03227
vn 0.03227 -0.99904 0.02957
vn 0.03225 -0.99904 0.02956
vn 0.03471 -0.99904 0.02663
vn 0.03472 -0.99904 0.02664
vn 0.03691 -0.99904 0.02352
vn 0.03692 -0.99904 0.02352
vn 0.03883 -0.99904 0.02022
vn 0.03881 -0.99904 0.0202
vn 0.04042 -0.99904 0.01674
vn 0.04044 -0.99904 0.01675
vn 0.04174 -0.99904 0.01316
vn 0.04173 -0.99904 0.01316
vn 0.04271 -0.99904 0.00947
vn 0.04273 -0.99904 0.00947
vn 0.04339 -0.99904 0.00571
vn 0.04341 -0.99904 0.00572
vn 0.04375 -0.99904 0.00191
vn 0.04373 -0.99904 0.00191
vn 0.04373 -0.99904 -0.00191
vn 0.04375 -0.99904 -0.00191
vn 0.13013 -0.99135 -0.01713
vn 0.13017 -0.99134 -0.01714
vn 0.12818 -0.99134 -0.02842
vn 0.12815 -0.99135 -0.02842
vn 0.12519 -0.99135 -0.03947
vn 0.12518 -0.99135 -0.03947
vn 0.12126 -0.99135 -0.05023
vn 0.12132 -0.99134 -0.05025
vn 0.11648 -0.99134 -0.06063
vn 0.11644 -0.99135 -0.06061
vn 0.11071 -0.99135 -0.07053
vn 0.1107 -0.99135 -0.07053
vn 0.10413 -0.99135 -0.07991
vn 0.10421 -0.99134 -0.07996
vn 0.09684 -0.99134 -0.08874
vn 0.09681 -0.99134 -0.08871
vn 0.08871 -0.99134 -0.09681
vn 0.0887 -0.99134 -0.09679
vn 0.07992 -0.99134 -0.10416
vn 0.07992 -0.99134 -0.10416
vn 0.07054 -0.99134 -0.11072
vn 0.07057 -0.99134 -0.11076
vn 0.06064 -0.99134 -0.11649
vn 0.06063 -0.99134 -0.11648
vn 0.05025 -0.99134 -0.12132
vn 0.05025 -0.99134 -0.12132
vn 0.03948 -0.99134 -0.12523
vn 0.03949 -0.99134 -0.12524
vn 0.02843 -0.99134 -0.1282
vn 0.02842 -0.99134 -0.12818
vn 0.01714 -0.99134 -0.13017
vn 0.01713 -0.99134 -0.13017
vn 0.00573 -0.99134 -0.13117
vn 0.00573 -0.99134 -0.13118
vn -0.00573 -0.99134 -0.13118
vn -0.00573 -0.99134 -0.13118
vn -0.01714 -0.99134 -0.13018
vn -0.01714 -0.99134 -0.13017
vn -0.02842 -0.99134 -0.12818
vn -0.02842 -0.99134 -0.12819
vn -0.03948 -0.99134 -0.12522
vn -0.03948 -0.99134 -0.12523
vn -0.05025 -0.99134 -0.12132
vn -0.05025 -0.99134 -0.12132
vn -0.06064 -0.99134 -0.11648
vn -0.06064 -0.99134 -0.11649
vn -0.07056 -0.99134 -0.11077
vn -0.07054 -0.99134 -0.11072
vn -0.07992 -0.99134 -0.10416
vn -0.07992 -0.99134 -0.10416
vn -0.0887 -0.99134 -0.09679
vn -0.08871 -0.99134 -0.09681
vn -0.0968 -0.99134 -0.08871
vn -0.09679 -0.99135 -0.0887
vn -0.10415 -0.99135 -0.07992
vn -0.10414 -0.99135 -0.0799
vn -0.1107 -0.99135 -0.07053
vn -0.11071 -0.99135 -0.07054
vn -0.11644 -0.99135 -0.06061
vn -0.11641 -0.99135 -0.0606
vn -0.12124 -0.99135 -0.05022
vn -0.12126 -0.99135 -0.05023
vn -0.12518 -0.99135 -0.03947
vn -0.12527 -0.99134 -0.0395
vn -0.12824 -0.99134 -0.02843
vn -0.12819 -0.99134 -0.02842
vn -0.13017 -0.99134 -0.01714
vn -0.13013 -0.99135 -0.01713
vn -0.13113 -0.99135 -0.00572
vn -0.13118 -0.99134 -0.00573
vn -0.13118 -0.99134 0.00572
vn -0.13113 -0.99135 0.00573
vn -0.13013 -0.99135 0.01713
vn -0.13017 -0.99134 0.01714
vn -0.12818 -0.99134 0.02842
vn -0.12824 -0.99134 0.02843
vn -0.12527 -0.99134 0.0395
vn -0.12518 -0.99135 0.03947
vn -0.12126 -0.99135 0.05023
vn -0.12124 -0.99135 0.05022
vn -0.11641 -0.99135 0.0606
vn -0.11642 -0.99135 0.0606
vn -0.11069 -0.99135 0.07052
vn -0.1107 -0.99135 0.07053
vn -0.10414 -0.99135 0.0799
vn -0.10415 -0.99135 0.07992
vn -0.09679 -0.99134 0.0887
vn -0.09681 -0.99134 0.08871
vn -0.08871 -0.99134 0.09681
vn -0.0887 -0.99134 0.09679
vn -0.07992 -0.99134 0.10416
vn -0.07992 -0.99134 0.10416
vn -0.07054 -0.99134 0.11072
vn -0.07057 -0.99134 0.11076
vn -0.06064 -0.99134 0.11649
vn -0.06063 -0.99134 0.11648
vn -0.05025 -0.99134 0.12132
vn -0.05025 -0.99134 0.12132
vn -0.03949 -0.99134 0.12523
vn -0.03948 -0.99134 0.12522
vn -0.02842 -0.99134 0.12819
vn -0.02841 -0.99135 0.12814
vn -0.01713 -0.99135 0.13013
vn -0.01714 -0.99134 0.13018
vn -0.00573 -0.99134 0.13118
vn -0.00573 -0.99134 0.13118
vn 0.00573 -0.99134 0.13118
vn 0.00573 -0.99134 0.13117
vn 0.01713 -0.99134 0.13017
vn 0.01713 -0.99135 0.13013
vn 0.02841 -0.99135 0.12814
vn 0.02842 -0.99134 0.12821
vn 0.03949 -0.99134 0.12524
vn 0.03948 -0.99134 0.12523
vn 0.05025 -0.99134 0.12132
vn 0.05025 -0.99134 0.12132
vn 0.06064 -0.99134 0.11648
vn 0.06064 -0.99134 0.11649
vn 0.07056 -0.99134 0.11077
vn 0.07054 -0.99134 0.11072
vn 0.07992 -0.99134 0.10416
vn 0.07992 -0.99134 0.10416
vn 0.0887 -0.99134 0.09679
vn 0.08871 -0.99134 0.09681
vn 0.09681 -0.99134 0.08871
vn 0.09684 -0.99134 0.08874
vn 0.1042 -0.99134 0.07996
vn 0.10414 -0.99135 0.0799
vn 0.1107 -0.99135 0.07053
vn 0.11069 -0.99135 0.07052
vn 0.11642 -0.99135 0.0606
vn 0.11648 -0.99134 0.06063
vn 0.12132 -0.99134 0.05026
vn 0.12126 -0.99135 0.05023
vn 0.12518 -0.99135 0.03947
vn 0.12519 -0.99135 0.03947
vn 0.12815 -0.99135 0.02841
vn 0.12818 -0.99134 0.02842
vn 0.13017 -0.99134 0.01714
vn 0.13013 -0.99135 0.01713
vn 0.13113 -0.99135 0.00572
vn 0.13118 -0.99134 0.00573
vn 0.13118 -0.99134 -0.00572
vn 0.13113 -0.99135 -0.00573
vn 0.21435 -0.97635 -0.02821
vn 0.21417 -0.97639 -0.02821
vn 0.2109 -0.97639 -0.04676
vn 0.21103 -0.97636 -0.04678
vn 0.20615 -0.97636 -0.065
vn 0.20623 -0.97634 -0.06502
vn 0.19978 -0.97634 -0.08275
vn 0.19967 -0.97637 -0.08271
vn 0.19171 -0.97637 -0.09979
vn 0.19164 -0.97638 -0.09976
vn 0.18222 -0.97638 -0.11609
vn 0.18234 -0.97635 -0.11616
vn 0.17152 -0.97635 -0.1316
vn 0.17143 -0.97638 -0.13154
vn 0.15931 -0.97637 -0.14599
vn 0.15941 -0.97635 -0.14606
vn 0.14607 -0.97635 -0.1594
vn 0.14605 -0.97635 -0.15939
vn 0.1316 -0.97635 -0.17151
vn 0.13154 -0.97637 -0.17144
vn 0.11611 -0.97637 -0.18225
vn 0.1161 -0.97638 -0.18224
vn 0.09978 -0.97637 -0.19167
vn 0.0998 -0.97637 -0.1917
vn 0.08271 -0.97637 -0.19967
vn 0.08268 -0.97638 -0.19963
vn 0.06497 -0.97638 -0.20608
vn 0.065 -0.97636 -0.20614
vn 0.04679 -0.97636 -0.21103
vn 0.04677 -0.97637 -0.21097
vn 0.0282 -0.97637 -0.21424
vn 0.02821 -0.97636 -0.21428
vn 0.00943 -0.97637 -0.21592
vn 0.00943 -0.97637 -0.21591
vn -0.00943 -0.97637 -0.21591
vn -0.00943 -0.97637 -0.21591
vn -0.0282 -0.97637 -0.21427
vn -0.0282 -0.97637 -0.21424
vn -0.04677 -0.97637 -0.21097
vn -0.04678 -0.97636 -0.21103
vn -0.065 -0.97636 -0.20615
vn -0.06498 -0.97638 -0.20608
vn -0.08269 -0.97638 -0.19963
vn -0.0827 -0.97637 -0.19968
vn -0.09979 -0.97637 -0.1917
vn -0.09978 -0.97637 -0.19167
vn -0.1161 -0.97638 -0.18224
vn -0.11611 -0.97637 -0.18225
vn -0.13155 -0.97637 -0.17143
vn -0.1316 -0.97635 -0.17151
vn -0.14605 -0.97635 -0.15939
vn -0.14607 -0.97635 -0.1594
vn -0.1594 -0.97635 -0.14607
vn -0.15932 -0.97637 -0.14598
vn -0.17143 -0.97638 -0.13154
vn -0.17151 -0.97635 -0.13161
vn -0.18233 -0.97635 -0.11617
vn -0.18232 -0.97635 -0.11616
vn -0.19176 -0.97635 -0.09982
vn -0.19171 -0.97637 -0.09979
vn -0.19967 -0.97637 -0.08271
vn -0.19977 -0.97634 -0.08276
vn -0.20623 -0.97634 -0.06503
vn -0.20602 -0.97639 -0.06495
vn -0.21089 -0.97639 -0.04675
vn -0.21103 -0.97636 -0.04679
vn -0.21431 -0.97636 -0.02821
vn -0.21435 -0.97635 -0.02822
vn -0.21599 -0.97635 -0.00943
vn -0.21591 -0.97637 -0.00942
vn -0.21591 -0.97637 0.00943
vn -0.21599 -0.97635 0.00943
vn -0.21435 -0.97635 0.02821
vn -0.21431 -0.97636 0.02821
vn -0.21104 -0.97636 0.04678
vn -0.21089 -0.97639 0.04676
vn -0.20601 -0.97639 0.06497
vn -0.20621 -0.97635 0.06501
vn -0.19975 -0.97635 0.08274
vn -0.19967 -0.97637 0.08271
vn -0.1917 -0.97637 0.09979
vn -0.19179 -0.97635 0.09983
vn -0.18236 -0.97634 0.11618
vn -0.18233 -0.97635 0.11616
vn -0.17152 -0.97635 0.1316
vn -0.17143 -0.97638 0.13154
vn -0.15931 -0.97637 0.14599
vn -0.15937 -0.97636 0.14603
vn -0.14603 -0.97636 0.15936
vn -0.14606 -0.97635 0.15939
vn -0.1316 -0.97635 0.17151
vn -0.13154 -0.97637 0.17144
vn -0.11611 -0.97637 0.18225
vn -0.1161 -0.97638 0.18224
vn -0.09978 -0.97637 0.19167
vn -0.09976 -0.97638 0.19165
vn -0.08268 -0.97638 0.19961
vn -0.08269 -0.97638 0.19963
vn -0.06497 -0.97638 0.20608
vn -0.065 -0.97636 0.20614
vn -0.04678 -0.97636 0.21103
vn -0.04678 -0.97636 0.21104
vn -0.02822 -0.97636 0.21431
vn -0.02821 -0.97637 0.21427
vn -0.00943 -0.97637 0.21591
vn -0.00943 -0.97637 0.21591
vn 0.00943 -0.97637 0.21591
vn 0.00943 -0.97637 0.21592
vn 0.02821 -0.97636 0.21428
vn 0.02821 -0.97636 0.21431
vn 0.04678 -0.97636 0.21104
vn 0.04678 -0.97636 0.21103
vn 0.065 -0.97636 0.20615
vn 0.06498 -0.97638 0.20608
vn 0.08269 -0.97638 0.19963
vn 0.08268 -0.97638 0.19961
vn 0.09977 -0.97638 0.19165
vn 0.09978 -0.97637 0.19167
vn 0.1161 -0.97638 0.18224
vn 0.11611 -0.97637 0.18225
vn 0.13155 -0.97637 0.17143
vn 0.1316 -0.97635 0.17151
vn 0.14605 -0.97635 0.15939
vn 0.14603 -0.97636 0.15936
vn 0.15937 -0.97636 0.14604
vn 0.15931 -0.97637 0.14598
vn 0.17143 -0.97638 0.13154
vn 0.17151 -0.97635 0.13161
vn 0.18233 -0.97635 0.11616
vn 0.18226 -0.97637 0.1161
vn 0.19167 -0.97637 0.09978
vn 0.1917 -0.97637 0.09979
vn 0.19967 -0.97637 0.08271
vn 0.19975 -0.97635 0.08274
vn 0.20621 -0.97635 0.06502
vn 0.20615 -0.97636 0.06499
vn 0.21103 -0.97636 0.04679
vn 0.2109 -0.97639 0.04675
vn 0.21417 -0.97639 0.02819
vn 0.21434 -0.97635 0.02823
vn 0.21599 -0.97635 0.00943
vn 0.21591 -0.97637 0.00942
vn 0.21591 -0.97637 -0.00943
vn 0.21599 -0.97635 -0.00943
vn 0.29824 -0.95368 -0.03928
vn 0.29845 -0.95362 -0.03929
vn 0.29388 -0.95362 -0.06515
vn 0.29383 -0.95364 -0.06514
vn 0.28704 -0.95363 -0.09049
vn 0.28691 -0.95368 -0.09046
vn 0.27793 -0.95368 -0.11513
vn 0.278 -0.95365 -0.11516
vn 0.2669 -0.95366 -0.13894
vn 0.26687 -0.95367 -0.13893
vn 0.25375 -0.95367 -0.16165
vn 0.25371 -0.95368 -0.16162
vn 0.23866 -0.95368 -0.18313
vn 0.23873 -0.95365 -0.18318
vn 0.22185 -0.95365 -0.20328
vn 0.2218 -0.95368 -0.20324
vn 0.20324 -0.95368 -0.2218
vn 0.20319 -0.9537 -0.22175
vn 0.18309 -0.9537 -0.23862
vn 0.18319 -0.95365 -0.23873
vn 0.16169 -0.95365 -0.2538
vn 0.16165 -0.95367 -0.25375
vn 0.13893 -0.95367 -0.26687
vn 0.1389 -0.95368 -0.26683
vn 0.11511 -0.95368 -0.27792
vn 0.11518 -0.95364 -0.27805
vn 0.0905 -0.95364 -0.28702
vn 0.09047 -0.95366 -0.28695
vn 0.06512 -0.95367 -0.29374
vn 0.06513 -0.95366 -0.29377
vn 0.03927 -0.95365 -0.29834
vn 0.03927 -0.95366 -0.29832
vn 0.01313 -0.95365 -0.30062
vn 0.01312 -0.95367 -0.30058
vn -0.01313 -0.95367 -0.30058
vn -0.01312 -0.95365 -0.30062
vn -0.03927 -0.95366 -0.29832
vn -0.03927 -0.95364 -0.29836
vn -0.06513 -0.95364 -0.29381
vn -0.06512 -0.95367 -0.29374
vn -0.09048 -0.95366 -0.28695
vn -0.0905 -0.95364 -0.28703
vn -0.11517 -0.95364 -0.27805
vn -0.11512 -0.95368 -0.27791
vn -0.1389 -0.95368 -0.26682
vn -0.13892 -0.95367 -0.26687
vn -0.16166 -0.95367 -0.25374
vn -0.16173 -0.95361 -0.2539
vn -0.18325 -0.95361 -0.23883
vn -0.18317 -0.95366 -0.23871
vn -0.20328 -0.95366 -0.22185
vn -0.20324 -0.95368 -0.22179
vn -0.2218 -0.95368 -0.20324
vn -0.22185 -0.95365 -0.20329
vn -0.23873 -0.95365 -0.18319
vn -0.23866 -0.95368 -0.18313
vn -0.2537 -0.95368 -0.16163
vn -0.25374 -0.95367 -0.16166
vn -0.26688 -0.95367 -0.13891
vn -0.26691 -0.95366 -0.13893
vn -0.27799 -0.95365 -0.11516
vn -0.27793 -0.95368 -0.11513
vn -0.28691 -0.95368 -0.09045
vn -0.28704 -0.95363 -0.0905
vn -0.29383 -0.95364 -0.06515
vn -0.29369 -0.95368 -0.06511
vn -0.29825 -0.95368 -0.03926
vn -0.29824 -0.95368 -0.03926
vn -0.30052 -0.95368 -0.01311
vn -0.30058 -0.95367 -0.01312
vn -0.30058 -0.95367 0.01312
vn -0.30052 -0.95368 0.01312
vn -0.29824 -0.95368 0.03926
vn -0.29825 -0.95368 0.03926
vn -0.29369 -0.95368 0.06512
vn -0.29383 -0.95364 0.06514
vn -0.28704 -0.95363 0.09049
vn -0.28694 -0.95367 0.09047
vn -0.27796 -0.95367 0.11514
vn -0.278 -0.95365 0.11516
vn -0.26691 -0.95366 0.13893
vn -0.26687 -0.95367 0.13891
vn -0.25374 -0.95367 0.16166
vn -0.2537 -0.95368 0.16164
vn -0.23866 -0.95368 0.18313
vn -0.23873 -0.95365 0.18318
vn -0.22185 -0.95365 0.20329
vn -0.22185 -0.95366 0.20329
vn -0.20329 -0.95366 0.22185
vn -0.20329 -0.95366 0.22184
vn -0.18317 -0.95366 0.23872
vn -0.18321 -0.95364 0.23877
vn -0.1617 -0.95364 0.25382
vn -0.16165 -0.95367 0.25375
vn -0.13892 -0.95367 0.26687
vn -0.13894 -0.95366 0.2669
vn -0.11515 -0.95365 0.278
vn -0.11518 -0.95364 0.27805
vn -0.0905 -0.95364 0.28702
vn -0.09047 -0.95366 0.28695
vn -0.06512 -0.95367 0.29374
vn -0.06514 -0.95364 0.29381
vn -0.03928 -0.95364 0.29836
vn -0.03927 -0.95366 0.29832
vn -0.01313 -0.95365 0.30062
vn -0.01312 -0.95367 0.30058
vn 0.01312 -0.95367 0.30058
vn 0.01312 -0.95365 0.30062
vn 0.03927 -0.95366 0.29832
vn 0.03927 -0.95365 0.29834
vn 0.06512 -0.95366 0.29377
vn 0.06512 -0.95367 0.29374
vn 0.09048 -0.95366 0.28695
vn 0.0905 -0.95364 0.28703
vn 0.11517 -0.95364 0.27805
vn 0.11516 -0.95365 0.278
vn 0.13894 -0.95366 0.2669
vn 0.13892 -0.95367 0.26687
vn 0.16166 -0.95367 0.25374
vn 0.16165 -0.95367 0.25373
vn 0.18313 -0.95367 0.23868
vn 0.1831 -0.9537 0.23862
vn 0.2032 -0.9537 0.22174
vn 0.20328 -0.95365 0.22185
vn 0.22185 -0.95366 0.20329
vn 0.22185 -0.95365 0.20329
vn 0.23873 -0.95365 0.18319
vn 0.23866 -0.95368 0.18313
vn 0.25371 -0.95368 0.16162
vn 0.25375 -0.95367 0.16165
vn 0.26687 -0.95367 0.13892
vn 0.2669 -0.95365 0.13894
vn 0.278 -0.95365 0.11516
vn 0.27796 -0.95367 0.11514
vn 0.28694 -0.95367 0.09046
vn 0.28704 -0.95363 0.0905
vn 0.29383 -0.95364 0.06514
vn 0.29388 -0.95362 0.06515
vn 0.29844 -0.95362 0.0393
vn 0.29824 -0.95368 0.03926
vn 0.30052 -0.95368 0.01311
vn 0.30058 -0.95367 0.01312
vn 0.30058 -0.95367 -0.01312
vn 0.30052 -0.95368 -0.01312
vn 0.37967 -0.92377 -0.04998
vn 0.37957 -0.92381 -0.04998
vn 0.37377 -0.92381 -0.08286
vn 0.37389 -0.92376 -0.08288
vn 0.36524 -0.92376 -0.11516
vn 0.36513 -0.92381 -0.11514
vn 0.35371 -0.92381 -0.14652
vn 0.35389 -0.92373 -0.14658
vn 0.33976 -0.92373 -0.17687
vn 0.33963 -0.92379 -0.17682
vn 0.32293 -0.92379 -0.20572
vn 0.3231 -0.92371 -0.20581
vn 0.30392 -0.92372 -0.2332
vn 0.3038 -0.92378 -0.23312
vn 0.28233 -0.92377 -0.25871
vn 0.28223 -0.92383 -0.25863
vn 0.25863 -0.92382 -0.28225
vn 0.25871 -0.92377 -0.28233
vn 0.23312 -0.92378 -0.3038
vn 0.23314 -0.92377 -0.30382
vn 0.20575 -0.92377 -0.32297
vn 0.20576 -0.92377 -0.32298
vn 0.17683 -0.92377 -0.33969
vn 0.17685 -0.92375 -0.33972
vn 0.14657 -0.92376 -0.35383
vn 0.14654 -0.92378 -0.35377
vn 0.11515 -0.92378 -0.36521
vn 0.11516 -0.92376 -0.36524
vn 0.08289 -0.92376 -0.37389
vn 0.08287 -0.92379 -0.37382
vn 0.04997 -0.9238 -0.3796
vn 0.04999 -0.92377 -0.37967
vn 0.0167 -0.92377 -0.38258
vn 0.01671 -0.92375 -0.38262
vn -0.0167 -0.92375 -0.38262
vn -0.01671 -0.92377 -0.38259
vn -0.04998 -0.92376 -0.3797
vn -0.04998 -0.92381 -0.37957
vn -0.08287 -0.92381 -0.37377
vn -0.08288 -0.92376 -0.37389
vn -0.11516 -0.92376 -0.36524
vn -0.11515 -0.92378 -0.36521
vn -0.14654 -0.92378 -0.35377
vn -0.14656 -0.92376 -0.35383
vn -0.17685 -0.92375 -0.33972
vn -0.17683 -0.92377 -0.33968
vn -0.20575 -0.92377 -0.32299
vn -0.20568 -0.92383 -0.32286
vn -0.23304 -0.92383 -0.3037
vn -0.23303 -0.92384 -0.30368
vn -0.2586 -0.92384 -0.28221
vn -0.25873 -0.92375 -0.28238
vn -0.28237 -0.92375 -0.25874
vn -0.28234 -0.92377 -0.2587
vn -0.3038 -0.92378 -0.23311
vn -0.30391 -0.92372 -0.23321
vn -0.32308 -0.92371 -0.20584
vn -0.32293 -0.92379 -0.20573
vn -0.33964 -0.92379 -0.17679
vn -0.33976 -0.92373 -0.17687
vn -0.35389 -0.92373 -0.14659
vn -0.35372 -0.92381 -0.1465
vn -0.36514 -0.92381 -0.11513
vn -0.36524 -0.92376 -0.11517
vn -0.37389 -0.92376 -0.08289
vn -0.37377 -0.92381 -0.08285
vn -0.37957 -0.92381 -0.04997
vn -0.37967 -0.92377 -0.04999
vn -0.38258 -0.92377 -0.0167
vn -0.38262 -0.92375 -0.01671
vn -0.38262 -0.92375 0.0167
vn -0.38258 -0.92377 0.0167
vn -0.37967 -0.92377 0.04998
vn -0.37957 -0.92381 0.04998
vn -0.37377 -0.92381 0.08286
vn -0.37389 -0.92376 0.08288
vn -0.36524 -0.92376 0.11516
vn -0.36513 -0.92381 0.11514
vn -0.35371 -0.92381 0.14652
vn -0.35389 -0.92373 0.14658
vn -0.33977 -0.92373 0.17686
vn -0.33964 -0.92379 0.1768
vn -0.32292 -0.92379 0.20574
vn -0.32309 -0.92371 0.20583
vn -0.30392 -0.92372 0.2332
vn -0.3038 -0.92378 0.23312
vn -0.28233 -0.92377 0.25871
vn -0.28237 -0.92375 0.25874
vn -0.25875 -0.92375 0.28236
vn -0.25859 -0.92384 0.28222
vn -0.23302 -0.92384 0.30369
vn -0.2331 -0.92379 0.30378
vn -0.20574 -0.92378 0.32295
vn -0.20576 -0.92377 0.32298
vn -0.17683 -0.92377 0.33969
vn -0.17685 -0.92375 0.33972
vn -0.14657 -0.92376 0.35383
vn -0.14654 -0.92378 0.35377
vn -0.11515 -0.92378 0.36521
vn -0.11516 -0.92376 0.36524
vn -0.08289 -0.92376 0.37389
vn -0.08286 -0.92381 0.37377
vn -0.04997 -0.92381 0.37957
vn -0.04999 -0.92376 0.3797
vn -0.0167 -0.92377 0.38259
vn -0.01671 -0.92375 0.38262
vn 0.0167 -0.92375 0.38262
vn 0.0167 -0.92377 0.38258
vn 0.04998 -0.92377 0.37967
vn 0.04998 -0.9238 0.3796
vn 0.08287 -0.92379 0.37382
vn 0.08288 -0.92376 0.37389
vn 0.11516 -0.92376 0.36524
vn 0.11515 -0.92378 0.36521
vn 0.14654 -0.92378 0.35377
vn 0.14656 -0.92376 0.35383
vn 0.17685 -0.92375 0.33972
vn 0.17683 -0.92377 0.33968
vn 0.20577 -0.92377 0.32298
vn 0.20581 -0.92373 0.32306
vn 0.23319 -0.92373 0.3039
vn 0.23312 -0.92378 0.3038
vn 0.2587 -0.92377 0.28234
vn 0.25863 -0.92382 0.28225
vn 0.28224 -0.92383 0.25862
vn 0.28233 -0.92377 0.25872
vn 0.3038 -0.92378 0.23311
vn 0.30391 -0.92372 0.23321
vn 0.32309 -0.92371 0.20583
vn 0.32294 -0.92379 0.20571
vn 0.33963 -0.92379 0.17681
vn 0.33975 -0.92373 0.17688
vn 0.35389 -0.92373 0.14659
vn 0.35372 -0.92381 0.1465
vn 0.36514 -0.92381 0.11513
vn 0.36524 -0.92376 0.11517
vn 0.37389 -0.92376 0.08289
vn 0.37377 -0.92381 0.08285
vn 0.37957 -0.92381 0.04997
vn 0.37967 -0.92377 0.04999
vn 0.38258 -0.92377 0.0167
vn 0.38262 -0.92375 0.01671
vn 0.38262 -0.92375 -0.0167
vn 0.38258 -0.92377 -0.0167
vn 0.45832 -0.88673 -0.06034
vn 0.45838 -0.88671 -0.06035
vn 0.45137 -0.88671 -0.10006
vn 0.45124 -0.88678 -0.10004
vn 0.4408 -0.88678 -0.13899
vn 0.44078 -0.88679 -0.13899
vn 0.427 -0.88679 -0.17686
vn 0.42693 -0.88682 -0.17684
vn 0.40989 -0.88682 -0.2134
vn 0.41005 -0.88673 -0.21346
vn 0.3899 -0.88673 -0.24836
vn 0.38965 -0.88688 -0.24824
vn 0.36653 -0.88688 -0.28126
vn 0.36678 -0.88672 -0.28142
vn 0.34083 -0.88673 -0.31233
vn 0.34075 -0.88678 -0.31226
vn 0.31225 -0.88678 -0.34076
vn 0.31232 -0.88673 -0.34083
vn 0.28142 -0.88674 -0.36674
vn 0.28132 -0.88682 -0.36663
vn 0.2483 -0.88681 -0.38976
vn 0.24832 -0.88679 -0.38978
vn 0.2134 -0.8868 -0.40994
vn 0.21341 -0.88679 -0.40995
vn 0.17687 -0.88679 -0.427
vn 0.17687 -0.88679 -0.427
vn 0.13898 -0.88679 -0.44079
vn 0.13899 -0.88678 -0.4408
vn 0.10003 -0.88678 -0.45124
vn 0.10002 -0.8868 -0.45121
vn 0.06033 -0.88679 -0.45822
vn 0.06032 -0.88681 -0.45819
vn 0.02016 -0.88681 -0.4617
vn 0.02016 -0.88682 -0.46168
vn -0.02016 -0.88682 -0.46168
vn -0.02016 -0.88682 -0.46168
vn -0.06032 -0.88683 -0.45815
vn -0.06032 -0.88679 -0.45822
vn -0.10002 -0.8868 -0.45121
vn -0.10003 -0.88678 -0.45124
vn -0.13899 -0.88678 -0.4408
vn -0.13898 -0.88679 -0.44079
vn -0.17687 -0.88679 -0.427
vn -0.17687 -0.88679 -0.427
vn -0.21341 -0.88679 -0.40995
vn -0.21341 -0.8868 -0.40994
vn -0.24832 -0.88679 -0.38979
vn -0.2483 -0.88681 -0.38975
vn -0.28133 -0.88682 -0.36662
vn -0.28141 -0.88674 -0.36675
vn -0.3123 -0.88673 -0.34084
vn -0.31224 -0.88678 -0.34077
vn -0.34077 -0.88678 -0.31224
vn -0.34084 -0.88673 -0.31232
vn -0.36676 -0.88672 -0.28144
vn -0.36654 -0.88688 -0.28124
vn -0.38966 -0.88688 -0.24823
vn -0.38969 -0.88686 -0.24826
vn -0.40983 -0.88686 -0.21334
vn -0.4099 -0.88682 -0.21339
vn -0.42694 -0.88682 -0.17683
vn -0.427 -0.88679 -0.17686
vn -0.44078 -0.88679 -0.13899
vn -0.4408 -0.88678 -0.139
vn -0.45124 -0.88678 -0.10003
vn -0.45137 -0.88671 -0.10007
vn -0.45838 -0.88671 -0.06035
vn -0.45832 -0.88673 -0.06034
vn -0.46184 -0.88674 -0.02017
vn -0.46182 -0.88675 -0.02016
vn -0.46182 -0.88675 0.02016
vn -0.46184 -0.88674 0.02016
vn -0.45832 -0.88673 0.06034
vn -0.45838 -0.88671 0.06035
vn -0.45137 -0.88671 0.10006
vn -0.45124 -0.88678 0.10004
vn -0.4408 -0.88678 0.13899
vn -0.44078 -0.88679 0.13899
vn -0.427 -0.88679 0.17686
vn -0.42693 -0.88682 0.17684
vn -0.4099 -0.88682 0.21338
vn -0.40983 -0.88686 0.21335
vn -0.38969 -0.88686 0.24825
vn -0.38965 -0.88688 0.24824
vn -0.36653 -0.88688 0.28126
vn -0.36678 -0.88672 0.28142
vn -0.34084 -0.88673 0.31232
vn -0.34076 -0.88678 0.31225
vn -0.31224 -0.88678 0.34077
vn -0.31231 -0.88673 0.34084
vn -0.28142 -0.88674 0.36674
vn -0.28132 -0.88682 0.36663
vn -0.2483 -0.88681 0.38976
vn -0.24832 -0.88679 0.38978
vn -0.2134 -0.8868 0.40994
vn -0.21341 -0.88679 0.40995
vn -0.17687 -0.88679 0.427
vn -0.17687 -0.88679 0.427
vn -0.13898 -0.88679 0.44079
vn -0.13899 -0.88678 0.4408
vn -0.10003 -0.88678 0.45124
vn -0.10002 -0.8868 0.45121
vn -0.06033 -0.88679 0.45822
vn -0.06032 -0.88683 0.45815
vn -0.02016 -0.88682 0.46168
vn -0.02016 -0.88682 0.46168
vn 0.02016 -0.88682 0.46168
vn 0.02016 -0.88681 0.4617
vn 0.06032 -0.88681 0.45819
vn 0.06032 -0.88679 0.45822
vn 0.10002 -0.8868 0.45121
vn 0.10003 -0.88678 0.45124
vn 0.13899 -0.88678 0.4408
vn 0.13898 -0.88679 0.44079
vn 0.17687 -0.88679 0.427
vn 0.17687 -0.88679 0.427
vn 0.21341 -0.88679 0.40995
vn 0.21341 -0.8868 0.40994
vn 0.24832 -0.88679 0.38979
vn 0.2483 -0.88681 0.38975
vn 0.28133 -0.88682 0.36662
vn 0.28141 -0.88674 0.36675
vn 0.31232 -0.88673 0.34083
vn 0.31226 -0.88678 0.34075
vn 0.34075 -0.88678 0.31226
vn 0.34083 -0.88673 0.31234
vn 0.36676 -0.88672 0.28144
vn 0.36654 -0.88688 0.28124
vn 0.38967 -0.88688 0.24822
vn 0.38988 -0.88673 0.24838
vn 0.41004 -0.88673 0.21348
vn 0.4099 -0.88682 0.21339
vn 0.42694 -0.88682 0.17683
vn 0.427 -0.88679 0.17686
vn 0.44078 -0.88679 0.13899
vn 0.4408 -0.88678 0.139
vn 0.45124 -0.88678 0.10003
vn 0.45137 -0.88671 0.10007
vn 0.45838 -0.88671 0.06035
vn 0.45832 -0.88673 0.06034
vn 0.46184 -0.88674 0.02017
vn 0.46182 -0.88675 0.02016
vn 0.46182 -0.88675 -0.02016
vn 0.46184 -0.88674 -0.02016
vn 0.53278 -0.84334 -0.07014
vn 0.53278 -0.84334 -0.07014
vn 0.52465 -0.84334 -0.11631
vn 0.52453 -0.84341 -0.1163
vn 0.5124 -0.84341 -0.16157
vn 0.51255 -0.84331 -0.16161
vn 0.49651 -0.84331 -0.20566
vn 0.49651 -0.84332 -0.20566
vn 0.4767 -0.84331 -0.24816
vn 0.47677 -0.84326 -0.24819
vn 0.45333 -0.84326 -0.2888
vn 0.45334 -0.84325 -0.28881
vn 0.42645 -0.84326 -0.3272
vn 0.42632 -0.84335 -0.32712
vn 0.39618 -0.84335 -0.36306
vn 0.39639 -0.84318 -0.36322
vn 0.36322 -0.84319 -0.39636
vn 0.36304 -0.84334 -0.39621
vn 0.32714 -0.84333 -0.42635
vn 0.32722 -0.84326 -0.42643
vn 0.28881 -0.84325 -0.45334
vn 0.2888 -0.84326 -0.45333
vn 0.2482 -0.84326 -0.47677
vn 0.24819 -0.84327 -0.47676
vn 0.20569 -0.84326 -0.49659
vn 0.20568 -0.84328 -0.49657
vn 0.16163 -0.84328 -0.5126
vn 0.16159 -0.84334 -0.5125
vn 0.1163 -0.84334 -0.52465
vn 0.11635 -0.84324 -0.52479
vn 0.07016 -0.84325 -0.53293
vn 0.07017 -0.84323 -0.53296
vn 0.02345 -0.84324 -0.53703
vn 0.02345 -0.8432 -0.53708
vn -0.02345 -0.8432 -0.53708
vn -0.02345 -0.84324 -0.53703
vn -0.07016 -0.84323 -0.53296
vn -0.07016 -0.84325 -0.53293
vn -0.11633 -0.84324 -0.5248
vn -0.11631 -0.84334 -0.52465
vn -0.1616 -0.84334 -0.5125
vn -0.16162 -0.84328 -0.5126
vn -0.20569 -0.84328 -0.49657
vn -0.20569 -0.84326 -0.49659
vn -0.24819 -0.84327 -0.47676
vn -0.2482 -0.84326 -0.47677
vn -0.2888 -0.84326 -0.45333
vn -0.28881 -0.84325 -0.45334
vn -0.32721 -0.84326 -0.42644
vn -0.32715 -0.84333 -0.42634
vn -0.36304 -0.84334 -0.3962
vn -0.36306 -0.84332 -0.39622
vn -0.39622 -0.84332 -0.36307
vn -0.39619 -0.84335 -0.36304
vn -0.42633 -0.84335 -0.32711
vn -0.42644 -0.84326 -0.32721
vn -0.45334 -0.84325 -0.28881
vn -0.45333 -0.84326 -0.2888
vn -0.47677 -0.84326 -0.2482
vn -0.4767 -0.84331 -0.24815
vn -0.49651 -0.84332 -0.20565
vn -0.49651 -0.84331 -0.20566
vn -0.51255 -0.84331 -0.16162
vn -0.51268 -0.84322 -0.16168
vn -0.52483 -0.84322 -0.11635
vn -0.52465 -0.84334 -0.1163
vn -0.53278 -0.84334 -0.07014
vn -0.53278 -0.84334 -0.07014
vn -0.53687 -0.84334 -0.02344
vn -0.53677 -0.8434 -0.02343
vn -0.53677 -0.8434 0.02343
vn -0.53687 -0.84334 0.02343
vn -0.53278 -0.84334 0.07014
vn -0.53278 -0.84334 0.07014
vn -0.52465 -0.84334 0.11631
vn -0.52483 -0.84322 0.11634
vn -0.51268 -0.84322 0.16166
vn -0.51254 -0.84331 0.16163
vn -0.49651 -0.84331 0.20566
vn -0.49651 -0.84332 0.20566
vn -0.4767 -0.84331 0.24816
vn -0.47677 -0.84326 0.24819
vn -0.45333 -0.84326 0.2888
vn -0.45334 -0.84325 0.28881
vn -0.42645 -0.84326 0.3272
vn -0.42632 -0.84335 0.32712
vn -0.39619 -0.84335 0.36304
vn -0.39622 -0.84332 0.36306
vn -0.36306 -0.84332 0.39622
vn -0.36304 -0.84334 0.39621
vn -0.32714 -0.84333 0.42635
vn -0.32722 -0.84326 0.42643
vn -0.28881 -0.84325 0.45334
vn -0.2888 -0.84326 0.45333
vn -0.2482 -0.84326 0.47677
vn -0.24812 -0.84336 0.47664
vn -0.20564 -0.84335 0.49645
vn -0.2057 -0.84328 0.49656
vn -0.16163 -0.84328 0.5126
vn -0.16159 -0.84334 0.5125
vn -0.1163 -0.84334 0.52465
vn -0.11635 -0.84324 0.52479
vn -0.07016 -0.84325 0.53293
vn -0.07017 -0.84323 0.53296
vn -0.02345 -0.84324 0.53703
vn -0.02345 -0.8432 0.53708
vn 0.02345 -0.8432 0.53708
vn 0.02345 -0.84324 0.53703
vn 0.07016 -0.84323 0.53296
vn 0.07016 -0.84325 0.53293
vn 0.11633 -0.84324 0.5248
vn 0.11631 -0.84334 0.52465
vn 0.1616 -0.84334 0.5125
vn 0.16162 -0.84328 0.5126
vn 0.20569 -0.84328 0.49657
vn 0.20565 -0.84335 0.49645
vn 0.24813 -0.84336 0.47664
vn 0.24818 -0.84326 0.47678
vn 0.2888 -0.84326 0.45333
vn 0.28881 -0.84325 0.45334
vn 0.32721 -0.84326 0.42644
vn 0.32715 -0.84333 0.42634
vn 0.36306 -0.84334 0.39619
vn 0.3632 -0.84319 0.39638
vn 0.39637 -0.84318 0.36324
vn 0.39619 -0.84335 0.36304
vn 0.42633 -0.84335 0.32711
vn 0.42644 -0.84326 0.32721
vn 0.45334 -0.84325 0.28881
vn 0.45333 -0.84326 0.2888
vn 0.47677 -0.84326 0.2482
vn 0.4767 -0.84331 0.24815
vn 0.49651 -0.84332 0.20565
vn 0.49651 -0.84331 0.20566
vn 0.51255 -0.84331 0.16162
vn 0.51241 -0.84341 0.16156
vn 0.52453 -0.84341 0.11629
vn 0.52465 -0.84334 0.11633
vn 0.53278 -0.84334 0.07014
vn 0.53278 -0.84334 0.07014
vn 0.53687 -0.84334 0.02344
vn 0.53677 -0.8434 0.02343
vn 0.53677 -0.8434 -0.02343
vn 0.53687 -0.84334 -0.02343
vn 0.60425 -0.79281 -0.07955
vn 0.60417 -0.79287 -0.07955
vn 0.59493 -0.79288 -0.13191
vn 0.59531 -0.79259 -0.13195
vn 0.58153 -0.79259 -0.18336
vn 0.5814 -0.7927 -0.18333
vn 0.56322 -0.79269 -0.23328
vn 0.56324 -0.79268 -0.23329
vn 0.54075 -0.79269 -0.28149
vn 0.54058 -0.79282 -0.28143
vn 0.51402 -0.79282 -0.32746
vn 0.51415 -0.7927 -0.32753
vn 0.48364 -0.7927 -0.3711
vn 0.48346 -0.79286 -0.371
vn 0.44931 -0.79285 -0.41171
vn 0.44945 -0.79272 -0.41182
vn 0.41182 -0.79272 -0.44945
vn 0.41187 -0.79267 -0.44948
vn 0.37113 -0.79268 -0.48365
vn 0.37111 -0.7927 -0.48363
vn 0.32754 -0.7927 -0.51414
vn 0.32748 -0.79278 -0.51406
vn 0.28145 -0.79277 -0.54065
vn 0.28143 -0.7928 -0.54062
vn 0.23324 -0.7928 -0.56309
vn 0.23323 -0.79281 -0.56307
vn 0.18326 -0.79282 -0.58125
vn 0.18334 -0.79268 -0.58142
vn 0.13195 -0.79269 -0.59518
vn 0.13192 -0.79276 -0.59509
vn 0.07956 -0.79275 -0.60434
vn 0.07954 -0.79283 -0.60423
vn 0.02659 -0.79281 -0.60888
vn 0.02659 -0.79283 -0.60887
vn -0.02659 -0.79283 -0.60887
vn -0.02659 -0.7928 -0.6089
vn -0.07956 -0.7928 -0.60427
vn -0.07956 -0.79275 -0.60434
vn -0.13193 -0.79275 -0.59509
vn -0.13194 -0.79269 -0.59518
vn -0.18332 -0.79268 -0.58143
vn -0.18328 -0.79282 -0.58125
vn -0.23323 -0.79281 -0.56307
vn -0.23327 -0.7927 -0.56321
vn -0.2815 -0.79268 -0.54075
vn -0.28146 -0.79277 -0.54065
vn -0.32749 -0.79278 -0.51406
vn -0.32753 -0.7927 -0.51415
vn -0.37111 -0.7927 -0.48363
vn -0.37113 -0.79268 -0.48366
vn -0.41186 -0.79267 -0.44949
vn -0.41183 -0.79272 -0.44944
vn -0.44944 -0.79272 -0.41183
vn -0.44948 -0.79267 -0.41188
vn -0.48368 -0.79266 -0.37114
vn -0.48364 -0.7927 -0.3711
vn -0.51414 -0.7927 -0.32754
vn -0.51424 -0.7926 -0.32762
vn -0.54085 -0.7926 -0.28155
vn -0.54075 -0.79269 -0.28148
vn -0.56324 -0.79268 -0.23329
vn -0.56322 -0.79269 -0.23328
vn -0.58139 -0.7927 -0.18334
vn -0.58123 -0.79284 -0.18327
vn -0.59499 -0.79284 -0.13189
vn -0.59525 -0.79263 -0.13197
vn -0.6045 -0.79262 -0.07959
vn -0.60425 -0.79281 -0.07953
vn -0.60889 -0.79281 -0.02657
vn -0.60903 -0.7927 -0.02659
vn -0.60903 -0.7927 0.02658
vn -0.60889 -0.79281 0.02659
vn -0.60425 -0.79281 0.07955
vn -0.6045 -0.79262 0.07956
vn -0.59525 -0.79263 0.13195
vn -0.59495 -0.79287 0.13191
vn -0.58117 -0.79287 0.18328
vn -0.5814 -0.7927 0.18332
vn -0.56322 -0.79269 0.23328
vn -0.56324 -0.79268 0.23329
vn -0.54075 -0.79269 0.28149
vn -0.54086 -0.7926 0.28154
vn -0.51425 -0.7926 0.32761
vn -0.51413 -0.7927 0.32755
vn -0.48364 -0.7927 0.3711
vn -0.48369 -0.79266 0.37113
vn -0.44949 -0.79267 0.41188
vn -0.44943 -0.79272 0.41184
vn -0.41182 -0.79272 0.44945
vn -0.41187 -0.79267 0.44948
vn -0.37113 -0.79268 0.48365
vn -0.37111 -0.7927 0.48363
vn -0.32754 -0.7927 0.51414
vn -0.32748 -0.79278 0.51406
vn -0.28144 -0.79277 0.54066
vn -0.28158 -0.79257 0.54087
vn -0.23336 -0.79258 0.56334
vn -0.23322 -0.79281 0.56308
vn -0.18326 -0.79282 0.58125
vn -0.18334 -0.79268 0.58142
vn -0.13195 -0.79269 0.59518
vn -0.13192 -0.79276 0.59509
vn -0.07956 -0.79275 0.60434
vn -0.07955 -0.7928 0.60427
vn -0.02659 -0.7928 0.6089
vn -0.02659 -0.79283 0.60887
vn 0.02659 -0.79283 0.60887
vn 0.02659 -0.79281 0.60888
vn 0.07955 -0.79283 0.60423
vn 0.07955 -0.79275 0.60434
vn 0.13193 -0.79275 0.59509
vn 0.13194 -0.79269 0.59518
vn 0.18332 -0.79268 0.58143
vn 0.18328 -0.79282 0.58125
vn 0.23325 -0.79281 0.56307
vn 0.2333 -0.79268 0.56323
vn 0.28149 -0.79269 0.54075
vn 0.28145 -0.79277 0.54065
vn 0.32749 -0.79278 0.51406
vn 0.32753 -0.7927 0.51415
vn 0.37111 -0.7927 0.48363
vn 0.37113 -0.79268 0.48366
vn 0.41186 -0.79267 0.44949
vn 0.41183 -0.79272 0.44944
vn 0.44944 -0.79272 0.41183
vn 0.44932 -0.79285 0.4117
vn 0.48348 -0.79286 0.37098
vn 0.48362 -0.7927 0.37112
vn 0.51414 -0.7927 0.32754
vn 0.51402 -0.79282 0.32745
vn 0.54059 -0.79282 0.28141
vn 0.54074 -0.79269 0.28151
vn 0.56324 -0.79268 0.23329
vn 0.56322 -0.79269 0.23328
vn 0.5814 -0.7927 0.18331
vn 0.58148 -0.79263 0.18335
vn 0.59526 -0.79262 0.13198
vn 0.59494 -0.79288 0.13188
vn 0.60417 -0.79287 0.07954
vn 0.60425 -0.79281 0.07956
vn 0.60889 -0.79281 0.02657
vn 0.60903 -0.7927 0.02659
vn 0.60903 -0.7927 -0.02658
vn 0.60889 -0.79281 -0.02659
vn 0.66986 -0.73723 -0.0882
vn 0.67011 -0.737 -0.0882
vn 0.65988 -0.73699 -0.14627
vn 0.65938 -0.73745 -0.14621
vn 0.64414 -0.73745 -0.20311
vn 0.64439 -0.73722 -0.20316
vn 0.62423 -0.73722 -0.25855
vn 0.62422 -0.73723 -0.25855
vn 0.5993 -0.73723 -0.31199
vn 0.59945 -0.73708 -0.31205
vn 0.56997 -0.73709 -0.36309
vn 0.5698 -0.73726 -0.36301
vn 0.53599 -0.73726 -0.4113
vn 0.53618 -0.73705 -0.41142
vn 0.49829 -0.73706 -0.45657
vn 0.49794 -0.73745 -0.45631
vn 0.45631 -0.73743 -0.49798
vn 0.45643 -0.73728 -0.49809
vn 0.41128 -0.73727 -0.53599
vn 0.41129 -0.73726 -0.536
vn 0.363 -0.73726 -0.56981
vn 0.36308 -0.73713 -0.56992
vn 0.31202 -0.73715 -0.59938
vn 0.31197 -0.73723 -0.59931
vn 0.25855 -0.73723 -0.62421
vn 0.25856 -0.73722 -0.62422
vn 0.20319 -0.73722 -0.64438
vn 0.20313 -0.73735 -0.64425
vn 0.1462 -0.73733 -0.65952
vn 0.14627 -0.73714 -0.65971
vn 0.08819 -0.73715 -0.66995
vn 0.08817 -0.73723 -0.66986
vn 0.02947 -0.73724 -0.67499
vn 0.02948 -0.7372 -0.67503
vn -0.02948 -0.7372 -0.67503
vn -0.02948 -0.73724 -0.67499
vn -0.08818 -0.73723 -0.66986
vn -0.08818 -0.73715 -0.66995
vn -0.14625 -0.73715 -0.65972
vn -0.14623 -0.73727 -0.65959
vn -0.20317 -0.73726 -0.64434
vn -0.20318 -0.73722 -0.64438
vn -0.25855 -0.73722 -0.62423
vn -0.25854 -0.73723 -0.62422
vn -0.31199 -0.73723 -0.5993
vn -0.31203 -0.73715 -0.59938
vn -0.36307 -0.73713 -0.56992
vn -0.36301 -0.73726 -0.5698
vn -0.41129 -0.73726 -0.536
vn -0.41128 -0.73727 -0.53599
vn -0.45641 -0.73728 -0.4981
vn -0.45646 -0.73722 -0.49816
vn -0.49814 -0.73722 -0.45647
vn -0.49809 -0.73729 -0.45641
vn -0.53597 -0.7373 -0.41125
vn -0.536 -0.73726 -0.41128
vn -0.5698 -0.73726 -0.36302
vn -0.56972 -0.73735 -0.36295
vn -0.59919 -0.73736 -0.3119
vn -0.5993 -0.73723 -0.31198
vn -0.62422 -0.73723 -0.25855
vn -0.62423 -0.73722 -0.25855
vn -0.64438 -0.73722 -0.20319
vn -0.64444 -0.73715 -0.20322
vn -0.65971 -0.73715 -0.14627
vn -0.65956 -0.7373 -0.14621
vn -0.66978 -0.73731 -0.08815
vn -0.66986 -0.73723 -0.08817
vn -0.67499 -0.73724 -0.02947
vn -0.67503 -0.7372 -0.02948
vn -0.67503 -0.7372 0.02948
vn -0.67499 -0.73724 0.02948
vn -0.66986 -0.73723 0.08816
vn -0.66978 -0.73731 0.08816
vn -0.65955 -0.7373 0.14624
vn -0.65975 -0.73711 0.14626
vn -0.6445 -0.73711 0.20322
vn -0.64437 -0.73722 0.20319
vn -0.62423 -0.73722 0.25855
vn -0.62422 -0.73723 0.25855
vn -0.59931 -0.73723 0.31196
vn -0.5991 -0.73743 0.31188
vn -0.56964 -0.73743 0.36291
vn -0.56981 -0.73726 0.363
vn -0.53601 -0.73726 0.41128
vn -0.53597 -0.7373 0.41125
vn -0.49808 -0.73729 0.45642
vn -0.49815 -0.73722 0.45646
vn -0.45646 -0.73722 0.49815
vn -0.45641 -0.73728 0.49811
vn -0.41128 -0.73727 0.53599
vn -0.41129 -0.73726 0.536
vn -0.363 -0.73726 0.56981
vn -0.36308 -0.73713 0.56992
vn -0.31204 -0.73715 0.59937
vn -0.31199 -0.73723 0.5993
vn -0.25854 -0.73723 0.62422
vn -0.25855 -0.73722 0.62423
vn -0.20319 -0.73722 0.64438
vn -0.20317 -0.73726 0.64434
vn -0.14622 -0.73727 0.65959
vn -0.14626 -0.73714 0.65972
vn -0.08819 -0.73715 0.66994
vn -0.08817 -0.73723 0.66986
vn -0.02947 -0.73724 0.67499
vn -0.02948 -0.7372 0.67503
vn 0.02948 -0.7372 0.67503
vn 0.02948 -0.73724 0.67499
vn 0.08818 -0.73723 0.66986
vn 0.08818 -0.73715 0.66995
vn 0.14625 -0.73715 0.65972
vn 0.14623 -0.73733 0.65951
vn 0.20314 -0.73735 0.64424
vn 0.20317 -0.73722 0.64438
vn 0.25856 -0.73722 0.62422
vn 0.25856 -0.73723 0.62421
vn 0.31198 -0.73723 0.5993
vn 0.31201 -0.73715 0.59939
vn 0.36307 -0.73713 0.56992
vn 0.36301 -0.73726 0.5698
vn 0.41129 -0.73726 0.536
vn 0.41128 -0.73727 0.53599
vn 0.45641 -0.73728 0.4981
vn 0.45632 -0.73743 0.49797
vn 0.49798 -0.73745 0.45628
vn 0.49826 -0.73706 0.4566
vn 0.53617 -0.73705 0.41144
vn 0.536 -0.73726 0.41128
vn 0.56982 -0.73726 0.36299
vn 0.56989 -0.73717 0.36305
vn 0.59937 -0.73715 0.31203
vn 0.5993 -0.73723 0.31199
vn 0.62422 -0.73723 0.25855
vn 0.62423 -0.73722 0.25855
vn 0.64438 -0.73722 0.20318
vn 0.64419 -0.73741 0.2031
vn 0.65943 -0.73742 0.14617
vn 0.65987 -0.73699 0.14632
vn 0.67011 -0.737 0.08823
vn 0.66986 -0.73723 0.08817
vn 0.67499 -0.73724 0.02947
vn 0.67503 -0.7372 0.02948
vn 0.67503 -0.7372 -0.02948
vn 0.67499 -0.73724 -0.02948
vn 0.73159 -0.67491 -0.0963
vn 0.73148 -0.67503 -0.09629
vn 0.72029 -0.67503 -0.15972
vn 0.72042 -0.6749 -0.15973
vn 0.70376 -0.6749 -0.22188
vn 0.70376 -0.6749 -0.22188
vn 0.68173 -0.67492 -0.28237
vn 0.68175 -0.67489 -0.28238
vn 0.65454 -0.6749 -0.34073
vn 0.65459 -0.67484 -0.34075
vn 0.62239 -0.67485 -0.39651
vn 0.62234 -0.67491 -0.39648
vn 0.58543 -0.6749 -0.4492
vn 0.58529 -0.67507 -0.44913
vn 0.54392 -0.67505 -0.49845
vn 0.54409 -0.67483 -0.49857
vn 0.49857 -0.67483 -0.54408
vn 0.4986 -0.67479 -0.54411
vn 0.44927 -0.67481 -0.58549
vn 0.44921 -0.6749 -0.58542
vn 0.39648 -0.67491 -0.62234
vn 0.39636 -0.6751 -0.6222
vn 0.34064 -0.67509 -0.65438
vn 0.34074 -0.67489 -0.65454
vn 0.28238 -0.67492 -0.68172
vn 0.28241 -0.67484 -0.68178
vn 0.22191 -0.67485 -0.7038
vn 0.22189 -0.6749 -0.70376
vn 0.15973 -0.6749 -0.72042
vn 0.15969 -0.67503 -0.7203
vn 0.09628 -0.67503 -0.73149
vn 0.09631 -0.67491 -0.73159
vn 0.03219 -0.67491 -0.73719
vn 0.03218 -0.675 -0.73711
vn -0.03219 -0.675 -0.73711
vn -0.03219 -0.67493 -0.73718
vn -0.09629 -0.67496 -0.73155
vn -0.09629 -0.67503 -0.73148
vn -0.15969 -0.67503 -0.7203
vn -0.15971 -0.6749 -0.72042
vn -0.2219 -0.6749 -0.70375
vn -0.22191 -0.67485 -0.7038
vn -0.28239 -0.67484 -0.68179
vn -0.28233 -0.67506 -0.6816
vn -0.34067 -0.67506 -0.6544
vn -0.34066 -0.67509 -0.65437
vn -0.39638 -0.6751 -0.62219
vn -0.39646 -0.67491 -0.62235
vn -0.44921 -0.6749 -0.58542
vn -0.44926 -0.67481 -0.58549
vn -0.49858 -0.67479 -0.54413
vn -0.49842 -0.67508 -0.54391
vn -0.54391 -0.67511 -0.49839
vn -0.5441 -0.67478 -0.49862
vn -0.58552 -0.67477 -0.44928
vn -0.58543 -0.6749 -0.44919
vn -0.62234 -0.67491 -0.39648
vn -0.62238 -0.67485 -0.39651
vn -0.65458 -0.67484 -0.34075
vn -0.65454 -0.6749 -0.34072
vn -0.68175 -0.67489 -0.28238
vn -0.68173 -0.67492 -0.28237
vn -0.70374 -0.6749 -0.22192
vn -0.70375 -0.6749 -0.22192
vn -0.72042 -0.6749 -0.15971
vn -0.7203 -0.67503 -0.15966
vn -0.73149 -0.67503 -0.09628
vn -0.73159 -0.67491 -0.09631
vn -0.73719 -0.67491 -0.03219
vn -0.73711 -0.675 -0.03218
vn -0.73711 -0.675 0.03219
vn -0.7372 -0.67491 0.03218
vn -0.73159 -0.67491 0.0963
vn -0.73148 -0.67503 0.09629
vn -0.7203 -0.67503 0.15968
vn -0.72043 -0.6749 0.15969
vn -0.70375 -0.6749 0.22192
vn -0.70374 -0.67491 0.22192
vn -0.68173 -0.67492 0.28237
vn -0.68175 -0.67489 0.28238
vn -0.65453 -0.6749 0.34074
vn -0.65466 -0.67475 0.34079
vn -0.62247 -0.67475 0.39655
vn -0.62234 -0.67491 0.39648
vn -0.58543 -0.6749 0.4492
vn -0.58544 -0.67489 0.44921
vn -0.54404 -0.67491 0.49852
vn -0.54389 -0.67511 0.49841
vn -0.4984 -0.67508 0.54393
vn -0.4986 -0.67479 0.54411
vn -0.44927 -0.67481 0.58549
vn -0.44921 -0.6749 0.58542
vn -0.39648 -0.67491 0.62234
vn -0.39636 -0.6751 0.6222
vn -0.34066 -0.67509 0.65437
vn -0.34067 -0.67506 0.6544
vn -0.28231 -0.67506 0.68161
vn -0.28241 -0.67484 0.68178
vn -0.22192 -0.67485 0.7038
vn -0.2219 -0.6749 0.70375
vn -0.15972 -0.6749 0.72042
vn -0.15968 -0.67503 0.7203
vn -0.09628 -0.67503 0.73148
vn -0.0963 -0.67496 0.73155
vn -0.03219 -0.67493 0.73718
vn -0.03218 -0.675 0.73711
vn 0.03219 -0.675 0.73711
vn 0.03218 -0.67491 0.7372
vn 0.09629 -0.67491 0.73159
vn 0.09629 -0.67503 0.73148
vn 0.1597 -0.67503 0.72029
vn 0.15972 -0.6749 0.72042
vn 0.22189 -0.6749 0.70376
vn 0.2219 -0.67485 0.7038
vn 0.2824 -0.67484 0.68179
vn 0.28238 -0.67492 0.68172
vn 0.34072 -0.67489 0.65455
vn 0.34066 -0.67509 0.65437
vn 0.39638 -0.6751 0.62219
vn 0.39646 -0.67491 0.62235
vn 0.44921 -0.6749 0.58542
vn 0.44926 -0.67481 0.58549
vn 0.4986 -0.67479 0.54411
vn 0.49858 -0.67483 0.54408
vn 0.54407 -0.67483 0.49859
vn 0.54386 -0.67518 0.49834
vn 0.58522 -0.67518 0.44905
vn 0.58541 -0.6749 0.44923
vn 0.62235 -0.67491 0.39647
vn 0.62246 -0.67475 0.39656
vn 0.65465 -0.67475 0.3408
vn 0.65454 -0.6749 0.34072
vn 0.68175 -0.67489 0.28238
vn 0.68173 -0.67492 0.28237
vn 0.70376 -0.6749 0.22188
vn 0.70376 -0.6749 0.22188
vn 0.72041 -0.6749 0.15975
vn 0.72029 -0.67503 0.1597
vn 0.73149 -0.67503 0.09628
vn 0.73159 -0.67491 0.09631
vn 0.73719 -0.67491 0.03219
vn 0.73711 -0.675 0.03218
vn 0.73711 -0.675 -0.03219
vn 0.7372 -0.67491 -0.03218
vn 0.78641 -0.60897 -0.10353
vn 0.78638 -0.609 -0.10353
vn 0.77437 -0.60899 -0.17169
vn 0.77475 -0.6085 -0.17173
vn 0.75682 -0.60851 -0.23861
vn 0.75672 -0.60864 -0.23859
vn 0.73305 -0.60864 -0.30363
vn 0.73281 -0.60897 -0.30356
vn 0.70358 -0.60896 -0.36625
vn 0.70361 -0.60893 -0.36626
vn 0.669 -0.60892 -0.42621
vn 0.66907 -0.60882 -0.42624
vn 0.62937 -0.60882 -0.48295
vn 0.62947 -0.60867 -0.483
vn 0.58496 -0.60869 -0.53602
vn 0.58491 -0.60876 -0.53599
vn 0.53599 -0.60876 -0.58491
vn 0.53594 -0.60885 -0.58487
vn 0.48292 -0.60884 -0.62936
vn 0.48294 -0.60882 -0.62938
vn 0.42623 -0.60882 -0.66908
vn 0.42633 -0.60862 -0.6692
vn 0.36639 -0.60864 -0.70379
vn 0.36628 -0.60887 -0.70365
vn 0.30358 -0.60885 -0.7329
vn 0.30363 -0.60872 -0.73298
vn 0.23857 -0.60871 -0.75668
vn 0.23859 -0.60865 -0.75672
vn 0.17173 -0.60867 -0.77462
vn 0.17169 -0.60883 -0.7745
vn 0.10354 -0.60882 -0.78653
vn 0.10356 -0.6087 -0.78661
vn 0.0346 -0.60872 -0.79263
vn 0.0346 -0.60878 -0.79258
vn -0.0346 -0.60878 -0.79258
vn -0.0346 -0.60872 -0.79263
vn -0.10355 -0.6087 -0.78661
vn -0.10355 -0.60882 -0.78652
vn -0.1717 -0.60883 -0.7745
vn -0.1717 -0.60876 -0.77455
vn -0.23857 -0.60878 -0.75662
vn -0.23858 -0.60871 -0.75667
vn -0.30362 -0.60872 -0.73299
vn -0.3036 -0.60885 -0.73289
vn -0.36631 -0.60886 -0.70364
vn -0.36637 -0.60864 -0.7038
vn -0.42631 -0.60862 -0.66921
vn -0.42624 -0.60882 -0.66907
vn -0.48293 -0.60882 -0.62938
vn -0.48292 -0.60884 -0.62936
vn -0.53595 -0.60885 -0.58486
vn -0.53599 -0.60876 -0.58491
vn -0.5849 -0.60877 -0.53601
vn -0.58478 -0.60901 -0.53586
vn -0.62927 -0.60901 -0.48283
vn -0.62938 -0.60882 -0.48294
vn -0.66906 -0.60882 -0.42625
vn -0.66901 -0.60892 -0.4262
vn -0.7036 -0.60893 -0.36627
vn -0.70358 -0.60896 -0.36625
vn -0.73282 -0.60897 -0.30353
vn -0.73304 -0.60864 -0.30366
vn -0.75671 -0.60864 -0.23862
vn -0.75652 -0.60892 -0.23853
vn -0.77443 -0.60892 -0.17166
vn -0.77469 -0.60857 -0.17176
vn -0.78671 -0.60857 -0.10357
vn -0.78673 -0.60854 -0.10357
vn -0.79278 -0.60853 -0.03461
vn -0.79258 -0.60878 -0.03458
vn -0.79258 -0.60878 0.0346
vn -0.79278 -0.60853 0.03458
vn -0.78673 -0.60854 0.10357
vn -0.78671 -0.60857 0.10357
vn -0.7747 -0.60857 0.17172
vn -0.77442 -0.60893 0.1717
vn -0.75651 -0.60892 0.23856
vn -0.75672 -0.60864 0.23859
vn -0.73305 -0.60864 0.30363
vn -0.73281 -0.60897 0.30356
vn -0.70358 -0.60896 0.36625
vn -0.70361 -0.60893 0.36626
vn -0.669 -0.60892 0.42621
vn -0.66907 -0.60882 0.42624
vn -0.62938 -0.60882 0.48293
vn -0.62934 -0.60888 0.48291
vn -0.58485 -0.60886 0.53594
vn -0.58491 -0.60876 0.53599
vn -0.53599 -0.60876 0.58491
vn -0.53594 -0.60885 0.58487
vn -0.48292 -0.60884 0.62936
vn -0.48294 -0.60882 0.62938
vn -0.42623 -0.60882 0.66908
vn -0.42633 -0.60862 0.6692
vn -0.36639 -0.60864 0.70379
vn -0.36628 -0.60887 0.70365
vn -0.30358 -0.60885 0.7329
vn -0.30356 -0.60892 0.73285
vn -0.23854 -0.60891 0.75652
vn -0.23858 -0.60878 0.75662
vn -0.17171 -0.60876 0.77455
vn -0.17169 -0.60883 0.7745
vn -0.10354 -0.60882 0.78653
vn -0.10356 -0.6087 0.78661
vn -0.03461 -0.60872 0.79263
vn -0.0346 -0.60878 0.79258
vn 0.0346 -0.60878 0.79258
vn 0.0346 -0.60872 0.79263
vn 0.10355 -0.6087 0.78661
vn 0.10355 -0.60882 0.78652
vn 0.1717 -0.60883 0.7745
vn 0.17172 -0.60867 0.77462
vn 0.23859 -0.60865 0.75672
vn 0.23855 -0.60891 0.75652
vn 0.30356 -0.60892 0.73285
vn 0.30358 -0.60885 0.7329
vn 0.36631 -0.60886 0.70364
vn 0.36637 -0.60864 0.7038
vn 0.42631 -0.60862 0.66921
vn 0.42624 -0.60882 0.66907
vn 0.48293 -0.60882 0.62938
vn 0.48292 -0.60884 0.62936
vn 0.53595 -0.60885 0.58486
vn 0.53599 -0.60876 0.58491
vn 0.58493 -0.60876 0.53597
vn 0.58504 -0.60855 0.5361
vn 0.62953 -0.60854 0.48309
vn 0.62938 -0.60882 0.48294
vn 0.66906 -0.60882 0.42625
vn 0.66901 -0.60892 0.4262
vn 0.7036 -0.60893 0.36627
vn 0.70358 -0.60896 0.36625
vn 0.73282 -0.60897 0.30353
vn 0.73304 -0.60864 0.30366
vn 0.75673 -0.60864 0.23858
vn 0.75682 -0.60851 0.23862
vn 0.77474 -0.60851 0.17177
vn 0.77438 -0.60899 0.17165
vn 0.78639 -0.609 0.10352
vn 0.78641 -0.60897 0.10353
vn 0.79245 -0.60896 0.0346
vn 0.79258 -0.60878 0.03462
vn 0.79258 -0.60878 -0.0346
vn 0.79245 -0.60896 -0.03461
vn 0.83684 -0.53624 -0.11017
vn 0.83686 -0.53622 -0.11017
vn 0.82408 -0.53622 -0.18266
vn 0.82382 -0.53663 -0.18264
vn 0.80477 -0.53662 -0.25374
vn 0.80487 -0.53646 -0.25376
vn 0.77968 -0.53646 -0.32298
vn 0.77959 -0.5366 -0.32296
vn 0.7485 -0.5366 -0.38963
vn 0.74856 -0.53649 -0.38965
vn 0.71174 -0.5365 -0.45343
vn 0.71183 -0.53635 -0.45347
vn 0.66959 -0.53635 -0.51379
vn 0.66941 -0.53667 -0.51369
vn 0.62211 -0.53665 -0.57007
vn 0.62225 -0.53639 -0.57017
vn 0.57018 -0.53639 -0.62223
vn 0.57006 -0.53664 -0.62213
vn 0.51368 -0.53662 -0.66945
vn 0.51381 -0.53635 -0.66957
vn 0.45348 -0.53635 -0.71182
vn 0.45347 -0.53637 -0.71181
vn 0.3897 -0.53638 -0.74862
vn 0.38974 -0.53627 -0.74868
vn 0.32302 -0.53628 -0.77978
vn 0.32296 -0.53646 -0.77968
vn 0.25377 -0.53646 -0.80487
vn 0.25371 -0.53669 -0.80473
vn 0.18261 -0.53668 -0.82379
vn 0.18268 -0.5364 -0.82395
vn 0.11016 -0.53643 -0.83673
vn 0.11014 -0.53651 -0.83667
vn 0.0368 -0.5365 -0.8431
vn 0.03683 -0.53625 -0.84326
vn -0.03681 -0.53625 -0.84326
vn -0.03683 -0.5365 -0.8431
vn -0.11015 -0.53651 -0.83667
vn -0.11015 -0.53643 -0.83673
vn -0.18265 -0.53641 -0.82396
vn -0.18265 -0.53657 -0.82385
vn -0.25376 -0.53655 -0.80481
vn -0.25376 -0.53646 -0.80487
vn -0.32298 -0.53646 -0.77968
vn -0.323 -0.53628 -0.77979
vn -0.38973 -0.53627 -0.74868
vn -0.38971 -0.53638 -0.74862
vn -0.45347 -0.53637 -0.71181
vn -0.45348 -0.53635 -0.71182
vn -0.51379 -0.53635 -0.66959
vn -0.5138 -0.53633 -0.6696
vn -0.57022 -0.53631 -0.62227
vn -0.57019 -0.53639 -0.62223
vn -0.62223 -0.53639 -0.57018
vn -0.62227 -0.53629 -0.57023
vn -0.66962 -0.53628 -0.51382
vn -0.66959 -0.53635 -0.51378
vn -0.71182 -0.53635 -0.45348
vn -0.71174 -0.5365 -0.45341
vn -0.74856 -0.53649 -0.38966
vn -0.74873 -0.53616 -0.38979
vn -0.77986 -0.53615 -0.32305
vn -0.77969 -0.53646 -0.32295
vn -0.80487 -0.53646 -0.25377
vn -0.80477 -0.53662 -0.25373
vn -0.82382 -0.53663 -0.18265
vn -0.82377 -0.53669 -0.18263
vn -0.83655 -0.5367 -0.11013
vn -0.83654 -0.53672 -0.11013
vn -0.84295 -0.53673 -0.03677
vn -0.84326 -0.53625 -0.03683
vn -0.84326 -0.53625 0.03679
vn -0.84295 -0.53673 0.03682
vn -0.83654 -0.53672 0.11013
vn -0.83655 -0.5367 0.11013
vn -0.82377 -0.53669 0.18264
vn -0.82382 -0.53663 0.18264
vn -0.80477 -0.53662 0.25374
vn -0.80487 -0.53646 0.25376
vn -0.77968 -0.53646 0.32298
vn -0.77987 -0.53615 0.32302
vn -0.74874 -0.53616 0.38976
vn -0.74854 -0.53649 0.38969
vn -0.71174 -0.5365 0.45343
vn -0.71183 -0.53635 0.45347
vn -0.66959 -0.53635 0.51379
vn -0.66963 -0.53628 0.51381
vn -0.62228 -0.53629 0.57023
vn -0.62222 -0.53639 0.57019
vn -0.57018 -0.53639 0.62223
vn -0.57022 -0.53631 0.62227
vn -0.5138 -0.53633 0.6696
vn -0.51379 -0.53635 0.66959
vn -0.45348 -0.53635 0.71182
vn -0.45347 -0.53637 0.71181
vn -0.3897 -0.53638 0.74862
vn -0.38974 -0.53627 0.74868
vn -0.323 -0.53628 0.77979
vn -0.32301 -0.53623 0.77982
vn -0.25384 -0.53623 0.805
vn -0.25375 -0.53655 0.80482
vn -0.18263 -0.53657 0.82385
vn -0.18267 -0.5364 0.82396
vn -0.11016 -0.53643 0.83673
vn -0.11014 -0.53651 0.83667
vn -0.0368 -0.5365 0.8431
vn -0.03683 -0.53625 0.84326
vn 0.03681 -0.53625 0.84326
vn 0.03683 -0.5365 0.8431
vn 0.11015 -0.53651 0.83667
vn 0.11015 -0.53643 0.83673
vn 0.18265 -0.53641 0.82396
vn 0.18264 -0.53668 0.82378
vn 0.25375 -0.53669 0.80472
vn 0.2538 -0.53623 0.80502
vn 0.32301 -0.53623 0.77982
vn 0.323 -0.53628 0.77979
vn 0.38973 -0.53627 0.74868
vn 0.38971 -0.53638 0.74862
vn 0.45347 -0.53637 0.71181
vn 0.45348 -0.53635 0.71182
vn 0.51379 -0.53635 0.66959
vn 0.5137 -0.53662 0.66943
vn 0.57008 -0.53664 0.62212
vn 0.57017 -0.53639 0.62225
vn 0.62223 -0.53639 0.57018
vn 0.62213 -0.53665 0.57005
vn 0.66943 -0.53667 0.51367
vn 0.66957 -0.53635 0.51381
vn 0.71182 -0.53635 0.45348
vn 0.71174 -0.5365 0.45341
vn 0.74856 -0.53649 0.38966
vn 0.7485 -0.5366 0.38962
vn 0.7796 -0.5366 0.32294
vn 0.77967 -0.53646 0.32299
vn 0.80487 -0.53646 0.25377
vn 0.80477 -0.53662 0.25373
vn 0.82383 -0.53662 0.1826
vn 0.82407 -0.53622 0.1827
vn 0.83686 -0.53622 0.11017
vn 0.83684 -0.53624 0.11017
vn 0.84326 -0.53624 0.03683
vn 0.84326 -0.53625 0.03683
vn 0.84326 -0.53625 -0.03683
vn 0.84326 -0.53624 -0.03683
vn 0.87965 -0.46131 -0.1158
vn 0.87943 -0.46172 -0.11581
vn 0.866 -0.46172 -0.19199
vn 0.86607 -0.46159 -0.192
vn 0.84604 -0.46159 -0.26674
vn 0.84613 -0.46141 -0.26675
vn 0.81964 -0.46141 -0.33955
vn 0.81975 -0.4612 -0.33957
vn 0.78705 -0.4612 -0.40969
vn 0.78703 -0.46123 -0.40968
vn 0.74834 -0.46123 -0.47672
vn 0.74815 -0.46161 -0.47665
vn 0.70376 -0.4616 -0.54005
vn 0.70395 -0.4612 -0.54015
vn 0.65419 -0.46122 -0.59943
vn 0.65403 -0.46156 -0.59933
vn 0.59931 -0.46156 -0.65406
vn 0.59945 -0.46124 -0.65416
vn 0.54016 -0.46125 -0.7039
vn 0.53996 -0.46176 -0.70372
vn 0.47659 -0.46176 -0.74809
vn 0.47673 -0.46137 -0.74825
vn 0.40967 -0.46136 -0.78697
vn 0.4096 -0.46157 -0.78688
vn 0.33949 -0.46155 -0.81959
vn 0.33946 -0.46166 -0.81954
vn 0.26672 -0.46167 -0.846
vn 0.2668 -0.46133 -0.84616
vn 0.19204 -0.46133 -0.8662
vn 0.19201 -0.46152 -0.8661
vn 0.11579 -0.46149 -0.87956
vn 0.11581 -0.46134 -0.87963
vn 0.03872 -0.46134 -0.88638
vn 0.03869 -0.46157 -0.88626
vn -0.03871 -0.46157 -0.88626
vn -0.0387 -0.46134 -0.88638
vn -0.1158 -0.46134 -0.87963
vn -0.1158 -0.46142 -0.87959
vn -0.19203 -0.4614 -0.86616
vn -0.19203 -0.46133 -0.8662
vn -0.26678 -0.46133 -0.84617
vn -0.26676 -0.46167 -0.84599
vn -0.33947 -0.46166 -0.81953
vn -0.33948 -0.46155 -0.81959
vn -0.40962 -0.46156 -0.78687
vn -0.40965 -0.46136 -0.78698
vn -0.4767 -0.46137 -0.74826
vn -0.47662 -0.46176 -0.74808
vn -0.53997 -0.46176 -0.70371
vn -0.54002 -0.46157 -0.7038
vn -0.59932 -0.4616 -0.65402
vn -0.59933 -0.46156 -0.65403
vn -0.65403 -0.46156 -0.59934
vn -0.65401 -0.46162 -0.59931
vn -0.70377 -0.46162 -0.54001
vn -0.70378 -0.4616 -0.54002
vn -0.74817 -0.46161 -0.47662
vn -0.74832 -0.46122 -0.47675
vn -0.78701 -0.46124 -0.40972
vn -0.78683 -0.46168 -0.40958
vn -0.81952 -0.46169 -0.33945
vn -0.81965 -0.46141 -0.33953
vn -0.84613 -0.46141 -0.26676
vn -0.84605 -0.46159 -0.26672
vn -0.86606 -0.46159 -0.19201
vn -0.86626 -0.4612 -0.19209
vn -0.87971 -0.46118 -0.11581
vn -0.87965 -0.46131 -0.11579
vn -0.88639 -0.46133 -0.03872
vn -0.88626 -0.46157 -0.03869
vn -0.88626 -0.46157 0.03871
vn -0.88639 -0.46133 0.0387
vn -0.87965 -0.46131 0.1158
vn -0.87972 -0.46118 0.1158
vn -0.86626 -0.4612 0.19205
vn -0.86606 -0.46159 0.19204
vn -0.84604 -0.46159 0.26674
vn -0.84613 -0.46141 0.26675
vn -0.81966 -0.46141 0.3395
vn -0.81951 -0.46169 0.33947
vn -0.78681 -0.46168 0.40961
vn -0.78697 -0.46136 0.40966
vn -0.74827 -0.46137 0.47668
vn -0.74815 -0.46161 0.47664
vn -0.70378 -0.4616 0.54002
vn -0.70377 -0.46162 0.54001
vn -0.65401 -0.46162 0.59932
vn -0.65403 -0.46156 0.59933
vn -0.59933 -0.46156 0.65403
vn -0.59923 -0.4618 0.65396
vn -0.53996 -0.46179 0.7037
vn -0.53997 -0.46176 0.70371
vn -0.47659 -0.46176 0.74809
vn -0.47664 -0.4616 0.74816
vn -0.40961 -0.4616 0.78686
vn -0.40962 -0.46156 0.78687
vn -0.33949 -0.46155 0.81959
vn -0.33946 -0.46166 0.81954
vn -0.26673 -0.46167 0.846
vn -0.26681 -0.46133 0.84616
vn -0.19203 -0.46133 0.8662
vn -0.19202 -0.4614 0.86616
vn -0.11579 -0.46142 0.87959
vn -0.11581 -0.46134 0.87963
vn -0.03872 -0.46134 0.88638
vn -0.03869 -0.46157 0.88626
vn 0.03871 -0.46157 0.88626
vn 0.0387 -0.46134 0.88638
vn 0.1158 -0.46134 0.87963
vn 0.1158 -0.46149 0.87956
vn 0.19202 -0.46152 0.8661
vn 0.19203 -0.46133 0.8662
vn 0.26677 -0.46133 0.84617
vn 0.26675 -0.46167 0.84599
vn 0.33947 -0.46166 0.81953
vn 0.33948 -0.46155 0.81959
vn 0.40962 -0.46156 0.78687
vn 0.40962 -0.4616 0.78686
vn 0.47663 -0.4616 0.74817
vn 0.4766 -0.46176 0.74809
vn 0.53999 -0.46176 0.70369
vn 0.54007 -0.46146 0.70383
vn 0.59935 -0.46144 0.6541
vn 0.59932 -0.46156 0.65405
vn 0.65406 -0.46156 0.59931
vn 0.65416 -0.46122 0.59945
vn 0.70392 -0.4612 0.54018
vn 0.70378 -0.4616 0.54002
vn 0.74817 -0.46161 0.47662
vn 0.74826 -0.46137 0.4767
vn 0.78698 -0.46136 0.40965
vn 0.78704 -0.4612 0.4097
vn 0.81974 -0.4612 0.33959
vn 0.81965 -0.46141 0.33953
vn 0.84613 -0.46141 0.26676
vn 0.84605 -0.46159 0.26672
vn 0.86606 -0.46159 0.19201
vn 0.866 -0.46172 0.19198
vn 0.87944 -0.46172 0.11577
vn 0.87965 -0.46131 0.11584
vn 0.88639 -0.46133 0.03872
vn 0.88626 -0.46157 0.03869
vn 0.88626 -0.46157 -0.03871
vn 0.88639 -0.46133 -0.0387
vn 0.91607 -0.38245 -0.12064
vn 0.91622 -0.3821 -0.12062
vn 0.90221 -0.38211 -0.20001
vn 0.90208 -0.38242 -0.20001
vn 0.88123 -0.38242 -0.27781
vn 0.88108 -0.38279 -0.2778
vn 0.85351 -0.38277 -0.35356
vn 0.85359 -0.38258 -0.35357
vn 0.81955 -0.38256 -0.42661
vn 0.81957 -0.38251 -0.42661
vn 0.77923 -0.38253 -0.49645
vn 0.77921 -0.38259 -0.49644
vn 0.733 -0.3826 -0.56244
vn 0.73308 -0.38238 -0.56248
vn 0.68124 -0.38238 -0.62426
vn 0.68124 -0.38238 -0.62426
vn 0.62426 -0.38238 -0.68124
vn 0.62418 -0.3826 -0.68118
vn 0.56242 -0.38261 -0.733
vn 0.56256 -0.38219 -0.73312
vn 0.49654 -0.38219 -0.77935
vn 0.49641 -0.38262 -0.77922
vn 0.42659 -0.38263 -0.81952
vn 0.42665 -0.38244 -0.81958
vn 0.35359 -0.38242 -0.85366
vn 0.35361 -0.38234 -0.85368
vn 0.27787 -0.38232 -0.88126
vn 0.27785 -0.38242 -0.88122
vn 0.19998 -0.38242 -0.90209
vn 0.2 -0.38234 -0.90212
vn 0.12062 -0.38235 -0.91611
vn 0.1206 -0.38245 -0.91607
vn 0.0403 -0.38244 -0.9231
vn 0.04031 -0.38236 -0.92313
vn -0.0403 -0.38236 -0.92313
vn -0.04031 -0.38242 -0.92311
vn -0.12061 -0.38238 -0.9161
vn -0.12061 -0.38242 -0.91608
vn -0.19998 -0.38246 -0.90207
vn -0.19998 -0.38242 -0.90209
vn -0.27787 -0.38242 -0.88122
vn -0.27787 -0.38232 -0.88126
vn -0.3536 -0.38234 -0.85369
vn -0.3536 -0.38242 -0.85365
vn -0.42663 -0.38244 -0.81959
vn -0.42661 -0.38263 -0.81951
vn -0.49644 -0.38262 -0.77919
vn -0.49651 -0.38219 -0.77937
vn -0.56253 -0.38219 -0.73314
vn -0.56245 -0.38262 -0.73298
vn -0.6242 -0.3826 -0.68117
vn -0.62425 -0.38238 -0.68125
vn -0.68124 -0.38238 -0.62426
vn -0.68124 -0.38238 -0.62426
vn -0.73307 -0.38238 -0.56249
vn -0.73301 -0.3826 -0.56242
vn -0.77921 -0.38259 -0.49644
vn -0.77923 -0.38253 -0.49646
vn -0.81956 -0.38251 -0.42662
vn -0.81955 -0.38256 -0.4266
vn -0.85359 -0.38258 -0.35359
vn -0.85352 -0.38277 -0.35354
vn -0.88109 -0.38279 -0.27777
vn -0.88122 -0.38242 -0.27785
vn -0.90208 -0.38242 -0.20003
vn -0.90197 -0.38268 -0.19999
vn -0.91598 -0.38268 -0.12057
vn -0.91607 -0.38245 -0.1206
vn -0.9231 -0.38244 -0.0403
vn -0.92313 -0.38236 -0.04031
vn -0.92313 -0.38236 0.0403
vn -0.9231 -0.38244 0.04031
vn -0.91607 -0.38245 0.12058
vn -0.91598 -0.38268 0.12059
vn -0.90197 -0.38268 0.20001
vn -0.90208 -0.38242 0.20001
vn -0.88123 -0.38242 0.27781
vn -0.88108 -0.38279 0.2778
vn -0.85351 -0.38277 0.35356
vn -0.85359 -0.38258 0.35357
vn -0.81954 -0.38256 0.42662
vn -0.81962 -0.38238 0.42664
vn -0.7793 -0.38238 0.49648
vn -0.77921 -0.38259 0.49644
vn -0.733 -0.3826 0.56244
vn -0.73308 -0.38238 0.56248
vn -0.68124 -0.38238 0.62426
vn -0.68124 -0.38238 0.62426
vn -0.62425 -0.38238 0.68125
vn -0.62424 -0.38238 0.68125
vn -0.5625 -0.38238 0.73306
vn -0.56256 -0.38219 0.73312
vn -0.49652 -0.38219 0.77936
vn -0.49647 -0.38238 0.7793
vn -0.42666 -0.38238 0.8196
vn -0.42665 -0.38244 0.81958
vn -0.35359 -0.38242 0.85366
vn -0.35361 -0.38234 0.85368
vn -0.27788 -0.38232 0.88126
vn -0.27786 -0.38242 0.88122
vn -0.19998 -0.38242 0.90209
vn -0.19997 -0.38246 0.90207
vn -0.1206 -0.38242 0.91608
vn -0.12061 -0.38238 0.9161
vn -0.0403 -0.38242 0.92311
vn -0.04031 -0.38236 0.92313
vn 0.0403 -0.38236 0.92313
vn 0.04031 -0.38244 0.9231
vn 0.12061 -0.38245 0.91607
vn 0.12061 -0.38235 0.91611
vn 0.19999 -0.38234 0.90212
vn 0.19999 -0.38242 0.90209
vn 0.27785 -0.38242 0.88122
vn 0.27786 -0.38232 0.88126
vn 0.3536 -0.38234 0.85369
vn 0.3536 -0.38242 0.85365
vn 0.42665 -0.38244 0.81958
vn 0.42666 -0.38238 0.8196
vn 0.49648 -0.38238 0.77929
vn 0.49651 -0.38219 0.77937
vn 0.56255 -0.38219 0.73313
vn 0.56251 -0.38238 0.73305
vn 0.62424 -0.38238 0.68125
vn 0.62425 -0.38238 0.68125
vn 0.68124 -0.38238 0.62426
vn 0.68124 -0.38238 0.62426
vn 0.73307 -0.38238 0.56249
vn 0.73301 -0.3826 0.56242
vn 0.77922 -0.38259 0.49643
vn 0.77929 -0.38237 0.49649
vn 0.81961 -0.38238 0.42665
vn 0.81955 -0.38256 0.4266
vn 0.85359 -0.38258 0.35359
vn 0.85352 -0.38277 0.35354
vn 0.88109 -0.38279 0.27777
vn 0.88122 -0.38242 0.27785
vn 0.90209 -0.38242 0.19998
vn 0.90221 -0.38211 0.20004
vn 0.91621 -0.3821 0.12065
vn 0.91607 -0.38245 0.1206
vn 0.9231 -0.38244 0.0403
vn 0.92313 -0.38236 0.04031
vn 0.92313 -0.38236 -0.0403
vn 0.9231 -0.38244 -0.04031
vn 0.94554 -0.30078 -0.12448
vn 0.94555 -0.30074 -0.12448
vn 0.9311 -0.30071 -0.20644
vn 0.93122 -0.30036 -0.20644
vn 0.90968 -0.30037 -0.28682
vn 0.90977 -0.30007 -0.28682
vn 0.8813 -0.30008 -0.36505
vn 0.88117 -0.30049 -0.36503
vn 0.84603 -0.30049 -0.44039
vn 0.84591 -0.30087 -0.44036
vn 0.8043 -0.30084 -0.51243
vn 0.80452 -0.30017 -0.5125
vn 0.75678 -0.30019 -0.58066
vn 0.75657 -0.30088 -0.58058
vn 0.70311 -0.30085 -0.6443
vn 0.70323 -0.30045 -0.64436
vn 0.64437 -0.30047 -0.70321
vn 0.64439 -0.30039 -0.70323
vn 0.58066 -0.30038 -0.75671
vn 0.5806 -0.30062 -0.75666
vn 0.51245 -0.3006 -0.80439
vn 0.51251 -0.30032 -0.80445
vn 0.44043 -0.30032 -0.84607
vn 0.4404 -0.30049 -0.84603
vn 0.365 -0.30049 -0.88118
vn 0.36505 -0.30025 -0.88124
vn 0.28683 -0.30028 -0.90971
vn 0.28684 -0.30018 -0.90973
vn 0.20646 -0.30022 -0.93126
vn 0.20643 -0.30041 -0.93121
vn 0.12449 -0.30043 -0.94564
vn 0.12449 -0.30043 -0.94565
vn 0.04161 -0.30045 -0.95289
vn 0.04162 -0.30035 -0.95292
vn -0.04161 -0.30035 -0.95292
vn -0.04162 -0.30047 -0.95288
vn -0.1245 -0.30051 -0.94562
vn -0.12449 -0.30043 -0.94564
vn -0.20643 -0.30041 -0.9312
vn -0.20643 -0.30036 -0.93122
vn -0.28683 -0.30037 -0.90967
vn -0.28683 -0.30028 -0.9097
vn -0.36503 -0.30025 -0.88125
vn -0.36502 -0.30049 -0.88117
vn -0.44041 -0.30049 -0.84602
vn -0.44042 -0.30032 -0.84607
vn -0.51249 -0.30032 -0.80446
vn -0.5125 -0.30026 -0.80448
vn -0.58069 -0.30024 -0.75674
vn -0.58067 -0.30038 -0.7567
vn -0.64438 -0.30039 -0.70323
vn -0.64437 -0.30047 -0.70321
vn -0.7032 -0.30045 -0.64439
vn -0.70321 -0.30039 -0.6444
vn -0.75673 -0.30038 -0.58063
vn -0.75677 -0.30019 -0.58068
vn -0.80448 -0.30017 -0.51255
vn -0.80445 -0.30032 -0.51251
vn -0.84608 -0.30032 -0.44041
vn -0.84617 -0.29993 -0.4405
vn -0.88135 -0.29991 -0.36507
vn -0.88131 -0.30008 -0.36503
vn -0.90977 -0.30007 -0.28685
vn -0.90969 -0.30037 -0.28679
vn -0.93121 -0.30036 -0.20647
vn -0.93129 -0.3001 -0.20651
vn -0.94574 -0.30012 -0.12451
vn -0.94573 -0.30016 -0.1245
vn -0.95298 -0.30015 -0.04161
vn -0.95292 -0.30035 -0.04159
vn -0.95292 -0.30035 0.04161
vn -0.95298 -0.30015 0.04159
vn -0.94573 -0.30016 0.12451
vn -0.94573 -0.30016 0.12451
vn -0.93127 -0.30017 0.20648
vn -0.93121 -0.30036 0.20648
vn -0.90968 -0.30037 0.28682
vn -0.90977 -0.30007 0.28682
vn -0.8813 -0.30008 0.36505
vn -0.88136 -0.29991 0.36505
vn -0.84618 -0.29993 0.44047
vn -0.84606 -0.30032 0.44044
vn -0.80444 -0.30032 0.51252
vn -0.80449 -0.30017 0.51254
vn -0.75678 -0.30019 0.58066
vn -0.75672 -0.30038 0.58064
vn -0.70322 -0.30039 0.6444
vn -0.7032 -0.30045 0.64439
vn -0.64437 -0.30047 0.70321
vn -0.64439 -0.30039 0.70323
vn -0.58066 -0.30038 0.75671
vn -0.5807 -0.30024 0.75673
vn -0.5125 -0.30026 0.80448
vn -0.51249 -0.30032 0.80446
vn -0.44043 -0.30032 0.84607
vn -0.4404 -0.30049 0.84603
vn -0.365 -0.30049 0.88118
vn -0.36505 -0.30025 0.88124
vn -0.28684 -0.30028 0.9097
vn -0.28677 -0.30066 0.9096
vn -0.20642 -0.30066 0.93113
vn -0.20645 -0.30041 0.9312
vn -0.1245 -0.30043 0.94564
vn -0.12449 -0.30051 0.94562
vn -0.04161 -0.30047 0.95288
vn -0.04159 -0.30066 0.95282
vn 0.0416 -0.30066 0.95282
vn 0.04159 -0.30045 0.95289
vn 0.12449 -0.30043 0.94565
vn 0.12449 -0.30043 0.94564
vn 0.20644 -0.30041 0.9312
vn 0.20645 -0.30053 0.93116
vn 0.28681 -0.30048 0.90965
vn 0.28681 -0.30028 0.90971
vn 0.36503 -0.30025 0.88125
vn 0.36502 -0.30049 0.88117
vn 0.44041 -0.30049 0.84602
vn 0.44042 -0.30032 0.84607
vn 0.51249 -0.30032 0.80446
vn 0.51247 -0.3006 0.80437
vn 0.58061 -0.30062 0.75665
vn 0.58064 -0.30038 0.75672
vn 0.64438 -0.30039 0.70323
vn 0.64437 -0.30047 0.70321
vn 0.7032 -0.30045 0.64439
vn 0.70313 -0.30085 0.64428
vn 0.75661 -0.30088 0.58053
vn 0.75674 -0.30018 0.58071
vn 0.80448 -0.30017 0.51255
vn 0.80434 -0.30085 0.51238
vn 0.84592 -0.30087 0.44033
vn 0.84601 -0.30049 0.44042
vn 0.88118 -0.30049 0.365
vn 0.88129 -0.30008 0.36508
vn 0.90977 -0.30007 0.28685
vn 0.90969 -0.30037 0.28679
vn 0.93121 -0.30036 0.20647
vn 0.93109 -0.30078 0.2064
vn 0.94554 -0.30078 0.12448
vn 0.94554 -0.30078 0.12448
vn 0.95279 -0.30077 0.0416
vn 0.95292 -0.30035 0.04164
vn 0.95292 -0.30035 -0.04161
vn 0.95279 -0.30077 -0.04164
vn 0.96804 -0.21599 -0.12744
vn 0.96795 -0.21639 -0.12746
vn 0.95317 -0.21639 -0.2113
vn 0.95317 -0.21638 -0.2113
vn 0.93113 -0.21638 -0.29355
vn 0.93108 -0.21661 -0.29356
vn 0.90193 -0.21661 -0.37363
vn 0.90199 -0.21634 -0.37363
vn 0.866 -0.21635 -0.45082
vn 0.86607 -0.21606 -0.45083
vn 0.82349 -0.21605 -0.52458
vn 0.82337 -0.21658 -0.52456
vn 0.77451 -0.21656 -0.59434
vn 0.77464 -0.21598 -0.59438
vn 0.71989 -0.216 -0.65963
vn 0.7198 -0.21638 -0.65959
vn 0.65959 -0.21638 -0.71981
vn 0.65957 -0.21646 -0.7198
vn 0.59433 -0.21644 -0.77455
vn 0.5944 -0.2161 -0.77459
vn 0.52462 -0.21613 -0.82345
vn 0.52451 -0.21668 -0.82337
vn 0.45077 -0.21665 -0.86595
vn 0.45082 -0.21635 -0.866
vn 0.37364 -0.21634 -0.90199
vn 0.37358 -0.21673 -0.90192
vn 0.29357 -0.2167 -0.93105
vn 0.29361 -0.21638 -0.93111
vn 0.2113 -0.21638 -0.95317
vn 0.2113 -0.21639 -0.95317
vn 0.12743 -0.21639 -0.96795
vn 0.12743 -0.21636 -0.96796
vn 0.0426 -0.21634 -0.97539
vn 0.04258 -0.21652 -0.97535
vn -0.0426 -0.21652 -0.97535
vn -0.04258 -0.21631 -0.9754
vn -0.12743 -0.21627 -0.96798
vn -0.12744 -0.21639 -0.96795
vn -0.2113 -0.21639 -0.95317
vn -0.2113 -0.21638 -0.95317
vn -0.29359 -0.21638 -0.93112
vn -0.29359 -0.21651 -0.93109
vn -0.37363 -0.21648 -0.90196
vn -0.37363 -0.21609 -0.90206
vn -0.45083 -0.21605 -0.86607
vn -0.45081 -0.21665 -0.86593
vn -0.52453 -0.21668 -0.82336
vn -0.52454 -0.21648 -0.8234
vn -0.59435 -0.2165 -0.77452
vn -0.59438 -0.21604 -0.77462
vn -0.65964 -0.21602 -0.71987
vn -0.65961 -0.21638 -0.71979
vn -0.7198 -0.21638 -0.6596
vn -0.71979 -0.21648 -0.65958
vn -0.77454 -0.2165 -0.59432
vn -0.77454 -0.21656 -0.5943
vn -0.82336 -0.21658 -0.52456
vn -0.82336 -0.2166 -0.52456
vn -0.86594 -0.21664 -0.45079
vn -0.8659 -0.21693 -0.45074
vn -0.90188 -0.21695 -0.37356
vn -0.90194 -0.21661 -0.37361
vn -0.93108 -0.21661 -0.29354
vn -0.93112 -0.21638 -0.29357
vn -0.95316 -0.21638 -0.21136
vn -0.95315 -0.21639 -0.21136
vn -0.96795 -0.21639 -0.12743
vn -0.9679 -0.21664 -0.1274
vn -0.97532 -0.21665 -0.04257
vn -0.97535 -0.21652 -0.04258
vn -0.97535 -0.21652 0.04257
vn -0.97532 -0.21665 0.04258
vn -0.9679 -0.21664 0.12743
vn -0.96796 -0.21639 0.12741
vn -0.95316 -0.21639 0.21135
vn -0.95316 -0.21638 0.21135
vn -0.93113 -0.21638 0.29355
vn -0.93108 -0.21661 0.29356
vn -0.90195 -0.21661 0.37358
vn -0.90187 -0.21695 0.37358
vn -0.86588 -0.21693 0.45076
vn -0.86592 -0.21679 0.45076
vn -0.82333 -0.21677 0.52454
vn -0.82337 -0.21658 0.52455
vn -0.77453 -0.21656 0.59431
vn -0.77455 -0.2165 0.59431
vn -0.71978 -0.21648 0.65959
vn -0.7198 -0.21638 0.65959
vn -0.65959 -0.21638 0.71981
vn -0.65966 -0.21602 0.71985
vn -0.59441 -0.21604 0.7746
vn -0.59431 -0.2165 0.77454
vn -0.52455 -0.21648 0.8234
vn -0.52451 -0.21668 0.82337
vn -0.45077 -0.21665 0.86595
vn -0.45087 -0.21605 0.86605
vn -0.37366 -0.21609 0.90204
vn -0.3736 -0.21648 0.90198
vn -0.29355 -0.21651 0.9311
vn -0.29357 -0.21638 0.93112
vn -0.21132 -0.21638 0.95316
vn -0.21132 -0.21639 0.95316
vn -0.12743 -0.21639 0.96795
vn -0.12744 -0.21627 0.96798
vn -0.04257 -0.21631 0.9754
vn -0.04258 -0.21619 0.97542
vn 0.04257 -0.21619 0.97542
vn 0.04258 -0.21634 0.97539
vn 0.12743 -0.21636 0.96796
vn 0.12743 -0.21639 0.96795
vn 0.21132 -0.21639 0.95316
vn 0.21132 -0.21638 0.95316
vn 0.29356 -0.21638 0.93113
vn 0.29357 -0.2167 0.93105
vn 0.37361 -0.21673 0.90191
vn 0.37361 -0.21634 0.902
vn 0.4508 -0.21635 0.86601
vn 0.45079 -0.21665 0.86594
vn 0.52455 -0.21668 0.82334
vn 0.52458 -0.21613 0.82347
vn 0.59437 -0.2161 0.77461
vn 0.59435 -0.21644 0.77453
vn 0.65957 -0.21646 0.7198
vn 0.65958 -0.21638 0.71982
vn 0.71982 -0.21638 0.65957
vn 0.71986 -0.216 0.65965
vn 0.77461 -0.21598 0.59442
vn 0.77454 -0.21656 0.5943
vn 0.82339 -0.21658 0.52452
vn 0.82344 -0.21623 0.52459
vn 0.86603 -0.21621 0.45083
vn 0.866 -0.21635 0.45081
vn 0.90199 -0.21634 0.37365
vn 0.90194 -0.21661 0.37361
vn 0.93108 -0.21661 0.29354
vn 0.93112 -0.21638 0.29357
vn 0.95317 -0.21638 0.2113
vn 0.95317 -0.21639 0.2113
vn 0.96795 -0.21639 0.12743
vn 0.96804 -0.21599 0.12748
vn 0.97546 -0.216 0.04263
vn 0.97535 -0.21652 0.04258
vn 0.97535 -0.21652 -0.04262
vn 0.97547 -0.216 -0.04259
vn 0.98293 -0.13077 -0.12944
vn 0.983 -0.13026 -0.1294
vn 0.96798 -0.13028 -0.21459
vn 0.96802 -0.12998 -0.21457
vn 0.94563 -0.13 -0.29814
vn 0.94562 -0.13002 -0.29815
vn 0.91603 -0.13004 -0.37945
vn 0.91601 -0.13018 -0.37945
vn 0.87947 -0.13017 -0.45781
vn 0.87947 -0.13021 -0.45781
vn 0.8362 -0.13024 -0.53273
vn 0.83624 -0.13002 -0.53273
vn 0.78663 -0.13003 -0.60358
vn 0.78655 -0.13055 -0.60357
vn 0.73096 -0.13051 -0.66982
vn 0.731 -0.13024 -0.66983
vn 0.66983 -0.13024 -0.731
vn 0.66986 -0.13004 -0.73101
vn 0.60361 -0.13008 -0.7866
vn 0.60355 -0.1305 -0.78658
vn 0.53268 -0.13048 -0.83619
vn 0.53273 -0.13017 -0.83622
vn 0.45783 -0.1302 -0.87946
vn 0.45781 -0.13031 -0.87945
vn 0.37941 -0.13036 -0.916
vn 0.37942 -0.13023 -0.91601
vn 0.29818 -0.13024 -0.94558
vn 0.29812 -0.13074 -0.94553
vn 0.21457 -0.13071 -0.96792
vn 0.21461 -0.13035 -0.96796
vn 0.12941 -0.1303 -0.98299
vn 0.12941 -0.13039 -0.98298
vn 0.04324 -0.13043 -0.99051
vn 0.04325 -0.1303 -0.99053
vn -0.04324 -0.1303 -0.99053
vn -0.04326 -0.13046 -0.99051
vn -0.12942 -0.13048 -0.98297
vn -0.1294 -0.13022 -0.98301
vn -0.21458 -0.13021 -0.96799
vn -0.21461 -0.13071 -0.96791
vn -0.29814 -0.13074 -0.94553
vn -0.29813 -0.13045 -0.94557
vn -0.3794 -0.13048 -0.91599
vn -0.3794 -0.13061 -0.91597
vn -0.45782 -0.13062 -0.8794
vn -0.45782 -0.1302 -0.87946
vn -0.53271 -0.13017 -0.83623
vn -0.53271 -0.13048 -0.83618
vn -0.60355 -0.1305 -0.78658
vn -0.60355 -0.13049 -0.78658
vn -0.66984 -0.13049 -0.73095
vn -0.66984 -0.13024 -0.73099
vn -0.73099 -0.13024 -0.66985
vn -0.731 -0.13002 -0.66988
vn -0.78663 -0.13002 -0.60358
vn -0.78663 -0.13003 -0.60358
vn -0.83622 -0.13002 -0.53275
vn -0.83621 -0.13024 -0.53272
vn -0.87947 -0.13021 -0.4578
vn -0.87947 -0.13017 -0.45781
vn -0.91601 -0.13018 -0.37944
vn -0.91602 -0.13004 -0.37946
vn -0.94562 -0.13002 -0.29814
vn -0.94563 -0.13 -0.29815
vn -0.968 -0.12998 -0.21465
vn -0.9679 -0.13094 -0.21454
vn -0.98291 -0.13093 -0.12938
vn -0.98301 -0.1301 -0.12946
vn -0.99056 -0.13011 -0.04324
vn -0.99053 -0.1303 -0.04323
vn -0.99053 -0.1303 0.04324
vn -0.99056 -0.13011 0.04323
vn -0.98302 -0.1301 0.1294
vn -0.98291 -0.13088 0.12945
vn -0.96789 -0.13086 0.21462
vn -0.96802 -0.12998 0.21457
vn -0.94563 -0.13 0.29814
vn -0.94562 -0.13002 0.29815
vn -0.91603 -0.13004 0.37945
vn -0.91601 -0.13018 0.37945
vn -0.87947 -0.13017 0.45782
vn -0.87948 -0.13005 0.45782
vn -0.83623 -0.13006 0.53273
vn -0.83624 -0.13002 0.53273
vn -0.78663 -0.13003 0.60358
vn -0.78663 -0.13002 0.60358
vn -0.73101 -0.13002 0.66987
vn -0.73098 -0.13024 0.66986
vn -0.66986 -0.13024 0.73098
vn -0.66982 -0.13049 0.73097
vn -0.60355 -0.13049 0.78658
vn -0.60355 -0.1305 0.78658
vn -0.53268 -0.13048 0.83619
vn -0.53273 -0.13017 0.83622
vn -0.45785 -0.1302 0.87944
vn -0.45779 -0.13062 0.87941
vn -0.37939 -0.13061 0.91597
vn -0.37941 -0.13048 0.91598
vn -0.29813 -0.13045 0.94557
vn -0.29813 -0.13042 0.94557
vn -0.2146 -0.13038 0.96796
vn -0.21462 -0.13021 0.96798
vn -0.12942 -0.13022 0.983
vn -0.1294 -0.13048 0.98297
vn -0.04324 -0.13046 0.99051
vn -0.04326 -0.1303 0.99053
vn 0.04324 -0.1303 0.99053
vn 0.04325 -0.13043 0.99051
vn 0.12941 -0.13039 0.98298
vn 0.12941 -0.1303 0.98299
vn 0.2146 -0.13035 0.96796
vn 0.21461 -0.13038 0.96796
vn 0.29814 -0.13042 0.94557
vn 0.29814 -0.13024 0.9456
vn 0.37941 -0.13023 0.91602
vn 0.37942 -0.13036 0.916
vn 0.45782 -0.13031 0.87944
vn 0.45782 -0.1302 0.87946
vn 0.53271 -0.13017 0.83623
vn 0.53271 -0.13048 0.83618
vn 0.60357 -0.1305 0.78655
vn 0.60358 -0.13008 0.78662
vn 0.66985 -0.13004 0.73102
vn 0.66984 -0.13024 0.73099
vn 0.73099 -0.13024 0.66985
vn 0.73098 -0.13051 0.6698
vn 0.78657 -0.13055 0.60354
vn 0.7866 -0.13003 0.60361
vn 0.83623 -0.13002 0.53274
vn 0.83623 -0.13006 0.53273
vn 0.87948 -0.13005 0.45782
vn 0.87947 -0.13017 0.45781
vn 0.91601 -0.13018 0.37944
vn 0.91602 -0.13004 0.37946
vn 0.94562 -0.13002 0.29814
vn 0.94563 -0.13 0.29815
vn 0.96802 -0.12998 0.21459
vn 0.96799 -0.13021 0.21456
vn 0.983 -0.13022 0.12945
vn 0.98293 -0.13077 0.12939
vn 0.99047 -0.13078 0.04324
vn 0.99053 -0.1303 0.04328
vn 0.99053 -0.1303 -0.04324
vn 0.99047 -0.13078 -0.04328
vn 0.99052 -0.04317 -0.13039
vn 0.9905 -0.04366 -0.13043
vn 0.97537 -0.04366 -0.2162
vn 0.97536 -0.0438 -0.21621
vn 0.9528 -0.0438 -0.30041
vn 0.95282 -0.04352 -0.30039
vn 0.923 -0.0435 -0.38234
vn 0.92298 -0.04368 -0.38236
vn 0.88617 -0.04368 -0.4613
vn 0.88615 -0.04388 -0.46131
vn 0.84258 -0.04384 -0.53678
vn 0.84256 -0.04413 -0.53679
vn 0.79256 -0.04412 -0.60819
vn 0.79265 -0.04308 -0.60815
vn 0.7366 -0.04311 -0.67495
vn 0.73657 -0.04345 -0.67497
vn 0.67496 -0.04345 -0.73657
vn 0.67495 -0.04361 -0.73658
vn 0.60817 -0.04362 -0.79261
vn 0.60819 -0.04344 -0.7926
vn 0.53679 -0.04348 -0.84259
vn 0.5368 -0.04345 -0.84259
vn 0.46131 -0.04343 -0.88617
vn 0.46132 -0.04337 -0.88617
vn 0.38232 -0.04336 -0.92301
vn 0.3823 -0.04363 -0.92301
vn 0.30041 -0.04362 -0.95281
vn 0.30044 -0.04337 -0.95282
vn 0.21625 -0.0434 -0.97537
vn 0.21623 -0.04366 -0.97537
vn 0.13039 -0.04366 -0.9905
vn 0.1304 -0.04356 -0.9905
vn 0.04358 -0.04353 -0.9981
vn 0.04357 -0.04369 -0.99809
vn -0.04359 -0.04369 -0.99809
vn -0.04357 -0.04353 -0.9981
vn -0.13039 -0.04356 -0.99051
vn -0.1304 -0.04366 -0.9905
vn -0.21626 -0.04366 -0.97536
vn -0.21624 -0.0434 -0.97538
vn -0.30042 -0.04337 -0.95282
vn -0.30043 -0.04362 -0.95281
vn -0.38232 -0.04363 -0.923
vn -0.3823 -0.04336 -0.92302
vn -0.46131 -0.04337 -0.88618
vn -0.46132 -0.04343 -0.88617
vn -0.53679 -0.04345 -0.84259
vn -0.53679 -0.04348 -0.84259
vn -0.60818 -0.04344 -0.79261
vn -0.60818 -0.04362 -0.7926
vn -0.67496 -0.04361 -0.73657
vn -0.67495 -0.04345 -0.73658
vn -0.73656 -0.04345 -0.67498
vn -0.73656 -0.04361 -0.67496
vn -0.79261 -0.04362 -0.60817
vn -0.79261 -0.04358 -0.60817
vn -0.84259 -0.04355 -0.53679
vn -0.84259 -0.04326 -0.53681
vn -0.88619 -0.04328 -0.4613
vn -0.88619 -0.04368 -0.46127
vn -0.92299 -0.04368 -0.38234
vn -0.92299 -0.0435 -0.38236
vn -0.95282 -0.04352 -0.30041
vn -0.95281 -0.0438 -0.30039
vn -0.97537 -0.0438 -0.2162
vn -0.97539 -0.04299 -0.21627
vn -0.99052 -0.04299 -0.13045
vn -0.99049 -0.04385 -0.13037
vn -0.99809 -0.04386 -0.04356
vn -0.99809 -0.04369 -0.04357
vn -0.9981 -0.04369 0.04356
vn -0.99809 -0.04386 0.04357
vn -0.99049 -0.04385 0.13045
vn -0.99053 -0.04299 0.13038
vn -0.9754 -0.04299 0.21621
vn -0.97535 -0.0438 0.21626
vn -0.9528 -0.0438 0.30041
vn -0.95282 -0.04362 0.3004
vn -0.92299 -0.04363 0.38234
vn -0.92299 -0.04368 0.38235
vn -0.88617 -0.04368 0.4613
vn -0.8862 -0.04328 0.46128
vn -0.8426 -0.04326 0.53679
vn -0.84258 -0.04355 0.53681
vn -0.79261 -0.04358 0.60817
vn -0.79259 -0.04383 0.60818
vn -0.73655 -0.04385 0.67496
vn -0.73658 -0.04345 0.67495
vn -0.67496 -0.04345 0.73657
vn -0.67495 -0.04361 0.73658
vn -0.60817 -0.04362 0.79261
vn -0.60819 -0.04344 0.7926
vn -0.53679 -0.04348 0.84259
vn -0.5368 -0.04345 0.84259
vn -0.46131 -0.04343 0.88617
vn -0.46132 -0.04337 0.88617
vn -0.38232 -0.04336 0.92301
vn -0.3823 -0.04363 0.92301
vn -0.30041 -0.04362 0.95281
vn -0.30044 -0.04337 0.95282
vn -0.21626 -0.0434 0.97537
vn -0.21624 -0.04366 0.97536
vn -0.13039 -0.04366 0.9905
vn -0.1304 -0.04356 0.9905
vn -0.04359 -0.04353 0.9981
vn -0.04357 -0.04369 0.99809
vn 0.04358 -0.04369 0.99809
vn 0.04357 -0.04353 0.9981
vn 0.1304 -0.04356 0.9905
vn 0.1304 -0.04366 0.9905
vn 0.21625 -0.04366 0.97536
vn 0.21623 -0.0434 0.97538
vn 0.30042 -0.04337 0.95282
vn 0.30043 -0.04362 0.95281
vn 0.38232 -0.04363 0.923
vn 0.3823 -0.04336 0.92302
vn 0.46131 -0.04337 0.88618
vn 0.46132 -0.04343 0.88617
vn 0.53679 -0.04345 0.84259
vn 0.53679 -0.04348 0.84259
vn 0.60818 -0.04344 0.79261
vn 0.60818 -0.04362 0.7926
vn 0.67496 -0.04361 0.73657
vn 0.67495 -0.04345 0.73658
vn 0.73659 -0.04345 0.67494
vn 0.73659 -0.04334 0.67495
vn 0.79259 -0.04329 0.60821
vn 0.79261 -0.04412 0.60814
vn 0.84257 -0.04413 0.53677
vn 0.84257 -0.04384 0.5368
vn 0.88616 -0.04388 0.46129
vn 0.88616 -0.04367 0.46131
vn 0.92299 -0.04368 0.38234
vn 0.92299 -0.04363 0.38235
vn 0.95281 -0.04362 0.30041
vn 0.95281 -0.0438 0.3004
vn 0.97537 -0.0438 0.2162
vn 0.97537 -0.04366 0.21621
vn 0.9905 -0.04366 0.13039
vn 0.99052 -0.04317 0.13043
vn 0.99812 -0.04317 0.04362
vn 0.99809 -0.04369 0.04357
vn 0.99809 -0.04369 -0.04361
vn 0.99812 -0.04317 -0.04357
vn -0.0189 0.86601 -0.49966
vn -0.05801 0.86598 -0.49669
vn -0.05799 0.86588 -0.49688
vn -0.09826 0.86588 -0.49051
vn -0.09825 0.86586 -0.49055
vn -0.13825 0.86585 -0.48082
vn -0.138 0.86558 -0.48138
vn -0.17701 0.86612 -0.46745
vn -0.17657 0.86584 -0.46812
vn -0.22338 0.86562 -0.44811
vn -0.4227 0.86644 -0.26574
vn -0.40064 0.86641 -0.29802
vn -0.4014 0.86584 -0.29864
vn -0.37579 0.86584 -0.3303
vn -0.37577 0.86586 -0.33029
vn -0.34762 0.86586 -0.35979
vn -0.34779 0.86559 -0.36027
vn -0.31689 0.86613 -0.38653
vn -0.31687 0.86585 -0.38717
vn -0.28464 0.86584 -0.41146
vn -0.2818 0.86279 -0.41974
vn -0.24902 0.86719 -0.43124
vn -0.2171 0.86176 -0.45852
vn 0.0187 0.86621 -0.49933
vn 0.05775 0.86618 -0.49638
vn 0.05781 0.866 -0.4967
vn 0.09805 0.86599 -0.49035
vn 0.09812 0.8659 -0.4905
vn 0.1377 0.8659 -0.4809
vn 0.13806 0.86561 -0.48131
vn 0.17626 0.86614 -0.46768
vn 0.17681 0.86587 -0.46798
vn 0.21398 0.86587 -0.4522
vn 0.22263 0.86279 -0.4539
vn 0.42377 0.86571 -0.26639
vn 0.40165 0.86569 -0.29876
vn 0.40144 0.86583 -0.29866
vn 0.37581 0.86583 -0.33032
vn 0.37571 0.86588 -0.33029
vn 0.34728 0.86588 -0.36008
vn 0.3479 0.8656 -0.36015
vn 0.31633 0.86614 -0.38697
vn 0.31712 0.86587 -0.38693
vn 0.27632 0.86564 -0.41751
vn 0.28856 0.86175 -0.41727
vn 0.24895 0.86719 -0.43128
vn -0.01878 0.86657 0.49871
vn -0.05776 0.86655 0.49574
vn -0.05793 0.86593 0.49679
vn -0.09815 0.86593 0.49044
vn -0.09819 0.86587 0.49053
vn -0.13779 0.86587 0.48091
vn -0.13814 0.8656 0.48131
vn -0.17634 0.86613 0.46768
vn -0.17688 0.86586 0.46797
vn -0.21403 0.86586 0.4522
vn -0.22265 0.8628 0.45387
vn -0.4227 0.86644 0.26573
vn -0.40053 0.86641 0.29819
vn -0.40138 0.86588 0.29859
vn -0.37572 0.86588 0.33029
vn -0.37573 0.86587 0.33029
vn -0.34731 0.86587 0.36008
vn -0.34794 0.86559 0.36014
vn -0.31637 0.86612 0.38696
vn -0.31716 0.86586 0.38692
vn -0.27637 0.86563 0.4175
vn -0.28861 0.86174 0.41726
vn -0.24898 0.86719 0.43126
vn -0.44136 0.86652 -0.23313
vn -0.45837 0.86649 -0.19771
vn -0.45916 0.86595 -0.19825
vn -0.47379 0.86595 -0.16015
vn -0.47389 0.86588 -0.16025
vn -0.48548 0.86587 -0.12074
vn -0.48585 0.86559 -0.12126
vn -0.4933 0.86613 -0.08049
vn -0.49366 0.86586 -0.08119
vn -0.49975 0.86563 -0.0306
vn -0.44136 0.86652 0.23313
vn -0.45829 0.86649 0.19788
vn -0.45916 0.86596 0.1982
vn -0.47375 0.86596 0.1602
vn -0.4739 0.86588 0.16022
vn -0.48536 0.86588 0.12114
vn -0.4859 0.86559 0.12104
vn -0.49319 0.86613 0.08112
vn -0.49371 0.86586 0.08079
vn -0.49863 0.86586 0.04074
vn -0.50439 0.8628 0.03413
vn -0.49797 0.86719 -0
vn -0.50566 0.86174 -0.04132
vn -0.99905 0 -0.04362
vn -0.99144 -0 -0.13053
vn -0.9763 -0 -0.21641
vn -0.95371 -0 -0.30073
vn -0.92388 -0 -0.38268
vn -0.88702 -0 -0.46173
vn -0.84338 -0 -0.53732
vn -0.79335 -0 -0.60877
vn -0.73728 -0 -0.67559
vn -0.67559 -0 -0.73727
vn -0.60877 -0 -0.79335
vn -0.5373 -0 -0.84339
vn -0.46175 -0 -0.88701
vn -0.38268 -0 -0.92388
vn -0.30071 -0 -0.95372
vn -0.21643 -0 -0.9763
vn -0.13053 -0 -0.99144
vn -0.04363 -0 -0.99905
vn 0.04362 -0 -0.99905
vn 0.13053 -0 -0.99144
vn 0.21643 -0 -0.9763
vn 0.30072 -0 -0.95371
vn 0.38267 -0 -0.92388
vn 0.46175 -0 -0.88701
vn 0.5373 -0 -0.84339
vn 0.60877 -0 -0.79335
vn 0.67559 -0 -0.73727
vn 0.73728 -0 -0.67559
vn 0.79335 -0 -0.60877
vn 0.8434 -0 -0.53729
vn 0.887 -0 -0.46176
vn 0.92388 -0 -0.38268
vn 0.95372 -0 -0.30069
vn 0.97629 -0 -0.21645
vn 0.99144 -0 -0.13053
vn 0.99905 -0 -0.04362
vn 0.99905 0 0.04362
vn 0.99144 0 0.13053
vn 0.97629 0 0.21645
vn 0.95372 0 0.30069
vn 0.92388 0 0.38268
vn 0.887 0 0.46176
vn 0.8434 0 0.53729
vn 0.79335 0 0.60877
vn 0.73728 0 0.67559
vn 0.67559 0 0.73727
vn 0.60877 0 0.79335
vn 0.5373 0 0.84339
vn 0.46175 0 0.88701
vn 0.38267 0 0.92388
vn 0.30072 0 0.95371
vn 0.21643 0 0.9763
vn 0.13053 0 0.99144
vn 0.04362 0 0.99905
vn -0.04363 -0 0.99905
vn -0.13053 -0 0.99144
vn -0.21643 -0 0.9763
vn -0.30071 -0 0.95372
vn -0.38268 -0 0.92388
vn -0.46175 -0 0.88701
vn -0.5373 -0 0.84339
vn -0.60877 -0 0.79335
vn -0.67559 -0 0.73727
vn -0.73728 -0 0.67559
vn -0.79335 -0 0.60877
vn -0.84338 -0 0.53732
vn -0.88702 -0 0.46173
vn -0.92388 -0 0.38268
vn -0.95371 -0 0.30072
vn -0.9763 -0 0.21642
vn -0.99144 -0 0.13053
vn -0.99905 -0 0.04362
vn 0.99145 -0 -0.1305
vn 0.97629 -0 -0.21647
vn 0.88703 -0 -0.46171
vn 0.79336 -0 -0.60875
vn 0.21645 -0 -0.97629
vn 0.13052 -0 -0.99145
vn 0.04362 -0 -0.99905
vn -0.04361 0 -0.99905
vn -0.13053 0 -0.99144
vn -0.21643 0 -0.9763
vn -0.79339 0 -0.60871
vn -0.88701 0 -0.46175
vn -0.9763 0 -0.21642
vn -0.99144 0 -0.13056
vn -0.99144 -0 0.13056
vn -0.9763 -0 0.21642
vn -0.88701 -0 0.46175
vn -0.79338 -0 0.60873
vn -0.21643 -0 0.9763
vn -0.13053 -0 0.99144
vn -0.04361 -0 0.99905
vn 0.04362 -0 0.99905
vn 0.13052 -0 0.99145
vn 0.21645 -0 0.97629
vn 0.79335 -0 0.60876
vn 0.88703 -0 0.46171
vn 0.97629 -0 0.21647
vn 0.99145 -0 0.1305
vn 0.86604 0 -0.49998
vn 0.86603 0 -0.5
vn 0.86603 -1E-05 -0.49999
vn 0.86602 0 -0.5
vn 0.86602 -1E-05 -0.50001
vn 0.86603 0 -0.5
vn 0.86602 0 -0.50001
vn 0.86603 -0 -0.49999
vn 0.86602 1E-05 -0.50001
vn 0.86603 0 -0.49999
vn 0.86601 -0 -0.50002
vn -0.86603 0 -0.49999
vn -0.86603 -0 -0.5
vn -0.86602 -0 -0.5
vn -0.86602 0 -0.5
vn -0.86602 0 -0.50001
vn -0.86603 -1E-05 -0.49999
vn -0.86602 -0 -0.50001
vn -0.86603 0 -0.49999
vn -0.86603 0 -0.49999
vn -0.86602 0 -0.50001
vn -0.86603 -0 -0.49999
vn -0.86602 0 -0.50001
vn 0.86602 -0 0.5
vn 0.86603 1E-05 0.49999
vn 0.86603 0 0.5
vn 0.86603 -1E-05 0.49999
vn 0.86602 1E-05 0.50001
vn 0.86602 0 0.50001
vn 0.86603 1E-05 0.49999
vn 0.86602 -0 0.50001
vn 0.86603 -0 0.49999
vn 0.86602 0 0.50001
vn -0.86602 0 0.5
vn -0.86602 0 0.50001
vn -0.86603 -0 0.5
vn -0.86603 1E-05 0.49999
vn -0.86602 -0 0.50001
vn -0.86603 -0 0.49999
vn -0.86602 0 0.50001
vn -0.86603 -1E-05 0.49999
vn -0.86603 0 0.49999
vn -0.86602 -0 0.50001
vn 0.4227 0.86644 0.26573
vn 0.40063 0.86641 0.29803
vn 0.40135 0.86588 0.29862
vn 0.37572 0.86588 0.33029
vn 0.2846 0.86586 0.41146
vn 0.28175 0.8628 0.41976
vn 0.01878 0.86657 0.49871
vn 0.05789 0.86593 0.4968
vn 0.09819 0.86593 0.49043
vn 0.09817 0.86587 0.49054
vn 0.13818 0.86587 0.48081
vn 0.24898 0.86719 0.43126
vn 0.44136 0.86652 -0.23313
vn 0.45917 0.86595 -0.19821
vn 0.47377 0.86595 -0.16021
vn 0.4739 0.86588 -0.16022
vn 0.48536 0.86588 -0.12114
vn 0.4859 0.86559 -0.12104
vn 0.49319 0.86613 -0.08112
vn 0.49371 0.86586 -0.08079
vn 0.44136 0.86652 0.23313
vn 0.45837 0.86649 0.19771
vn 0.45914 0.86596 0.19824
vn 0.47378 0.86596 0.16014
vn 0.48548 0.86587 0.12074
vn 0.48585 0.86559 0.12126
vn 0.4933 0.86613 0.08049
vn 0.49366 0.86586 0.08119
vn 0.70678 -0.70676 -0.03085
vn 0.7014 -0.70676 -0.09235
vn 0.7014 -0.70677 -0.09232
vn 0.69067 -0.70677 -0.15314
vn 0.69067 -0.70677 -0.15314
vn 0.67471 -0.70677 -0.21271
vn 0.67471 -0.70677 -0.21271
vn 0.65359 -0.70677 -0.27075
vn 0.62752 -0.70677 -0.32663
vn 0.59666 -0.70677 -0.38009
vn 0.59665 -0.70677 -0.38012
vn 0.56125 -0.70677 -0.43067
vn 0.56126 -0.70677 -0.43066
vn 0.15312 -0.70677 -0.69067
vn 0.09235 -0.70677 -0.70139
vn 0.09234 -0.70677 -0.7014
vn 0.03086 -0.70677 -0.70677
vn 0.03086 -0.70677 -0.70677
vn -0.03085 -0.70677 -0.70677
vn -0.09234 -0.70677 -0.70139
vn -0.09234 -0.70677 -0.70139
vn -0.15312 -0.70677 -0.69068
vn -0.15311 -0.70677 -0.69068
vn -0.56129 -0.70676 -0.43064
vn -0.59667 -0.70676 -0.3801
vn -0.59665 -0.70677 -0.38012
vn -0.62751 -0.70677 -0.32667
vn -0.62751 -0.70677 -0.32667
vn -0.65361 -0.70676 -0.27071
vn -0.65358 -0.70677 -0.27075
vn -0.67469 -0.70678 -0.21275
vn -0.69068 -0.70677 -0.15309
vn -0.69068 -0.70677 -0.1531
vn -0.70139 -0.70677 -0.09236
vn -0.70677 -0.70677 -0.03086
vn -0.70677 -0.70677 0.03086
vn -0.70677 -0.70677 0.03085
vn -0.70139 -0.70677 0.09235
vn -0.70139 -0.70677 0.09236
vn -0.69068 -0.70677 0.15309
vn -0.69068 -0.70677 0.1531
vn -0.6747 -0.70677 0.21275
vn -0.6747 -0.70677 0.21272
vn -0.6536 -0.70677 0.27071
vn -0.62751 -0.70677 0.32667
vn -0.59666 -0.70677 0.38011
vn -0.59665 -0.70676 0.38012
vn -0.56126 -0.70676 0.43066
vn -0.56127 -0.70677 0.43064
vn -0.15311 -0.70677 0.69068
vn -0.09234 -0.70677 0.70139
vn -0.09234 -0.70677 0.70139
vn -0.03086 -0.70677 0.70677
vn -0.03085 -0.70677 0.70678
vn 0.03086 -0.70677 0.70677
vn 0.09235 -0.70677 0.70139
vn 0.09234 -0.70677 0.70139
vn 0.15312 -0.70677 0.69067
vn 0.15312 -0.70677 0.69067
vn 0.56125 -0.70677 0.43067
vn 0.59665 -0.70677 0.38011
vn 0.59664 -0.70677 0.38012
vn 0.6275 -0.70677 0.32666
vn 0.62753 -0.70677 0.32663
vn 0.65359 -0.70677 0.27075
vn 0.65359 -0.70676 0.27075
vn 0.67471 -0.70676 0.21271
vn 0.69067 -0.70677 0.15314
vn 0.69067 -0.70677 0.15314
vn 0.7014 -0.70676 0.09232
vn 0.70678 -0.70676 0.03082
vn 0.70677 -0.70677 -0.03081
vn 0.04044 -0.99904 -0.01675
vn 0.03883 -0.99904 -0.02021
vn 0.03883 -0.99904 -0.02021
vn 0.03473 -0.99904 -0.02664
vn 0.03227 -0.99904 -0.02957
vn 0.03227 -0.99904 -0.02957
vn 0.02352 -0.99904 -0.03692
vn 0.02351 -0.99904 -0.0369
vn 0.0202 -0.99904 -0.03881
vn 0.01316 -0.99904 -0.04174
vn 0.00947 -0.99904 -0.04273
vn 0.00947 -0.99904 -0.04273
vn 0.00571 -0.99904 -0.04339
vn 0.00571 -0.99904 -0.04338
vn 0.00191 -0.99904 -0.04372
vn 0.00191 -0.99904 -0.04372
vn -0.00191 -0.99904 -0.04372
vn -0.00571 -0.99904 -0.04339
vn -0.00947 -0.99904 -0.04272
vn -0.01316 -0.99904 -0.04174
vn -0.01316 -0.99904 -0.04175
vn -0.02021 -0.99904 -0.03883
vn -0.02021 -0.99904 -0.03882
vn -0.02352 -0.99904 -0.03691
vn -0.03225 -0.99904 -0.02956
vn -0.03471 -0.99904 -0.02663
vn -0.03472 -0.99904 -0.02664
vn -0.03881 -0.99904 -0.0202
vn -0.04042 -0.99904 -0.01674
vn -0.04044 -0.99904 -0.01675
vn -0.04042 -0.99904 0.01674
vn -0.0388 -0.99904 0.0202
vn -0.03883 -0.99904 0.02021
vn -0.03471 -0.99904 0.02663
vn -0.03225 -0.99904 0.02956
vn -0.03227 -0.99904 0.02957
vn -0.02352 -0.99904 0.03692
vn -0.02351 -0.99904 0.03691
vn -0.02021 -0.99904 0.03882
vn -0.01316 -0.99904 0.04174
vn -0.00947 -0.99904 0.04272
vn -0.00947 -0.99904 0.04273
vn -0.00571 -0.99904 0.04339
vn -0.00571 -0.99904 0.04339
vn -0.00191 -0.99904 0.04372
vn -0.00191 -0.99904 0.04372
vn 0.00191 -0.99904 0.04372
vn 0.00571 -0.99904 0.04338
vn 0.00947 -0.99904 0.04273
vn 0.01316 -0.99904 0.04174
vn 0.01316 -0.99904 0.04174
vn 0.02021 -0.99904 0.03883
vn 0.0202 -0.99904 0.03881
vn 0.02351 -0.99904 0.0369
vn 0.03227 -0.99904 0.02957
vn 0.03473 -0.99904 0.02665
vn 0.03472 -0.99904 0.02664
vn 0.03883 -0.99904 0.02021
vn 0.04044 -0.99904 0.01675
vn 0.04044 -0.99904 0.01675
vn 0.12824 -0.99134 -0.02843
vn 0.12527 -0.99134 -0.0395
vn 0.12518 -0.99135 -0.03947
vn 0.12126 -0.99135 -0.05023
vn 0.12124 -0.99135 -0.05022
vn 0.11641 -0.99135 -0.0606
vn 0.10414 -0.99135 -0.0799
vn 0.10415 -0.99135 -0.07992
vn 0.09679 -0.99134 -0.0887
vn 0.03949 -0.99134 -0.12523
vn 0.03948 -0.99134 -0.12522
vn 0.02842 -0.99134 -0.12819
vn 0.01714 -0.99134 -0.13018
vn 0.00573 -0.99134 -0.13118
vn -0.00573 -0.99134 -0.13118
vn -0.00573 -0.99134 -0.13117
vn -0.01713 -0.99134 -0.13017
vn -0.01713 -0.99134 -0.13017
vn -0.02842 -0.99134 -0.12818
vn -0.02842 -0.99134 -0.1282
vn -0.03949 -0.99134 -0.12524
vn -0.09681 -0.99134 -0.08871
vn -0.09684 -0.99134 -0.08874
vn -0.1042 -0.99134 -0.07996
vn -0.11644 -0.99135 -0.06061
vn -0.11648 -0.99134 -0.06063
vn -0.12132 -0.99134 -0.05026
vn -0.12519 -0.99135 -0.03947
vn -0.12815 -0.99135 -0.02841
vn -0.12818 -0.99134 -0.02842
vn -0.12815 -0.99135 0.02842
vn -0.12519 -0.99135 0.03947
vn -0.12518 -0.99135 0.03947
vn -0.12126 -0.99135 0.05023
vn -0.12132 -0.99134 0.05025
vn -0.11648 -0.99134 0.06063
vn -0.10413 -0.99135 0.07991
vn -0.10421 -0.99134 0.07996
vn -0.09684 -0.99134 0.08874
vn -0.03948 -0.99134 0.12523
vn -0.03949 -0.99134 0.12524
vn -0.02843 -0.99134 0.1282
vn -0.01714 -0.99134 0.13017
vn -0.00573 -0.99134 0.13117
vn 0.00573 -0.99134 0.13118
vn 0.00573 -0.99134 0.13118
vn 0.01714 -0.99134 0.13018
vn 0.01713 -0.99135 0.13013
vn 0.02841 -0.99135 0.12814
vn 0.02842 -0.99134 0.12819
vn 0.03948 -0.99134 0.12522
vn 0.0968 -0.99134 0.08871
vn 0.09679 -0.99135 0.0887
vn 0.10415 -0.99135 0.07992
vn 0.11642 -0.99135 0.0606
vn 0.11641 -0.99135 0.0606
vn 0.12124 -0.99135 0.05022
vn 0.12527 -0.99134 0.0395
vn 0.12824 -0.99134 0.02843
vn 0.12819 -0.99134 0.02842
vn 0.21431 -0.97636 -0.02821
vn 0.21104 -0.97636 -0.04678
vn 0.21089 -0.97639 -0.04676
vn 0.20601 -0.97639 -0.06497
vn 0.19176 -0.97635 -0.09981
vn 0.18232 -0.97635 -0.11616
vn 0.18233 -0.97635 -0.11616
vn 0.0282 -0.97637 -0.21424
vn 0.02821 -0.97637 -0.21427
vn 0.00943 -0.97637 -0.21591
vn 0.00943 -0.97637 -0.21591
vn -0.00943 -0.97637 -0.21592
vn -0.02821 -0.97636 -0.21428
vn -0.18222 -0.97638 -0.11608
vn -0.19165 -0.97638 -0.09976
vn -0.1917 -0.97637 -0.09979
vn -0.20623 -0.97634 -0.06502
vn -0.20615 -0.97636 -0.06499
vn -0.21103 -0.97636 -0.04679
vn -0.2109 -0.97639 -0.04675
vn -0.21417 -0.97639 -0.02819
vn -0.21434 -0.97635 -0.02823
vn -0.21417 -0.97639 0.02821
vn -0.2109 -0.97639 0.04676
vn -0.21103 -0.97636 0.04678
vn -0.20615 -0.97636 0.065
vn -0.19167 -0.97637 0.09978
vn -0.18225 -0.97637 0.11611
vn -0.18234 -0.97635 0.11616
vn -0.02821 -0.97636 0.21431
vn -0.02821 -0.97636 0.21428
vn -0.00943 -0.97637 0.21592
vn -0.00943 -0.97637 0.21591
vn 0.00943 -0.97637 0.21591
vn 0.02821 -0.97637 0.21426
vn 0.18236 -0.97634 0.11618
vn 0.19179 -0.97635 0.09984
vn 0.19171 -0.97637 0.09979
vn 0.20621 -0.97635 0.06503
vn 0.20602 -0.97639 0.06495
vn 0.21089 -0.97639 0.04675
vn 0.21103 -0.97636 0.04679
vn 0.21431 -0.97636 0.02821
vn 0.21435 -0.97635 0.02822
vn 0.29824 -0.95368 -0.03926
vn 0.29825 -0.95368 -0.03926
vn 0.29369 -0.95368 -0.06512
vn 0.26691 -0.95366 -0.13893
vn 0.26687 -0.95367 -0.13891
vn 0.25374 -0.95367 -0.16166
vn 0.2537 -0.95368 -0.16164
vn 0.20329 -0.95366 -0.22184
vn 0.18317 -0.95366 -0.23872
vn 0.18326 -0.95361 -0.23883
vn 0.16175 -0.95361 -0.25389
vn 0.16164 -0.95367 -0.25375
vn 0.06514 -0.95364 -0.29381
vn 0.03928 -0.95364 -0.29836
vn 0.03927 -0.95366 -0.29832
vn 0.01313 -0.95365 -0.30062
vn 0.01312 -0.95367 -0.30058
vn -0.01312 -0.95367 -0.30058
vn -0.01312 -0.95365 -0.30062
vn -0.03927 -0.95365 -0.29834
vn -0.06512 -0.95366 -0.29377
vn -0.06512 -0.95367 -0.29374
vn -0.16169 -0.95365 -0.2538
vn -0.18318 -0.95365 -0.23874
vn -0.1831 -0.9537 -0.23862
vn -0.20319 -0.9537 -0.22175
vn -0.20323 -0.95368 -0.2218
vn -0.25371 -0.95368 -0.16162
vn -0.25375 -0.95367 -0.16165
vn -0.26687 -0.95367 -0.13892
vn -0.2669 -0.95365 -0.13894
vn -0.29383 -0.95364 -0.06514
vn -0.29388 -0.95362 -0.06515
vn -0.29844 -0.95362 -0.0393
vn -0.29824 -0.95368 0.03928
vn -0.29845 -0.95362 0.03929
vn -0.29388 -0.95362 0.06515
vn -0.2669 -0.95366 0.13894
vn -0.26687 -0.95367 0.13893
vn -0.25375 -0.95367 0.16165
vn -0.25371 -0.95368 0.16162
vn -0.20319 -0.9537 0.22175
vn -0.18309 -0.9537 0.23862
vn -0.18314 -0.95367 0.23867
vn -0.16165 -0.95367 0.25373
vn -0.16166 -0.95367 0.25374
vn -0.06513 -0.95366 0.29377
vn -0.03927 -0.95365 0.29834
vn -0.03927 -0.95366 0.29832
vn -0.01313 -0.95365 0.30062
vn -0.01312 -0.95367 0.30058
vn 0.01313 -0.95367 0.30058
vn 0.01312 -0.95365 0.30062
vn 0.03927 -0.95364 0.29836
vn 0.06513 -0.95364 0.29381
vn 0.06512 -0.95367 0.29374
vn 0.1617 -0.95364 0.25382
vn 0.18321 -0.95364 0.23877
vn 0.18317 -0.95366 0.23872
vn 0.20329 -0.95366 0.22184
vn 0.20329 -0.95366 0.22185
vn 0.2537 -0.95368 0.16163
vn 0.25374 -0.95367 0.16166
vn 0.26688 -0.95367 0.13891
vn 0.26691 -0.95366 0.13893
vn 0.29383 -0.95364 0.06515
vn 0.29369 -0.95368 0.06511
vn 0.29825 -0.95368 0.03926
vn 0.33977 -0.92373 -0.17686
vn 0.33964 -0.92379 -0.1768
vn 0.32292 -0.92379 -0.20574
vn 0.32309 -0.92371 -0.20583
vn 0.28237 -0.92375 -0.25874
vn 0.25875 -0.92375 -0.28236
vn 0.25859 -0.92384 -0.28222
vn 0.23303 -0.92384 -0.30368
vn 0.23305 -0.92383 -0.3037
vn 0.20567 -0.92383 -0.32287
vn 0.08289 -0.92376 -0.37389
vn 0.08286 -0.92381 -0.37377
vn 0.04997 -0.92381 -0.37957
vn 0.04999 -0.92376 -0.3797
vn 0.0167 -0.92377 -0.38259
vn -0.0167 -0.92375 -0.38262
vn -0.0167 -0.92377 -0.38258
vn -0.04998 -0.92377 -0.37967
vn -0.04998 -0.9238 -0.3796
vn -0.08287 -0.92379 -0.37382
vn -0.20576 -0.92377 -0.32299
vn -0.20575 -0.92377 -0.32297
vn -0.23313 -0.92377 -0.30382
vn -0.23312 -0.92378 -0.3038
vn -0.2587 -0.92377 -0.28234
vn -0.25863 -0.92382 -0.28225
vn -0.28224 -0.92383 -0.25862
vn -0.28233 -0.92377 -0.25872
vn -0.32309 -0.92371 -0.20583
vn -0.32294 -0.92379 -0.20571
vn -0.33963 -0.92379 -0.17681
vn -0.33975 -0.92373 -0.17688
vn -0.33976 -0.92373 0.17687
vn -0.33963 -0.92379 0.17682
vn -0.32293 -0.92379 0.20572
vn -0.3231 -0.92371 0.20581
vn -0.28223 -0.92383 0.25863
vn -0.25863 -0.92382 0.28225
vn -0.25871 -0.92377 0.28233
vn -0.23311 -0.92378 0.3038
vn -0.23319 -0.92373 0.30389
vn -0.20581 -0.92373 0.32305
vn -0.08289 -0.92376 0.37389
vn -0.08287 -0.92379 0.37382
vn -0.04997 -0.9238 0.3796
vn -0.04999 -0.92377 0.37967
vn -0.0167 -0.92377 0.38258
vn 0.0167 -0.92375 0.38262
vn 0.01671 -0.92377 0.38259
vn 0.04998 -0.92376 0.3797
vn 0.04998 -0.92381 0.37957
vn 0.08287 -0.92381 0.37377
vn 0.20576 -0.92377 0.32299
vn 0.20574 -0.92378 0.32295
vn 0.2331 -0.92379 0.30378
vn 0.23303 -0.92384 0.30368
vn 0.2586 -0.92384 0.28221
vn 0.25873 -0.92375 0.28238
vn 0.28237 -0.92375 0.25874
vn 0.28234 -0.92377 0.2587
vn 0.32308 -0.92371 0.20584
vn 0.32293 -0.92379 0.20573
vn 0.33964 -0.92379 0.17679
vn 0.33976 -0.92373 0.17687
vn 0.4099 -0.88682 -0.21338
vn 0.40983 -0.88686 -0.21335
vn 0.38969 -0.88686 -0.24825
vn 0.34084 -0.88673 -0.31232
vn 0.34076 -0.88678 -0.31225
vn 0.31224 -0.88678 -0.34077
vn 0.31231 -0.88673 -0.34084
vn 0.06033 -0.88679 -0.45822
vn 0.06032 -0.88683 -0.45815
vn 0.02016 -0.88682 -0.46168
vn 0.02016 -0.88682 -0.46168
vn -0.02016 -0.88681 -0.4617
vn -0.06032 -0.88681 -0.45819
vn -0.31232 -0.88673 -0.34083
vn -0.31226 -0.88678 -0.34075
vn -0.34075 -0.88678 -0.31226
vn -0.34083 -0.88673 -0.31234
vn -0.38967 -0.88688 -0.24822
vn -0.38988 -0.88673 -0.24838
vn -0.41004 -0.88673 -0.21348
vn -0.40989 -0.88682 0.2134
vn -0.41005 -0.88673 0.21346
vn -0.3899 -0.88673 0.24836
vn -0.34083 -0.88673 0.31233
vn -0.34075 -0.88678 0.31226
vn -0.31225 -0.88678 0.34076
vn -0.31232 -0.88673 0.34083
vn -0.06033 -0.88679 0.45822
vn -0.06032 -0.88681 0.45819
vn -0.02016 -0.88681 0.4617
vn -0.02016 -0.88682 0.46168
vn 0.02016 -0.88682 0.46168
vn 0.06032 -0.88683 0.45815
vn 0.3123 -0.88673 0.34084
vn 0.31224 -0.88678 0.34077
vn 0.34077 -0.88678 0.31224
vn 0.34084 -0.88673 0.31232
vn 0.38966 -0.88688 0.24823
vn 0.38969 -0.88686 0.24826
vn 0.40983 -0.88686 0.21334
vn 0.52483 -0.84322 -0.11634
vn 0.51268 -0.84322 -0.16166
vn 0.51254 -0.84331 -0.16163
vn 0.39619 -0.84335 -0.36304
vn 0.39622 -0.84332 -0.36306
vn 0.36306 -0.84332 -0.39622
vn 0.02345 -0.84324 -0.53703
vn 0.02345 -0.8432 -0.53708
vn -0.02345 -0.8432 -0.53708
vn -0.02345 -0.84324 -0.53703
vn -0.36306 -0.84334 -0.39619
vn -0.3632 -0.84319 -0.39638
vn -0.39637 -0.84318 -0.36324
vn -0.51241 -0.84341 -0.16156
vn -0.52453 -0.84341 -0.11629
vn -0.52465 -0.84334 -0.11633
vn -0.52453 -0.84341 0.1163
vn -0.5124 -0.84341 0.16157
vn -0.51255 -0.84331 0.16161
vn -0.39618 -0.84335 0.36306
vn -0.39639 -0.84318 0.36322
vn -0.36322 -0.84319 0.39636
vn -0.02345 -0.84324 0.53703
vn -0.02345 -0.8432 0.53708
vn 0.02345 -0.8432 0.53708
vn 0.02345 -0.84324 0.53703
vn 0.36304 -0.84334 0.3962
vn 0.36306 -0.84332 0.39622
vn 0.39622 -0.84332 0.36307
vn 0.51268 -0.84322 0.16168
vn 0.52483 -0.84322 0.11635
vn 0.52465 -0.84334 0.1163
vn 0.6045 -0.79262 -0.07956
vn 0.59525 -0.79263 -0.13195
vn 0.59498 -0.79284 -0.13192
vn 0.58122 -0.79283 -0.18329
vn 0.54086 -0.7926 -0.28154
vn 0.51425 -0.7926 -0.32761
vn 0.51413 -0.7927 -0.32755
vn 0.48369 -0.79266 -0.37113
vn 0.44949 -0.79267 -0.41188
vn 0.44943 -0.79272 -0.41184
vn 0.28151 -0.79268 -0.54074
vn 0.23329 -0.7927 -0.56321
vn 0.23322 -0.79281 -0.56308
vn 0.07955 -0.7928 -0.60427
vn 0.02659 -0.7928 -0.6089
vn -0.02659 -0.79283 -0.60887
vn -0.02659 -0.79281 -0.60888
vn -0.07955 -0.79283 -0.60423
vn -0.07955 -0.79275 -0.60434
vn -0.23324 -0.7928 -0.56309
vn -0.28143 -0.7928 -0.54061
vn -0.28145 -0.79277 -0.54065
vn -0.44932 -0.79285 -0.4117
vn -0.48348 -0.79286 -0.37098
vn -0.48362 -0.7927 -0.37112
vn -0.51402 -0.79282 -0.32745
vn -0.54059 -0.79282 -0.28141
vn -0.54074 -0.79269 -0.28151
vn -0.5814 -0.7927 -0.18331
vn -0.58153 -0.79259 -0.18337
vn -0.5953 -0.79259 -0.13199
vn -0.59494 -0.79288 -0.13187
vn -0.60417 -0.79287 -0.07954
vn -0.60425 -0.79281 -0.07956
vn -0.60417 -0.79287 0.07955
vn -0.59493 -0.79288 0.13191
vn -0.59527 -0.79262 0.13195
vn -0.58148 -0.79263 0.18334
vn -0.54058 -0.79282 0.28143
vn -0.51402 -0.79282 0.32746
vn -0.51415 -0.7927 0.32753
vn -0.48346 -0.79286 0.371
vn -0.44931 -0.79285 0.41171
vn -0.44945 -0.79272 0.41182
vn -0.2815 -0.79269 0.54075
vn -0.23331 -0.79268 0.56323
vn -0.23323 -0.79281 0.56307
vn -0.07954 -0.79283 0.60423
vn -0.02659 -0.79281 0.60888
vn 0.02659 -0.79283 0.60887
vn 0.02659 -0.7928 0.6089
vn 0.07956 -0.7928 0.60427
vn 0.07956 -0.79275 0.60434
vn 0.23333 -0.79258 0.56336
vn 0.28156 -0.79257 0.54088
vn 0.28146 -0.79277 0.54065
vn 0.44948 -0.79267 0.41188
vn 0.48368 -0.79266 0.37114
vn 0.48364 -0.7927 0.3711
vn 0.51424 -0.7926 0.32762
vn 0.54085 -0.7926 0.28155
vn 0.54075 -0.79269 0.28148
vn 0.58139 -0.7927 0.18334
vn 0.58118 -0.79287 0.18325
vn 0.59496 -0.79287 0.13188
vn 0.59525 -0.79263 0.13198
vn 0.6045 -0.79262 0.07959
vn 0.60425 -0.79281 0.07953
vn 0.66986 -0.73723 -0.08816
vn 0.66978 -0.73731 -0.08816
vn 0.65955 -0.7373 -0.14623
vn 0.65972 -0.73715 -0.14625
vn 0.64445 -0.73715 -0.20321
vn 0.64437 -0.73722 -0.20319
vn 0.59931 -0.73723 -0.31196
vn 0.59918 -0.73736 -0.31191
vn 0.56971 -0.73735 -0.36296
vn 0.53601 -0.73726 -0.41128
vn 0.53597 -0.7373 -0.41125
vn 0.49808 -0.73729 -0.45642
vn 0.49815 -0.73722 -0.45646
vn 0.45646 -0.73722 -0.49815
vn 0.45641 -0.73728 -0.49811
vn 0.31204 -0.73715 -0.59937
vn 0.31199 -0.73723 -0.5993
vn 0.25854 -0.73723 -0.62422
vn 0.25855 -0.73722 -0.62423
vn 0.20317 -0.73726 -0.64434
vn 0.14622 -0.73727 -0.65959
vn 0.14626 -0.73714 -0.65972
vn 0.08819 -0.73715 -0.66994
vn 0.08817 -0.73723 -0.66986
vn -0.08818 -0.73723 -0.66986
vn -0.08818 -0.73715 -0.66995
vn -0.14623 -0.73733 -0.65951
vn -0.20314 -0.73735 -0.64424
vn -0.20317 -0.73722 -0.64438
vn -0.25856 -0.73722 -0.62422
vn -0.25856 -0.73723 -0.62421
vn -0.31198 -0.73723 -0.5993
vn -0.31201 -0.73715 -0.59939
vn -0.45632 -0.73743 -0.49797
vn -0.49798 -0.73745 -0.45628
vn -0.49826 -0.73706 -0.4566
vn -0.53617 -0.73705 -0.41144
vn -0.56982 -0.73726 -0.36299
vn -0.56996 -0.73709 -0.36311
vn -0.59944 -0.73708 -0.31207
vn -0.64414 -0.73745 -0.20308
vn -0.6594 -0.73745 -0.14616
vn -0.65987 -0.73699 -0.14632
vn -0.67011 -0.737 -0.08823
vn -0.66986 -0.73723 0.0882
vn -0.67011 -0.737 0.0882
vn -0.65988 -0.73699 0.14627
vn -0.65942 -0.73742 0.14622
vn -0.64419 -0.73741 0.20312
vn -0.64439 -0.73722 0.20316
vn -0.5993 -0.73723 0.31199
vn -0.59937 -0.73715 0.31202
vn -0.56989 -0.73717 0.36304
vn -0.53599 -0.73726 0.4113
vn -0.53618 -0.73705 0.41142
vn -0.49829 -0.73706 0.45657
vn -0.49794 -0.73745 0.45631
vn -0.45631 -0.73743 0.49798
vn -0.45643 -0.73728 0.49809
vn -0.31202 -0.73715 0.59938
vn -0.31197 -0.73723 0.59931
vn -0.25855 -0.73723 0.62421
vn -0.25856 -0.73722 0.62422
vn -0.20313 -0.73735 0.64425
vn -0.1462 -0.73733 0.65952
vn -0.14627 -0.73714 0.65971
vn -0.08819 -0.73715 0.66995
vn -0.08817 -0.73723 0.66986
vn 0.08818 -0.73723 0.66986
vn 0.08818 -0.73715 0.66995
vn 0.14623 -0.73727 0.65959
vn 0.20317 -0.73726 0.64434
vn 0.20318 -0.73722 0.64438
vn 0.25855 -0.73722 0.62423
vn 0.25854 -0.73723 0.62422
vn 0.31199 -0.73723 0.5993
vn 0.31203 -0.73715 0.59938
vn 0.45646 -0.73722 0.49816
vn 0.49814 -0.73722 0.45647
vn 0.49809 -0.73729 0.45641
vn 0.53597 -0.7373 0.41125
vn 0.5698 -0.73726 0.36302
vn 0.56965 -0.73743 0.3629
vn 0.59912 -0.73743 0.31186
vn 0.64449 -0.73711 0.20323
vn 0.65975 -0.73711 0.14628
vn 0.65956 -0.7373 0.14621
vn 0.66978 -0.73731 0.08815
vn 0.7203 -0.67503 -0.15968
vn 0.72043 -0.6749 -0.15969
vn 0.70375 -0.6749 -0.22192
vn 0.70374 -0.67491 -0.22192
vn 0.58553 -0.67477 -0.44927
vn 0.54413 -0.67478 -0.4986
vn 0.54388 -0.67511 -0.49842
vn 0.4984 -0.67508 -0.54393
vn 0.34066 -0.67509 -0.65437
vn 0.34067 -0.67506 -0.6544
vn 0.28231 -0.67506 -0.68161
vn 0.22192 -0.67485 -0.7038
vn 0.2219 -0.6749 -0.70375
vn 0.15972 -0.6749 -0.72042
vn 0.15968 -0.67503 -0.7203
vn 0.09628 -0.67503 -0.73148
vn 0.0963 -0.67496 -0.73155
vn 0.03219 -0.67493 -0.73718
vn 0.03218 -0.675 -0.73711
vn -0.03218 -0.67491 -0.7372
vn -0.09629 -0.67491 -0.73159
vn -0.1597 -0.67503 -0.72029
vn -0.15972 -0.6749 -0.72042
vn -0.22189 -0.6749 -0.70376
vn -0.2219 -0.67485 -0.7038
vn -0.2824 -0.67484 -0.68179
vn -0.28238 -0.67492 -0.68172
vn -0.34072 -0.67489 -0.65455
vn -0.4986 -0.67479 -0.54411
vn -0.49858 -0.67483 -0.54408
vn -0.54407 -0.67483 -0.49859
vn -0.54394 -0.67505 -0.49843
vn -0.58531 -0.67507 -0.44911
vn -0.58541 -0.6749 -0.44922
vn -0.70376 -0.6749 -0.22188
vn -0.70376 -0.6749 -0.22188
vn -0.72041 -0.6749 -0.15975
vn -0.72029 -0.67503 -0.1597
vn -0.72029 -0.67503 0.15972
vn -0.72042 -0.6749 0.15973
vn -0.70376 -0.6749 0.22188
vn -0.70376 -0.6749 0.22188
vn -0.5852 -0.67518 0.44907
vn -0.54384 -0.67518 0.49837
vn -0.5441 -0.67483 0.49856
vn -0.49857 -0.67483 0.54408
vn -0.34064 -0.67509 0.65438
vn -0.34074 -0.67489 0.65454
vn -0.28238 -0.67492 0.68172
vn -0.22191 -0.67485 0.7038
vn -0.22189 -0.6749 0.70376
vn -0.15973 -0.6749 0.72042
vn -0.15969 -0.67503 0.7203
vn -0.09628 -0.67503 0.73149
vn -0.09631 -0.67491 0.73159
vn -0.03219 -0.67491 0.73719
vn -0.03218 -0.675 0.73711
vn 0.03219 -0.67493 0.73718
vn 0.09629 -0.67496 0.73155
vn 0.15969 -0.67503 0.7203
vn 0.15971 -0.6749 0.72042
vn 0.2219 -0.6749 0.70375
vn 0.22191 -0.67485 0.7038
vn 0.28239 -0.67484 0.68179
vn 0.28233 -0.67506 0.6816
vn 0.34067 -0.67506 0.6544
vn 0.49858 -0.67479 0.54413
vn 0.49842 -0.67508 0.54391
vn 0.54391 -0.67511 0.49839
vn 0.54403 -0.6749 0.49853
vn 0.58544 -0.67489 0.44921
vn 0.58543 -0.6749 0.4492
vn 0.70374 -0.6749 0.22192
vn 0.70375 -0.6749 0.22192
vn 0.72042 -0.6749 0.15971
vn 0.7203 -0.67503 0.15966
vn 0.78673 -0.60854 -0.10357
vn 0.78671 -0.60857 -0.10357
vn 0.7747 -0.60857 -0.17172
vn 0.77442 -0.60893 -0.1717
vn 0.75651 -0.60892 -0.23856
vn 0.62939 -0.60882 -0.48292
vn 0.62926 -0.60901 -0.48284
vn 0.58476 -0.60901 -0.53588
vn 0.23858 -0.60871 -0.75667
vn 0.23856 -0.60878 -0.75662
vn 0.17171 -0.60876 -0.77455
vn 0.03461 -0.60872 -0.79263
vn 0.0346 -0.60878 -0.79258
vn -0.0346 -0.60878 -0.79258
vn -0.0346 -0.60872 -0.79263
vn -0.1717 -0.60883 -0.7745
vn -0.17172 -0.60867 -0.77462
vn -0.23859 -0.60865 -0.75672
vn -0.58492 -0.60876 -0.53598
vn -0.58495 -0.60869 -0.53603
vn -0.62946 -0.60867 -0.48302
vn -0.75673 -0.60864 -0.23858
vn -0.75682 -0.60851 -0.23862
vn -0.77474 -0.60851 -0.17177
vn -0.77438 -0.60899 -0.17165
vn -0.78639 -0.609 -0.10352
vn -0.78641 -0.60897 -0.10353
vn -0.79245 -0.60896 -0.0346
vn -0.79258 -0.60878 -0.03462
vn -0.79245 -0.60896 0.03461
vn -0.78641 -0.60897 0.10353
vn -0.78638 -0.609 0.10353
vn -0.77437 -0.60899 0.17169
vn -0.77475 -0.6085 0.17173
vn -0.75682 -0.60851 0.23861
vn -0.62936 -0.60882 0.48296
vn -0.62955 -0.60854 0.48306
vn -0.58505 -0.60855 0.53608
vn -0.23852 -0.60891 0.75653
vn -0.23861 -0.60865 0.75671
vn -0.17173 -0.60867 0.77462
vn -0.0346 -0.60872 0.79263
vn -0.0346 -0.60878 0.79258
vn 0.0346 -0.60878 0.79258
vn 0.0346 -0.60872 0.79263
vn 0.1717 -0.60883 0.7745
vn 0.1717 -0.60876 0.77455
vn 0.23857 -0.60878 0.75662
vn 0.58491 -0.60876 0.53599
vn 0.58486 -0.60886 0.53594
vn 0.62934 -0.60888 0.4829
vn 0.75671 -0.60864 0.23862
vn 0.75652 -0.60892 0.23853
vn 0.77443 -0.60892 0.17166
vn 0.77469 -0.60857 0.17176
vn 0.78671 -0.60857 0.10357
vn 0.78673 -0.60854 0.10357
vn 0.79278 -0.60853 0.03461
vn 0.79258 -0.60878 0.03458
vn 0.79278 -0.60853 -0.03458
vn 0.83654 -0.53672 -0.11013
vn 0.83655 -0.5367 -0.11013
vn 0.82377 -0.53669 -0.18264
vn 0.77987 -0.53615 -0.32302
vn 0.74874 -0.53616 -0.38976
vn 0.74854 -0.53649 -0.38969
vn 0.66963 -0.53628 -0.51381
vn 0.62228 -0.53629 -0.57023
vn 0.62222 -0.53639 -0.57019
vn 0.57022 -0.53631 -0.62227
vn 0.5138 -0.53633 -0.6696
vn 0.51379 -0.53635 -0.66959
vn 0.25375 -0.53655 -0.80482
vn 0.18263 -0.53657 -0.82385
vn 0.18267 -0.5364 -0.82396
vn 0.0368 -0.5365 -0.8431
vn 0.03683 -0.53625 -0.84326
vn -0.03681 -0.53625 -0.84326
vn -0.03683 -0.5365 -0.8431
vn -0.18264 -0.53668 -0.82378
vn -0.25373 -0.53669 -0.80473
vn -0.25375 -0.53646 -0.80487
vn -0.5137 -0.53662 -0.66943
vn -0.57008 -0.53664 -0.62212
vn -0.57017 -0.53639 -0.62225
vn -0.62213 -0.53665 -0.57005
vn -0.66943 -0.53667 -0.51367
vn -0.66957 -0.53635 -0.51381
vn -0.7485 -0.5366 -0.38962
vn -0.7796 -0.5366 -0.32294
vn -0.77967 -0.53646 -0.32299
vn -0.82383 -0.53662 -0.1826
vn -0.82407 -0.53622 -0.1827
vn -0.83686 -0.53622 -0.11017
vn -0.83684 -0.53624 -0.11017
vn -0.84326 -0.53624 -0.03683
vn -0.84326 -0.53625 0.03683
vn -0.84326 -0.53624 0.03683
vn -0.83684 -0.53624 0.11017
vn -0.83686 -0.53622 0.11017
vn -0.82408 -0.53622 0.18266
vn -0.77959 -0.5366 0.32296
vn -0.7485 -0.5366 0.38963
vn -0.74856 -0.53649 0.38965
vn -0.66941 -0.53667 0.51369
vn -0.62211 -0.53665 0.57007
vn -0.62225 -0.53639 0.57017
vn -0.57006 -0.53664 0.62213
vn -0.51368 -0.53662 0.66945
vn -0.51381 -0.53635 0.66957
vn -0.25371 -0.53669 0.80473
vn -0.18261 -0.53668 0.82379
vn -0.18268 -0.5364 0.82395
vn -0.0368 -0.5365 0.8431
vn -0.03683 -0.53625 0.84326
vn 0.03681 -0.53625 0.84326
vn 0.03683 -0.5365 0.8431
vn 0.18265 -0.53657 0.82385
vn 0.25378 -0.53655 0.80481
vn 0.25381 -0.53623 0.80501
vn 0.5138 -0.53633 0.6696
vn 0.57022 -0.53631 0.62227
vn 0.57019 -0.53639 0.62223
vn 0.62227 -0.53629 0.57023
vn 0.66962 -0.53628 0.51382
vn 0.66959 -0.53635 0.51378
vn 0.74873 -0.53616 0.38979
vn 0.77986 -0.53615 0.32305
vn 0.77969 -0.53646 0.32295
vn 0.82382 -0.53663 0.18265
vn 0.82377 -0.53669 0.18263
vn 0.83655 -0.5367 0.11013
vn 0.83654 -0.53672 0.11013
vn 0.84295 -0.53673 0.03677
vn 0.84326 -0.53625 -0.03679
vn 0.84295 -0.53673 -0.03682
vn 0.87972 -0.46118 -0.1158
vn 0.86626 -0.4612 -0.19205
vn 0.86606 -0.46159 -0.19204
vn 0.81966 -0.46141 -0.3395
vn 0.81951 -0.46169 -0.33947
vn 0.78681 -0.46168 -0.40961
vn 0.70378 -0.4616 -0.54002
vn 0.70377 -0.46162 -0.54001
vn 0.65401 -0.46162 -0.59932
vn 0.59933 -0.46156 -0.65403
vn 0.59932 -0.4616 -0.65402
vn 0.54003 -0.46157 -0.70379
vn 0.26673 -0.46167 -0.846
vn 0.26681 -0.46133 -0.84616
vn 0.19203 -0.46133 -0.8662
vn 0.19202 -0.4614 -0.86616
vn 0.11579 -0.46142 -0.87959
vn 0.11581 -0.46134 -0.87963
vn 0.03872 -0.46134 -0.88638
vn 0.03869 -0.46157 -0.88626
vn -0.03871 -0.46157 -0.88626
vn -0.0387 -0.46134 -0.88638
vn -0.1158 -0.46149 -0.87956
vn -0.19202 -0.46152 -0.8661
vn -0.26677 -0.46133 -0.84617
vn -0.26675 -0.46167 -0.84599
vn -0.53999 -0.46176 -0.70369
vn -0.54012 -0.46125 -0.70393
vn -0.59942 -0.46124 -0.65418
vn -0.65406 -0.46156 -0.59931
vn -0.65416 -0.46122 -0.59945
vn -0.70392 -0.4612 -0.54018
vn -0.78704 -0.46123 -0.40968
vn -0.78705 -0.4612 -0.40969
vn -0.81974 -0.4612 -0.33959
vn -0.866 -0.46172 -0.19198
vn -0.87944 -0.46172 -0.11577
vn -0.87965 -0.46131 -0.11584
vn -0.87943 -0.46172 0.11581
vn -0.866 -0.46172 0.19199
vn -0.86607 -0.46159 0.192
vn -0.81964 -0.46141 0.33955
vn -0.81975 -0.4612 0.33957
vn -0.78705 -0.4612 0.40969
vn -0.70376 -0.4616 0.54005
vn -0.70395 -0.4612 0.54015
vn -0.65419 -0.46122 0.59943
vn -0.59931 -0.46156 0.65406
vn -0.59936 -0.46144 0.6541
vn -0.54009 -0.46146 0.70382
vn -0.26672 -0.46167 0.846
vn -0.2668 -0.46133 0.84616
vn -0.19204 -0.46133 0.8662
vn -0.19201 -0.46152 0.8661
vn -0.11579 -0.46149 0.87956
vn -0.11581 -0.46134 0.87963
vn -0.03872 -0.46134 0.88638
vn -0.03869 -0.46157 0.88626
vn 0.03871 -0.46157 0.88626
vn 0.0387 -0.46134 0.88638
vn 0.1158 -0.46142 0.87959
vn 0.19203 -0.4614 0.86616
vn 0.26678 -0.46133 0.84617
vn 0.26676 -0.46167 0.84599
vn 0.53997 -0.46176 0.70371
vn 0.53996 -0.46179 0.7037
vn 0.59925 -0.4618 0.65394
vn 0.65403 -0.46156 0.59934
vn 0.65401 -0.46162 0.59931
vn 0.70377 -0.46162 0.54001
vn 0.78696 -0.46136 0.40969
vn 0.78682 -0.46168 0.40959
vn 0.81952 -0.46169 0.33945
vn 0.86626 -0.4612 0.19209
vn 0.87971 -0.46118 0.11581
vn 0.87965 -0.46131 0.11579
vn 0.91607 -0.38245 -0.12058
vn 0.91598 -0.38268 -0.12059
vn 0.90197 -0.38268 -0.20001
vn 0.27788 -0.38232 -0.88126
vn 0.27786 -0.38242 -0.88122
vn 0.19997 -0.38246 -0.90207
vn 0.1206 -0.38242 -0.91608
vn 0.12061 -0.38238 -0.9161
vn 0.0403 -0.38242 -0.92311
vn -0.0403 -0.38236 -0.92313
vn -0.04031 -0.38244 -0.9231
vn -0.12061 -0.38245 -0.91607
vn -0.12061 -0.38235 -0.91611
vn -0.19999 -0.38234 -0.90212
vn -0.19999 -0.38242 -0.90209
vn -0.27785 -0.38242 -0.88122
vn -0.27786 -0.38232 -0.88126
vn -0.90209 -0.38242 -0.19998
vn -0.90221 -0.38211 -0.20004
vn -0.91621 -0.3821 -0.12065
vn -0.91607 -0.38245 0.12064
vn -0.91622 -0.3821 0.12062
vn -0.90221 -0.38211 0.20001
vn -0.27787 -0.38232 0.88126
vn -0.27785 -0.38242 0.88122
vn -0.2 -0.38234 0.90212
vn -0.12062 -0.38235 0.91611
vn -0.1206 -0.38245 0.91607
vn -0.0403 -0.38244 0.9231
vn 0.0403 -0.38236 0.92313
vn 0.04031 -0.38242 0.92311
vn 0.12061 -0.38238 0.9161
vn 0.12061 -0.38242 0.91608
vn 0.19998 -0.38246 0.90207
vn 0.19998 -0.38242 0.90209
vn 0.27787 -0.38242 0.88122
vn 0.27787 -0.38232 0.88126
vn 0.90208 -0.38242 0.20003
vn 0.90197 -0.38268 0.19999
vn 0.91598 -0.38268 0.12057
vn 0.94573 -0.30016 -0.12451
vn 0.94574 -0.30012 -0.12451
vn 0.93129 -0.3001 -0.20649
vn 0.93121 -0.30036 -0.20649
vn 0.88136 -0.29991 -0.36505
vn 0.84618 -0.29993 -0.44047
vn 0.84606 -0.30032 -0.44044
vn 0.80444 -0.30032 -0.51252
vn 0.80449 -0.30017 -0.51254
vn 0.75672 -0.30038 -0.58064
vn 0.70322 -0.30039 -0.6444
vn 0.7032 -0.30045 -0.64439
vn 0.5807 -0.30024 -0.75673
vn 0.5125 -0.30026 -0.80448
vn 0.51249 -0.30032 -0.80446
vn 0.28684 -0.30028 -0.9097
vn 0.28683 -0.30037 -0.90968
vn 0.20644 -0.30036 -0.93122
vn 0.1245 -0.30043 -0.94564
vn 0.12449 -0.30051 -0.94562
vn 0.04161 -0.30047 -0.95288
vn 0.04162 -0.30035 -0.95292
vn -0.04161 -0.30045 -0.95289
vn -0.12449 -0.30043 -0.94565
vn -0.20644 -0.30041 -0.9312
vn -0.20644 -0.30022 -0.93126
vn -0.28684 -0.30018 -0.90974
vn -0.51247 -0.3006 -0.80437
vn -0.58061 -0.30062 -0.75665
vn -0.58064 -0.30038 -0.75672
vn -0.70313 -0.30085 -0.64428
vn -0.75661 -0.30088 -0.58053
vn -0.75674 -0.30018 -0.58071
vn -0.80434 -0.30085 -0.51238
vn -0.84592 -0.30087 -0.44033
vn -0.84601 -0.30049 -0.44042
vn -0.88118 -0.30049 -0.365
vn -0.88129 -0.30008 -0.36508
vn -0.93111 -0.30071 -0.20641
vn -0.94555 -0.30074 -0.12448
vn -0.94554 -0.30078 -0.12448
vn -0.95279 -0.30077 -0.0416
vn -0.95292 -0.30035 -0.04164
vn -0.95279 -0.30077 0.04164
vn -0.94554 -0.30078 0.12448
vn -0.94554 -0.30078 0.12448
vn -0.93108 -0.30078 0.20644
vn -0.93122 -0.30036 0.20643
vn -0.88117 -0.30049 0.36503
vn -0.84603 -0.30049 0.44039
vn -0.84591 -0.30087 0.44036
vn -0.8043 -0.30084 0.51243
vn -0.80452 -0.30017 0.5125
vn -0.75657 -0.30088 0.58058
vn -0.70311 -0.30085 0.6443
vn -0.70323 -0.30045 0.64436
vn -0.5806 -0.30062 0.75666
vn -0.51245 -0.3006 0.80439
vn -0.51251 -0.30032 0.80445
vn -0.28683 -0.30028 0.90971
vn -0.28679 -0.30048 0.90965
vn -0.20644 -0.30053 0.93116
vn -0.12449 -0.30043 0.94564
vn -0.12449 -0.30043 0.94565
vn -0.04161 -0.30045 0.95289
vn -0.04158 -0.30066 0.95282
vn 0.04159 -0.30047 0.95288
vn 0.1245 -0.30051 0.94562
vn 0.20643 -0.30041 0.9312
vn 0.20644 -0.30066 0.93112
vn 0.28681 -0.30066 0.90959
vn 0.5125 -0.30026 0.80448
vn 0.58069 -0.30024 0.75674
vn 0.58067 -0.30038 0.7567
vn 0.70321 -0.30039 0.6444
vn 0.75673 -0.30038 0.58063
vn 0.75677 -0.30019 0.58068
vn 0.80445 -0.30032 0.51251
vn 0.84608 -0.30032 0.44041
vn 0.84617 -0.29993 0.4405
vn 0.88135 -0.29991 0.36507
vn 0.88131 -0.30008 0.36503
vn 0.93127 -0.30017 0.2065
vn 0.94573 -0.30016 0.12451
vn 0.94573 -0.30016 0.12451
vn 0.95298 -0.30015 0.04161
vn 0.95292 -0.30035 0.04159
vn 0.95298 -0.30015 -0.04159
vn 0.9679 -0.21664 -0.12742
vn 0.96796 -0.21639 -0.12741
vn 0.95315 -0.21639 -0.21136
vn 0.95316 -0.21638 -0.21136
vn 0.90195 -0.21661 -0.37358
vn 0.90187 -0.21695 -0.37358
vn 0.86588 -0.21693 -0.45076
vn 0.86595 -0.21664 -0.45077
vn 0.82336 -0.2166 -0.52456
vn 0.77453 -0.21656 -0.59431
vn 0.77455 -0.2165 -0.59431
vn 0.71978 -0.21648 -0.65959
vn 0.65966 -0.21602 -0.71985
vn 0.59441 -0.21604 -0.7746
vn 0.59431 -0.2165 -0.77454
vn 0.52455 -0.21648 -0.8234
vn 0.45087 -0.21605 -0.86605
vn 0.37366 -0.21609 -0.90204
vn 0.3736 -0.21648 -0.90198
vn 0.29358 -0.21651 -0.93109
vn 0.2936 -0.21638 -0.93112
vn 0.12744 -0.21627 -0.96798
vn 0.0426 -0.21631 -0.9754
vn -0.0426 -0.21652 -0.97535
vn -0.04258 -0.21634 -0.97539
vn -0.12743 -0.21636 -0.96796
vn -0.12743 -0.21639 -0.96795
vn -0.29359 -0.2167 -0.93104
vn -0.37361 -0.21673 -0.90191
vn -0.37361 -0.21634 -0.902
vn -0.4508 -0.21635 -0.86601
vn -0.45079 -0.21665 -0.86594
vn -0.52455 -0.21668 -0.82334
vn -0.52458 -0.21613 -0.82347
vn -0.59437 -0.2161 -0.77461
vn -0.59435 -0.21644 -0.77453
vn -0.65957 -0.21646 -0.7198
vn -0.65958 -0.21638 -0.71982
vn -0.71982 -0.21638 -0.65957
vn -0.71986 -0.216 -0.65965
vn -0.77461 -0.21598 -0.59442
vn -0.82339 -0.21658 -0.52452
vn -0.82347 -0.21605 -0.52462
vn -0.86606 -0.21606 -0.45085
vn -0.86601 -0.21635 -0.4508
vn -0.90199 -0.21634 -0.37365
vn -0.95317 -0.21638 -0.2113
vn -0.95317 -0.21639 -0.2113
vn -0.96804 -0.21599 -0.12748
vn -0.97546 -0.216 -0.04263
vn -0.97535 -0.21652 0.04262
vn -0.97547 -0.216 0.04259
vn -0.96804 -0.21599 0.12745
vn -0.96795 -0.21639 0.12747
vn -0.95317 -0.21639 0.2113
vn -0.95317 -0.21638 0.2113
vn -0.90193 -0.21661 0.37363
vn -0.90199 -0.21634 0.37363
vn -0.866 -0.21635 0.45082
vn -0.86603 -0.21621 0.45082
vn -0.82346 -0.21623 0.52456
vn -0.77451 -0.21656 0.59434
vn -0.77464 -0.21598 0.59438
vn -0.71989 -0.216 0.65963
vn -0.65957 -0.21646 0.7198
vn -0.59433 -0.21644 0.77455
vn -0.5944 -0.2161 0.77459
vn -0.52462 -0.21613 0.82345
vn -0.45082 -0.21635 0.866
vn -0.37364 -0.21634 0.90199
vn -0.37358 -0.21673 0.90192
vn -0.29354 -0.2167 0.93106
vn -0.29359 -0.21638 0.93112
vn -0.12743 -0.21636 0.96796
vn -0.04257 -0.21634 0.97539
vn 0.04257 -0.21619 0.97542
vn 0.04258 -0.21631 0.9754
vn 0.12743 -0.21627 0.96798
vn 0.12744 -0.21639 0.96795
vn 0.29356 -0.21651 0.9311
vn 0.37363 -0.21648 0.90196
vn 0.37363 -0.21609 0.90206
vn 0.45083 -0.21605 0.86607
vn 0.45081 -0.21665 0.86593
vn 0.52453 -0.21668 0.82336
vn 0.52454 -0.21648 0.8234
vn 0.59435 -0.2165 0.77452
vn 0.59438 -0.21604 0.77462
vn 0.65964 -0.21602 0.71987
vn 0.65961 -0.21638 0.71979
vn 0.7198 -0.21638 0.6596
vn 0.71979 -0.21648 0.65958
vn 0.77454 -0.2165 0.59432
vn 0.82336 -0.21658 0.52456
vn 0.82334 -0.21677 0.52452
vn 0.86591 -0.21679 0.45078
vn 0.86589 -0.21693 0.45075
vn 0.90188 -0.21695 0.37356
vn 0.95316 -0.21638 0.21135
vn 0.95316 -0.21639 0.21135
vn 0.9679 -0.21664 0.12741
vn 0.97532 -0.21665 0.04257
vn 0.97535 -0.21652 -0.04257
vn 0.97532 -0.21665 -0.04258
vn 0.98302 -0.1301 -0.12939
vn 0.9829 -0.13093 -0.12945
vn 0.96788 -0.13094 -0.21462
vn 0.78663 -0.13002 -0.60358
vn 0.73101 -0.13002 -0.66987
vn 0.73098 -0.13024 -0.66986
vn 0.66986 -0.13024 -0.73098
vn 0.66982 -0.13049 -0.73097
vn 0.60355 -0.13049 -0.78658
vn 0.45785 -0.1302 -0.87944
vn 0.45779 -0.13062 -0.87941
vn 0.37939 -0.13061 -0.91597
vn 0.37941 -0.13048 -0.91598
vn 0.29815 -0.13045 -0.94556
vn 0.21462 -0.13021 -0.96798
vn 0.12942 -0.13022 -0.983
vn 0.1294 -0.13048 -0.98297
vn 0.04324 -0.13046 -0.99051
vn 0.04326 -0.1303 -0.99053
vn -0.04325 -0.13043 -0.99051
vn -0.12941 -0.13039 -0.98298
vn -0.12941 -0.1303 -0.98299
vn -0.21458 -0.13035 -0.96797
vn -0.2146 -0.13071 -0.96792
vn -0.29816 -0.13074 -0.94552
vn -0.29814 -0.13024 -0.9456
vn -0.37941 -0.13023 -0.91602
vn -0.37942 -0.13036 -0.916
vn -0.45782 -0.13031 -0.87944
vn -0.60357 -0.1305 -0.78655
vn -0.60358 -0.13008 -0.78662
vn -0.66985 -0.13004 -0.73102
vn -0.73098 -0.13051 -0.6698
vn -0.78657 -0.13055 -0.60354
vn -0.7866 -0.13003 -0.60361
vn -0.96802 -0.12998 -0.21459
vn -0.96798 -0.13028 -0.21456
vn -0.98299 -0.13026 -0.12945
vn -0.98293 -0.13077 -0.12939
vn -0.99047 -0.13078 -0.04324
vn -0.99053 -0.1303 -0.04328
vn -0.99047 -0.13078 0.04328
vn -0.98293 -0.13077 0.12944
vn -0.983 -0.13022 0.1294
vn -0.96799 -0.13021 0.21458
vn -0.78655 -0.13055 0.60357
vn -0.73096 -0.13051 0.66982
vn -0.731 -0.13024 0.66983
vn -0.66983 -0.13024 0.731
vn -0.66986 -0.13004 0.73101
vn -0.60361 -0.13008 0.7866
vn -0.45783 -0.1302 0.87946
vn -0.45781 -0.13031 0.87945
vn -0.37941 -0.13036 0.916
vn -0.37942 -0.13023 0.91601
vn -0.29815 -0.13024 0.94559
vn -0.21461 -0.13035 0.96796
vn -0.12941 -0.1303 0.98299
vn -0.12941 -0.13039 0.98298
vn -0.04324 -0.13043 0.99051
vn -0.04325 -0.1303 0.99053
vn 0.04326 -0.13046 0.99051
vn 0.12942 -0.13048 0.98297
vn 0.1294 -0.13022 0.98301
vn 0.21461 -0.13021 0.96798
vn 0.21462 -0.13038 0.96796
vn 0.29813 -0.13042 0.94557
vn 0.29813 -0.13045 0.94557
vn 0.3794 -0.13048 0.91599
vn 0.3794 -0.13061 0.91597
vn 0.45782 -0.13062 0.8794
vn 0.60355 -0.1305 0.78658
vn 0.60355 -0.13049 0.78658
vn 0.66984 -0.13049 0.73095
vn 0.731 -0.13002 0.66988
vn 0.78663 -0.13002 0.60358
vn 0.78663 -0.13003 0.60358
vn 0.968 -0.12998 0.21464
vn 0.96791 -0.13086 0.21455
vn 0.98292 -0.13088 0.12938
vn 0.98301 -0.1301 0.12946
vn 0.99056 -0.13011 0.04324
vn 0.99053 -0.1303 0.04323
vn 0.99056 -0.13011 -0.04323
vn 0.99049 -0.04385 -0.13045
vn 0.99053 -0.04299 -0.13038
vn 0.9754 -0.04299 -0.21621
vn 0.97535 -0.0438 -0.21626
vn 0.8862 -0.04328 -0.46128
vn 0.8426 -0.04326 -0.53679
vn 0.84258 -0.04355 -0.53681
vn 0.79261 -0.04358 -0.60817
vn 0.79261 -0.04362 -0.60817
vn 0.73655 -0.04361 -0.67497
vn 0.21626 -0.0434 -0.97537
vn 0.21624 -0.04366 -0.97536
vn 0.13039 -0.04366 -0.9905
vn 0.1304 -0.04356 -0.9905
vn 0.04359 -0.04353 -0.9981
vn 0.04357 -0.04369 -0.99809
vn -0.04358 -0.04369 -0.99809
vn -0.04357 -0.04353 -0.9981
vn -0.1304 -0.04356 -0.9905
vn -0.1304 -0.04366 -0.9905
vn -0.21625 -0.04366 -0.97536
vn -0.21623 -0.0434 -0.97538
vn -0.73659 -0.04345 -0.67494
vn -0.73658 -0.04311 -0.67498
vn -0.7926 -0.04308 -0.60822
vn -0.79262 -0.04412 -0.60812
vn -0.84257 -0.04413 -0.53677
vn -0.84257 -0.04384 -0.5368
vn -0.88616 -0.04388 -0.46129
vn -0.88616 -0.04367 -0.46131
vn -0.97537 -0.04366 -0.21621
vn -0.9905 -0.04366 -0.13039
vn -0.99052 -0.04317 -0.13043
vn -0.99812 -0.04317 -0.04362
vn -0.99809 -0.04369 0.04361
vn -0.99812 -0.04317 0.04357
vn -0.99052 -0.04317 0.13039
vn -0.9905 -0.04366 0.13043
vn -0.97537 -0.04366 0.2162
vn -0.97536 -0.0438 0.21621
vn -0.88615 -0.04388 0.46131
vn -0.84258 -0.04384 0.53678
vn -0.84256 -0.04413 0.53679
vn -0.79256 -0.04412 0.60819
vn -0.79264 -0.04329 0.60816
vn -0.73659 -0.04334 0.67495
vn -0.21625 -0.0434 0.97537
vn -0.21623 -0.04366 0.97537
vn -0.13039 -0.04366 0.9905
vn -0.1304 -0.04356 0.9905
vn -0.04358 -0.04353 0.9981
vn -0.04357 -0.04369 0.99809
vn 0.04359 -0.04369 0.99809
vn 0.04357 -0.04353 0.9981
vn 0.13039 -0.04356 0.99051
vn 0.1304 -0.04366 0.9905
vn 0.21626 -0.04366 0.97536
vn 0.21624 -0.0434 0.97538
vn 0.73656 -0.04345 0.67498
vn 0.73657 -0.04385 0.67494
vn 0.7926 -0.04383 0.60816
vn 0.7926 -0.04358 0.60819
vn 0.84259 -0.04355 0.53679
vn 0.84259 -0.04326 0.53681
vn 0.88619 -0.04328 0.4613
vn 0.88619 -0.04368 0.46127
vn 0.97539 -0.04299 0.21627
vn 0.99052 -0.04299 0.13045
vn 0.99049 -0.04385 0.13037
vn 0.99809 -0.04386 0.04356
vn 0.9981 -0.04369 -0.04356
vn 0.99809 -0.04386 -0.04357
vn -0.0189 0.86601 -0.49966
vn -0.05799 0.86587 -0.49689
vn -0.09826 0.86587 -0.49053
vn -0.09825 0.86586 -0.49054
vn -0.13825 0.86586 -0.48081
vn -0.138 0.86558 -0.48138
vn -0.4227 0.86644 -0.26572
vn -0.40146 0.8658 -0.29869
vn -0.37583 0.8658 -0.33036
vn -0.37576 0.86587 -0.33026
vn -0.34761 0.86587 -0.35976
vn -0.31688 0.86613 -0.38653
vn -0.31686 0.86585 -0.38717
vn -0.28465 0.86585 -0.41145
vn 0.09811 0.8659 -0.4905
vn 0.1377 0.8659 -0.48089
vn 0.13807 0.86561 -0.48131
vn 0.42348 0.8659 -0.26623
vn 0.40136 0.86587 -0.29862
vn 0.34792 0.86559 -0.36015
vn 0.31635 0.86613 -0.38697
vn 0.31711 0.86587 -0.38693
vn -0.01877 0.86657 0.49871
vn -0.05777 0.86655 0.49574
vn -0.05794 0.86594 0.49678
vn -0.09814 0.86594 0.49042
vn -0.09819 0.86587 0.49054
vn -0.13779 0.86587 0.48092
vn -0.13813 0.8656 0.48131
vn -0.42242 0.86663 0.26555
vn -0.40025 0.86659 0.29804
vn -0.40132 0.86592 0.29854
vn -0.37566 0.86592 0.33026
vn -0.37573 0.86587 0.33028
vn -0.2886 0.86174 0.41726
vn -0.24899 0.86719 0.43125
vn -0.44135 0.86652 -0.23314
vn -0.45838 0.86649 -0.19769
vn -0.45923 0.8659 -0.19829
vn -0.47386 0.8659 -0.16021
vn -0.48548 0.86587 -0.12073
vn -0.48586 0.86559 -0.12124
vn -0.4933 0.86613 -0.08051
vn -0.49366 0.86586 -0.08121
vn -0.44135 0.86652 0.23314
vn -0.45923 0.86591 0.19823
vn -0.47383 0.86591 0.16023
vn -0.4739 0.86588 0.16024
vn -0.48537 0.86588 0.12112
vn -0.4859 0.8656 0.12102
vn -0.49319 0.86613 0.08113
vn -0.49371 0.86586 0.08081
vn -0.97629 -0 -0.21645
vn -0.95372 -0 -0.30069
vn -0.887 -0 -0.46176
vn -0.8434 -0 -0.53729
vn -0.38267 -0 -0.92388
vn -0.30072 -0 -0.95371
vn -0.04362 -0 -0.99905
vn 0.04363 -0 -0.99905
vn 0.30071 -0 -0.95372
vn 0.38268 -0 -0.92388
vn 0.84338 -0 -0.53732
vn 0.88702 -0 -0.46173
vn 0.95371 -0 -0.30073
vn 0.9763 -0 -0.21641
vn 0.9763 0 0.21642
vn 0.95371 0 0.30072
vn 0.88702 0 0.46173
vn 0.84338 0 0.53732
vn 0.38268 0 0.92388
vn 0.30071 0 0.95372
vn 0.04363 0 0.99905
vn -0.04362 -0 0.99905
vn -0.30072 -0 0.95371
vn -0.38267 -0 0.92388
vn -0.8434 -0 0.53729
vn -0.887 -0 0.46176
vn -0.95372 -0 0.30069
vn -0.97629 -0 0.21645
vn 1 0 0
vn -1 0 0
vn -0.65479 0 0.75581
vn -0.62225 0 0.78282
vn -0.55383 0 0.83263
vn -0.48149 0 0.87645
vn -0.40569 0 0.91401
vn -0.32699 0 0.94503
vn -0.24596 0 0.96928
vn -0.16314 0 0.9866
vn -0.07919 0 0.99686
vn 0.00536 -0 0.99999
vn 0.08986 -0 0.99595
vn 0.17371 -0 0.9848
vn 0.2563 -0 0.9666
vn 0.33711 -0 0.94147
vn 0.41545 -0 0.90962
vn 0.49086 -0 0.87124
vn 0.56275 -0 0.82663
vn 0.63055 -0 0.77615
vn 0.69395 -0 0.72002
vn 0.75228 -0 0.65884
vn 0.80529 -0 0.59288
vn 0.85251 -0 0.52271
vn 0.89364 -0 0.44878
vn 0.92838 -0 0.37163
vn 0.95646 -0 0.29185
vn 0.97771 -0 0.20997
vn 0.99196 -0 0.12658
vn 0.9991 -0 0.04233
vn 0.99905 0 -0.04363
vn 0.99144 0 -0.13055
vn 0.9763 0 -0.21644
vn 0.95373 0 -0.30067
vn 0.92387 0 -0.38271
vn 0.88702 0 -0.46173
vn 0.84338 0 -0.53732
vn 0.79335 0 -0.60876
vn 0.73729 0 -0.67558
vn 0.67557 0 -0.7373
vn 0.60877 0 -0.79335
vn 0.53729 0 -0.8434
vn 0.46178 0 -0.887
vn 0.38268 0 -0.92388
vn 0.30069 0 -0.95372
vn 0.21644 0 -0.9763
vn 0.13053 0 -0.99145
vn 0.04363 0 -0.99905
vn 0.04335 -0 0.99906
vn 0.12968 -0 0.99156
vn 0.21507 -0 0.9766
vn 0.29885 -0 0.9543
vn 0.38033 -0 0.92485
vn 0.45899 -0 0.88844
vn 0.53422 -0 0.84534
vn 0.60539 -0 0.79593
vn 0.67205 -0 0.7405
vn 0.73365 -0 0.67952
vn 0.78974 -0 0.61345
vn 0.8399 -0 0.54275
vn 0.88374 -0 0.46798
vn 0.92095 -0 0.38969
vn 0.95123 -0 0.3085
vn 0.97437 -0 0.22496
vn 0.99019 -0 0.13972
vn 0.99857 -0 0.05347
vn 0.99945 0 -0.0332
vn 0.99282 0 -0.11963
vn 0.97873 0 -0.20515
vn 0.95729 0 -0.28914
vn 0.92865 0 -0.37095
vn 0.89304 0 -0.44998
vn 0.85073 0 -0.52561
vn 0.80201 0 -0.59731
vn 0.74728 0 -0.66451
vn 0.68693 0 -0.72672
vn 0.65479 0 -0.75581
vn 0.62247 0 -0.78264
vn 0.55464 0 -0.83209
vn 0.48286 0 -0.8757
vn 0.40772 0 -0.91311
vn 0.32967 0 -0.9441
vn 0.2493 0 -0.96843
vn 0.1672 0 -0.98592
vn 0.08387 0 -0.99648
vn -0.08387 0 -0.99648
vn -0.1672 0 -0.98592
vn -0.2493 0 -0.96843
vn -0.32967 0 -0.9441
vn -0.40772 0 -0.91311
vn -0.48285 0 -0.8757
vn -0.55464 0 -0.83209
vn -0.62248 0 -0.78264
vn -0.65479 -0 -0.75581
vn -0.68693 0 -0.72672
vn -0.74728 0 -0.66451
vn -0.80202 0 -0.5973
vn -0.85072 0 -0.52561
vn -0.89304 0 -0.44997
vn -0.92865 0 -0.37095
vn -0.95729 0 -0.28914
vn -0.97873 0 -0.20515
vn -0.99282 0 -0.11963
vn -0.99945 0 -0.0332
vn -0.99857 0 0.05345
vn -0.99019 0 0.13973
vn -0.97437 0 0.22495
vn -0.95123 0 0.3085
vn -0.92095 0 0.38969
vn -0.88374 0 0.46798
vn -0.8399 0 0.54275
vn -0.78974 0 0.61345
vn -0.73365 0 0.67952
vn -0.67205 0 0.74051
vn -0.6054 0 0.79592
vn -0.53422 0 0.84534
vn -0.45899 0 0.88844
vn -0.38033 0 0.92485
vn -0.29884 0 0.9543
vn -0.21507 0 0.9766
vn -0.12967 0 0.99156
vn -0.04335 0 0.99906
vn -0.04335 0 -0.99906
vn -0.1297 0 -0.99155
vn -0.21505 0 -0.9766
vn -0.29884 0 -0.9543
vn -0.38033 0 -0.92485
vn -0.45899 0 -0.88844
vn -0.53422 0 -0.84534
vn -0.60541 0 -0.79592
vn -0.67204 0 -0.74051
vn -0.73365 0 -0.67952
vn -0.78974 0 -0.61345
vn -0.8399 0 -0.54275
vn -0.88374 0 -0.46798
vn -0.92095 0 -0.38969
vn -0.95123 0 -0.3085
vn -0.97437 0 -0.22494
vn -0.99019 0 -0.13975
vn -0.99857 0 -0.05347
vn -0.99945 0 0.03323
vn -0.99282 0 0.11963
vn -0.97873 0 0.20515
vn -0.95729 0 0.28914
vn -0.92865 0 0.37095
vn -0.89305 0 0.44996
vn -0.85073 0 0.52561
vn -0.80201 0 0.59731
vn -0.74728 0 0.66451
vn -0.68693 0 0.72672
vn -0.65479 0 0.75581
vn -0.62248 0 0.78264
vn -0.55464 0 0.83209
vn -0.48287 0 0.87569
vn -0.40771 0 0.91311
vn -0.32967 0 0.9441
vn -0.24929 0 0.96843
vn -0.1672 0 0.98592
vn -0.08389 0 0.99647
vn 0.0839 -0 0.99647
vn 0.1672 -0 0.98592
vn 0.24929 -0 0.96843
vn 0.32967 -0 0.9441
vn 0.4077 -0 0.91311
vn 0.48288 -0 0.87568
vn 0.55464 -0 0.83209
vn 0.62248 -0 0.78264
vn 0.65479 0 0.75581
vn 0.66631 0 -0.74567
vn 0.69817 0 -0.71593
vn 0.73817 0 0.67462
vn 0.79407 -0 0.60782
vn 0.84394 -0 0.53644
vn 0.88741 -0 0.46099
vn 0.92415 -0 0.38204
vn 0.95388 -0 0.30018
vn 0.97638 -0 0.21606
vn 0.99147 -0 0.1303
vn 0.99905 -0 0.04353
vn 0.99905 -0 -0.04353
vn 0.99147 -0 -0.1303
vn 0.97638 -0 -0.21606
vn 0.95388 -0 -0.30018
vn 0.92415 -0 -0.38204
vn 0.88741 -0 -0.46099
vn 0.84394 -0 -0.53644
vn 0.79407 -0 -0.60782
vn 0.73817 -0 -0.67462
vn 0.66631 0 0.74567
vn 0.69817 0 0.71593
vn 0.64398 -0 0.76504
vn 0.64399 -0 0.76504
vn 0.61376 -0 0.78949
vn 0.03886 0 0.99924
vn 0.5506 0 0.83477
vn 0.48409 0 0.87502
vn 0.41469 0 0.90996
vn 0.34275 0 0.93943
vn 0.26876 0 0.96321
vn 0.19313 0 0.98117
vn 0.11636 0 0.99321
vn -0.03886 0 0.99924
vn -0.11636 -0 0.99321
vn -0.19313 -0 0.98117
vn -0.26876 -0 0.96321
vn -0.34275 -0 0.93943
vn -0.41469 -0 0.90996
vn -0.48409 -0 0.87502
vn -0.5506 -0 0.83477
vn -0.61376 -0 0.78949
vn -0.64398 0 0.76504
vn -0.67669 0 0.73627
vn -0.73817 -0 0.67462
vn -0.79407 -0 0.60782
vn -0.84394 -0 0.53644
vn -0.88741 -0 0.46099
vn -0.92415 -0 0.38204
vn -0.95388 -0 0.30018
vn -0.97638 -0 0.21606
vn -0.99147 -0 0.1303
vn -0.99905 -0 0.04353
vn -0.99905 -0 -0.04353
vn -0.99147 -0 -0.1303
vn -0.97638 -0 -0.21606
vn -0.95388 -0 -0.30018
vn -0.92415 -0 -0.38204
vn -0.88741 -0 -0.46099
vn -0.84394 -0 -0.53644
vn -0.79407 -0 -0.60782
vn -0.73817 -0 -0.67462
vn -0.67669 -0 -0.73627
vn -0.64398 -0 -0.76504
vn -0.61376 0 -0.78949
vn -0.5506 -0 -0.83477
vn -0.48409 -0 -0.87502
vn -0.41468 -0 -0.90997
vn -0.34276 -0 -0.93942
vn -0.26876 -0 -0.96321
vn -0.19314 -0 -0.98117
vn -0.11635 -0 -0.99321
vn -0.03887 -0 -0.99924
vn 0.03887 0 -0.99924
vn 0.11635 -0 -0.99321
vn 0.19314 -0 -0.98117
vn 0.26876 -0 -0.96321
vn 0.34276 -0 -0.93942
vn 0.41468 -0 -0.90997
vn 0.48409 -0 -0.87502
vn 0.5506 -0 -0.83477
vn 0.61376 -0 -0.78949
vn 0.04335 -0 0.99906
vn 0.12968 -0 0.99156
vn 0.21506 -0 0.9766
vn 0.38034 -0 0.92485
vn 0.45898 -0 0.88845
vn 0.67207 -0 0.74049
vn 0.83988 -0 0.54276
vn 0.88375 -0 0.46796
vn 0.92094 -0 0.38971
vn 0.95123 -0 0.30847
vn 0.99019 -0 0.13975
vn 0.99857 -0 0.05344
vn 0.99282 0 -0.11961
vn 0.97873 0 -0.20517
vn 0.95729 0 -0.28912
vn 0.85072 0 -0.52562
vn 0.80202 0 -0.59729
vn 0.74727 0 -0.66453
vn 0.65479 0 -0.75581
vn 0.62247 0 -0.78265
vn 0.55465 0 -0.83209
vn 0.48285 0 -0.8757
vn 0.24931 0 -0.96842
vn 0.08387 0 -0.99648
vn -0.24931 0 -0.96842
vn -0.32967 0 -0.9441
vn -0.55465 0 -0.83209
vn -0.62247 0 -0.78265
vn -0.65479 -0 -0.75581
vn -0.68691 0 -0.72674
vn -0.74729 0 -0.6645
vn -0.80202 0 -0.59729
vn -0.85072 0 -0.52562
vn -0.89304 0 -0.44998
vn -0.95729 0 -0.28912
vn -0.97873 0 -0.20517
vn -0.99282 0 -0.11961
vn -0.99857 0 0.05344
vn -0.99019 0 0.13975
vn -0.97437 0 0.22496
vn -0.95123 0 0.30847
vn -0.92094 0 0.38971
vn -0.88375 0 0.46796
vn -0.83988 0 0.54276
vn -0.78976 0 0.61342
vn -0.73363 0 0.67955
vn -0.67207 0 0.74049
vn -0.60539 0 0.79593
vn -0.459 0 0.88843
vn -0.38032 0 0.92485
vn -0.29885 0 0.9543
vn -0.21506 0 0.9766
vn -0.12968 0 0.99156
vn -0.04335 0 0.99906
vn 0.12967 -0 0.99156
vn 0.21507 -0 0.9766
vn 0.29884 -0 0.9543
vn 0.459 -0 0.88843
vn 0.53421 -0 0.84535
vn 0.60541 -0 0.79592
vn 0.73364 -0 0.67954
vn 0.78975 -0 0.61343
vn 0.89305 0 -0.44996
vn -0.65479 0 0.75581
vn -0.62247 0 0.78265
vn -0.55465 0 0.83209
vn -0.4077 0 0.91311
vn 0.08389 -0 0.99647
vn 0.40772 -0 0.91311
vn 0.48287 -0 0.87569
vn 0.55462 -0 0.8321
vn 0.62249 -0 0.78263
vn 0.68693 -0 0.72672
vn 0.74727 -0 0.66453
vn 0.80202 -0 0.59729
vn 0.85072 -0 0.52562
vn 0.89306 -0 0.44994
vn 0.92865 -0 0.37095
vn 0.95728 -0 0.28916
vn 0.97874 -0 0.20512
vn 0.99282 -0 0.11965
vn 0.99945 -0 0.0332
vn 0.99857 0 -0.05349
vn 0.99019 0 -0.1397
vn 0.97437 0 -0.22496
vn 0.95123 0 -0.30847
vn 0.92094 0 -0.38971
vn 0.88375 0 -0.46796
vn 0.83988 0 -0.54276
vn 0.78974 0 -0.61345
vn 0.73365 0 -0.67952
vn 0.67204 0 -0.74051
vn 0.60542 0 -0.79591
vn 0.5342 0 -0.84536
vn 0.459 0 -0.88843
vn 0.38034 0 -0.92485
vn 0.29883 0 -0.95431
vn 0.21505 0 -0.9766
vn 0.1297 0 -0.99155
vn 0.04335 0 -0.99906
vn -0.04363 0 -0.99905
vn -0.13053 0 -0.99145
vn -0.21644 0 -0.9763
vn -0.30069 0 -0.95372
vn -0.38268 0 -0.92388
vn -0.46178 0 -0.887
vn -0.53729 0 -0.8434
vn -0.60877 0 -0.79335
vn -0.67557 0 -0.7373
vn -0.73729 0 -0.67558
vn -0.79335 0 -0.60876
vn -0.84338 0 -0.53732
vn -0.88702 0 -0.46173
vn -0.92387 0 -0.38271
vn -0.95373 0 -0.30067
vn -0.9763 0 -0.21644
vn -0.99144 0 -0.13055
vn -0.99905 0 -0.04363
vn -0.9991 0 0.04233
vn -0.99196 0 0.12658
vn -0.97771 0 0.20997
vn -0.95646 0 0.29185
vn -0.92838 0 0.37163
vn -0.89364 0 0.44878
vn -0.85251 0 0.52271
vn -0.80529 0 0.59288
vn -0.75228 0 0.65884
vn -0.69395 0 0.72002
vn -0.63055 0 0.77615
vn -0.56275 0 0.82663
vn -0.49086 0 0.87124
vn -0.41545 0 0.90962
vn -0.33711 0 0.94147
vn -0.2563 0 0.9666
vn -0.17371 0 0.9848
vn -0.08986 0 0.99595
vn -0.00536 0 0.99999
vn 0.07919 -0 0.99686
vn 0.16314 -0 0.9866
vn 0.24596 -0 0.96928
vn 0.32699 -0 0.94503
vn 0.40569 -0 0.91401
vn 0.48149 -0 0.87645
vn 0.55383 -0 0.83263
vn 0.62225 -0 0.78282
vn 0.65479 -0 0.75581
vn 0.65479 -0 0.75581
vn 0.99857 0 -0.05344
vn 0.99019 0 -0.13975
vn 0.53422 0 -0.84534
vn 0.45898 0 -0.88845
vn 0.1297 0 -0.99155
vn 0.04335 0 -0.99906
vn 0.74728 -0 0.66451
vn 0.80201 -0 0.59731
vn 0.85073 -0 0.52561
vn 0.89304 -0 0.44997
vn 0.95729 -0 0.28914
vn 0.97873 -0 0.20515
vn 0.99282 -0 0.11963
vn 0.99945 -0 0.03322
vn 0.99857 0 -0.05347
vn 0.99019 0 -0.13973
vn 0.97437 0 -0.22495
vn 0.95123 0 -0.30848
vn 0.92094 0 -0.3897
vn 0.88374 0 -0.46798
vn 0.8399 0 -0.54275
vn 0.67205 0 -0.74051
vn 0.6054 0 -0.79592
vn 0.45899 0 -0.88844
vn 0.38033 0 -0.92485
vn 0.29884 0 -0.9543
vn 0.21504 0 -0.9766
vn 0.1297 0 -0.99155
vn 0.04335 0 -0.99906
vn 0.73727 -0 0.6756
vn 0.79336 -0 0.60875
vn 0.92386 -0 0.38272
vn 0.95373 -0 0.30068
vn 0.95372 0 -0.30068
vn 0.92387 0 -0.38271
vn 0.79335 0 -0.60876
vn 0.73728 0 -0.67559
vn -0.73728 0 -0.67559
vn -0.79338 0 -0.60873
vn -0.92387 0 -0.38271
vn -0.95372 0 -0.30068
vn -0.95373 0 0.30068
vn -0.92386 0 0.38272
vn -0.79339 0 0.60871
vn -0.73727 0 0.6756
vn 0.64398 0 -0.76504
vn -0.99905 0.04363 0
vn -0.99144 0.13053 -0
vn -0.9763 0.21642 -0
vn -0.95371 0.30072 -0
vn -0.92388 0.38268 -0
vn -0.88703 0.46172 -0
vn -0.84338 0.53732 -0
vn -0.79338 0.60873 -0
vn -0.73726 0.6756 -0
vn -0.67559 0.73728 -0
vn -0.60877 0.79335 -0
vn -0.5373 0.84339 -0
vn -0.46173 0.88702 -0
vn -0.38268 0.92388 -0
vn -0.30069 0.95372 -0
vn -0.21645 0.97629 -0
vn -0.13057 0.99144 -0
vn -0.04359 0.99905 -0
vn 0.04359 0.99905 -0
vn 0.13057 0.99144 0
vn 0.21645 0.97629 0
vn 0.30069 0.95372 0
vn 0.38268 0.92388 0
vn 0.46173 0.88702 0
vn 0.5373 0.84339 0
vn 0.60877 0.79335 0
vn 0.67559 0.73728 0
vn 0.73726 0.6756 0
vn 0.79338 0.60873 0
vn 0.84338 0.53732 0
vn 0.88703 0.46172 0
vn 0.92388 0.38268 0
vn 0.95371 0.30072 0
vn 0.9763 0.21642 0
vn 0.99144 0.13053 0
vn 0.99905 0.04363 0
vn 0 0.99905 -0.0435
vn 0 0.99145 -0.1305
vn 0 0.97626 -0.21658
vn 0 0.95374 -0.30062
vn 0 0.92391 -0.38261
vn 0 0.88696 -0.46184
vn 0 0.8434 -0.53729
vn 0 0.79337 -0.60874
vn 0 0.73732 -0.67554
vn 0 0.67549 -0.73737
vn 0 0.60882 -0.79331
vn 0 0.53733 -0.84337
vn 0 0.46173 -0.88702
vn 0 0.38264 -0.9239
vn 0 0.30078 -0.95369
vn 0 0.21641 -0.9763
vn 0 0.13056 -0.99144
vn 0 0.04361 -0.99905
vn 0 -0.04361 0.99905
vn -0 -0.13054 0.99144
vn -0 -0.21644 0.9763
vn -0 -0.3007 0.95372
vn -0 -0.38268 0.92388
vn -0 -0.46176 0.887
vn -0 -0.53728 0.8434
vn -0 -0.60875 0.79337
vn -0 -0.67563 0.73724
vn -0 -0.73725 0.67562
vn -0 -0.79335 0.60876
vn -0 -0.84342 0.53726
vn -0 -0.88699 0.46178
vn -0 -0.92388 0.38269
vn 0 -0.9414 0.3373
vn 0 -0.95508 0.29634
vn 0 -0.99905 0.04365
vn -0 -0.9763 0.21643
vn -0 -0.99145 0.1305
vn -0.04335 0 -0.99906
vn -0.1297 0 -0.99155
vn -0.29883 0 -0.95431
vn -0.38034 0 -0.92485
vn -0.459 0 -0.88843
vn -0.5342 0 -0.84536
vn -0.60542 0 -0.79591
vn -0.83988 0 -0.54276
vn -0.88375 0 -0.46796
vn -0.92094 0 -0.38971
vn -0.95123 0 -0.30847
vn -0.97437 0 -0.22496
vn -0.99019 0 -0.1397
vn -0.99857 0 -0.05349
vn -0.99945 0 0.0332
vn -0.99282 0 0.11965
vn -0.97874 0 0.20512
vn -0.95728 0 0.28916
vn -0.89306 0 0.44994
vn -0.85072 0 0.52562
vn -0.80202 0 0.59729
vn -0.74727 0 0.66453
vn 0.89304 -0 0.44998
vn 0.92866 -0 0.37093
vn 0.97873 -0 0.20517
vn 0.97437 0 -0.22494
vn 0.95123 0 -0.3085
vn 0.92095 0 -0.38969
vn 0.67205 0 -0.7405
vn 0.60539 0 -0.79593
vn 0.29884 0 -0.9543
vn 0.79339 -0 0.60871
vn 0.79338 0 -0.60873
vn -0.79335 0 -0.60876
vn -0.79336 0 0.60875
vn 0.04362 0 0.99905
vn 0.04362 -0 0.99905
vn 0.13053 -0 0.99144
vn 0.21643 -0 0.9763
vn 0.30071 -0 0.95371
vn 0.38268 -0 0.92388
vn 0.46175 -0 0.88701
vn 0.5373 -0 0.84339
vn 0.60876 -0 0.79336
vn 0.67559 -0 0.73728
vn 0.73728 -0 0.67559
vn 0.79335 -0 0.60876
vn 0.84339 -0 0.5373
vn 0.88701 -0 0.46175
vn 0.92388 -0 0.38269
vn 0.95372 -0 0.3007
vn 0.9763 -0 0.21644
vn 0.99144 -0 0.13053
vn 0.99905 -0 0.04362
vn 0.99905 0 -0.04362
vn 0.99144 0 -0.13053
vn 0.9763 0 -0.21644
vn 0.95372 0 -0.30071
vn 0.92388 0 -0.38268
vn 0.88701 0 -0.46175
vn 0.84339 0 -0.5373
vn 0.79335 0 -0.60877
vn 0.73728 0 -0.67559
vn 0.67559 0 -0.73728
vn 0.60876 0 -0.79336
vn 0.5373 0 -0.84339
vn 0.46175 0 -0.88701
vn 0.38268 0 -0.92388
vn 0.30071 0 -0.95371
vn 0.21643 0 -0.9763
vn 0.13053 0 -0.99144
vn 0.04362 0 -0.99905
vn 0.04362 0 -0.99905
vn -0.04362 -0 -0.99905
vn -0.04362 -0 -0.99905
vn -0.13053 0 -0.99144
vn -0.21643 0 -0.9763
vn -0.30071 0 -0.95371
vn -0.38268 0 -0.92388
vn -0.46175 0 -0.88701
vn -0.5373 0 -0.84339
vn -0.60876 0 -0.79336
vn -0.67559 0 -0.73728
vn -0.73728 0 -0.67559
vn -0.79335 0 -0.60877
vn -0.84339 0 -0.5373
vn -0.88701 0 -0.46175
vn -0.92388 0 -0.38268
vn -0.95372 0 -0.30071
vn -0.9763 0 -0.21644
vn -0.99144 0 -0.13053
vn -0.99905 0 -0.04362
vn -0.99905 0 0.04362
vn -0.99144 0 0.13053
vn -0.9763 0 0.21644
vn -0.95372 0 0.3007
vn -0.92388 0 0.38269
vn -0.88701 0 0.46175
vn -0.84339 0 0.5373
vn -0.79335 0 0.60876
vn -0.73728 0 0.67559
vn -0.67559 0 0.73728
vn -0.60876 0 0.79336
vn -0.5373 0 0.84339
vn -0.46175 0 0.88701
vn -0.38268 0 0.92388
vn -0.30071 0 0.95371
vn -0.21643 0 0.9763
vn -0.13053 0 0.99144
vn -0.04362 0 0.99905
vn -0.04362 -0 0.99905
vn -0.04335 0 -0.99906
vn -0.1297 0 -0.99155
vn -0.45898 0 -0.88845
vn -0.99857 0 -0.05344
vn 0.68692 -0 0.72673
vn 0.89305 -0 0.44996
vn 0.99019 0 -0.13972
vn 0.78975 0 -0.61343
vn 0.73364 0 -0.67954
vn 0.60541 0 -0.79592
vn 0.53421 0 -0.84535
vn 0.38032 0 -0.92485
vn 0.29885 0 -0.9543
vn 0.21504 0 -0.9766
vn -0.89305 0 -0.44996
vn -0.99857 0 0.05347
vn -0.99019 0 0.13972
vn -0.78975 0 0.61343
vn -0.73364 0 0.67954
vn -0.67205 0 0.7405
vn -0.60541 0 0.79592
vn -0.53421 0 0.84535
vn -0.29884 0 0.9543
vn -0.21507 0 0.9766
vn -0.12967 0 0.99156
vn -0.04335 0 0.99906
vn 0.62248 0 -0.78264
vn 0.24929 0 -0.96843
vn 0.16721 0 -0.98592
vn -0.2493 0 -0.96843
vn 0.65479 0 -0.75581
vn 0.97437 -0 0.22494
vn -0.48288 0 0.87568
vn -0.0839 0 0.99647
vn 0.40771 -0 0.91311
vn -0.60539 0 -0.79593
vn -0.67205 0 -0.7405
vn -0.97873 0 0.20517
vn -0.92866 0 0.37093
vn -0.89304 0 0.44998
vn 0.99945 -0 0.03323
vn -0.80201 0 -0.59731
vn -0.85073 0 -0.52561
vn -0.21507 0 0.9766
vn -0.12968 0 0.99156
vn -0.65479 -0 -0.75581
vn 0.32967 0 -0.9441
vn -0.08387 0 -0.99648
vn -0.48286 0 -0.8757
vn -0.62247 0 -0.78264
vn 0.04335 -0 0.99906
vn 0.12967 -0 0.99156
vn 0.21507 -0 0.9766
vn 0.29884 -0 0.9543
vn 0.6054 -0 0.79592
vn 0.67205 -0 0.74051
vn 0.97437 -0 0.22495
vn 0.99019 -0 0.13973
vn 0.99857 -0 0.05345
vn 0.89304 0 -0.44997
vn 0.85072 0 -0.52561
vn 0.80202 0 -0.5973
vn -0.62247 0 0.78264
vn -0.55464 0 0.83209
vn -0.4077 0 0.91311
vn -0.2493 0 0.96843
vn -0.1672 0 0.98592
vn -0.08389 0 0.99647
vn 0.1672 -0 0.98592
vn 0.2493 -0 0.96843
vn 0.4077 -0 0.91311
vn 0.48287 -0 0.87569
vn 0.55464 -0 0.83209
vn 0.62247 -0 0.78264
vn -0.65479 0 0.75581
vn -0.21504 0 -0.9766
vn -0.29884 0 -0.9543
vn -0.6054 0 -0.79592
vn -0.67205 0 -0.74051
vn -0.92094 0 -0.3897
vn -0.95123 0 -0.30848
vn -0.97437 0 -0.22495
vn -0.99019 0 -0.13973
vn -0.99945 0 0.03322
vn -0.89304 0 0.44997
vn 0.68693 -0 0.72672
vn 0.80202 -0 0.5973
vn 0.85072 -0 0.52561
vn 0.89304 -0 0.44997
vn 0.92865 -0 0.37095
vn 0.95729 -0 0.28914
vn 0.97873 -0 0.20515
vn 0.99945 -0 0.03321
vn 0.99857 0 -0.05346
vn 0.95123 0 -0.30849
vn 0.92094 0 -0.3897
vn 0.88374 0 -0.46797
vn 0.83989 0 -0.54275
vn 0.78974 0 -0.61344
vn 0.73365 0 -0.67953
vn 0.67205 0 -0.7405
vn 0.53422 0 -0.84535
vn 0.459 0 -0.88844
vn 0.29884 0 -0.9543
vn 0.21505 0 -0.9766
vn 0.1297 0 -0.99155
vn 0.65479 0 0.75581
vn -0.62249 0 0.78263
vn -0.55462 0 0.8321
vn -0.40772 0 0.91311
vn 0.55465 -0 0.83209
vn 0.62247 -0 0.78265
vn -0.21504 0 -0.9766
vn -0.29885 0 -0.9543
vn -0.38032 0 -0.92485
vn -0.53421 0 -0.84535
vn -0.73364 0 -0.67954
vn -0.78975 0 -0.61343
vn -0.99019 0 -0.13972
vn -0.68692 0 0.72673
vn 0.65479 0 0.75581
vn -0.55464 0 0.83209
vn -0.48287 0 0.87569
vn 0.08389 -0 0.99647
vn 0.55464 -0 0.83209
vn -0.65479 0 0.75581
vn -0.1297 0 -0.99155
vn -0.21505 0 -0.9766
vn -0.29884 0 -0.9543
vn -0.459 0 -0.88844
vn -0.53422 0 -0.84535
vn -0.67205 0 -0.7405
vn -0.73365 0 -0.67953
vn -0.78974 0 -0.61344
vn -0.83989 0 -0.54275
vn -0.88374 0 -0.46797
vn -0.92094 0 -0.3897
vn -0.95123 0 -0.30849
vn -0.99857 0 -0.05346
vn -0.99945 0 0.03321
vn -0.97873 0 0.20515
vn -0.95729 0 0.28914
vn -0.92865 0 0.37095
vn -0.89304 0 0.44997
vn -0.85072 0 0.52561
vn -0.80202 0 0.5973
vn -0.68693 0 0.72672
vn 0.38032 -0 0.92485
vn 0.73363 -0 0.67955
vn 0.78976 -0 0.61342
vn 0.74729 0 -0.6645
vn 0.68691 0 -0.72674
vn -0.74727 0 -0.66453
vn -0.45898 0 0.88845
vn -0.38034 0 0.92485
vn -0.97437 0 0.22494
vn 0.2493 0 -0.96843
vn -0.16721 0 -0.98592
vn -0.24929 0 -0.96843
vn 0.0436 0 0.99905
vn 0.0436 -0 0.99905
vn 0.13054 -0 0.99144
vn 0.21642 -0 0.9763
vn 0.30071 -0 0.95372
vn 0.3827 -0 0.92387
vn 0.46174 -0 0.88701
vn 0.53732 -0 0.84338
vn 0.60874 -0 0.79337
vn 0.67559 -0 0.73728
vn 0.73729 -0 0.67558
vn 0.79336 -0 0.60876
vn 0.84339 -0 0.53731
vn 0.88701 -0 0.46175
vn 0.92388 -0 0.38267
vn 0.95372 -0 0.30071
vn 0.9763 -0 0.21644
vn 0.99144 -0 0.13053
vn 0.99905 -0 0.04362
vn 0.99905 0 -0.04362
vn 0.99144 0 -0.13053
vn 0.9763 0 -0.21644
vn 0.95372 0 -0.30071
vn 0.92388 0 -0.38267
vn 0.88701 0 -0.46175
vn 0.84339 0 -0.53731
vn 0.79336 0 -0.60876
vn 0.73727 0 -0.6756
vn 0.67559 0 -0.73728
vn 0.60876 0 -0.79335
vn 0.53732 0 -0.84338
vn 0.46174 0 -0.88701
vn 0.3827 0 -0.92387
vn 0.30071 0 -0.95372
vn 0.21642 0 -0.9763
vn 0.13054 0 -0.99144
vn 0.0436 0 -0.99905
vn 0.0436 0 -0.99905
vn -0.0436 -0 -0.99905
vn -0.0436 -0 -0.99905
vn -0.13054 0 -0.99144
vn -0.21642 0 -0.9763
vn -0.30071 0 -0.95372
vn -0.3827 0 -0.92387
vn -0.46174 0 -0.88701
vn -0.53732 0 -0.84338
vn -0.60876 0 -0.79335
vn -0.67559 0 -0.73728
vn -0.73727 0 -0.6756
vn -0.79336 0 -0.60876
vn -0.84339 0 -0.53731
vn -0.88701 0 -0.46175
vn -0.92388 0 -0.38267
vn -0.95372 0 -0.30071
vn -0.9763 0 -0.21644
vn -0.99144 0 -0.13053
vn -0.99905 0 -0.04362
vn -0.99905 0 0.04362
vn -0.99144 0 0.13053
vn -0.9763 0 0.21644
vn -0.95372 0 0.30071
vn -0.92388 0 0.38267
vn -0.88701 0 0.46175
vn -0.84339 0 0.53731
vn -0.79336 0 0.60876
vn -0.73729 0 0.67558
vn -0.67559 0 0.73728
vn -0.60874 0 0.79337
vn -0.53732 0 0.84338
vn -0.46174 0 0.88701
vn -0.3827 0 0.92387
vn -0.30071 0 0.95372
vn -0.21642 0 0.9763
vn -0.13054 0 0.99144
vn -0.0436 0 0.99905
vn -0.0436 -0 0.99905
vn -0.04362 0 -0.99905
vn -0.13053 0 -0.99144
vn -0.21644 0 -0.9763
vn -0.3007 0 -0.95372
vn -0.38269 0 -0.92388
vn -0.46174 0 -0.88701
vn -0.60876 0 -0.79335
vn -0.67559 0 -0.73728
vn -0.73728 0 -0.67559
vn -0.79335 0 -0.60876
vn -0.84339 0 -0.5373
vn -0.88701 0 -0.46175
vn -0.92388 0 -0.38268
vn -0.95372 0 -0.30071
vn -0.9763 0 -0.21644
vn -0.99144 0 -0.13053
vn -0.99905 0 -0.04362
vn -0.99905 -0 0.04362
vn -0.99144 -0 0.13053
vn -0.9763 -0 0.21644
vn -0.95372 -0 0.30071
vn -0.92388 -0 0.38269
vn -0.88701 -0 0.46175
vn -0.84339 -0 0.5373
vn -0.79335 -0 0.60876
vn -0.73728 -0 0.67559
vn -0.67559 -0 0.73728
vn -0.60876 -0 0.79335
vn -0.46174 -0 0.88701
vn -0.38268 -0 0.92388
vn -0.21644 -0 0.9763
vn -0.13053 -0 0.99144
vn -0.04362 -0 0.99905
vn -0.04362 -0 0.99905
vn 0.04362 0 0.99905
vn 0.04362 0 0.99905
vn 0.13053 -0 0.99144
vn 0.21644 -0 0.9763
vn 0.38268 -0 0.92388
vn 0.46174 -0 0.88701
vn 0.60876 -0 0.79335
vn 0.67559 -0 0.73728
vn 0.73728 -0 0.67559
vn 0.79335 -0 0.60876
vn 0.84339 -0 0.5373
vn 0.88701 -0 0.46175
vn 0.92388 -0 0.38269
vn 0.95372 -0 0.30071
vn 0.9763 -0 0.21644
vn 0.99144 -0 0.13053
vn 0.99905 -0 0.04362
vn 0.99905 -0 -0.04362
vn 0.99144 -0 -0.13053
vn 0.9763 -0 -0.21644
vn 0.95372 -0 -0.30071
vn 0.92388 -0 -0.38268
vn 0.88701 -0 -0.46175
vn 0.84339 -0 -0.5373
vn 0.79335 -0 -0.60876
vn 0.73728 -0 -0.67559
vn 0.67559 -0 -0.73728
vn 0.60876 -0 -0.79335
vn 0.46174 -0 -0.88701
vn 0.38269 -0 -0.92388
vn 0.3007 -0 -0.95372
vn 0.21644 -0 -0.9763
vn 0.13053 -0 -0.99144
vn 0.04362 -0 -0.99905
vn 0.04362 0 -0.99905
vn -0.04362 -0 -0.99905
vn 0.0436 0 -0.99905
vn -0.0436 -0 -0.99905
vn -0.0436 -0 0.99905
vn 0.0436 0 0.99905
vn -0.99905 0 0.04362
vn -0.99144 -0 0.13053
vn -0.9763 -0 0.21644
vn -0.92388 -0 0.38269
vn -0.88701 -0 0.46175
vn -0.84339 -0 0.5373
vn -0.79335 -0 0.60876
vn -0.73728 -0 0.67559
vn -0.67559 -0 0.73728
vn -0.60876 -0 0.79336
vn -0.53731 -0 0.84339
vn -0.46174 -0 0.88701
vn -0.38269 -0 0.92388
vn -0.3007 -0 0.95372
vn -0.21644 -0 0.9763
vn -0.13052 -0 0.99145
vn -0.04362 -0 0.99905
vn -0.04362 -0 0.99905
vn 0.04362 0 0.99905
vn 0.04362 0 0.99905
vn 0.13052 -0 0.99145
vn 0.21644 -0 0.9763
vn 0.3007 -0 0.95372
vn 0.38269 -0 0.92388
vn 0.46174 -0 0.88701
vn 0.53731 -0 0.84339
vn 0.60876 -0 0.79336
vn 0.67559 -0 0.73728
vn 0.73728 -0 0.67559
vn 0.79335 -0 0.60876
vn 0.84339 -0 0.5373
vn 0.88701 -0 0.46175
vn 0.92388 -0 0.38269
vn 0.9763 -0 0.21644
vn 0.99144 -0 0.13053
vn 0.99905 -0 0.04362
vn 0.99905 -0 -0.04362
vn 0.99144 -0 -0.13053
vn 0.9763 -0 -0.21644
vn 0.92388 -0 -0.38268
vn 0.88701 -0 -0.46175
vn 0.84339 -0 -0.5373
vn 0.79335 -0 -0.60876
vn 0.73728 -0 -0.67559
vn 0.67559 -0 -0.73728
vn 0.60876 -0 -0.79336
vn 0.53731 -0 -0.84339
vn 0.46174 -0 -0.88701
vn 0.38269 -0 -0.92388
vn 0.3007 -0 -0.95372
vn 0.21644 -0 -0.9763
vn 0.13052 -0 -0.99145
vn 0.04362 -0 -0.99905
vn 0.04362 0 -0.99905
vn -0.04362 -0 -0.99905
vn -0.04362 0 -0.99905
vn -0.13052 0 -0.99145
vn -0.21644 0 -0.9763
vn -0.3007 0 -0.95372
vn -0.38269 0 -0.92388
vn -0.46174 0 -0.88701
vn -0.53731 0 -0.84339
vn -0.60876 0 -0.79336
vn -0.67559 0 -0.73728
vn -0.73728 0 -0.67559
vn -0.79335 0 -0.60876
vn -0.84339 0 -0.5373
vn -0.88701 0 -0.46175
vn -0.92388 0 -0.38268
vn -0.9763 0 -0.21644
vn -0.99144 0 -0.13053
vn -0.99905 0 -0.04362
vn -0.99905 0 0.04362
vn -0.99144 -0 0.13053
vn -0.9763 -0 0.21644
vn -0.92388 -0 0.38269
vn -0.88701 -0 0.46175
vn -0.84339 -0 0.5373
vn -0.79335 -0 0.60876
vn -0.73727 -0 0.67559
vn -0.67559 -0 0.73728
vn -0.60876 -0 0.79335
vn -0.5373 -0 0.84339
vn -0.46175 -0 0.88701
vn -0.38268 -0 0.92388
vn -0.3007 -0 0.95372
vn -0.21644 -0 0.97629
vn -0.13052 -0 0.99145
vn -0.04363 -0 0.99905
vn -0.04363 -0 0.99905
vn 0.04363 0 0.99905
vn 0.04363 0 0.99905
vn 0.13052 -0 0.99145
vn 0.21644 -0 0.97629
vn 0.3007 -0 0.95372
vn 0.38268 -0 0.92388
vn 0.46175 -0 0.88701
vn 0.5373 -0 0.84339
vn 0.60876 -0 0.79335
vn 0.67559 -0 0.73728
vn 0.73727 -0 0.67559
vn 0.79335 -0 0.60876
vn 0.84339 -0 0.5373
vn 0.88701 -0 0.46175
vn 0.92388 -0 0.38269
vn 0.9763 -0 0.21644
vn 0.99144 -0 0.13053
vn 0.99905 -0 0.04362
vn 0.99905 -0 -0.04362
vn 0.99144 -0 -0.13053
vn 0.9763 -0 -0.21644
vn 0.92388 -0 -0.38269
vn 0.88701 -0 -0.46175
vn 0.84339 -0 -0.5373
vn 0.79335 -0 -0.60876
vn 0.73727 -0 -0.67559
vn 0.67559 -0 -0.73728
vn 0.5373 -0 -0.84339
vn 0.46175 -0 -0.88701
vn 0.38268 -0 -0.92388
vn 0.3007 -0 -0.95372
vn 0.21644 -0 -0.97629
vn 0.13052 -0 -0.99145
vn 0.04363 -0 -0.99905
vn 0.04363 0 -0.99905
vn -0.04363 -0 -0.99905
vn -0.04363 0 -0.99905
vn -0.13052 0 -0.99145
vn -0.21644 0 -0.97629
vn -0.3007 0 -0.95372
vn -0.38268 0 -0.92388
vn -0.46175 0 -0.88701
vn -0.5373 0 -0.84339
vn -0.67559 0 -0.73728
vn -0.73727 0 -0.67559
vn -0.79335 0 -0.60876
vn -0.84339 0 -0.5373
vn -0.88701 0 -0.46175
vn -0.92388 0 -0.38269
vn -0.9763 0 -0.21644
vn -0.99144 0 -0.13053
vn -0.99905 0 -0.04362
vn -0.04362 -0 0.99905
vn 0.04362 0 0.99905
vn 0.04362 0 -0.99905
vn -0.04362 -0 -0.99905
vn -0.99905 0 0.04362
vn -0.99144 -0 0.13053
vn -0.9763 -0 0.21644
vn -0.95372 -0 0.3007
vn -0.92388 -0 0.38269
vn -0.88701 -0 0.46175
vn -0.84339 -0 0.5373
vn -0.79335 -0 0.60876
vn -0.73728 -0 0.67559
vn -0.67559 -0 0.73728
vn -0.60876 -0 0.79335
vn -0.5373 -0 0.84339
vn -0.46175 -0 0.88701
vn -0.38268 -0 0.92388
vn -0.30071 -0 0.95372
vn -0.21644 -0 0.9763
vn -0.13053 -0 0.99144
vn -0.04362 -0 0.99905
vn -0.04362 -0 0.99905
vn 0.04362 0 0.99905
vn 0.04362 0 0.99905
vn 0.13053 -0 0.99144
vn 0.21644 -0 0.9763
vn 0.30071 -0 0.95372
vn 0.38268 -0 0.92388
vn 0.46175 -0 0.88701
vn 0.5373 -0 0.84339
vn 0.60876 -0 0.79335
vn 0.67559 -0 0.73728
vn 0.73728 -0 0.67559
vn 0.79335 -0 0.60876
vn 0.84339 -0 0.5373
vn 0.88701 -0 0.46175
vn 0.92388 -0 0.38269
vn 0.95372 -0 0.3007
vn 0.9763 -0 0.21644
vn 0.99144 -0 0.13053
vn 0.99905 -0 0.04362
vn 0.99905 -0 -0.04362
vn 0.99144 -0 -0.13053
vn 0.9763 -0 -0.21644
vn 0.95372 -0 -0.3007
vn 0.92388 -0 -0.38268
vn 0.88701 -0 -0.46175
vn 0.84339 -0 -0.53729
vn 0.79335 -0 -0.60876
vn 0.73728 -0 -0.67559
vn 0.67559 -0 -0.73728
vn 0.60876 -0 -0.79335
vn 0.5373 -0 -0.84339
vn 0.46175 -0 -0.88701
vn 0.38268 -0 -0.92388
vn 0.30071 -0 -0.95372
vn 0.21644 -0 -0.9763
vn 0.13053 -0 -0.99144
vn 0.04362 -0 -0.99905
vn 0.04362 0 -0.99905
vn -0.04362 -0 -0.99905
vn -0.04362 0 -0.99905
vn -0.13053 0 -0.99144
vn -0.21644 0 -0.9763
vn -0.30071 0 -0.95372
vn -0.38268 0 -0.92388
vn -0.46175 0 -0.88701
vn -0.5373 0 -0.84339
vn -0.60876 0 -0.79335
vn -0.67559 0 -0.73728
vn -0.73728 0 -0.67559
vn -0.79335 0 -0.60876
vn -0.84339 0 -0.53729
vn -0.88701 0 -0.46175
vn -0.92388 0 -0.38268
vn -0.95372 0 -0.3007
vn -0.9763 0 -0.21644
vn -0.99144 0 -0.13053
vn -0.99905 0 -0.04362
vn -0.04362 -0 0.99905
vn 0.04362 0 0.99905
vn 0.04362 0 -0.99905
vn -0.04362 -0 -0.99905
f 1//1 2//1 3//1
f 2//2 4//2 3//2
f 3//2 4//2 5//2
f 4//3 6//3 5//3
f 5//3 6//3 7//3
f 6//4 8//4 7//4
f 7//4 8//4 9//4
f 8//5 10//5 9//5
f 9//5 10//5 11//5
f 10//6 12//6 11//6
f 11//6 12//6 13//6
f 12//7 14//7 13//7
f 13//7 14//7 15//7
f 14//8 16//8 15//8
f 15//8 16//8 17//8
f 16//9 18//9 17//9
f 17//9 18//9 19//9
f 18//10 20//10 19//10
f 19//10 20//10 21//10
f 20//11 22//11 21//11
f 21//11 22//11 23//11
f 22//12 24//12 23//12
f 23//12 24//12 25//12
f 24//13 26//13 25//13
f 25//13 26//13 27//13
f 26//14 28//14 27//14
f 27//14 28//14 29//14
f 28//15 30//15 29//15
f 29//15 30//15 31//15
f 30//16 32//16 31//16
f 31//16 32//16 33//16
f 32//17 34//17 33//17
f 33//17 34//17 35//17
f 34//18 36//18 35//18
f 35//18 36//18 37//18
f 36//19 38//19 37//19
f 37//19 38//19 39//19
f 38//20 40//20 39//20
f 39//20 40//20 41//20
f 40//21 42//21 41//21
f 41//21 42//21 43//21
f 42//22 44//22 43//22
f 43//22 44//22 45//22
f 44//23 46//23 45//23
f 45//23 46//23 47//23
f 46//24 48//24 47//24
f 47//24 48//24 49//24
f 48//25 50//25 49//25
f 49//25 50//25 51//25
f 50//26 52//26 51//26
f 51//26 52//26 53//26
f 52//27 54//27 53//27
f 53//27 54//27 55//27
f 54//28 56//28 55//28
f 55//28 56//28 57//28
f 56//29 58//29 57//29
f 57//29 58//29 59//29
f 58//30 60//30 59//30
f 59//30 60//30 61//30
f 60//31 62//31 61//31
f 61//31 62//31 63//31
f 62//32 64//32 63//32
f 63//32 64//32 65//32
f 64//33 66//33 65//33
f 65//33 66//33 67//33
f 66//34 68//34 67//34
f 67//34 68//34 69//34
f 68//35 70//35 69//35
f 69//35 70//35 71//35
f 70//36 72//36 71//36
f 71//36 72//36 73//36
f 72//37 74//37 73//37
f 73//37 74//37 75//37
f 74//38 76//38 75//38
f 75//38 76//38 77//38
f 76//39 78//39 77//39
f 77//39 78//39 79//39
f 78//40 80//40 79//40
f 79//40 80//40 81//40
f 80//41 82//41 81//41
f 81//41 82//41 83//41
f 82//42 84//42 83//42
f 83//42 84//42 85//42
f 84//43 86//43 85//43
f 85//43 86//43 87//43
f 86//44 88//44 87//44
f 87//44 88//44 89//44
f 88//45 90//45 89//45
f 89//45 90//45 91//45
f 90//46 92//46 91//46
f 91//46 92//46 93//46
f 92//47 94//47 93//47
f 93//47 94//47 95//47
f 94//48 96//48 95//48
f 95//48 96//48 97//48
f 96//49 98//49 97//49
f 97//49 98//49 99//49
f 98//50 100//50 99//50
f 99//50 100//50 101//50
f 100//51 102//51 101//51
f 101//51 102//51 103//51
f 102//52 104//52 103//52
f 103//52 104//52 105//52
f 104//53 106//53 105//53
f 105//53 106//53 107//53
f 106//54 108//54 107//54
f 107//54 108//54 109//54
f 108//55 110//55 109//55
f 109//55 110//55 111//55
f 110//56 112//56 111//56
f 111//56 112//56 113//56
f 112//57 114//57 113//57
f 113//57 114//57 115//57
f 114//58 116//58 115//58
f 115//58 116//58 117//58
f 116//59 118//59 117//59
f 117//59 118//59 119//59
f 118//60 120//60 119//60
f 119//60 120//60 121//60
f 120//61 122//61 121//61
f 121//61 122//61 123//61
f 122//62 124//62 123//62
f 123//62 124//62 125//62
f 124//63 126//63 125//63
f 125//63 126//63 127//63
f 126//64 128//64 127//64
f 127//64 128//64 129//64
f 128//65 130//65 129//65
f 129//65 130//65 131//65
f 130//66 132//66 131//66
f 131//66 132//66 133//66
f 132//67 134//67 133//67
f 133//67 134//67 135//67
f 134//68 136//68 135//68
f 135//68 136//68 137//68
f 136//69 138//69 137//69
f 137//69 138//69 139//69
f 138//70 140//70 139//70
f 139//70 140//70 141//70
f 140//71 142//71 141//71
f 141//71 142//71 143//71
f 142//72 144//72 143//72
f 143//72 144//72 1//72
f 144//1 2//1 1//1
f 145//73 146//73 147//73
f 148//74 149//74 150//74
f 151//75 152//75 153//75
f 152//76 145//76 153//76
f 153//77 145//77 154//77
f 148//78 150//78 145//78
f 150//79 155//79 145//79
f 145//80 155//80 156//80
f 147//81 157//81 145//81
f 157//82 158//82 145//82
f 145//83 158//83 154//83
f 156//84 159//84 145//84
f 159//85 160//85 145//85
f 145//86 160//86 146//86
f 161//87 162//87 163//87
f 164//88 165//88 166//88
f 167//89 168//89 169//89
f 168//90 161//90 169//90
f 169//91 161//91 170//91
f 164//92 166//92 161//92
f 166//93 171//93 161//93
f 161//94 171//94 172//94
f 163//95 173//95 161//95
f 173//96 174//96 161//96
f 161//97 174//97 170//97
f 172//98 175//98 161//98
f 175//99 176//99 161//99
f 161//100 176//100 162//100
f 177//101 178//101 179//101
f 180//101 181//101 182//101
f 183//101 184//101 185//101
f 184//101 177//101 185//101
f 185//101 177//101 186//101
f 180//101 182//101 177//101
f 182//101 187//101 177//101
f 177//101 187//101 188//101
f 179//101 189//101 177//101
f 189//101 190//101 177//101
f 177//101 190//101 186//101
f 188//101 191//101 177//101
f 191//101 192//101 177//101
f 177//101 192//101 178//101
f 193//102 194//102 195//102
f 152//103 151//103 196//103
f 181//103 180//103 197//103
f 180//104 193//104 197//104
f 197//105 193//105 198//105
f 152//106 196//106 193//106
f 196//107 199//107 193//107
f 193//108 199//108 200//108
f 195//109 201//109 193//109
f 201//110 202//110 193//110
f 193//111 202//111 198//111
f 200//112 203//112 193//112
f 203//113 204//113 193//113
f 193//114 204//114 194//114
f 205//115 206//115 207//115
f 168//115 167//115 208//115
f 149//115 148//115 209//115
f 148//115 205//115 209//115
f 209//115 205//115 210//115
f 168//115 208//115 205//115
f 208//115 211//115 205//115
f 205//115 211//115 212//115
f 207//115 213//115 205//115
f 213//115 214//115 205//115
f 205//115 214//115 210//115
f 212//115 215//115 205//115
f 215//115 216//115 205//115
f 205//115 216//115 206//115
f 217//116 218//116 219//116
f 184//117 183//117 220//117
f 165//117 164//117 221//117
f 164//118 217//118 221//118
f 221//119 217//119 222//119
f 184//120 220//120 217//120
f 220//121 223//121 217//121
f 217//122 223//122 224//122
f 219//123 225//123 217//123
f 225//124 226//124 217//124
f 217//125 226//125 222//125
f 224//126 227//126 217//126
f 227//127 228//127 217//127
f 217//128 228//128 218//128
f 229//129 230//129 231//129
f 230//129 232//129 231//129
f 231//129 232//129 233//129
f 232//129 234//129 233//129
f 233//129 234//129 235//129
f 234//129 236//129 235//129
f 235//129 236//129 237//129
f 236//129 238//129 237//129
f 237//129 238//129 239//129
f 238//129 240//129 239//129
f 239//129 240//129 241//129
f 240//129 242//129 241//129
f 241//129 242//129 243//129
f 242//129 244//129 243//129
f 243//129 244//129 245//129
f 244//129 246//129 245//129
f 245//129 246//129 247//129
f 246//129 248//129 247//129
f 247//129 248//129 249//129
f 248//129 250//129 249//129
f 249//129 250//129 251//129
f 250//129 252//129 251//129
f 251//129 252//129 253//129
f 252//129 254//129 253//129
f 253//129 254//129 255//129
f 254//129 256//129 255//129
f 255//129 256//129 257//129
f 256//129 258//129 257//129
f 257//129 258//129 259//129
f 258//129 260//129 259//129
f 259//129 260//129 261//129
f 260//129 262//129 261//129
f 261//129 262//129 263//129
f 262//129 264//129 263//129
f 263//129 264//129 265//129
f 264//129 266//129 265//129
f 265//129 266//129 267//129
f 266//129 268//129 267//129
f 267//129 268//129 269//129
f 268//129 270//129 269//129
f 269//129 270//129 271//129
f 270//129 272//129 271//129
f 271//129 272//129 273//129
f 272//129 274//129 273//129
f 273//129 274//129 275//129
f 274//129 276//129 275//129
f 275//129 276//129 277//129
f 276//129 278//129 277//129
f 277//129 278//129 279//129
f 278//129 280//129 279//129
f 279//129 280//129 281//129
f 280//129 282//129 281//129
f 281//129 282//129 283//129
f 282//129 284//129 283//129
f 283//129 284//129 285//129
f 284//129 286//129 285//129
f 285//129 286//129 287//129
f 286//129 288//129 287//129
f 287//129 288//129 289//129
f 288//129 290//129 289//129
f 289//129 290//129 291//129
f 290//129 292//129 291//129
f 291//129 292//129 293//129
f 292//129 294//129 293//129
f 293//129 294//129 295//129
f 294//129 296//129 295//129
f 295//129 296//129 297//129
f 296//129 298//129 297//129
f 297//129 298//129 299//129
f 298//129 300//129 299//129
f 299//129 300//129 301//129
f 300//129 302//129 301//129
f 301//129 302//129 303//129
f 302//129 304//129 303//129
f 303//129 304//129 305//129
f 304//129 306//129 305//129
f 305//129 306//129 307//129
f 306//129 308//129 307//129
f 307//129 308//129 309//129
f 308//129 310//129 309//129
f 309//129 310//129 311//129
f 310//129 312//129 311//129
f 311//129 312//129 313//129
f 312//129 314//129 313//129
f 313//129 314//129 315//129
f 314//129 316//129 315//129
f 315//129 316//129 317//129
f 316//129 318//129 317//129
f 317//129 318//129 319//129
f 318//129 320//129 319//129
f 319//129 320//129 321//129
f 320//129 322//129 321//129
f 321//129 322//129 323//129
f 322//129 324//129 323//129
f 323//129 324//129 325//129
f 324//129 326//129 325//129
f 325//129 326//129 327//129
f 326//129 328//129 327//129
f 327//129 328//129 329//129
f 328//129 330//129 329//129
f 329//129 330//129 331//129
f 330//129 332//129 331//129
f 331//129 332//129 333//129
f 332//129 334//129 333//129
f 333//129 334//129 335//129
f 334//129 336//129 335//129
f 335//129 336//129 337//129
f 336//129 338//129 337//129
f 337//129 338//129 339//129
f 338//129 340//129 339//129
f 339//129 340//129 341//129
f 340//129 342//129 341//129
f 341//129 342//129 343//129
f 342//129 344//129 343//129
f 343//129 344//129 345//129
f 344//129 346//129 345//129
f 345//129 346//129 347//129
f 346//129 348//129 347//129
f 347//129 348//129 349//129
f 348//129 350//129 349//129
f 349//129 350//129 351//129
f 350//129 352//129 351//129
f 351//129 352//129 353//129
f 352//129 354//129 353//129
f 353//129 354//129 355//129
f 354//129 356//129 355//129
f 355//129 356//129 357//129
f 356//129 358//129 357//129
f 357//129 358//129 359//129
f 358//129 360//129 359//129
f 359//129 360//129 361//129
f 360//129 362//129 361//129
f 361//129 362//129 363//129
f 362//129 364//129 363//129
f 363//129 364//129 365//129
f 364//129 366//129 365//129
f 365//129 366//129 367//129
f 366//129 368//129 367//129
f 367//129 368//129 369//129
f 368//129 370//129 369//129
f 369//129 370//129 371//129
f 370//129 372//129 371//129
f 371//129 372//129 229//129
f 372//129 230//129 229//129
f 152//129 193//129 373//129
f 373//129 374//129 152//129
f 374//129 375//129 152//129
f 152//129 375//129 376//129
f 145//129 152//129 377//129
f 152//129 378//129 377//129
f 376//129 379//129 152//129
f 379//129 380//129 152//129
f 152//129 380//129 381//129
f 381//129 382//129 152//129
f 382//129 383//129 152//129
f 152//129 383//129 378//129
f 194//130 384//130 195//130
f 384//131 385//131 195//131
f 195//132 385//132 201//132
f 385//133 386//133 201//133
f 201//134 386//134 202//134
f 386//135 387//135 202//135
f 202//136 387//136 198//136
f 387//137 388//137 198//137
f 198//138 388//138 197//138
f 388//139 389//139 197//139
f 197//140 389//140 181//140
f 178//141 192//141 390//141
f 192//142 191//142 390//142
f 390//143 191//143 391//143
f 191//144 188//144 391//144
f 391//145 188//145 392//145
f 188//146 187//146 392//146
f 392//147 187//147 393//147
f 187//148 182//148 393//148
f 393//149 182//149 394//149
f 182//150 181//150 394//150
f 394//151 181//151 395//151
f 181//152 389//152 395//152
f 146//153 396//153 147//153
f 396//154 397//154 147//154
f 147//155 397//155 157//155
f 397//156 398//156 157//156
f 157//157 398//157 158//157
f 398//158 399//158 158//158
f 158//159 399//159 154//159
f 399//160 400//160 154//160
f 154//161 400//161 153//161
f 400//162 401//162 153//162
f 153//163 401//163 151//163
f 194//164 204//164 402//164
f 204//165 203//165 402//165
f 402//166 203//166 403//166
f 203//167 200//167 403//167
f 403//168 200//168 404//168
f 200//169 199//169 404//169
f 404//170 199//170 405//170
f 199//171 196//171 405//171
f 405//172 196//172 406//172
f 196//173 151//173 406//173
f 406//174 151//174 407//174
f 151//175 401//175 407//175
f 206//176 194//176 402//176
f 206//176 146//176 408//176
f 146//176 409//176 408//176
f 408//176 409//176 410//176
f 411//176 412//176 194//176
f 194//176 218//176 413//176
f 206//176 414//176 194//176
f 414//176 415//176 194//176
f 194//176 415//176 416//176
f 412//176 417//176 194//176
f 417//176 418//176 194//176
f 194//176 418//176 218//176
f 398//176 397//176 206//176
f 397//176 396//176 206//176
f 206//176 396//176 146//176
f 194//176 419//176 420//176
f 392//176 393//176 388//176
f 387//176 386//176 390//176
f 420//176 421//176 194//176
f 421//176 422//176 194//176
f 194//176 422//176 162//176
f 162//176 423//176 194//176
f 423//176 424//176 194//176
f 194//176 424//176 425//176
f 194//176 426//176 427//176
f 427//176 428//176 194//176
f 428//176 178//176 194//176
f 194//176 178//176 384//176
f 178//176 390//176 384//176
f 384//176 390//176 385//176
f 390//176 386//176 385//176
f 429//176 430//176 409//176
f 430//176 431//176 409//176
f 409//176 431//176 410//176
f 429//176 432//176 430//176
f 432//176 433//176 430//176
f 430//176 433//176 434//176
f 434//176 435//176 430//176
f 435//176 436//176 430//176
f 430//176 436//176 437//176
f 416//176 438//176 194//176
f 438//176 439//176 194//176
f 194//176 439//176 440//176
f 440//176 441//176 194//176
f 441//176 442//176 194//176
f 194//176 442//176 419//176
f 425//176 443//176 194//176
f 443//176 444//176 194//176
f 194//176 444//176 445//176
f 413//176 446//176 194//176
f 446//176 447//176 194//176
f 194//176 447//176 448//176
f 448//176 449//176 194//176
f 449//176 450//176 194//176
f 194//176 450//176 451//176
f 451//176 452//176 194//176
f 452//176 453//176 194//176
f 194//176 453//176 426//176
f 387//176 390//176 388//176
f 390//176 391//176 388//176
f 388//176 391//176 392//176
f 393//176 394//176 388//176
f 394//176 395//176 388//176
f 388//176 395//176 389//176
f 402//176 403//176 206//176
f 403//176 404//176 206//176
f 206//176 404//176 405//176
f 405//176 406//176 206//176
f 406//176 407//176 206//176
f 206//176 407//176 401//176
f 445//176 454//176 194//176
f 454//176 455//176 194//176
f 194//176 455//176 411//176
f 401//176 400//176 206//176
f 400//176 399//176 206//176
f 206//176 399//176 398//176
f 456//129 457//129 458//129
f 457//129 459//129 458//129
f 458//129 459//129 460//129
f 461//129 462//129 458//129
f 462//129 463//129 458//129
f 458//129 463//129 456//129
f 464//129 465//129 458//129
f 465//129 466//129 458//129
f 458//129 466//129 461//129
f 467//129 468//129 458//129
f 468//129 469//129 458//129
f 458//129 469//129 464//129
f 470//129 471//129 458//129
f 471//129 472//129 458//129
f 458//129 472//129 467//129
f 473//129 474//129 458//129
f 474//129 475//129 458//129
f 458//129 475//129 470//129
f 476//129 477//129 458//129
f 477//129 478//129 458//129
f 458//129 478//129 473//129
f 479//129 480//129 458//129
f 480//129 481//129 458//129
f 458//129 481//129 476//129
f 482//129 483//129 458//129
f 483//129 484//129 458//129
f 458//129 484//129 479//129
f 485//129 486//129 458//129
f 486//129 487//129 458//129
f 458//129 487//129 482//129
f 488//129 489//129 458//129
f 489//129 490//129 458//129
f 458//129 490//129 485//129
f 491//129 492//129 458//129
f 492//129 493//129 458//129
f 458//129 493//129 488//129
f 494//129 495//129 458//129
f 495//129 496//129 458//129
f 458//129 496//129 491//129
f 497//129 498//129 458//129
f 498//129 499//129 458//129
f 458//129 499//129 494//129
f 500//129 501//129 458//129
f 501//129 502//129 458//129
f 458//129 502//129 497//129
f 503//129 504//129 458//129
f 504//129 505//129 458//129
f 458//129 505//129 500//129
f 506//129 507//129 458//129
f 507//129 508//129 458//129
f 458//129 508//129 503//129
f 509//129 510//129 458//129
f 510//129 511//129 458//129
f 458//129 511//129 506//129
f 512//129 513//129 458//129
f 513//129 514//129 458//129
f 458//129 514//129 509//129
f 515//129 516//129 458//129
f 516//129 517//129 458//129
f 458//129 517//129 512//129
f 518//129 519//129 458//129
f 519//129 520//129 458//129
f 458//129 520//129 515//129
f 521//129 522//129 458//129
f 522//129 523//129 458//129
f 458//129 523//129 518//129
f 524//129 525//129 458//129
f 525//129 526//129 458//129
f 458//129 526//129 521//129
f 460//129 527//129 458//129
f 527//129 528//129 458//129
f 458//129 528//129 524//129
f 144//177 495//177 2//177
f 495//178 494//178 2//178
f 2//179 494//179 4//179
f 494//180 499//180 4//180
f 4//181 499//181 6//181
f 499//182 498//182 6//182
f 6//183 498//183 8//183
f 498//184 497//184 8//184
f 8//185 497//185 10//185
f 497//186 502//186 10//186
f 10//187 502//187 12//187
f 502//188 501//188 12//188
f 12//189 501//189 14//189
f 501//190 500//190 14//190
f 14//191 500//191 16//191
f 500//192 505//192 16//192
f 16//193 505//193 18//193
f 505//194 504//194 18//194
f 18//195 504//195 20//195
f 504//196 503//196 20//196
f 20//197 503//197 22//197
f 503//198 508//198 22//198
f 22//199 508//199 24//199
f 508//200 507//200 24//200
f 24//201 507//201 26//201
f 507//202 506//202 26//202
f 26//203 506//203 28//203
f 506//204 511//204 28//204
f 28//205 511//205 30//205
f 511//206 510//206 30//206
f 30//207 510//207 32//207
f 510//208 509//208 32//208
f 32//209 509//209 34//209
f 509//210 514//210 34//210
f 34//211 514//211 36//211
f 514//212 513//212 36//212
f 36//213 513//213 38//213
f 513//214 512//214 38//214
f 38//215 512//215 40//215
f 512//216 517//216 40//216
f 40//217 517//217 42//217
f 517//218 516//218 42//218
f 42//219 516//219 44//219
f 516//220 515//220 44//220
f 44//221 515//221 46//221
f 515//222 520//222 46//222
f 46//223 520//223 48//223
f 520//224 519//224 48//224
f 48//225 519//225 50//225
f 519//226 518//226 50//226
f 50//227 518//227 52//227
f 518//228 523//228 52//228
f 52//229 523//229 54//229
f 523//230 522//230 54//230
f 54//231 522//231 56//231
f 522//232 521//232 56//232
f 56//233 521//233 58//233
f 521//234 526//234 58//234
f 58//235 526//235 60//235
f 526//236 525//236 60//236
f 60//237 525//237 62//237
f 525//238 524//238 62//238
f 62//239 524//239 64//239
f 524//240 528//240 64//240
f 64//241 528//241 66//241
f 528//242 527//242 66//242
f 66//243 527//243 68//243
f 527//244 460//244 68//244
f 68//245 460//245 70//245
f 460//246 459//246 70//246
f 70//247 459//247 72//247
f 459//248 457//248 72//248
f 72//249 457//249 74//249
f 457//250 456//250 74//250
f 74//251 456//251 76//251
f 456//252 463//252 76//252
f 76//253 463//253 78//253
f 463//254 462//254 78//254
f 78//255 462//255 80//255
f 462//256 461//256 80//256
f 80//257 461//257 82//257
f 461//258 466//258 82//258
f 82//259 466//259 84//259
f 466//260 465//260 84//260
f 84//261 465//261 86//261
f 465//262 464//262 86//262
f 86//263 464//263 88//263
f 464//264 469//264 88//264
f 88//265 469//265 90//265
f 469//266 468//266 90//266
f 90//267 468//267 92//267
f 468//268 467//268 92//268
f 92//269 467//269 94//269
f 467//270 472//270 94//270
f 94//271 472//271 96//271
f 472//272 471//272 96//272
f 96//273 471//273 98//273
f 471//274 470//274 98//274
f 98//275 470//275 100//275
f 470//276 475//276 100//276
f 100//277 475//277 102//277
f 475//278 474//278 102//278
f 102//279 474//279 104//279
f 474//280 473//280 104//280
f 104//281 473//281 106//281
f 473//282 478//282 106//282
f 106//283 478//283 108//283
f 478//284 477//284 108//284
f 108//285 477//285 110//285
f 477//286 476//286 110//286
f 110//287 476//287 112//287
f 476//288 481//288 112//288
f 112//289 481//289 114//289
f 481//290 480//290 114//290
f 114//291 480//291 116//291
f 480//292 479//292 116//292
f 116//293 479//293 118//293
f 479//294 484//294 118//294
f 118//295 484//295 120//295
f 484//296 483//296 120//296
f 120//297 483//297 122//297
f 483//298 482//298 122//298
f 122//299 482//299 124//299
f 482//300 487//300 124//300
f 124//301 487//301 126//301
f 487//302 486//302 126//302
f 126//303 486//303 128//303
f 486//304 485//304 128//304
f 128//305 485//305 130//305
f 485//306 490//306 130//306
f 130//307 490//307 132//307
f 490//308 489//308 132//308
f 132//309 489//309 134//309
f 489//310 488//310 134//310
f 134//311 488//311 136//311
f 488//312 493//312 136//312
f 136//313 493//313 138//313
f 493//314 492//314 138//314
f 138//315 492//315 140//315
f 492//316 491//316 140//316
f 140//317 491//317 142//317
f 491//318 496//318 142//318
f 142//319 496//319 144//319
f 496//320 495//320 144//320
f 347//321 529//321 345//321
f 529//322 530//322 345//322
f 345//323 530//323 343//323
f 530//324 531//324 343//324
f 343//325 531//325 341//325
f 531//326 532//326 341//326
f 341//327 532//327 339//327
f 532//328 533//328 339//328
f 339//329 533//329 337//329
f 533//330 534//330 337//330
f 337//331 534//331 335//331
f 534//332 535//332 335//332
f 335//333 535//333 333//333
f 535//334 536//334 333//334
f 333//335 536//335 331//335
f 536//336 537//336 331//336
f 331//337 537//337 329//337
f 537//338 538//338 329//338
f 329//339 538//339 327//339
f 538//340 539//340 327//340
f 327//341 539//341 325//341
f 539//342 540//342 325//342
f 325//343 540//343 323//343
f 540//344 541//344 323//344
f 323//345 541//345 321//345
f 541//346 542//346 321//346
f 321//347 542//347 319//347
f 542//348 543//348 319//348
f 319//349 543//349 317//349
f 543//350 544//350 317//350
f 317//351 544//351 315//351
f 544//352 545//352 315//352
f 315//353 545//353 313//353
f 545//354 546//354 313//354
f 313//355 546//355 311//355
f 546//356 547//356 311//356
f 311//357 547//357 309//357
f 547//358 548//358 309//358
f 309//359 548//359 307//359
f 548//360 549//360 307//360
f 307//361 549//361 305//361
f 549//362 550//362 305//362
f 305//363 550//363 303//363
f 550//364 551//364 303//364
f 303//365 551//365 301//365
f 551//366 552//366 301//366
f 301//367 552//367 299//367
f 552//368 553//368 299//368
f 299//369 553//369 297//369
f 553//370 554//370 297//370
f 297//371 554//371 295//371
f 554//372 555//372 295//372
f 295//373 555//373 293//373
f 555//374 556//374 293//374
f 293//375 556//375 291//375
f 556//376 557//376 291//376
f 291//377 557//377 289//377
f 557//378 558//378 289//378
f 289//379 558//379 287//379
f 558//380 559//380 287//380
f 287//381 559//381 285//381
f 559//382 560//382 285//382
f 285//383 560//383 283//383
f 560//384 561//384 283//384
f 283//385 561//385 281//385
f 561//386 562//386 281//386
f 281//387 562//387 279//387
f 562//388 563//388 279//388
f 279//389 563//389 277//389
f 563//390 564//390 277//390
f 277//391 564//391 275//391
f 564//392 565//392 275//392
f 275//393 565//393 273//393
f 565//394 566//394 273//394
f 273//395 566//395 271//395
f 566//396 567//396 271//396
f 271//397 567//397 269//397
f 567//398 568//398 269//398
f 269//399 568//399 267//399
f 568//400 569//400 267//400
f 267//401 569//401 265//401
f 569//402 570//402 265//402
f 265//403 570//403 263//403
f 570//404 571//404 263//404
f 263//405 571//405 261//405
f 571//406 572//406 261//406
f 261//407 572//407 259//407
f 572//408 573//408 259//408
f 259//409 573//409 257//409
f 573//410 574//410 257//410
f 257//411 574//411 255//411
f 574//412 575//412 255//412
f 255//413 575//413 253//413
f 575//414 576//414 253//414
f 253//415 576//415 251//415
f 576//416 577//416 251//416
f 251//417 577//417 249//417
f 577//418 578//418 249//418
f 249//419 578//419 247//419
f 578//420 579//420 247//420
f 247//421 579//421 245//421
f 579//422 580//422 245//422
f 245//423 580//423 243//423
f 580//424 581//424 243//424
f 243//425 581//425 241//425
f 581//426 582//426 241//426
f 241//427 582//427 239//427
f 582//428 583//428 239//428
f 239//429 583//429 237//429
f 583//430 584//430 237//430
f 237//431 584//431 235//431
f 584//432 585//432 235//432
f 235//433 585//433 233//433
f 585//434 586//434 233//434
f 233//435 586//435 231//435
f 586//436 587//436 231//436
f 231//437 587//437 229//437
f 587//438 588//438 229//438
f 229//439 588//439 371//439
f 588//440 589//440 371//440
f 371//441 589//441 369//441
f 589//442 590//442 369//442
f 369//443 590//443 367//443
f 590//444 591//444 367//444
f 367//445 591//445 365//445
f 591//446 592//446 365//446
f 365//447 592//447 363//447
f 592//448 593//448 363//448
f 363//449 593//449 361//449
f 593//450 594//450 361//450
f 361//451 594//451 359//451
f 594//452 595//452 359//452
f 359//453 595//453 357//453
f 595//454 596//454 357//454
f 357//455 596//455 355//455
f 596//456 597//456 355//456
f 355//457 597//457 353//457
f 597//458 598//458 353//458
f 353//459 598//459 351//459
f 598//460 599//460 351//460
f 351//461 599//461 349//461
f 599//462 600//462 349//462
f 349//463 600//463 347//463
f 600//464 529//464 347//464
f 529//465 601//465 530//465
f 601//466 602//466 530//466
f 530//467 602//467 531//467
f 602//468 603//468 531//468
f 531//469 603//469 532//469
f 603//470 604//470 532//470
f 532//471 604//471 533//471
f 604//472 605//472 533//472
f 533//473 605//473 534//473
f 605//474 606//474 534//474
f 534//475 606//475 535//475
f 606//476 607//476 535//476
f 535//477 607//477 536//477
f 607//478 608//478 536//478
f 536//479 608//479 537//479
f 608//480 609//480 537//480
f 537//481 609//481 538//481
f 609//482 610//482 538//482
f 538//483 610//483 539//483
f 610//484 611//484 539//484
f 539//485 611//485 540//485
f 611//486 612//486 540//486
f 540//487 612//487 541//487
f 612//488 613//488 541//488
f 541//489 613//489 542//489
f 613//490 614//490 542//490
f 542//491 614//491 543//491
f 614//492 615//492 543//492
f 543//493 615//493 544//493
f 615//494 616//494 544//494
f 544//495 616//495 545//495
f 616//496 617//496 545//496
f 545//497 617//497 546//497
f 617//498 618//498 546//498
f 546//499 618//499 547//499
f 618//500 619//500 547//500
f 547//501 619//501 548//501
f 619//502 620//502 548//502
f 548//503 620//503 549//503
f 620//504 621//504 549//504
f 549//505 621//505 550//505
f 621//506 622//506 550//506
f 550//507 622//507 551//507
f 622//508 623//508 551//508
f 551//509 623//509 552//509
f 623//510 624//510 552//510
f 552//511 624//511 553//511
f 624//512 625//512 553//512
f 553//513 625//513 554//513
f 625//514 626//514 554//514
f 554//515 626//515 555//515
f 626//516 627//516 555//516
f 555//517 627//517 556//517
f 627//518 628//518 556//518
f 556//519 628//519 557//519
f 628//520 629//520 557//520
f 557//521 629//521 558//521
f 629//522 630//522 558//522
f 558//523 630//523 559//523
f 630//524 631//524 559//524
f 559//525 631//525 560//525
f 631//526 632//526 560//526
f 560//527 632//527 561//527
f 632//528 633//528 561//528
f 561//529 633//529 562//529
f 633//530 634//530 562//530
f 562//531 634//531 563//531
f 634//532 635//532 563//532
f 563//533 635//533 564//533
f 635//534 636//534 564//534
f 564//535 636//535 565//535
f 636//536 637//536 565//536
f 565//537 637//537 566//537
f 637//538 638//538 566//538
f 566//539 638//539 567//539
f 638//540 639//540 567//540
f 567//541 639//541 568//541
f 639//542 640//542 568//542
f 568//543 640//543 569//543
f 640//544 641//544 569//544
f 569//545 641//545 570//545
f 641//546 642//546 570//546
f 570//547 642//547 571//547
f 642//548 643//548 571//548
f 571//549 643//549 572//549
f 643//550 644//550 572//550
f 572//551 644//551 573//551
f 644//552 645//552 573//552
f 573//553 645//553 574//553
f 645//554 646//554 574//554
f 574//555 646//555 575//555
f 646//556 647//556 575//556
f 575//557 647//557 576//557
f 647//558 648//558 576//558
f 576//559 648//559 577//559
f 648//560 649//560 577//560
f 577//561 649//561 578//561
f 649//562 650//562 578//562
f 578//563 650//563 579//563
f 650//564 651//564 579//564
f 579//565 651//565 580//565
f 651//566 652//566 580//566
f 580//567 652//567 581//567
f 652//568 653//568 581//568
f 581//569 653//569 582//569
f 653//570 654//570 582//570
f 582//571 654//571 583//571
f 654//572 655//572 583//572
f 583//573 655//573 584//573
f 655//574 656//574 584//574
f 584//575 656//575 585//575
f 656//576 657//576 585//576
f 585//577 657//577 586//577
f 657//578 658//578 586//578
f 586//579 658//579 587//579
f 658//580 659//580 587//580
f 587//581 659//581 588//581
f 659//582 660//582 588//582
f 588//583 660//583 589//583
f 660//584 661//584 589//584
f 589//585 661//585 590//585
f 661//586 662//586 590//586
f 590//587 662//587 591//587
f 662//588 663//588 591//588
f 591//589 663//589 592//589
f 663//590 664//590 592//590
f 592//591 664//591 593//591
f 664//592 665//592 593//592
f 593//593 665//593 594//593
f 665//594 666//594 594//594
f 594//595 666//595 595//595
f 666//596 667//596 595//596
f 595//597 667//597 596//597
f 667//598 668//598 596//598
f 596//599 668//599 597//599
f 668//600 669//600 597//600
f 597//601 669//601 598//601
f 669//602 670//602 598//602
f 598//603 670//603 599//603
f 670//604 671//604 599//604
f 599//605 671//605 600//605
f 671//606 672//606 600//606
f 600//607 672//607 529//607
f 672//608 601//608 529//608
f 601//609 673//609 602//609
f 673//610 674//610 602//610
f 602//611 674//611 603//611
f 674//612 675//612 603//612
f 603//613 675//613 604//613
f 675//614 676//614 604//614
f 604//615 676//615 605//615
f 676//616 677//616 605//616
f 605//617 677//617 606//617
f 677//618 678//618 606//618
f 606//619 678//619 607//619
f 678//620 679//620 607//620
f 607//621 679//621 608//621
f 679//622 680//622 608//622
f 608//623 680//623 609//623
f 680//624 681//624 609//624
f 609//625 681//625 610//625
f 681//626 682//626 610//626
f 610//627 682//627 611//627
f 682//628 683//628 611//628
f 611//629 683//629 612//629
f 683//630 684//630 612//630
f 612//631 684//631 613//631
f 684//632 685//632 613//632
f 613//633 685//633 614//633
f 685//634 686//634 614//634
f 614//635 686//635 615//635
f 686//636 687//636 615//636
f 615//637 687//637 616//637
f 687//638 688//638 616//638
f 616//639 688//639 617//639
f 688//640 689//640 617//640
f 617//641 689//641 618//641
f 689//642 690//642 618//642
f 618//643 690//643 619//643
f 690//644 691//644 619//644
f 619//645 691//645 620//645
f 691//646 692//646 620//646
f 620//647 692//647 621//647
f 692//648 693//648 621//648
f 621//649 693//649 622//649
f 693//650 694//650 622//650
f 622//651 694//651 623//651
f 694//652 695//652 623//652
f 623//653 695//653 624//653
f 695//654 696//654 624//654
f 624//655 696//655 625//655
f 696//656 697//656 625//656
f 625//657 697//657 626//657
f 697//658 698//658 626//658
f 626//659 698//659 627//659
f 698//660 699//660 627//660
f 627//661 699//661 628//661
f 699//662 700//662 628//662
f 628//663 700//663 629//663
f 700//664 701//664 629//664
f 629//665 701//665 630//665
f 701//666 702//666 630//666
f 630//667 702//667 631//667
f 702//668 703//668 631//668
f 631//669 703//669 632//669
f 703//670 704//670 632//670
f 632//671 704//671 633//671
f 704//672 705//672 633//672
f 633//673 705//673 634//673
f 705//674 706//674 634//674
f 634//675 706//675 635//675
f 706//676 707//676 635//676
f 635//677 707//677 636//677
f 707//678 708//678 636//678
f 636//679 708//679 637//679
f 708//680 709//680 637//680
f 637//681 709//681 638//681
f 709//682 710//682 638//682
f 638//683 710//683 639//683
f 710//684 711//684 639//684
f 639//685 711//685 640//685
f 711//686 712//686 640//686
f 640//687 712//687 641//687
f 712//688 713//688 641//688
f 641//689 713//689 642//689
f 713//690 714//690 642//690
f 642//691 714//691 643//691
f 714//692 715//692 643//692
f 643//693 715//693 644//693
f 715//694 716//694 644//694
f 644//695 716//695 645//695
f 716//696 717//696 645//696
f 645//697 717//697 646//697
f 717//698 718//698 646//698
f 646//699 718//699 647//699
f 718//700 719//700 647//700
f 647//701 719//701 648//701
f 719//702 720//702 648//702
f 648//703 720//703 649//703
f 720//704 721//704 649//704
f 649//705 721//705 650//705
f 721//706 722//706 650//706
f 650//707 722//707 651//707
f 722//708 723//708 651//708
f 651//709 723//709 652//709
f 723//710 724//710 652//710
f 652//711 724//711 653//711
f 724//712 725//712 653//712
f 653//713 725//713 654//713
f 725//714 726//714 654//714
f 654//715 726//715 655//715
f 726//716 727//716 655//716
f 655//717 727//717 656//717
f 727//718 728//718 656//718
f 656//719 728//719 657//719
f 728//720 729//720 657//720
f 657//721 729//721 658//721
f 729//722 730//722 658//722
f 658//723 730//723 659//723
f 730//724 731//724 659//724
f 659//725 731//725 660//725
f 731//726 732//726 660//726
f 660//727 732//727 661//727
f 732//728 733//728 661//728
f 661//729 733//729 662//729
f 733//730 734//730 662//730
f 662//731 734//731 663//731
f 734//732 735//732 663//732
f 663//733 735//733 664//733
f 735//734 736//734 664//734
f 664//735 736//735 665//735
f 736//736 737//736 665//736
f 665//737 737//737 666//737
f 737//738 738//738 666//738
f 666//739 738//739 667//739
f 738//740 739//740 667//740
f 667//741 739//741 668//741
f 739//742 740//742 668//742
f 668//743 740//743 669//743
f 740//744 741//744 669//744
f 669//745 741//745 670//745
f 741//746 742//746 670//746
f 670//747 742//747 671//747
f 742//748 743//748 671//748
f 671//749 743//749 672//749
f 743//750 744//750 672//750
f 672//751 744//751 601//751
f 744//752 673//752 601//752
f 673//753 745//753 674//753
f 745//754 746//754 674//754
f 674//755 746//755 675//755
f 746//756 747//756 675//756
f 675//757 747//757 676//757
f 747//758 748//758 676//758
f 676//759 748//759 677//759
f 748//760 749//760 677//760
f 677//761 749//761 678//761
f 749//762 750//762 678//762
f 678//763 750//763 679//763
f 750//764 751//764 679//764
f 679//765 751//765 680//765
f 751//766 752//766 680//766
f 680//767 752//767 681//767
f 752//768 753//768 681//768
f 681//769 753//769 682//769
f 753//770 754//770 682//770
f 682//771 754//771 683//771
f 754//772 755//772 683//772
f 683//773 755//773 684//773
f 755//774 756//774 684//774
f 684//775 756//775 685//775
f 756//776 757//776 685//776
f 685//777 757//777 686//777
f 757//778 758//778 686//778
f 686//779 758//779 687//779
f 758//780 759//780 687//780
f 687//781 759//781 688//781
f 759//782 760//782 688//782
f 688//783 760//783 689//783
f 760//784 761//784 689//784
f 689//785 761//785 690//785
f 761//786 762//786 690//786
f 690//787 762//787 691//787
f 762//788 763//788 691//788
f 691//789 763//789 692//789
f 763//790 764//790 692//790
f 692//791 764//791 693//791
f 764//792 765//792 693//792
f 693//793 765//793 694//793
f 765//794 766//794 694//794
f 694//795 766//795 695//795
f 766//796 767//796 695//796
f 695//797 767//797 696//797
f 767//798 768//798 696//798
f 696//799 768//799 697//799
f 768//800 769//800 697//800
f 697//801 769//801 698//801
f 769//802 770//802 698//802
f 698//803 770//803 699//803
f 770//804 771//804 699//804
f 699//805 771//805 700//805
f 771//806 772//806 700//806
f 700//807 772//807 701//807
f 772//808 773//808 701//808
f 701//809 773//809 702//809
f 773//810 774//810 702//810
f 702//811 774//811 703//811
f 774//812 775//812 703//812
f 703//813 775//813 704//813
f 775//814 776//814 704//814
f 704//815 776//815 705//815
f 776//816 777//816 705//816
f 705//817 777//817 706//817
f 777//818 778//818 706//818
f 706//819 778//819 707//819
f 778//820 779//820 707//820
f 707//821 779//821 708//821
f 779//822 780//822 708//822
f 708//823 780//823 709//823
f 780//824 781//824 709//824
f 709//825 781//825 710//825
f 781//826 782//826 710//826
f 710//827 782//827 711//827
f 782//828 783//828 711//828
f 711//829 783//829 712//829
f 783//830 784//830 712//830
f 712//831 784//831 713//831
f 784//832 785//832 713//832
f 713//833 785//833 714//833
f 785//834 786//834 714//834
f 714//835 786//835 715//835
f 786//836 787//836 715//836
f 715//837 787//837 716//837
f 787//838 788//838 716//838
f 716//839 788//839 717//839
f 788//840 789//840 717//840
f 717//841 789//841 718//841
f 789//842 790//842 718//842
f 718//843 790//843 719//843
f 790//844 791//844 719//844
f 719//845 791//845 720//845
f 791//846 792//846 720//846
f 720//847 792//847 721//847
f 792//848 793//848 721//848
f 721//849 793//849 722//849
f 793//850 794//850 722//850
f 722//851 794//851 723//851
f 794//852 795//852 723//852
f 723//853 795//853 724//853
f 795//854 796//854 724//854
f 724//855 796//855 725//855
f 796//856 797//856 725//856
f 725//857 797//857 726//857
f 797//858 798//858 726//858
f 726//859 798//859 727//859
f 798//860 799//860 727//860
f 727//861 799//861 728//861
f 799//862 800//862 728//862
f 728//863 800//863 729//863
f 800//864 801//864 729//864
f 729//865 801//865 730//865
f 801//866 802//866 730//866
f 730//867 802//867 731//867
f 802//868 803//868 731//868
f 731//869 803//869 732//869
f 803//870 804//870 732//870
f 732//871 804//871 733//871
f 804//872 805//872 733//872
f 733//873 805//873 734//873
f 805//874 806//874 734//874
f 734//875 806//875 735//875
f 806//876 807//876 735//876
f 735//877 807//877 736//877
f 807//878 808//878 736//878
f 736//879 808//879 737//879
f 808//880 809//880 737//880
f 737//881 809//881 738//881
f 809//882 810//882 738//882
f 738//883 810//883 739//883
f 810//884 811//884 739//884
f 739//885 811//885 740//885
f 811//886 812//886 740//886
f 740//887 812//887 741//887
f 812//888 813//888 741//888
f 741//889 813//889 742//889
f 813//890 814//890 742//890
f 742//891 814//891 743//891
f 814//892 815//892 743//892
f 743//893 815//893 744//893
f 815//894 816//894 744//894
f 744//895 816//895 673//895
f 816//896 745//896 673//896
f 745//897 817//897 746//897
f 817//898 818//898 746//898
f 746//899 818//899 747//899
f 818//900 819//900 747//900
f 747//901 819//901 748//901
f 819//902 820//902 748//902
f 748//903 820//903 749//903
f 820//904 821//904 749//904
f 749//905 821//905 750//905
f 821//906 822//906 750//906
f 750//907 822//907 751//907
f 822//908 823//908 751//908
f 751//909 823//909 752//909
f 823//910 824//910 752//910
f 752//911 824//911 753//911
f 824//912 825//912 753//912
f 753//913 825//913 754//913
f 825//914 826//914 754//914
f 754//915 826//915 755//915
f 826//916 827//916 755//916
f 755//917 827//917 756//917
f 827//918 828//918 756//918
f 756//919 828//919 757//919
f 828//920 829//920 757//920
f 757//921 829//921 758//921
f 829//922 830//922 758//922
f 758//923 830//923 759//923
f 830//924 831//924 759//924
f 759//925 831//925 760//925
f 831//926 832//926 760//926
f 760//927 832//927 761//927
f 832//928 833//928 761//928
f 761//929 833//929 762//929
f 833//930 834//930 762//930
f 762//931 834//931 763//931
f 834//932 835//932 763//932
f 763//933 835//933 764//933
f 835//934 836//934 764//934
f 764//935 836//935 765//935
f 836//936 837//936 765//936
f 765//937 837//937 766//937
f 837//938 838//938 766//938
f 766//939 838//939 767//939
f 838//940 839//940 767//940
f 767//941 839//941 768//941
f 839//942 840//942 768//942
f 768//943 840//943 769//943
f 840//944 841//944 769//944
f 769//945 841//945 770//945
f 841//946 842//946 770//946
f 770//947 842//947 771//947
f 842//948 843//948 771//948
f 771//949 843//949 772//949
f 843//950 844//950 772//950
f 772//951 844//951 773//951
f 844//952 845//952 773//952
f 773//953 845//953 774//953
f 845//954 846//954 774//954
f 774//955 846//955 775//955
f 846//956 847//956 775//956
f 775//957 847//957 776//957
f 847//958 848//958 776//958
f 776//959 848//959 777//959
f 848//960 849//960 777//960
f 777//961 849//961 778//961
f 849//962 850//962 778//962
f 778//963 850//963 779//963
f 850//964 851//964 779//964
f 779//965 851//965 780//965
f 851//966 852//966 780//966
f 780//967 852//967 781//967
f 852//968 853//968 781//968
f 781//969 853//969 782//969
f 853//970 854//970 782//970
f 782//971 854//971 783//971
f 854//972 855//972 783//972
f 783//973 855//973 784//973
f 855//974 856//974 784//974
f 784//975 856//975 785//975
f 856//976 857//976 785//976
f 785//977 857//977 786//977
f 857//978 858//978 786//978
f 786//979 858//979 787//979
f 858//980 859//980 787//980
f 787//981 859//981 788//981
f 859//982 860//982 788//982
f 788//983 860//983 789//983
f 860//984 861//984 789//984
f 789//985 861//985 790//985
f 861//986 862//986 790//986
f 790//987 862//987 791//987
f 862//988 863//988 791//988
f 791//989 863//989 792//989
f 863//990 864//990 792//990
f 792//991 864//991 793//991
f 864//992 865//992 793//992
f 793//993 865//993 794//993
f 865//994 866//994 794//994
f 794//995 866//995 795//995
f 866//996 867//996 795//996
f 795//997 867//997 796//997
f 867//998 868//998 796//998
f 796//999 868//999 797//999
f 868//1000 869//1000 797//1000
f 797//1001 869//1001 798//1001
f 869//1002 870//1002 798//1002
f 798//1003 870//1003 799//1003
f 870//1004 871//1004 799//1004
f 799//1005 871//1005 800//1005
f 871//1006 872//1006 800//1006
f 800//1007 872//1007 801//1007
f 872//1008 873//1008 801//1008
f 801//1009 873//1009 802//1009
f 873//1010 874//1010 802//1010
f 802//1011 874//1011 803//1011
f 874//1012 875//1012 803//1012
f 803//1013 875//1013 804//1013
f 875//1014 876//1014 804//1014
f 804//1015 876//1015 805//1015
f 876//1016 877//1016 805//1016
f 805//1017 877//1017 806//1017
f 877//1018 878//1018 806//1018
f 806//1019 878//1019 807//1019
f 878//1020 879//1020 807//1020
f 807//1021 879//1021 808//1021
f 879//1022 880//1022 808//1022
f 808//1023 880//1023 809//1023
f 880//1024 881//1024 809//1024
f 809//1025 881//1025 810//1025
f 881//1026 882//1026 810//1026
f 810//1027 882//1027 811//1027
f 882//1028 883//1028 811//1028
f 811//1029 883//1029 812//1029
f 883//1030 884//1030 812//1030
f 812//1031 884//1031 813//1031
f 884//1032 885//1032 813//1032
f 813//1033 885//1033 814//1033
f 885//1034 886//1034 814//1034
f 814//1035 886//1035 815//1035
f 886//1036 887//1036 815//1036
f 815//1037 887//1037 816//1037
f 887//1038 888//1038 816//1038
f 816//1039 888//1039 745//1039
f 888//1040 817//1040 745//1040
f 817//1041 889//1041 818//1041
f 889//1042 890//1042 818//1042
f 818//1043 890//1043 819//1043
f 890//1044 891//1044 819//1044
f 819//1045 891//1045 820//1045
f 891//1046 892//1046 820//1046
f 820//1047 892//1047 821//1047
f 892//1048 893//1048 821//1048
f 821//1049 893//1049 822//1049
f 893//1050 894//1050 822//1050
f 822//1051 894//1051 823//1051
f 894//1052 895//1052 823//1052
f 823//1053 895//1053 824//1053
f 895//1054 896//1054 824//1054
f 824//1055 896//1055 825//1055
f 896//1056 897//1056 825//1056
f 825//1057 897//1057 826//1057
f 897//1058 898//1058 826//1058
f 826//1059 898//1059 827//1059
f 898//1060 899//1060 827//1060
f 827//1061 899//1061 828//1061
f 899//1062 900//1062 828//1062
f 828//1063 900//1063 829//1063
f 900//1064 901//1064 829//1064
f 829//1065 901//1065 830//1065
f 901//1066 902//1066 830//1066
f 830//1067 902//1067 831//1067
f 902//1068 903//1068 831//1068
f 831//1069 903//1069 832//1069
f 903//1070 904//1070 832//1070
f 832//1071 904//1071 833//1071
f 904//1072 905//1072 833//1072
f 833//1073 905//1073 834//1073
f 905//1074 906//1074 834//1074
f 834//1075 906//1075 835//1075
f 906//1076 907//1076 835//1076
f 835//1077 907//1077 836//1077
f 907//1078 908//1078 836//1078
f 836//1079 908//1079 837//1079
f 908//1080 909//1080 837//1080
f 837//1081 909//1081 838//1081
f 909//1082 910//1082 838//1082
f 838//1083 910//1083 839//1083
f 910//1084 911//1084 839//1084
f 839//1085 911//1085 840//1085
f 911//1086 912//1086 840//1086
f 840//1087 912//1087 841//1087
f 912//1088 913//1088 841//1088
f 841//1089 913//1089 842//1089
f 913//1090 914//1090 842//1090
f 842//1091 914//1091 843//1091
f 914//1092 915//1092 843//1092
f 843//1093 915//1093 844//1093
f 915//1094 916//1094 844//1094
f 844//1095 916//1095 845//1095
f 916//1096 917//1096 845//1096
f 845//1097 917//1097 846//1097
f 917//1098 918//1098 846//1098
f 846//1099 918//1099 847//1099
f 918//1100 919//1100 847//1100
f 847//1101 919//1101 848//1101
f 919//1102 920//1102 848//1102
f 848//1103 920//1103 849//1103
f 920//1104 921//1104 849//1104
f 849//1105 921//1105 850//1105
f 921//1106 922//1106 850//1106
f 850//1107 922//1107 851//1107
f 922//1108 923//1108 851//1108
f 851//1109 923//1109 852//1109
f 923//1110 924//1110 852//1110
f 852//1111 924//1111 853//1111
f 924//1112 925//1112 853//1112
f 853//1113 925//1113 854//1113
f 925//1114 926//1114 854//1114
f 854//1115 926//1115 855//1115
f 926//1116 927//1116 855//1116
f 855//1117 927//1117 856//1117
f 927//1118 928//1118 856//1118
f 856//1119 928//1119 857//1119
f 928//1120 929//1120 857//1120
f 857//1121 929//1121 858//1121
f 929//1122 930//1122 858//1122
f 858//1123 930//1123 859//1123
f 930//1124 931//1124 859//1124
f 859//1125 931//1125 860//1125
f 931//1126 932//1126 860//1126
f 860//1127 932//1127 861//1127
f 932//1128 933//1128 861//1128
f 861//1129 933//1129 862//1129
f 933//1130 934//1130 862//1130
f 862//1131 934//1131 863//1131
f 934//1132 935//1132 863//1132
f 863//1133 935//1133 864//1133
f 935//1134 936//1134 864//1134
f 864//1135 936//1135 865//1135
f 936//1136 937//1136 865//1136
f 865//1137 937//1137 866//1137
f 937//1138 938//1138 866//1138
f 866//1139 938//1139 867//1139
f 938//1140 939//1140 867//1140
f 867//1141 939//1141 868//1141
f 939//1142 940//1142 868//1142
f 868//1143 940//1143 869//1143
f 940//1144 941//1144 869//1144
f 869//1145 941//1145 870//1145
f 941//1146 942//1146 870//1146
f 870//1147 942//1147 871//1147
f 942//1148 943//1148 871//1148
f 871//1149 943//1149 872//1149
f 943//1150 944//1150 872//1150
f 872//1151 944//1151 873//1151
f 944//1152 945//1152 873//1152
f 873//1153 945//1153 874//1153
f 945//1154 946//1154 874//1154
f 874//1155 946//1155 875//1155
f 946//1156 947//1156 875//1156
f 875//1157 947//1157 876//1157
f 947//1158 948//1158 876//1158
f 876//1159 948//1159 877//1159
f 948//1160 949//1160 877//1160
f 877//1161 949//1161 878//1161
f 949//1162 950//1162 878//1162
f 878//1163 950//1163 879//1163
f 950//1164 951//1164 879//1164
f 879//1165 951//1165 880//1165
f 951//1166 952//1166 880//1166
f 880//1167 952//1167 881//1167
f 952//1168 953//1168 881//1168
f 881//1169 953//1169 882//1169
f 953//1170 954//1170 882//1170
f 882//1171 954//1171 883//1171
f 954//1172 955//1172 883//1172
f 883//1173 955//1173 884//1173
f 955//1174 956//1174 884//1174
f 884//1175 956//1175 885//1175
f 956//1176 957//1176 885//1176
f 885//1177 957//1177 886//1177
f 957//1178 958//1178 886//1178
f 886//1179 958//1179 887//1179
f 958//1180 959//1180 887//1180
f 887//1181 959//1181 888//1181
f 959//1182 960//1182 888//1182
f 888//1183 960//1183 817//1183
f 960//1184 889//1184 817//1184
f 889//1185 961//1185 890//1185
f 961//1186 962//1186 890//1186
f 890//1187 962//1187 891//1187
f 962//1188 963//1188 891//1188
f 891//1189 963//1189 892//1189
f 963//1190 964//1190 892//1190
f 892//1191 964//1191 893//1191
f 964//1192 965//1192 893//1192
f 893//1193 965//1193 894//1193
f 965//1194 966//1194 894//1194
f 894//1195 966//1195 895//1195
f 966//1196 967//1196 895//1196
f 895//1197 967//1197 896//1197
f 967//1198 968//1198 896//1198
f 896//1199 968//1199 897//1199
f 968//1200 969//1200 897//1200
f 897//1201 969//1201 898//1201
f 969//1202 970//1202 898//1202
f 898//1203 970//1203 899//1203
f 970//1204 971//1204 899//1204
f 899//1205 971//1205 900//1205
f 971//1206 972//1206 900//1206
f 900//1207 972//1207 901//1207
f 972//1208 973//1208 901//1208
f 901//1209 973//1209 902//1209
f 973//1210 974//1210 902//1210
f 902//1211 974//1211 903//1211
f 974//1212 975//1212 903//1212
f 903//1213 975//1213 904//1213
f 975//1214 976//1214 904//1214
f 904//1215 976//1215 905//1215
f 976//1216 977//1216 905//1216
f 905//1217 977//1217 906//1217
f 977//1218 978//1218 906//1218
f 906//1219 978//1219 907//1219
f 978//1220 979//1220 907//1220
f 907//1221 979//1221 908//1221
f 979//1222 980//1222 908//1222
f 908//1223 980//1223 909//1223
f 980//1224 981//1224 909//1224
f 909//1225 981//1225 910//1225
f 981//1226 982//1226 910//1226
f 910//1227 982//1227 911//1227
f 982//1228 983//1228 911//1228
f 911//1229 983//1229 912//1229
f 983//1230 984//1230 912//1230
f 912//1231 984//1231 913//1231
f 984//1232 985//1232 913//1232
f 913//1233 985//1233 914//1233
f 985//1234 986//1234 914//1234
f 914//1235 986//1235 915//1235
f 986//1236 987//1236 915//1236
f 915//1237 987//1237 916//1237
f 987//1238 988//1238 916//1238
f 916//1239 988//1239 917//1239
f 988//1240 989//1240 917//1240
f 917//1241 989//1241 918//1241
f 989//1242 990//1242 918//1242
f 918//1243 990//1243 919//1243
f 990//1244 991//1244 919//1244
f 919//1245 991//1245 920//1245
f 991//1246 992//1246 920//1246
f 920//1247 992//1247 921//1247
f 992//1248 993//1248 921//1248
f 921//1249 993//1249 922//1249
f 993//1250 994//1250 922//1250
f 922//1251 994//1251 923//1251
f 994//1252 995//1252 923//1252
f 923//1253 995//1253 924//1253
f 995//1254 996//1254 924//1254
f 924//1255 996//1255 925//1255
f 996//1256 997//1256 925//1256
f 925//1257 997//1257 926//1257
f 997//1258 998//1258 926//1258
f 926//1259 998//1259 927//1259
f 998//1260 999//1260 927//1260
f 927//1261 999//1261 928//1261
f 999//1262 1000//1262 928//1262
f 928//1263 1000//1263 929//1263
f 1000//1264 1001//1264 929//1264
f 929//1265 1001//1265 930//1265
f 1001//1266 1002//1266 930//1266
f 930//1267 1002//1267 931//1267
f 1002//1268 1003//1268 931//1268
f 931//1269 1003//1269 932//1269
f 1003//1270 1004//1270 932//1270
f 932//1271 1004//1271 933//1271
f 1004//1272 1005//1272 933//1272
f 933//1273 1005//1273 934//1273
f 1005//1274 1006//1274 934//1274
f 934//1275 1006//1275 935//1275
f 1006//1276 1007//1276 935//1276
f 935//1277 1007//1277 936//1277
f 1007//1278 1008//1278 936//1278
f 936//1279 1008//1279 937//1279
f 1008//1280 1009//1280 937//1280
f 937//1281 1009//1281 938//1281
f 1009//1282 1010//1282 938//1282
f 938//1283 1010//1283 939//1283
f 1010//1284 1011//1284 939//1284
f 939//1285 1011//1285 940//1285
f 1011//1286 1012//1286 940//1286
f 940//1287 1012//1287 941//1287
f 1012//1288 1013//1288 941//1288
f 941//1289 1013//1289 942//1289
f 1013//1290 1014//1290 942//1290
f 942//1291 1014//1291 943//1291
f 1014//1292 1015//1292 943//1292
f 943//1293 1015//1293 944//1293
f 1015//1294 1016//1294 944//1294
f 944//1295 1016//1295 945//1295
f 1016//1296 1017//1296 945//1296
f 945//1297 1017//1297 946//1297
f 1017//1298 1018//1298 946//1298
f 946//1299 1018//1299 947//1299
f 1018//1300 1019//1300 947//1300
f 947//1301 1019//1301 948//1301
f 1019//1302 1020//1302 948//1302
f 948//1303 1020//1303 949//1303
f 1020//1304 1021//1304 949//1304
f 949//1305 1021//1305 950//1305
f 1021//1306 1022//1306 950//1306
f 950//1307 1022//1307 951//1307
f 1022//1308 1023//1308 951//1308
f 951//1309 1023//1309 952//1309
f 1023//1310 1024//1310 952//1310
f 952//1311 1024//1311 953//1311
f 1024//1312 1025//1312 953//1312
f 953//1313 1025//1313 954//1313
f 1025//1314 1026//1314 954//1314
f 954//1315 1026//1315 955//1315
f 1026//1316 1027//1316 955//1316
f 955//1317 1027//1317 956//1317
f 1027//1318 1028//1318 956//1318
f 956//1319 1028//1319 957//1319
f 1028//1320 1029//1320 957//1320
f 957//1321 1029//1321 958//1321
f 1029//1322 1030//1322 958//1322
f 958//1323 1030//1323 959//1323
f 1030//1324 1031//1324 959//1324
f 959//1325 1031//1325 960//1325
f 1031//1326 1032//1326 960//1326
f 960//1327 1032//1327 889//1327
f 1032//1328 961//1328 889//1328
f 961//1329 1033//1329 962//1329
f 1033//1330 1034//1330 962//1330
f 962//1331 1034//1331 963//1331
f 1034//1332 1035//1332 963//1332
f 963//1333 1035//1333 964//1333
f 1035//1334 1036//1334 964//1334
f 964//1335 1036//1335 965//1335
f 1036//1336 1037//1336 965//1336
f 965//1337 1037//1337 966//1337
f 1037//1338 1038//1338 966//1338
f 966//1339 1038//1339 967//1339
f 1038//1340 1039//1340 967//1340
f 967//1341 1039//1341 968//1341
f 1039//1342 1040//1342 968//1342
f 968//1343 1040//1343 969//1343
f 1040//1344 1041//1344 969//1344
f 969//1345 1041//1345 970//1345
f 1041//1346 1042//1346 970//1346
f 970//1347 1042//1347 971//1347
f 1042//1348 1043//1348 971//1348
f 971//1349 1043//1349 972//1349
f 1043//1350 1044//1350 972//1350
f 972//1351 1044//1351 973//1351
f 1044//1352 1045//1352 973//1352
f 973//1353 1045//1353 974//1353
f 1045//1354 1046//1354 974//1354
f 974//1355 1046//1355 975//1355
f 1046//1356 1047//1356 975//1356
f 975//1357 1047//1357 976//1357
f 1047//1358 1048//1358 976//1358
f 976//1359 1048//1359 977//1359
f 1048//1360 1049//1360 977//1360
f 977//1361 1049//1361 978//1361
f 1049//1362 1050//1362 978//1362
f 978//1363 1050//1363 979//1363
f 1050//1364 1051//1364 979//1364
f 979//1365 1051//1365 980//1365
f 1051//1366 1052//1366 980//1366
f 980//1367 1052//1367 981//1367
f 1052//1368 1053//1368 981//1368
f 981//1369 1053//1369 982//1369
f 1053//1370 1054//1370 982//1370
f 982//1371 1054//1371 983//1371
f 1054//1372 1055//1372 983//1372
f 983//1373 1055//1373 984//1373
f 1055//1374 1056//1374 984//1374
f 984//1375 1056//1375 985//1375
f 1056//1376 1057//1376 985//1376
f 985//1377 1057//1377 986//1377
f 1057//1378 1058//1378 986//1378
f 986//1379 1058//1379 987//1379
f 1058//1380 1059//1380 987//1380
f 987//1381 1059//1381 988//1381
f 1059//1382 1060//1382 988//1382
f 988//1383 1060//1383 989//1383
f 1060//1384 1061//1384 989//1384
f 989//1385 1061//1385 990//1385
f 1061//1386 1062//1386 990//1386
f 990//1387 1062//1387 991//1387
f 1062//1388 1063//1388 991//1388
f 991//1389 1063//1389 992//1389
f 1063//1390 1064//1390 992//1390
f 992//1391 1064//1391 993//1391
f 1064//1392 1065//1392 993//1392
f 993//1393 1065//1393 994//1393
f 1065//1394 1066//1394 994//1394
f 994//1395 1066//1395 995//1395
f 1066//1396 1067//1396 995//1396
f 995//1397 1067//1397 996//1397
f 1067//1398 1068//1398 996//1398
f 996//1399 1068//1399 997//1399
f 1068//1400 1069//1400 997//1400
f 997//1401 1069//1401 998//1401
f 1069//1402 1070//1402 998//1402
f 998//1403 1070//1403 999//1403
f 1070//1404 1071//1404 999//1404
f 999//1405 1071//1405 1000//1405
f 1071//1406 1072//1406 1000//1406
f 1000//1407 1072//1407 1001//1407
f 1072//1408 1073//1408 1001//1408
f 1001//1409 1073//1409 1002//1409
f 1073//1410 1074//1410 1002//1410
f 1002//1411 1074//1411 1003//1411
f 1074//1412 1075//1412 1003//1412
f 1003//1413 1075//1413 1004//1413
f 1075//1414 1076//1414 1004//1414
f 1004//1415 1076//1415 1005//1415
f 1076//1416 1077//1416 1005//1416
f 1005//1417 1077//1417 1006//1417
f 1077//1418 1078//1418 1006//1418
f 1006//1419 1078//1419 1007//1419
f 1078//1420 1079//1420 1007//1420
f 1007//1421 1079//1421 1008//1421
f 1079//1422 1080//1422 1008//1422
f 1008//1423 1080//1423 1009//1423
f 1080//1424 1081//1424 1009//1424
f 1009//1425 1081//1425 1010//1425
f 1081//1426 1082//1426 1010//1426
f 1010//1427 1082//1427 1011//1427
f 1082//1428 1083//1428 1011//1428
f 1011//1429 1083//1429 1012//1429
f 1083//1430 1084//1430 1012//1430
f 1012//1431 1084//1431 1013//1431
f 1084//1432 1085//1432 1013//1432
f 1013//1433 1085//1433 1014//1433
f 1085//1434 1086//1434 1014//1434
f 1014//1435 1086//1435 1015//1435
f 1086//1436 1087//1436 1015//1436
f 1015//1437 1087//1437 1016//1437
f 1087//1438 1088//1438 1016//1438
f 1016//1439 1088//1439 1017//1439
f 1088//1440 1089//1440 1017//1440
f 1017//1441 1089//1441 1018//1441
f 1089//1442 1090//1442 1018//1442
f 1018//1443 1090//1443 1019//1443
f 1090//1444 1091//1444 1019//1444
f 1019//1445 1091//1445 1020//1445
f 1091//1446 1092//1446 1020//1446
f 1020//1447 1092//1447 1021//1447
f 1092//1448 1093//1448 1021//1448
f 1021//1449 1093//1449 1022//1449
f 1093//1450 1094//1450 1022//1450
f 1022//1451 1094//1451 1023//1451
f 1094//1452 1095//1452 1023//1452
f 1023//1453 1095//1453 1024//1453
f 1095//1454 1096//1454 1024//1454
f 1024//1455 1096//1455 1025//1455
f 1096//1456 1097//1456 1025//1456
f 1025//1457 1097//1457 1026//1457
f 1097//1458 1098//1458 1026//1458
f 1026//1459 1098//1459 1027//1459
f 1098//1460 1099//1460 1027//1460
f 1027//1461 1099//1461 1028//1461
f 1099//1462 1100//1462 1028//1462
f 1028//1463 1100//1463 1029//1463
f 1100//1464 1101//1464 1029//1464
f 1029//1465 1101//1465 1030//1465
f 1101//1466 1102//1466 1030//1466
f 1030//1467 1102//1467 1031//1467
f 1102//1468 1103//1468 1031//1468
f 1031//1469 1103//1469 1032//1469
f 1103//1470 1104//1470 1032//1470
f 1032//1471 1104//1471 961//1471
f 1104//1472 1033//1472 961//1472
f 1033//1473 1105//1473 1034//1473
f 1105//1474 1106//1474 1034//1474
f 1034//1475 1106//1475 1035//1475
f 1106//1476 1107//1476 1035//1476
f 1035//1477 1107//1477 1036//1477
f 1107//1478 1108//1478 1036//1478
f 1036//1479 1108//1479 1037//1479
f 1108//1480 1109//1480 1037//1480
f 1037//1481 1109//1481 1038//1481
f 1109//1482 1110//1482 1038//1482
f 1038//1483 1110//1483 1039//1483
f 1110//1484 1111//1484 1039//1484
f 1039//1485 1111//1485 1040//1485
f 1111//1486 1112//1486 1040//1486
f 1040//1487 1112//1487 1041//1487
f 1112//1488 1113//1488 1041//1488
f 1041//1489 1113//1489 1042//1489
f 1113//1490 1114//1490 1042//1490
f 1042//1491 1114//1491 1043//1491
f 1114//1492 1115//1492 1043//1492
f 1043//1493 1115//1493 1044//1493
f 1115//1494 1116//1494 1044//1494
f 1044//1495 1116//1495 1045//1495
f 1116//1496 1117//1496 1045//1496
f 1045//1497 1117//1497 1046//1497
f 1117//1498 1118//1498 1046//1498
f 1046//1499 1118//1499 1047//1499
f 1118//1500 1119//1500 1047//1500
f 1047//1501 1119//1501 1048//1501
f 1119//1502 1120//1502 1048//1502
f 1048//1503 1120//1503 1049//1503
f 1120//1504 1121//1504 1049//1504
f 1049//1505 1121//1505 1050//1505
f 1121//1506 1122//1506 1050//1506
f 1050//1507 1122//1507 1051//1507
f 1122//1508 1123//1508 1051//1508
f 1051//1509 1123//1509 1052//1509
f 1123//1510 1124//1510 1052//1510
f 1052//1511 1124//1511 1053//1511
f 1124//1512 1125//1512 1053//1512
f 1053//1513 1125//1513 1054//1513
f 1125//1514 1126//1514 1054//1514
f 1054//1515 1126//1515 1055//1515
f 1126//1516 1127//1516 1055//1516
f 1055//1517 1127//1517 1056//1517
f 1127//1518 1128//1518 1056//1518
f 1056//1519 1128//1519 1057//1519
f 1128//1520 1129//1520 1057//1520
f 1057//1521 1129//1521 1058//1521
f 1129//1522 1130//1522 1058//1522
f 1058//1523 1130//1523 1059//1523
f 1130//1524 1131//1524 1059//1524
f 1059//1525 1131//1525 1060//1525
f 1131//1526 1132//1526 1060//1526
f 1060//1527 1132//1527 1061//1527
f 1132//1528 1133//1528 1061//1528
f 1061//1529 1133//1529 1062//1529
f 1133//1530 1134//1530 1062//1530
f 1062//1531 1134//1531 1063//1531
f 1134//1532 1135//1532 1063//1532
f 1063//1533 1135//1533 1064//1533
f 1135//1534 1136//1534 1064//1534
f 1064//1535 1136//1535 1065//1535
f 1136//1536 1137//1536 1065//1536
f 1065//1537 1137//1537 1066//1537
f 1137//1538 1138//1538 1066//1538
f 1066//1539 1138//1539 1067//1539
f 1138//1540 1139//1540 1067//1540
f 1067//1541 1139//1541 1068//1541
f 1139//1542 1140//1542 1068//1542
f 1068//1543 1140//1543 1069//1543
f 1140//1544 1141//1544 1069//1544
f 1069//1545 1141//1545 1070//1545
f 1141//1546 1142//1546 1070//1546
f 1070//1547 1142//1547 1071//1547
f 1142//1548 1143//1548 1071//1548
f 1071//1549 1143//1549 1072//1549
f 1143//1550 1144//1550 1072//1550
f 1072//1551 1144//1551 1073//1551
f 1144//1552 1145//1552 1073//1552
f 1073//1553 1145//1553 1074//1553
f 1145//1554 1146//1554 1074//1554
f 1074//1555 1146//1555 1075//1555
f 1146//1556 1147//1556 1075//1556
f 1075//1557 1147//1557 1076//1557
f 1147//1558 1148//1558 1076//1558
f 1076//1559 1148//1559 1077//1559
f 1148//1560 1149//1560 1077//1560
f 1077//1561 1149//1561 1078//1561
f 1149//1562 1150//1562 1078//1562
f 1078//1563 1150//1563 1079//1563
f 1150//1564 1151//1564 1079//1564
f 1079//1565 1151//1565 1080//1565
f 1151//1566 1152//1566 1080//1566
f 1080//1567 1152//1567 1081//1567
f 1152//1568 1153//1568 1081//1568
f 1081//1569 1153//1569 1082//1569
f 1153//1570 1154//1570 1082//1570
f 1082//1571 1154//1571 1083//1571
f 1154//1572 1155//1572 1083//1572
f 1083//1573 1155//1573 1084//1573
f 1155//1574 1156//1574 1084//1574
f 1084//1575 1156//1575 1085//1575
f 1156//1576 1157//1576 1085//1576
f 1085//1577 1157//1577 1086//1577
f 1157//1578 1158//1578 1086//1578
f 1086//1579 1158//1579 1087//1579
f 1158//1580 1159//1580 1087//1580
f 1087//1581 1159//1581 1088//1581
f 1159//1582 1160//1582 1088//1582
f 1088//1583 1160//1583 1089//1583
f 1160//1584 1161//1584 1089//1584
f 1089//1585 1161//1585 1090//1585
f 1161//1586 1162//1586 1090//1586
f 1090//1587 1162//1587 1091//1587
f 1162//1588 1163//1588 1091//1588
f 1091//1589 1163//1589 1092//1589
f 1163//1590 1164//1590 1092//1590
f 1092//1591 1164//1591 1093//1591
f 1164//1592 1165//1592 1093//1592
f 1093//1593 1165//1593 1094//1593
f 1165//1594 1166//1594 1094//1594
f 1094//1595 1166//1595 1095//1595
f 1166//1596 1167//1596 1095//1596
f 1095//1597 1167//1597 1096//1597
f 1167//1598 1168//1598 1096//1598
f 1096//1599 1168//1599 1097//1599
f 1168//1600 1169//1600 1097//1600
f 1097//1601 1169//1601 1098//1601
f 1169//1602 1170//1602 1098//1602
f 1098//1603 1170//1603 1099//1603
f 1170//1604 1171//1604 1099//1604
f 1099//1605 1171//1605 1100//1605
f 1171//1606 1172//1606 1100//1606
f 1100//1607 1172//1607 1101//1607
f 1172//1608 1173//1608 1101//1608
f 1101//1609 1173//1609 1102//1609
f 1173//1610 1174//1610 1102//1610
f 1102//1611 1174//1611 1103//1611
f 1174//1612 1175//1612 1103//1612
f 1103//1613 1175//1613 1104//1613
f 1175//1614 1176//1614 1104//1614
f 1104//1615 1176//1615 1033//1615
f 1176//1616 1105//1616 1033//1616
f 1105//1617 1177//1617 1106//1617
f 1177//1618 1178//1618 1106//1618
f 1106//1619 1178//1619 1107//1619
f 1178//1620 1179//1620 1107//1620
f 1107//1621 1179//1621 1108//1621
f 1179//1622 1180//1622 1108//1622
f 1108//1623 1180//1623 1109//1623
f 1180//1624 1181//1624 1109//1624
f 1109//1625 1181//1625 1110//1625
f 1181//1626 1182//1626 1110//1626
f 1110//1627 1182//1627 1111//1627
f 1182//1628 1183//1628 1111//1628
f 1111//1629 1183//1629 1112//1629
f 1183//1630 1184//1630 1112//1630
f 1112//1631 1184//1631 1113//1631
f 1184//1632 1185//1632 1113//1632
f 1113//1633 1185//1633 1114//1633
f 1185//1634 1186//1634 1114//1634
f 1114//1635 1186//1635 1115//1635
f 1186//1636 1187//1636 1115//1636
f 1115//1637 1187//1637 1116//1637
f 1187//1638 1188//1638 1116//1638
f 1116//1639 1188//1639 1117//1639
f 1188//1640 1189//1640 1117//1640
f 1117//1641 1189//1641 1118//1641
f 1189//1642 1190//1642 1118//1642
f 1118//1643 1190//1643 1119//1643
f 1190//1644 1191//1644 1119//1644
f 1119//1645 1191//1645 1120//1645
f 1191//1646 1192//1646 1120//1646
f 1120//1647 1192//1647 1121//1647
f 1192//1648 1193//1648 1121//1648
f 1121//1649 1193//1649 1122//1649
f 1193//1650 1194//1650 1122//1650
f 1122//1651 1194//1651 1123//1651
f 1194//1652 1195//1652 1123//1652
f 1123//1653 1195//1653 1124//1653
f 1195//1654 1196//1654 1124//1654
f 1124//1655 1196//1655 1125//1655
f 1196//1656 1197//1656 1125//1656
f 1125//1657 1197//1657 1126//1657
f 1197//1658 1198//1658 1126//1658
f 1126//1659 1198//1659 1127//1659
f 1198//1660 1199//1660 1127//1660
f 1127//1661 1199//1661 1128//1661
f 1199//1662 1200//1662 1128//1662
f 1128//1663 1200//1663 1129//1663
f 1200//1664 1201//1664 1129//1664
f 1129//1665 1201//1665 1130//1665
f 1201//1666 1202//1666 1130//1666
f 1130//1667 1202//1667 1131//1667
f 1202//1668 1203//1668 1131//1668
f 1131//1669 1203//1669 1132//1669
f 1203//1670 1204//1670 1132//1670
f 1132//1671 1204//1671 1133//1671
f 1204//1672 1205//1672 1133//1672
f 1133//1673 1205//1673 1134//1673
f 1205//1674 1206//1674 1134//1674
f 1134//1675 1206//1675 1135//1675
f 1206//1676 1207//1676 1135//1676
f 1135//1677 1207//1677 1136//1677
f 1207//1678 1208//1678 1136//1678
f 1136//1679 1208//1679 1137//1679
f 1208//1680 1209//1680 1137//1680
f 1137//1681 1209//1681 1138//1681
f 1209//1682 1210//1682 1138//1682
f 1138//1683 1210//1683 1139//1683
f 1210//1684 1211//1684 1139//1684
f 1139//1685 1211//1685 1140//1685
f 1211//1686 1212//1686 1140//1686
f 1140//1687 1212//1687 1141//1687
f 1212//1688 1213//1688 1141//1688
f 1141//1689 1213//1689 1142//1689
f 1213//1690 1214//1690 1142//1690
f 1142//1691 1214//1691 1143//1691
f 1214//1692 1215//1692 1143//1692
f 1143//1693 1215//1693 1144//1693
f 1215//1694 1216//1694 1144//1694
f 1144//1695 1216//1695 1145//1695
f 1216//1696 1217//1696 1145//1696
f 1145//1697 1217//1697 1146//1697
f 1217//1698 1218//1698 1146//1698
f 1146//1699 1218//1699 1147//1699
f 1218//1700 1219//1700 1147//1700
f 1147//1701 1219//1701 1148//1701
f 1219//1702 1220//1702 1148//1702
f 1148//1703 1220//1703 1149//1703
f 1220//1704 1221//1704 1149//1704
f 1149//1705 1221//1705 1150//1705
f 1221//1706 1222//1706 1150//1706
f 1150//1707 1222//1707 1151//1707
f 1222//1708 1223//1708 1151//1708
f 1151//1709 1223//1709 1152//1709
f 1223//1710 1224//1710 1152//1710
f 1152//1711 1224//1711 1153//1711
f 1224//1712 1225//1712 1153//1712
f 1153//1713 1225//1713 1154//1713
f 1225//1714 1226//1714 1154//1714
f 1154//1715 1226//1715 1155//1715
f 1226//1716 1227//1716 1155//1716
f 1155//1717 1227//1717 1156//1717
f 1227//1718 1228//1718 1156//1718
f 1156//1719 1228//1719 1157//1719
f 1228//1720 1229//1720 1157//1720
f 1157//1721 1229//1721 1158//1721
f 1229//1722 1230//1722 1158//1722
f 1158//1723 1230//1723 1159//1723
f 1230//1724 1231//1724 1159//1724
f 1159//1725 1231//1725 1160//1725
f 1231//1726 1232//1726 1160//1726
f 1160//1727 1232//1727 1161//1727
f 1232//1728 1233//1728 1161//1728
f 1161//1729 1233//1729 1162//1729
f 1233//1730 1234//1730 1162//1730
f 1162//1731 1234//1731 1163//1731
f 1234//1732 1235//1732 1163//1732
f 1163//1733 1235//1733 1164//1733
f 1235//1734 1236//1734 1164//1734
f 1164//1735 1236//1735 1165//1735
f 1236//1736 1237//1736 1165//1736
f 1165//1737 1237//1737 1166//1737
f 1237//1738 1238//1738 1166//1738
f 1166//1739 1238//1739 1167//1739
f 1238//1740 1239//1740 1167//1740
f 1167//1741 1239//1741 1168//1741
f 1239//1742 1240//1742 1168//1742
f 1168//1743 1240//1743 1169//1743
f 1240//1744 1241//1744 1169//1744
f 1169//1745 1241//1745 1170//1745
f 1241//1746 1242//1746 1170//1746
f 1170//1747 1242//1747 1171//1747
f 1242//1748 1243//1748 1171//1748
f 1171//1749 1243//1749 1172//1749
f 1243//1750 1244//1750 1172//1750
f 1172//1751 1244//1751 1173//1751
f 1244//1752 1245//1752 1173//1752
f 1173//1753 1245//1753 1174//1753
f 1245//1754 1246//1754 1174//1754
f 1174//1755 1246//1755 1175//1755
f 1246//1756 1247//1756 1175//1756
f 1175//1757 1247//1757 1176//1757
f 1247//1758 1248//1758 1176//1758
f 1176//1759 1248//1759 1105//1759
f 1248//1760 1177//1760 1105//1760
f 1177//1761 1249//1761 1178//1761
f 1249//1762 1250//1762 1178//1762
f 1178//1763 1250//1763 1179//1763
f 1250//1764 1251//1764 1179//1764
f 1179//1765 1251//1765 1180//1765
f 1251//1766 1252//1766 1180//1766
f 1180//1767 1252//1767 1181//1767
f 1252//1768 1253//1768 1181//1768
f 1181//1769 1253//1769 1182//1769
f 1253//1770 1254//1770 1182//1770
f 1182//1771 1254//1771 1183//1771
f 1254//1772 1255//1772 1183//1772
f 1183//1773 1255//1773 1184//1773
f 1255//1774 1256//1774 1184//1774
f 1184//1775 1256//1775 1185//1775
f 1256//1776 1257//1776 1185//1776
f 1185//1777 1257//1777 1186//1777
f 1257//1778 1258//1778 1186//1778
f 1186//1779 1258//1779 1187//1779
f 1258//1780 1259//1780 1187//1780
f 1187//1781 1259//1781 1188//1781
f 1259//1782 1260//1782 1188//1782
f 1188//1783 1260//1783 1189//1783
f 1260//1784 1261//1784 1189//1784
f 1189//1785 1261//1785 1190//1785
f 1261//1786 1262//1786 1190//1786
f 1190//1787 1262//1787 1191//1787
f 1262//1788 1263//1788 1191//1788
f 1191//1789 1263//1789 1192//1789
f 1263//1790 1264//1790 1192//1790
f 1192//1791 1264//1791 1193//1791
f 1264//1792 1265//1792 1193//1792
f 1193//1793 1265//1793 1194//1793
f 1265//1794 1266//1794 1194//1794
f 1194//1795 1266//1795 1195//1795
f 1266//1796 1267//1796 1195//1796
f 1195//1797 1267//1797 1196//1797
f 1267//1798 1268//1798 1196//1798
f 1196//1799 1268//1799 1197//1799
f 1268//1800 1269//1800 1197//1800
f 1197//1801 1269//1801 1198//1801
f 1269//1802 1270//1802 1198//1802
f 1198//1803 1270//1803 1199//1803
f 1270//1804 1271//1804 1199//1804
f 1199//1805 1271//1805 1200//1805
f 1271//1806 1272//1806 1200//1806
f 1200//1807 1272//1807 1201//1807
f 1272//1808 1273//1808 1201//1808
f 1201//1809 1273//1809 1202//1809
f 1273//1810 1274//1810 1202//1810
f 1202//1811 1274//1811 1203//1811
f 1274//1812 1275//1812 1203//1812
f 1203//1813 1275//1813 1204//1813
f 1275//1814 1276//1814 1204//1814
f 1204//1815 1276//1815 1205//1815
f 1276//1816 1277//1816 1205//1816
f 1205//1817 1277//1817 1206//1817
f 1277//1818 1278//1818 1206//1818
f 1206//1819 1278//1819 1207//1819
f 1278//1820 1279//1820 1207//1820
f 1207//1821 1279//1821 1208//1821
f 1279//1822 1280//1822 1208//1822
f 1208//1823 1280//1823 1209//1823
f 1280//1824 1281//1824 1209//1824
f 1209//1825 1281//1825 1210//1825
f 1281//1826 1282//1826 1210//1826
f 1210//1827 1282//1827 1211//1827
f 1282//1828 1283//1828 1211//1828
f 1211//1829 1283//1829 1212//1829
f 1283//1830 1284//1830 1212//1830
f 1212//1831 1284//1831 1213//1831
f 1284//1832 1285//1832 1213//1832
f 1213//1833 1285//1833 1214//1833
f 1285//1834 1286//1834 1214//1834
f 1214//1835 1286//1835 1215//1835
f 1286//1836 1287//1836 1215//1836
f 1215//1837 1287//1837 1216//1837
f 1287//1838 1288//1838 1216//1838
f 1216//1839 1288//1839 1217//1839
f 1288//1840 1289//1840 1217//1840
f 1217//1841 1289//1841 1218//1841
f 1289//1842 1290//1842 1218//1842
f 1218//1843 1290//1843 1219//1843
f 1290//1844 1291//1844 1219//1844
f 1219//1845 1291//1845 1220//1845
f 1291//1846 1292//1846 1220//1846
f 1220//1847 1292//1847 1221//1847
f 1292//1848 1293//1848 1221//1848
f 1221//1849 1293//1849 1222//1849
f 1293//1850 1294//1850 1222//1850
f 1222//1851 1294//1851 1223//1851
f 1294//1852 1295//1852 1223//1852
f 1223//1853 1295//1853 1224//1853
f 1295//1854 1296//1854 1224//1854
f 1224//1855 1296//1855 1225//1855
f 1296//1856 1297//1856 1225//1856
f 1225//1857 1297//1857 1226//1857
f 1297//1858 1298//1858 1226//1858
f 1226//1859 1298//1859 1227//1859
f 1298//1860 1299//1860 1227//1860
f 1227//1861 1299//1861 1228//1861
f 1299//1862 1300//1862 1228//1862
f 1228//1863 1300//1863 1229//1863
f 1300//1864 1301//1864 1229//1864
f 1229//1865 1301//1865 1230//1865
f 1301//1866 1302//1866 1230//1866
f 1230//1867 1302//1867 1231//1867
f 1302//1868 1303//1868 1231//1868
f 1231//1869 1303//1869 1232//1869
f 1303//1870 1304//1870 1232//1870
f 1232//1871 1304//1871 1233//1871
f 1304//1872 1305//1872 1233//1872
f 1233//1873 1305//1873 1234//1873
f 1305//1874 1306//1874 1234//1874
f 1234//1875 1306//1875 1235//1875
f 1306//1876 1307//1876 1235//1876
f 1235//1877 1307//1877 1236//1877
f 1307//1878 1308//1878 1236//1878
f 1236//1879 1308//1879 1237//1879
f 1308//1880 1309//1880 1237//1880
f 1237//1881 1309//1881 1238//1881
f 1309//1882 1310//1882 1238//1882
f 1238//1883 1310//1883 1239//1883
f 1310//1884 1311//1884 1239//1884
f 1239//1885 1311//1885 1240//1885
f 1311//1886 1312//1886 1240//1886
f 1240//1887 1312//1887 1241//1887
f 1312//1888 1313//1888 1241//1888
f 1241//1889 1313//1889 1242//1889
f 1313//1890 1314//1890 1242//1890
f 1242//1891 1314//1891 1243//1891
f 1314//1892 1315//1892 1243//1892
f 1243//1893 1315//1893 1244//1893
f 1315//1894 1316//1894 1244//1894
f 1244//1895 1316//1895 1245//1895
f 1316//1896 1317//1896 1245//1896
f 1245//1897 1317//1897 1246//1897
f 1317//1898 1318//1898 1246//1898
f 1246//1899 1318//1899 1247//1899
f 1318//1900 1319//1900 1247//1900
f 1247//1901 1319//1901 1248//1901
f 1319//1902 1320//1902 1248//1902
f 1248//1903 1320//1903 1177//1903
f 1320//1904 1249//1904 1177//1904
f 1249//1905 1321//1905 1250//1905
f 1321//1906 1322//1906 1250//1906
f 1250//1907 1322//1907 1251//1907
f 1322//1908 1323//1908 1251//1908
f 1251//1909 1323//1909 1252//1909
f 1323//1910 1324//1910 1252//1910
f 1252//1911 1324//1911 1253//1911
f 1324//1912 1325//1912 1253//1912
f 1253//1913 1325//1913 1254//1913
f 1325//1914 1326//1914 1254//1914
f 1254//1915 1326//1915 1255//1915
f 1326//1916 1327//1916 1255//1916
f 1255//1917 1327//1917 1256//1917
f 1327//1918 1328//1918 1256//1918
f 1256//1919 1328//1919 1257//1919
f 1328//1920 1329//1920 1257//1920
f 1257//1921 1329//1921 1258//1921
f 1329//1922 1330//1922 1258//1922
f 1258//1923 1330//1923 1259//1923
f 1330//1924 1331//1924 1259//1924
f 1259//1925 1331//1925 1260//1925
f 1331//1926 1332//1926 1260//1926
f 1260//1927 1332//1927 1261//1927
f 1332//1928 1333//1928 1261//1928
f 1261//1929 1333//1929 1262//1929
f 1333//1930 1334//1930 1262//1930
f 1262//1931 1334//1931 1263//1931
f 1334//1932 1335//1932 1263//1932
f 1263//1933 1335//1933 1264//1933
f 1335//1934 1336//1934 1264//1934
f 1264//1935 1336//1935 1265//1935
f 1336//1936 1337//1936 1265//1936
f 1265//1937 1337//1937 1266//1937
f 1337//1938 1338//1938 1266//1938
f 1266//1939 1338//1939 1267//1939
f 1338//1940 1339//1940 1267//1940
f 1267//1941 1339//1941 1268//1941
f 1339//1942 1340//1942 1268//1942
f 1268//1943 1340//1943 1269//1943
f 1340//1944 1341//1944 1269//1944
f 1269//1945 1341//1945 1270//1945
f 1341//1946 1342//1946 1270//1946
f 1270//1947 1342//1947 1271//1947
f 1342//1948 1343//1948 1271//1948
f 1271//1949 1343//1949 1272//1949
f 1343//1950 1344//1950 1272//1950
f 1272//1951 1344//1951 1273//1951
f 1344//1952 1345//1952 1273//1952
f 1273//1953 1345//1953 1274//1953
f 1345//1954 1346//1954 1274//1954
f 1274//1955 1346//1955 1275//1955
f 1346//1956 1347//1956 1275//1956
f 1275//1957 1347//1957 1276//1957
f 1347//1958 1348//1958 1276//1958
f 1276//1959 1348//1959 1277//1959
f 1348//1960 1349//1960 1277//1960
f 1277//1961 1349//1961 1278//1961
f 1349//1962 1350//1962 1278//1962
f 1278//1963 1350//1963 1279//1963
f 1350//1964 1351//1964 1279//1964
f 1279//1965 1351//1965 1280//1965
f 1351//1966 1352//1966 1280//1966
f 1280//1967 1352//1967 1281//1967
f 1352//1968 1353//1968 1281//1968
f 1281//1969 1353//1969 1282//1969
f 1353//1970 1354//1970 1282//1970
f 1282//1971 1354//1971 1283//1971
f 1354//1972 1355//1972 1283//1972
f 1283//1973 1355//1973 1284//1973
f 1355//1974 1356//1974 1284//1974
f 1284//1975 1356//1975 1285//1975
f 1356//1976 1357//1976 1285//1976
f 1285//1977 1357//1977 1286//1977
f 1357//1978 1358//1978 1286//1978
f 1286//1979 1358//1979 1287//1979
f 1358//1980 1359//1980 1287//1980
f 1287//1981 1359//1981 1288//1981
f 1359//1982 1360//1982 1288//1982
f 1288//1983 1360//1983 1289//1983
f 1360//1984 1361//1984 1289//1984
f 1289//1985 1361//1985 1290//1985
f 1361//1986 1362//1986 1290//1986
f 1290//1987 1362//1987 1291//1987
f 1362//1988 1363//1988 1291//1988
f 1291//1989 1363//1989 1292//1989
f 1363//1990 1364//1990 1292//1990
f 1292//1991 1364//1991 1293//1991
f 1364//1992 1365//1992 1293//1992
f 1293//1993 1365//1993 1294//1993
f 1365//1994 1366//1994 1294//1994
f 1294//1995 1366//1995 1295//1995
f 1366//1996 1367//1996 1295//1996
f 1295//1997 1367//1997 1296//1997
f 1367//1998 1368//1998 1296//1998
f 1296//1999 1368//1999 1297//1999
f 1368//2000 1369//2000 1297//2000
f 1297//2001 1369//2001 1298//2001
f 1369//2002 1370//2002 1298//2002
f 1298//2003 1370//2003 1299//2003
f 1370//2004 1371//2004 1299//2004
f 1299//2005 1371//2005 1300//2005
f 1371//2006 1372//2006 1300//2006
f 1300//2007 1372//2007 1301//2007
f 1372//2008 1373//2008 1301//2008
f 1301//2009 1373//2009 1302//2009
f 1373//2010 1374//2010 1302//2010
f 1302//2011 1374//2011 1303//2011
f 1374//2012 1375//2012 1303//2012
f 1303//2013 1375//2013 1304//2013
f 1375//2014 1376//2014 1304//2014
f 1304//2015 1376//2015 1305//2015
f 1376//2016 1377//2016 1305//2016
f 1305//2017 1377//2017 1306//2017
f 1377//2018 1378//2018 1306//2018
f 1306//2019 1378//2019 1307//2019
f 1378//2020 1379//2020 1307//2020
f 1307//2021 1379//2021 1308//2021
f 1379//2022 1380//2022 1308//2022
f 1308//2023 1380//2023 1309//2023
f 1380//2024 1381//2024 1309//2024
f 1309//2025 1381//2025 1310//2025
f 1381//2026 1382//2026 1310//2026
f 1310//2027 1382//2027 1311//2027
f 1382//2028 1383//2028 1311//2028
f 1311//2029 1383//2029 1312//2029
f 1383//2030 1384//2030 1312//2030
f 1312//2031 1384//2031 1313//2031
f 1384//2032 1385//2032 1313//2032
f 1313//2033 1385//2033 1314//2033
f 1385//2034 1386//2034 1314//2034
f 1314//2035 1386//2035 1315//2035
f 1386//2036 1387//2036 1315//2036
f 1315//2037 1387//2037 1316//2037
f 1387//2038 1388//2038 1316//2038
f 1316//2039 1388//2039 1317//2039
f 1388//2040 1389//2040 1317//2040
f 1317//2041 1389//2041 1318//2041
f 1389//2042 1390//2042 1318//2042
f 1318//2043 1390//2043 1319//2043
f 1390//2044 1391//2044 1319//2044
f 1319//2045 1391//2045 1320//2045
f 1391//2046 1392//2046 1320//2046
f 1320//2047 1392//2047 1249//2047
f 1392//2048 1321//2048 1249//2048
f 1321//2049 1393//2049 1322//2049
f 1393//2050 1394//2050 1322//2050
f 1322//2051 1394//2051 1323//2051
f 1394//2052 1395//2052 1323//2052
f 1323//2053 1395//2053 1324//2053
f 1395//2054 1396//2054 1324//2054
f 1324//2055 1396//2055 1325//2055
f 1396//2056 1397//2056 1325//2056
f 1325//2057 1397//2057 1326//2057
f 1397//2058 1398//2058 1326//2058
f 1326//2059 1398//2059 1327//2059
f 1398//2060 1399//2060 1327//2060
f 1327//2061 1399//2061 1328//2061
f 1399//2062 1400//2062 1328//2062
f 1328//2063 1400//2063 1329//2063
f 1400//2064 1401//2064 1329//2064
f 1329//2065 1401//2065 1330//2065
f 1401//2066 1402//2066 1330//2066
f 1330//2067 1402//2067 1331//2067
f 1402//2068 1403//2068 1331//2068
f 1331//2069 1403//2069 1332//2069
f 1403//2070 1404//2070 1332//2070
f 1332//2071 1404//2071 1333//2071
f 1404//2072 1405//2072 1333//2072
f 1333//2073 1405//2073 1334//2073
f 1405//2074 1406//2074 1334//2074
f 1334//2075 1406//2075 1335//2075
f 1406//2076 1407//2076 1335//2076
f 1335//2077 1407//2077 1336//2077
f 1407//2078 1408//2078 1336//2078
f 1336//2079 1408//2079 1337//2079
f 1408//2080 1409//2080 1337//2080
f 1337//2081 1409//2081 1338//2081
f 1409//2082 1410//2082 1338//2082
f 1338//2083 1410//2083 1339//2083
f 1410//2084 1411//2084 1339//2084
f 1339//2085 1411//2085 1340//2085
f 1411//2086 1412//2086 1340//2086
f 1340//2087 1412//2087 1341//2087
f 1412//2088 1413//2088 1341//2088
f 1341//2089 1413//2089 1342//2089
f 1413//2090 1414//2090 1342//2090
f 1342//2091 1414//2091 1343//2091
f 1414//2092 1415//2092 1343//2092
f 1343//2093 1415//2093 1344//2093
f 1415//2094 1416//2094 1344//2094
f 1344//2095 1416//2095 1345//2095
f 1416//2096 1417//2096 1345//2096
f 1345//2097 1417//2097 1346//2097
f 1417//2098 1418//2098 1346//2098
f 1346//2099 1418//2099 1347//2099
f 1418//2100 1419//2100 1347//2100
f 1347//2101 1419//2101 1348//2101
f 1419//2102 1420//2102 1348//2102
f 1348//2103 1420//2103 1349//2103
f 1420//2104 1421//2104 1349//2104
f 1349//2105 1421//2105 1350//2105
f 1421//2106 1422//2106 1350//2106
f 1350//2107 1422//2107 1351//2107
f 1422//2108 1423//2108 1351//2108
f 1351//2109 1423//2109 1352//2109
f 1423//2110 1424//2110 1352//2110
f 1352//2111 1424//2111 1353//2111
f 1424//2112 1425//2112 1353//2112
f 1353//2113 1425//2113 1354//2113
f 1425//2114 1426//2114 1354//2114
f 1354//2115 1426//2115 1355//2115
f 1426//2116 1427//2116 1355//2116
f 1355//2117 1427//2117 1356//2117
f 1427//2118 1428//2118 1356//2118
f 1356//2119 1428//2119 1357//2119
f 1428//2120 1429//2120 1357//2120
f 1357//2121 1429//2121 1358//2121
f 1429//2122 1430//2122 1358//2122
f 1358//2123 1430//2123 1359//2123
f 1430//2124 1431//2124 1359//2124
f 1359//2125 1431//2125 1360//2125
f 1431//2126 1432//2126 1360//2126
f 1360//2127 1432//2127 1361//2127
f 1432//2128 1433//2128 1361//2128
f 1361//2129 1433//2129 1362//2129
f 1433//2130 1434//2130 1362//2130
f 1362//2131 1434//2131 1363//2131
f 1434//2132 1435//2132 1363//2132
f 1363//2133 1435//2133 1364//2133
f 1435//2134 1436//2134 1364//2134
f 1364//2135 1436//2135 1365//2135
f 1436//2136 1437//2136 1365//2136
f 1365//2137 1437//2137 1366//2137
f 1437//2138 1438//2138 1366//2138
f 1366//2139 1438//2139 1367//2139
f 1438//2140 1439//2140 1367//2140
f 1367//2141 1439//2141 1368//2141
f 1439//2142 1440//2142 1368//2142
f 1368//2143 1440//2143 1369//2143
f 1440//2144 1441//2144 1369//2144
f 1369//2145 1441//2145 1370//2145
f 1441//2146 1442//2146 1370//2146
f 1370//2147 1442//2147 1371//2147
f 1442//2148 1443//2148 1371//2148
f 1371//2149 1443//2149 1372//2149
f 1443//2150 1444//2150 1372//2150
f 1372//2151 1444//2151 1373//2151
f 1444//2152 1445//2152 1373//2152
f 1373//2153 1445//2153 1374//2153
f 1445//2154 1446//2154 1374//2154
f 1374//2155 1446//2155 1375//2155
f 1446//2156 1447//2156 1375//2156
f 1375//2157 1447//2157 1376//2157
f 1447//2158 1448//2158 1376//2158
f 1376//2159 1448//2159 1377//2159
f 1448//2160 1449//2160 1377//2160
f 1377//2161 1449//2161 1378//2161
f 1449//2162 1450//2162 1378//2162
f 1378//2163 1450//2163 1379//2163
f 1450//2164 1451//2164 1379//2164
f 1379//2165 1451//2165 1380//2165
f 1451//2166 1452//2166 1380//2166
f 1380//2167 1452//2167 1381//2167
f 1452//2168 1453//2168 1381//2168
f 1381//2169 1453//2169 1382//2169
f 1453//2170 1454//2170 1382//2170
f 1382//2171 1454//2171 1383//2171
f 1454//2172 1455//2172 1383//2172
f 1383//2173 1455//2173 1384//2173
f 1455//2174 1456//2174 1384//2174
f 1384//2175 1456//2175 1385//2175
f 1456//2176 1457//2176 1385//2176
f 1385//2177 1457//2177 1386//2177
f 1457//2178 1458//2178 1386//2178
f 1386//2179 1458//2179 1387//2179
f 1458//2180 1459//2180 1387//2180
f 1387//2181 1459//2181 1388//2181
f 1459//2182 1460//2182 1388//2182
f 1388//2183 1460//2183 1389//2183
f 1460//2184 1461//2184 1389//2184
f 1389//2185 1461//2185 1390//2185
f 1461//2186 1462//2186 1390//2186
f 1390//2187 1462//2187 1391//2187
f 1462//2188 1463//2188 1391//2188
f 1391//2189 1463//2189 1392//2189
f 1463//2190 1464//2190 1392//2190
f 1392//2191 1464//2191 1321//2191
f 1464//2192 1393//2192 1321//2192
f 1393//2193 1465//2193 1394//2193
f 1465//2194 1466//2194 1394//2194
f 1394//2195 1466//2195 1395//2195
f 1466//2196 1467//2196 1395//2196
f 1395//2197 1467//2197 1396//2197
f 1467//2198 1468//2198 1396//2198
f 1396//2199 1468//2199 1397//2199
f 1468//2200 1469//2200 1397//2200
f 1397//2201 1469//2201 1398//2201
f 1469//2202 1470//2202 1398//2202
f 1398//2203 1470//2203 1399//2203
f 1470//2204 1471//2204 1399//2204
f 1399//2205 1471//2205 1400//2205
f 1471//2206 1472//2206 1400//2206
f 1400//2207 1472//2207 1401//2207
f 1472//2208 1473//2208 1401//2208
f 1401//2209 1473//2209 1402//2209
f 1473//2210 1474//2210 1402//2210
f 1402//2211 1474//2211 1403//2211
f 1474//2212 1475//2212 1403//2212
f 1403//2213 1475//2213 1404//2213
f 1475//2214 1476//2214 1404//2214
f 1404//2215 1476//2215 1405//2215
f 1476//2216 1477//2216 1405//2216
f 1405//2217 1477//2217 1406//2217
f 1477//2218 1478//2218 1406//2218
f 1406//2219 1478//2219 1407//2219
f 1478//2220 1479//2220 1407//2220
f 1407//2221 1479//2221 1408//2221
f 1479//2222 1480//2222 1408//2222
f 1408//2223 1480//2223 1409//2223
f 1480//2224 1481//2224 1409//2224
f 1409//2225 1481//2225 1410//2225
f 1481//2226 1482//2226 1410//2226
f 1410//2227 1482//2227 1411//2227
f 1482//2228 1483//2228 1411//2228
f 1411//2229 1483//2229 1412//2229
f 1483//2230 1484//2230 1412//2230
f 1412//2231 1484//2231 1413//2231
f 1484//2232 1485//2232 1413//2232
f 1413//2233 1485//2233 1414//2233
f 1485//2234 1486//2234 1414//2234
f 1414//2235 1486//2235 1415//2235
f 1486//2236 1487//2236 1415//2236
f 1415//2237 1487//2237 1416//2237
f 1487//2238 1488//2238 1416//2238
f 1416//2239 1488//2239 1417//2239
f 1488//2240 1489//2240 1417//2240
f 1417//2241 1489//2241 1418//2241
f 1489//2242 1490//2242 1418//2242
f 1418//2243 1490//2243 1419//2243
f 1490//2244 1491//2244 1419//2244
f 1419//2245 1491//2245 1420//2245
f 1491//2246 1492//2246 1420//2246
f 1420//2247 1492//2247 1421//2247
f 1492//2248 1493//2248 1421//2248
f 1421//2249 1493//2249 1422//2249
f 1493//2250 1494//2250 1422//2250
f 1422//2251 1494//2251 1423//2251
f 1494//2252 1495//2252 1423//2252
f 1423//2253 1495//2253 1424//2253
f 1495//2254 1496//2254 1424//2254
f 1424//2255 1496//2255 1425//2255
f 1496//2256 1497//2256 1425//2256
f 1425//2257 1497//2257 1426//2257
f 1497//2258 1498//2258 1426//2258
f 1426//2259 1498//2259 1427//2259
f 1498//2260 1499//2260 1427//2260
f 1427//2261 1499//2261 1428//2261
f 1499//2262 1500//2262 1428//2262
f 1428//2263 1500//2263 1429//2263
f 1500//2264 1501//2264 1429//2264
f 1429//2265 1501//2265 1430//2265
f 1501//2266 1502//2266 1430//2266
f 1430//2267 1502//2267 1431//2267
f 1502//2268 1503//2268 1431//2268
f 1431//2269 1503//2269 1432//2269
f 1503//2270 1504//2270 1432//2270
f 1432//2271 1504//2271 1433//2271
f 1504//2272 1505//2272 1433//2272
f 1433//2273 1505//2273 1434//2273
f 1505//2274 1506//2274 1434//2274
f 1434//2275 1506//2275 1435//2275
f 1506//2276 1507//2276 1435//2276
f 1435//2277 1507//2277 1436//2277
f 1507//2278 1508//2278 1436//2278
f 1436//2279 1508//2279 1437//2279
f 1508//2280 1509//2280 1437//2280
f 1437//2281 1509//2281 1438//2281
f 1509//2282 1510//2282 1438//2282
f 1438//2283 1510//2283 1439//2283
f 1510//2284 1511//2284 1439//2284
f 1439//2285 1511//2285 1440//2285
f 1511//2286 1512//2286 1440//2286
f 1440//2287 1512//2287 1441//2287
f 1512//2288 1513//2288 1441//2288
f 1441//2289 1513//2289 1442//2289
f 1513//2290 1514//2290 1442//2290
f 1442//2291 1514//2291 1443//2291
f 1514//2292 1515//2292 1443//2292
f 1443//2293 1515//2293 1444//2293
f 1515//2294 1516//2294 1444//2294
f 1444//2295 1516//2295 1445//2295
f 1516//2296 1517//2296 1445//2296
f 1445//2297 1517//2297 1446//2297
f 1517//2298 1518//2298 1446//2298
f 1446//2299 1518//2299 1447//2299
f 1518//2300 1519//2300 1447//2300
f 1447//2301 1519//2301 1448//2301
f 1519//2302 1520//2302 1448//2302
f 1448//2303 1520//2303 1449//2303
f 1520//2304 1521//2304 1449//2304
f 1449//2305 1521//2305 1450//2305
f 1521//2306 1522//2306 1450//2306
f 1450//2307 1522//2307 1451//2307
f 1522//2308 1523//2308 1451//2308
f 1451//2309 1523//2309 1452//2309
f 1523//2310 1524//2310 1452//2310
f 1452//2311 1524//2311 1453//2311
f 1524//2312 1525//2312 1453//2312
f 1453//2313 1525//2313 1454//2313
f 1525//2314 1526//2314 1454//2314
f 1454//2315 1526//2315 1455//2315
f 1526//2316 1527//2316 1455//2316
f 1455//2317 1527//2317 1456//2317
f 1527//2318 1528//2318 1456//2318
f 1456//2319 1528//2319 1457//2319
f 1528//2320 1529//2320 1457//2320
f 1457//2321 1529//2321 1458//2321
f 1529//2322 1530//2322 1458//2322
f 1458//2323 1530//2323 1459//2323
f 1530//2324 1531//2324 1459//2324
f 1459//2325 1531//2325 1460//2325
f 1531//2326 1532//2326 1460//2326
f 1460//2327 1532//2327 1461//2327
f 1532//2328 1533//2328 1461//2328
f 1461//2329 1533//2329 1462//2329
f 1533//2330 1534//2330 1462//2330
f 1462//2331 1534//2331 1463//2331
f 1534//2332 1535//2332 1463//2332
f 1463//2333 1535//2333 1464//2333
f 1535//2334 1536//2334 1464//2334
f 1464//2335 1536//2335 1393//2335
f 1536//2336 1465//2336 1393//2336
f 1465//2337 1537//2337 1466//2337
f 1537//2338 1538//2338 1466//2338
f 1466//2339 1538//2339 1467//2339
f 1538//2340 1539//2340 1467//2340
f 1467//2341 1539//2341 1468//2341
f 1539//2342 1540//2342 1468//2342
f 1468//2343 1540//2343 1469//2343
f 1540//2344 1541//2344 1469//2344
f 1469//2345 1541//2345 1470//2345
f 1541//2346 1542//2346 1470//2346
f 1470//2347 1542//2347 1471//2347
f 1542//2348 1543//2348 1471//2348
f 1471//2349 1543//2349 1472//2349
f 1543//2350 1544//2350 1472//2350
f 1472//2351 1544//2351 1473//2351
f 1544//2352 1545//2352 1473//2352
f 1473//2353 1545//2353 1474//2353
f 1545//2354 1546//2354 1474//2354
f 1474//2355 1546//2355 1475//2355
f 1546//2356 1547//2356 1475//2356
f 1475//2357 1547//2357 1476//2357
f 1547//2358 1548//2358 1476//2358
f 1476//2359 1548//2359 1477//2359
f 1548//2360 1549//2360 1477//2360
f 1477//2361 1549//2361 1478//2361
f 1549//2362 1550//2362 1478//2362
f 1478//2363 1550//2363 1479//2363
f 1550//2364 1551//2364 1479//2364
f 1479//2365 1551//2365 1480//2365
f 1551//2366 1552//2366 1480//2366
f 1480//2367 1552//2367 1481//2367
f 1552//2368 1553//2368 1481//2368
f 1481//2369 1553//2369 1482//2369
f 1553//2370 1554//2370 1482//2370
f 1482//2371 1554//2371 1483//2371
f 1554//2372 1555//2372 1483//2372
f 1483//2373 1555//2373 1484//2373
f 1555//2374 1556//2374 1484//2374
f 1484//2375 1556//2375 1485//2375
f 1556//2376 1557//2376 1485//2376
f 1485//2377 1557//2377 1486//2377
f 1557//2378 1558//2378 1486//2378
f 1486//2379 1558//2379 1487//2379
f 1558//2380 1559//2380 1487//2380
f 1487//2381 1559//2381 1488//2381
f 1559//2382 1560//2382 1488//2382
f 1488//2383 1560//2383 1489//2383
f 1560//2384 1561//2384 1489//2384
f 1489//2385 1561//2385 1490//2385
f 1561//2386 1562//2386 1490//2386
f 1490//2387 1562//2387 1491//2387
f 1562//2388 1563//2388 1491//2388
f 1491//2389 1563//2389 1492//2389
f 1563//2390 1564//2390 1492//2390
f 1492//2391 1564//2391 1493//2391
f 1564//2392 1565//2392 1493//2392
f 1493//2393 1565//2393 1494//2393
f 1565//2394 1566//2394 1494//2394
f 1494//2395 1566//2395 1495//2395
f 1566//2396 1567//2396 1495//2396
f 1495//2397 1567//2397 1496//2397
f 1567//2398 1568//2398 1496//2398
f 1496//2399 1568//2399 1497//2399
f 1568//2400 1569//2400 1497//2400
f 1497//2401 1569//2401 1498//2401
f 1569//2402 1570//2402 1498//2402
f 1498//2403 1570//2403 1499//2403
f 1570//2404 1571//2404 1499//2404
f 1499//2405 1571//2405 1500//2405
f 1571//2406 1572//2406 1500//2406
f 1500//2407 1572//2407 1501//2407
f 1572//2408 1573//2408 1501//2408
f 1501//2409 1573//2409 1502//2409
f 1573//2410 1574//2410 1502//2410
f 1502//2411 1574//2411 1503//2411
f 1574//2412 1575//2412 1503//2412
f 1503//2413 1575//2413 1504//2413
f 1575//2414 1576//2414 1504//2414
f 1504//2415 1576//2415 1505//2415
f 1576//2416 1577//2416 1505//2416
f 1505//2417 1577//2417 1506//2417
f 1577//2418 1578//2418 1506//2418
f 1506//2419 1578//2419 1507//2419
f 1578//2420 1579//2420 1507//2420
f 1507//2421 1579//2421 1508//2421
f 1579//2422 1580//2422 1508//2422
f 1508//2423 1580//2423 1509//2423
f 1580//2424 1581//2424 1509//2424
f 1509//2425 1581//2425 1510//2425
f 1581//2426 1582//2426 1510//2426
f 1510//2427 1582//2427 1511//2427
f 1582//2428 1583//2428 1511//2428
f 1511//2429 1583//2429 1512//2429
f 1583//2430 1584//2430 1512//2430
f 1512//2431 1584//2431 1513//2431
f 1584//2432 1585//2432 1513//2432
f 1513//2433 1585//2433 1514//2433
f 1585//2434 1586//2434 1514//2434
f 1514//2435 1586//2435 1515//2435
f 1586//2436 1587//2436 1515//2436
f 1515//2437 1587//2437 1516//2437
f 1587//2438 1588//2438 1516//2438
f 1516//2439 1588//2439 1517//2439
f 1588//2440 1589//2440 1517//2440
f 1517//2441 1589//2441 1518//2441
f 1589//2442 1590//2442 1518//2442
f 1518//2443 1590//2443 1519//2443
f 1590//2444 1591//2444 1519//2444
f 1519//2445 1591//2445 1520//2445
f 1591//2446 1592//2446 1520//2446
f 1520//2447 1592//2447 1521//2447
f 1592//2448 1593//2448 1521//2448
f 1521//2449 1593//2449 1522//2449
f 1593//2450 1594//2450 1522//2450
f 1522//2451 1594//2451 1523//2451
f 1594//2452 1595//2452 1523//2452
f 1523//2453 1595//2453 1524//2453
f 1595//2454 1596//2454 1524//2454
f 1524//2455 1596//2455 1525//2455
f 1596//2456 1597//2456 1525//2456
f 1525//2457 1597//2457 1526//2457
f 1597//2458 1598//2458 1526//2458
f 1526//2459 1598//2459 1527//2459
f 1598//2460 1599//2460 1527//2460
f 1527//2461 1599//2461 1528//2461
f 1599//2462 1600//2462 1528//2462
f 1528//2463 1600//2463 1529//2463
f 1600//2464 1601//2464 1529//2464
f 1529//2465 1601//2465 1530//2465
f 1601//2466 1602//2466 1530//2466
f 1530//2467 1602//2467 1531//2467
f 1602//2468 1603//2468 1531//2468
f 1531//2469 1603//2469 1532//2469
f 1603//2470 1604//2470 1532//2470
f 1532//2471 1604//2471 1533//2471
f 1604//2472 1605//2472 1533//2472
f 1533//2473 1605//2473 1534//2473
f 1605//2474 1606//2474 1534//2474
f 1534//2475 1606//2475 1535//2475
f 1606//2476 1607//2476 1535//2476
f 1535//2477 1607//2477 1536//2477
f 1607//2478 1608//2478 1536//2478
f 1536//2479 1608//2479 1465//2479
f 1608//2480 1537//2480 1465//2480
f 1537//2481 1609//2481 1538//2481
f 1609//2482 1610//2482 1538//2482
f 1538//2483 1610//2483 1539//2483
f 1610//2484 1611//2484 1539//2484
f 1539//2485 1611//2485 1540//2485
f 1611//2486 1612//2486 1540//2486
f 1540//2487 1612//2487 1541//2487
f 1612//2488 1613//2488 1541//2488
f 1541//2489 1613//2489 1542//2489
f 1613//2490 1614//2490 1542//2490
f 1542//2491 1614//2491 1543//2491
f 1614//2492 1615//2492 1543//2492
f 1543//2493 1615//2493 1544//2493
f 1615//2494 1616//2494 1544//2494
f 1544//2495 1616//2495 1545//2495
f 1616//2496 1617//2496 1545//2496
f 1545//2497 1617//2497 1546//2497
f 1617//2498 1618//2498 1546//2498
f 1546//2499 1618//2499 1547//2499
f 1618//2500 1619//2500 1547//2500
f 1547//2501 1619//2501 1548//2501
f 1619//2502 1620//2502 1548//2502
f 1548//2503 1620//2503 1549//2503
f 1620//2504 1621//2504 1549//2504
f 1549//2505 1621//2505 1550//2505
f 1621//2506 1622//2506 1550//2506
f 1550//2507 1622//2507 1551//2507
f 1622//2508 1623//2508 1551//2508
f 1551//2509 1623//2509 1552//2509
f 1623//2510 1624//2510 1552//2510
f 1552//2511 1624//2511 1553//2511
f 1624//2512 1625//2512 1553//2512
f 1553//2513 1625//2513 1554//2513
f 1625//2514 1626//2514 1554//2514
f 1554//2515 1626//2515 1555//2515
f 1626//2516 1627//2516 1555//2516
f 1555//2517 1627//2517 1556//2517
f 1627//2518 1628//2518 1556//2518
f 1556//2519 1628//2519 1557//2519
f 1628//2520 1629//2520 1557//2520
f 1557//2521 1629//2521 1558//2521
f 1629//2522 1630//2522 1558//2522
f 1558//2523 1630//2523 1559//2523
f 1630//2524 1631//2524 1559//2524
f 1559//2525 1631//2525 1560//2525
f 1631//2526 1632//2526 1560//2526
f 1560//2527 1632//2527 1561//2527
f 1632//2528 1633//2528 1561//2528
f 1561//2529 1633//2529 1562//2529
f 1633//2530 1634//2530 1562//2530
f 1562//2531 1634//2531 1563//2531
f 1634//2532 1635//2532 1563//2532
f 1563//2533 1635//2533 1564//2533
f 1635//2534 1636//2534 1564//2534
f 1564//2535 1636//2535 1565//2535
f 1636//2536 1637//2536 1565//2536
f 1565//2537 1637//2537 1566//2537
f 1637//2538 1638//2538 1566//2538
f 1566//2539 1638//2539 1567//2539
f 1638//2540 1639//2540 1567//2540
f 1567//2541 1639//2541 1568//2541
f 1639//2542 1640//2542 1568//2542
f 1568//2543 1640//2543 1569//2543
f 1640//2544 1641//2544 1569//2544
f 1569//2545 1641//2545 1570//2545
f 1641//2546 1642//2546 1570//2546
f 1570//2547 1642//2547 1571//2547
f 1642//2548 1643//2548 1571//2548
f 1571//2549 1643//2549 1572//2549
f 1643//2550 1644//2550 1572//2550
f 1572//2551 1644//2551 1573//2551
f 1644//2552 1645//2552 1573//2552
f 1573//2553 1645//2553 1574//2553
f 1645//2554 1646//2554 1574//2554
f 1574//2555 1646//2555 1575//2555
f 1646//2556 1647//2556 1575//2556
f 1575//2557 1647//2557 1576//2557
f 1647//2558 1648//2558 1576//2558
f 1576//2559 1648//2559 1577//2559
f 1648//2560 1649//2560 1577//2560
f 1577//2561 1649//2561 1578//2561
f 1649//2562 1650//2562 1578//2562
f 1578//2563 1650//2563 1579//2563
f 1650//2564 1651//2564 1579//2564
f 1579//2565 1651//2565 1580//2565
f 1651//2566 1652//2566 1580//2566
f 1580//2567 1652//2567 1581//2567
f 1652//2568 1653//2568 1581//2568
f 1581//2569 1653//2569 1582//2569
f 1653//2570 1654//2570 1582//2570
f 1582//2571 1654//2571 1583//2571
f 1654//2572 1655//2572 1583//2572
f 1583//2573 1655//2573 1584//2573
f 1655//2574 1656//2574 1584//2574
f 1584//2575 1656//2575 1585//2575
f 1656//2576 1657//2576 1585//2576
f 1585//2577 1657//2577 1586//2577
f 1657//2578 1658//2578 1586//2578
f 1586//2579 1658//2579 1587//2579
f 1658//2580 1659//2580 1587//2580
f 1587//2581 1659//2581 1588//2581
f 1659//2582 1660//2582 1588//2582
f 1588//2583 1660//2583 1589//2583
f 1660//2584 1661//2584 1589//2584
f 1589//2585 1661//2585 1590//2585
f 1661//2586 1662//2586 1590//2586
f 1590//2587 1662//2587 1591//2587
f 1662//2588 1663//2588 1591//2588
f 1591//2589 1663//2589 1592//2589
f 1663//2590 1664//2590 1592//2590
f 1592//2591 1664//2591 1593//2591
f 1664//2592 1665//2592 1593//2592
f 1593//2593 1665//2593 1594//2593
f 1665//2594 1666//2594 1594//2594
f 1594//2595 1666//2595 1595//2595
f 1666//2596 1667//2596 1595//2596
f 1595//2597 1667//2597 1596//2597
f 1667//2598 1668//2598 1596//2598
f 1596//2599 1668//2599 1597//2599
f 1668//2600 1669//2600 1597//2600
f 1597//2601 1669//2601 1598//2601
f 1669//2602 1670//2602 1598//2602
f 1598//2603 1670//2603 1599//2603
f 1670//2604 1671//2604 1599//2604
f 1599//2605 1671//2605 1600//2605
f 1671//2606 1672//2606 1600//2606
f 1600//2607 1672//2607 1601//2607
f 1672//2608 1673//2608 1601//2608
f 1601//2609 1673//2609 1602//2609
f 1673//2610 1674//2610 1602//2610
f 1602//2611 1674//2611 1603//2611
f 1674//2612 1675//2612 1603//2612
f 1603//2613 1675//2613 1604//2613
f 1675//2614 1676//2614 1604//2614
f 1604//2615 1676//2615 1605//2615
f 1676//2616 1677//2616 1605//2616
f 1605//2617 1677//2617 1606//2617
f 1677//2618 1678//2618 1606//2618
f 1606//2619 1678//2619 1607//2619
f 1678//2620 1679//2620 1607//2620
f 1607//2621 1679//2621 1608//2621
f 1679//2622 1680//2622 1608//2622
f 1608//2623 1680//2623 1537//2623
f 1680//2624 1609//2624 1537//2624
f 1609//2625 1681//2625 1610//2625
f 1681//2626 1682//2626 1610//2626
f 1610//2627 1682//2627 1611//2627
f 1682//2628 1683//2628 1611//2628
f 1611//2629 1683//2629 1612//2629
f 1683//2630 1684//2630 1612//2630
f 1612//2631 1684//2631 1613//2631
f 1684//2632 1685//2632 1613//2632
f 1613//2633 1685//2633 1614//2633
f 1685//2634 1686//2634 1614//2634
f 1614//2635 1686//2635 1615//2635
f 1686//2636 1687//2636 1615//2636
f 1615//2637 1687//2637 1616//2637
f 1687//2638 1688//2638 1616//2638
f 1616//2639 1688//2639 1617//2639
f 1688//2640 1689//2640 1617//2640
f 1617//2641 1689//2641 1618//2641
f 1689//2642 1690//2642 1618//2642
f 1618//2643 1690//2643 1619//2643
f 1690//2644 1691//2644 1619//2644
f 1619//2645 1691//2645 1620//2645
f 1691//2646 1692//2646 1620//2646
f 1620//2647 1692//2647 1621//2647
f 1692//2648 1693//2648 1621//2648
f 1621//2649 1693//2649 1622//2649
f 1693//2650 1694//2650 1622//2650
f 1622//2651 1694//2651 1623//2651
f 1694//2652 1695//2652 1623//2652
f 1623//2653 1695//2653 1624//2653
f 1695//2654 1696//2654 1624//2654
f 1624//2655 1696//2655 1625//2655
f 1696//2656 1697//2656 1625//2656
f 1625//2657 1697//2657 1626//2657
f 1697//2658 1698//2658 1626//2658
f 1626//2659 1698//2659 1627//2659
f 1698//2660 1699//2660 1627//2660
f 1627//2661 1699//2661 1628//2661
f 1699//2662 1700//2662 1628//2662
f 1628//2663 1700//2663 1629//2663
f 1700//2664 1701//2664 1629//2664
f 1629//2665 1701//2665 1630//2665
f 1701//2666 1702//2666 1630//2666
f 1630//2667 1702//2667 1631//2667
f 1702//2668 1703//2668 1631//2668
f 1631//2669 1703//2669 1632//2669
f 1703//2670 1704//2670 1632//2670
f 1632//2671 1704//2671 1633//2671
f 1704//2672 1705//2672 1633//2672
f 1633//2673 1705//2673 1634//2673
f 1705//2674 1706//2674 1634//2674
f 1634//2675 1706//2675 1635//2675
f 1706//2676 1707//2676 1635//2676
f 1635//2677 1707//2677 1636//2677
f 1707//2678 1708//2678 1636//2678
f 1636//2679 1708//2679 1637//2679
f 1708//2680 1709//2680 1637//2680
f 1637//2681 1709//2681 1638//2681
f 1709//2682 1710//2682 1638//2682
f 1638//2683 1710//2683 1639//2683
f 1710//2684 1711//2684 1639//2684
f 1639//2685 1711//2685 1640//2685
f 1711//2686 1712//2686 1640//2686
f 1640//2687 1712//2687 1641//2687
f 1712//2688 1713//2688 1641//2688
f 1641//2689 1713//2689 1642//2689
f 1713//2690 1714//2690 1642//2690
f 1642//2691 1714//2691 1643//2691
f 1714//2692 1715//2692 1643//2692
f 1643//2693 1715//2693 1644//2693
f 1715//2694 1716//2694 1644//2694
f 1644//2695 1716//2695 1645//2695
f 1716//2696 1717//2696 1645//2696
f 1645//2697 1717//2697 1646//2697
f 1717//2698 1718//2698 1646//2698
f 1646//2699 1718//2699 1647//2699
f 1718//2700 1719//2700 1647//2700
f 1647//2701 1719//2701 1648//2701
f 1719//2702 1720//2702 1648//2702
f 1648//2703 1720//2703 1649//2703
f 1720//2704 1721//2704 1649//2704
f 1649//2705 1721//2705 1650//2705
f 1721//2706 1722//2706 1650//2706
f 1650//2707 1722//2707 1651//2707
f 1722//2708 1723//2708 1651//2708
f 1651//2709 1723//2709 1652//2709
f 1723//2710 1724//2710 1652//2710
f 1652//2711 1724//2711 1653//2711
f 1724//2712 1725//2712 1653//2712
f 1653//2713 1725//2713 1654//2713
f 1725//2714 1726//2714 1654//2714
f 1654//2715 1726//2715 1655//2715
f 1726//2716 1727//2716 1655//2716
f 1655//2717 1727//2717 1656//2717
f 1727//2718 1728//2718 1656//2718
f 1656//2719 1728//2719 1657//2719
f 1728//2720 1729//2720 1657//2720
f 1657//2721 1729//2721 1658//2721
f 1729//2722 1730//2722 1658//2722
f 1658//2723 1730//2723 1659//2723
f 1730//2724 1731//2724 1659//2724
f 1659//2725 1731//2725 1660//2725
f 1731//2726 1732//2726 1660//2726
f 1660//2727 1732//2727 1661//2727
f 1732//2728 1733//2728 1661//2728
f 1661//2729 1733//2729 1662//2729
f 1733//2730 1734//2730 1662//2730
f 1662//2731 1734//2731 1663//2731
f 1734//2732 1735//2732 1663//2732
f 1663//2733 1735//2733 1664//2733
f 1735//2734 1736//2734 1664//2734
f 1664//2735 1736//2735 1665//2735
f 1736//2736 1737//2736 1665//2736
f 1665//2737 1737//2737 1666//2737
f 1737//2738 1738//2738 1666//2738
f 1666//2739 1738//2739 1667//2739
f 1738//2740 1739//2740 1667//2740
f 1667//2741 1739//2741 1668//2741
f 1739//2742 1740//2742 1668//2742
f 1668//2743 1740//2743 1669//2743
f 1740//2744 1741//2744 1669//2744
f 1669//2745 1741//2745 1670//2745
f 1741//2746 1742//2746 1670//2746
f 1670//2747 1742//2747 1671//2747
f 1742//2748 1743//2748 1671//2748
f 1671//2749 1743//2749 1672//2749
f 1743//2750 1744//2750 1672//2750
f 1672//2751 1744//2751 1673//2751
f 1744//2752 1745//2752 1673//2752
f 1673//2753 1745//2753 1674//2753
f 1745//2754 1746//2754 1674//2754
f 1674//2755 1746//2755 1675//2755
f 1746//2756 1747//2756 1675//2756
f 1675//2757 1747//2757 1676//2757
f 1747//2758 1748//2758 1676//2758
f 1676//2759 1748//2759 1677//2759
f 1748//2760 1749//2760 1677//2760
f 1677//2761 1749//2761 1678//2761
f 1749//2762 1750//2762 1678//2762
f 1678//2763 1750//2763 1679//2763
f 1750//2764 1751//2764 1679//2764
f 1679//2765 1751//2765 1680//2765
f 1751//2766 1752//2766 1680//2766
f 1680//2767 1752//2767 1609//2767
f 1752//2768 1681//2768 1609//2768
f 1681//2769 3//2769 1682//2769
f 3//2770 5//2770 1682//2770
f 1682//2771 5//2771 1683//2771
f 5//2772 7//2772 1683//2772
f 1683//2773 7//2773 1684//2773
f 7//2774 9//2774 1684//2774
f 1684//2775 9//2775 1685//2775
f 9//2776 11//2776 1685//2776
f 1685//2777 11//2777 1686//2777
f 11//2778 13//2778 1686//2778
f 1686//2779 13//2779 1687//2779
f 13//2780 15//2780 1687//2780
f 1687//2781 15//2781 1688//2781
f 15//2782 17//2782 1688//2782
f 1688//2783 17//2783 1689//2783
f 17//2784 19//2784 1689//2784
f 1689//2785 19//2785 1690//2785
f 19//2786 21//2786 1690//2786
f 1690//2787 21//2787 1691//2787
f 21//2788 23//2788 1691//2788
f 1691//2789 23//2789 1692//2789
f 23//2790 25//2790 1692//2790
f 1692//2791 25//2791 1693//2791
f 25//2792 27//2792 1693//2792
f 1693//2793 27//2793 1694//2793
f 27//2794 29//2794 1694//2794
f 1694//2795 29//2795 1695//2795
f 29//2796 31//2796 1695//2796
f 1695//2797 31//2797 1696//2797
f 31//2798 33//2798 1696//2798
f 1696//2799 33//2799 1697//2799
f 33//2800 35//2800 1697//2800
f 1697//2801 35//2801 1698//2801
f 35//2802 37//2802 1698//2802
f 1698//2803 37//2803 1699//2803
f 37//2804 39//2804 1699//2804
f 1699//2805 39//2805 1700//2805
f 39//2806 41//2806 1700//2806
f 1700//2807 41//2807 1701//2807
f 41//2808 43//2808 1701//2808
f 1701//2809 43//2809 1702//2809
f 43//2810 45//2810 1702//2810
f 1702//2811 45//2811 1703//2811
f 45//2812 47//2812 1703//2812
f 1703//2813 47//2813 1704//2813
f 47//2814 49//2814 1704//2814
f 1704//2815 49//2815 1705//2815
f 49//2816 51//2816 1705//2816
f 1705//2817 51//2817 1706//2817
f 51//2818 53//2818 1706//2818
f 1706//2819 53//2819 1707//2819
f 53//2820 55//2820 1707//2820
f 1707//2821 55//2821 1708//2821
f 55//2822 57//2822 1708//2822
f 1708//2823 57//2823 1709//2823
f 57//2824 59//2824 1709//2824
f 1709//2825 59//2825 1710//2825
f 59//2826 61//2826 1710//2826
f 1710//2827 61//2827 1711//2827
f 61//2828 63//2828 1711//2828
f 1711//2829 63//2829 1712//2829
f 63//2830 65//2830 1712//2830
f 1712//2831 65//2831 1713//2831
f 65//2832 67//2832 1713//2832
f 1713//2833 67//2833 1714//2833
f 67//2834 69//2834 1714//2834
f 1714//2835 69//2835 1715//2835
f 69//2836 71//2836 1715//2836
f 1715//2837 71//2837 1716//2837
f 71//2838 73//2838 1716//2838
f 1716//2839 73//2839 1717//2839
f 73//2840 75//2840 1717//2840
f 1717//2841 75//2841 1718//2841
f 75//2842 77//2842 1718//2842
f 1718//2843 77//2843 1719//2843
f 77//2844 79//2844 1719//2844
f 1719//2845 79//2845 1720//2845
f 79//2846 81//2846 1720//2846
f 1720//2847 81//2847 1721//2847
f 81//2848 83//2848 1721//2848
f 1721//2849 83//2849 1722//2849
f 83//2850 85//2850 1722//2850
f 1722//2851 85//2851 1723//2851
f 85//2852 87//2852 1723//2852
f 1723//2853 87//2853 1724//2853
f 87//2854 89//2854 1724//2854
f 1724//2855 89//2855 1725//2855
f 89//2856 91//2856 1725//2856
f 1725//2857 91//2857 1726//2857
f 91//2858 93//2858 1726//2858
f 1726//2859 93//2859 1727//2859
f 93//2860 95//2860 1727//2860
f 1727//2861 95//2861 1728//2861
f 95//2862 97//2862 1728//2862
f 1728//2863 97//2863 1729//2863
f 97//2864 99//2864 1729//2864
f 1729//2865 99//2865 1730//2865
f 99//2866 101//2866 1730//2866
f 1730//2867 101//2867 1731//2867
f 101//2868 103//2868 1731//2868
f 1731//2869 103//2869 1732//2869
f 103//2870 105//2870 1732//2870
f 1732//2871 105//2871 1733//2871
f 105//2872 107//2872 1733//2872
f 1733//2873 107//2873 1734//2873
f 107//2874 109//2874 1734//2874
f 1734//2875 109//2875 1735//2875
f 109//2876 111//2876 1735//2876
f 1735//2877 111//2877 1736//2877
f 111//2878 113//2878 1736//2878
f 1736//2879 113//2879 1737//2879
f 113//2880 115//2880 1737//2880
f 1737//2881 115//2881 1738//2881
f 115//2882 117//2882 1738//2882
f 1738//2883 117//2883 1739//2883
f 117//2884 119//2884 1739//2884
f 1739//2885 119//2885 1740//2885
f 119//2886 121//2886 1740//2886
f 1740//2887 121//2887 1741//2887
f 121//2888 123//2888 1741//2888
f 1741//2889 123//2889 1742//2889
f 123//2890 125//2890 1742//2890
f 1742//2891 125//2891 1743//2891
f 125//2892 127//2892 1743//2892
f 1743//2893 127//2893 1744//2893
f 127//2894 129//2894 1744//2894
f 1744//2895 129//2895 1745//2895
f 129//2896 131//2896 1745//2896
f 1745//2897 131//2897 1746//2897
f 131//2898 133//2898 1746//2898
f 1746//2899 133//2899 1747//2899
f 133//2900 135//2900 1747//2900
f 1747//2901 135//2901 1748//2901
f 135//2902 137//2902 1748//2902
f 1748//2903 137//2903 1749//2903
f 137//2904 139//2904 1749//2904
f 1749//2905 139//2905 1750//2905
f 139//2906 141//2906 1750//2906
f 1750//2907 141//2907 1751//2907
f 141//2908 143//2908 1751//2908
f 1751//2909 143//2909 1752//2909
f 143//2910 1//2910 1752//2910
f 1752//2911 1//2911 1681//2911
f 1//2912 3//2912 1681//2912
f 206//2913 216//2913 414//2913
f 216//2914 215//2914 414//2914
f 414//2915 215//2915 415//2915
f 215//2916 212//2916 415//2916
f 415//2917 212//2917 416//2917
f 212//2918 211//2918 416//2918
f 416//2919 211//2919 438//2919
f 211//2920 208//2920 438//2920
f 438//2921 208//2921 439//2921
f 208//2922 167//2922 439//2922
f 162//2923 422//2923 163//2923
f 422//2924 421//2924 163//2924
f 163//2925 421//2925 173//2925
f 421//2926 420//2926 173//2926
f 173//2927 420//2927 174//2927
f 420//2928 419//2928 174//2928
f 174//2929 419//2929 170//2929
f 419//2930 442//2930 170//2930
f 170//2931 442//2931 169//2931
f 442//2932 441//2932 169//2932
f 169//2933 441//2933 167//2933
f 441//2934 440//2934 167//2934
f 167//2935 440//2935 439//2935
f 206//2936 408//2936 207//2936
f 408//2937 410//2937 207//2937
f 207//2938 410//2938 213//2938
f 410//2939 431//2939 213//2939
f 213//2940 431//2940 214//2940
f 431//2941 430//2941 214//2941
f 214//2942 430//2942 210//2942
f 430//2943 437//2943 210//2943
f 210//2944 437//2944 209//2944
f 437//2945 436//2945 209//2945
f 209//2946 436//2946 149//2946
f 146//2947 160//2947 409//2947
f 160//2948 159//2948 409//2948
f 409//2949 159//2949 429//2949
f 159//2950 156//2950 429//2950
f 429//2951 156//2951 432//2951
f 156//2952 155//2952 432//2952
f 432//2953 155//2953 433//2953
f 155//2954 150//2954 433//2954
f 433//2955 150//2955 434//2955
f 150//2956 149//2956 434//2956
f 434//2957 149//2957 435//2957
f 149//2958 436//2958 435//2958
f 178//2959 428//2959 179//2959
f 428//2960 427//2960 179//2960
f 179//2961 427//2961 189//2961
f 427//2962 426//2962 189//2962
f 189//2963 426//2963 190//2963
f 426//2964 453//2964 190//2964
f 190//2965 453//2965 186//2965
f 453//2966 452//2966 186//2966
f 186//2967 452//2967 185//2967
f 452//2968 451//2968 185//2968
f 185//2969 451//2969 183//2969
f 218//2970 228//2970 413//2970
f 228//2971 227//2971 413//2971
f 413//2972 227//2972 446//2972
f 227//2973 224//2973 446//2973
f 446//2974 224//2974 447//2974
f 224//2975 223//2975 447//2975
f 447//2976 223//2976 448//2976
f 223//2977 220//2977 448//2977
f 448//2978 220//2978 449//2978
f 220//2979 183//2979 449//2979
f 449//2980 183//2980 450//2980
f 183//2981 451//2981 450//2981
f 162//2982 176//2982 423//2982
f 176//2983 175//2983 423//2983
f 423//2984 175//2984 424//2984
f 175//2985 172//2985 424//2985
f 424//2986 172//2986 425//2986
f 172//2987 171//2987 425//2987
f 425//2988 171//2988 443//2988
f 171//2989 166//2989 443//2989
f 443//2990 166//2990 444//2990
f 166//2991 165//2991 444//2991
f 218//2992 418//2992 219//2992
f 418//2993 417//2993 219//2993
f 219//2994 417//2994 225//2994
f 417//2995 412//2995 225//2995
f 225//2996 412//2996 226//2996
f 412//2997 411//2997 226//2997
f 226//2998 411//2998 222//2998
f 411//2999 455//2999 222//2999
f 222//3000 455//3000 221//3000
f 455//3001 454//3001 221//3001
f 221//3002 454//3002 165//3002
f 454//3003 445//3003 165//3003
f 165//3004 445//3004 444//3004
f 1753//129 1754//129 148//129
f 1754//129 1755//129 148//129
f 148//129 1755//129 205//129
f 145//129 1756//129 148//129
f 1756//129 1757//129 148//129
f 148//129 1757//129 1758//129
f 1758//129 1759//129 148//129
f 1759//129 1760//129 148//129
f 148//129 1760//129 1761//129
f 1761//129 1762//129 148//129
f 1762//129 1763//129 148//129
f 148//129 1763//129 1753//129
f 1764//129 193//129 180//129
f 180//129 177//129 1765//129
f 1765//129 1766//129 180//129
f 1766//129 1767//129 180//129
f 180//129 1767//129 1768//129
f 180//129 1769//129 1770//129
f 1768//129 1771//129 180//129
f 1771//129 1772//129 180//129
f 180//129 1772//129 1769//129
f 1770//129 1773//129 180//129
f 1773//129 1774//129 180//129
f 180//129 1774//129 1764//129
f 161//129 1775//129 164//129
f 1775//129 1776//129 164//129
f 1777//129 1778//129 164//129
f 1778//129 1779//129 164//129
f 1776//129 1780//129 164//129
f 1780//129 1781//129 164//129
f 164//129 1781//129 1777//129
f 217//129 164//129 1782//129
f 164//129 1783//129 1782//129
f 1779//129 1784//129 164//129
f 1784//129 1785//129 164//129
f 164//129 1785//129 1783//129
f 1786//129 161//129 168//129
f 168//129 205//129 1787//129
f 1787//129 1788//129 168//129
f 1788//129 1789//129 168//129
f 168//129 1789//129 1790//129
f 168//129 1791//129 1792//129
f 1790//129 1793//129 168//129
f 1793//129 1794//129 168//129
f 168//129 1794//129 1791//129
f 1792//129 1795//129 168//129
f 1795//129 1796//129 168//129
f 168//129 1796//129 1786//129
f 278//3005 1777//3005 280//3005
f 1777//3006 1781//3006 280//3006
f 280//3006 1781//3006 282//3006
f 1781//3007 1780//3007 282//3007
f 282//3007 1780//3007 284//3007
f 1780//3008 1776//3008 284//3008
f 284//3008 1776//3008 286//3008
f 1776//3009 1775//3009 286//3009
f 286//3009 1775//3009 288//3009
f 1775//3010 161//3010 288//3010
f 288//3010 161//3010 290//3010
f 161//3011 1786//3011 290//3011
f 290//3011 1786//3011 292//3011
f 1786//3012 1796//3012 292//3012
f 292//3012 1796//3012 294//3012
f 1796//3013 1795//3013 294//3013
f 294//3013 1795//3013 296//3013
f 1795//3014 1792//3014 296//3014
f 296//3014 1792//3014 298//3014
f 1792//3015 1791//3015 298//3015
f 298//3015 1791//3015 300//3015
f 1791//3016 1794//3016 300//3016
f 300//3016 1794//3016 302//3016
f 1794//3017 1793//3017 302//3017
f 302//3017 1793//3017 304//3017
f 1793//3018 1790//3018 304//3018
f 304//3018 1790//3018 306//3018
f 1790//3019 1789//3019 306//3019
f 306//3019 1789//3019 308//3019
f 1789//3020 1788//3020 308//3020
f 308//3020 1788//3020 310//3020
f 1788//3021 1787//3021 310//3021
f 310//3021 1787//3021 312//3021
f 1787//3022 205//3022 312//3022
f 312//3022 205//3022 314//3022
f 205//3023 1755//3023 314//3023
f 314//3023 1755//3023 316//3023
f 1755//3024 1754//3024 316//3024
f 316//3024 1754//3024 318//3024
f 1754//3025 1753//3025 318//3025
f 318//3025 1753//3025 320//3025
f 1753//3026 1763//3026 320//3026
f 320//3026 1763//3026 322//3026
f 1763//3027 1762//3027 322//3027
f 322//3027 1762//3027 324//3027
f 1762//3028 1761//3028 324//3028
f 324//3028 1761//3028 326//3028
f 1761//3029 1760//3029 326//3029
f 326//3029 1760//3029 328//3029
f 1760//3030 1759//3030 328//3030
f 328//3030 1759//3030 330//3030
f 1759//3031 1758//3031 330//3031
f 330//3031 1758//3031 332//3031
f 1758//3032 1757//3032 332//3032
f 332//3032 1757//3032 334//3032
f 1757//3033 1756//3033 334//3033
f 334//3033 1756//3033 336//3033
f 1756//3034 145//3034 336//3034
f 336//3034 145//3034 338//3034
f 145//3035 377//3035 338//3035
f 338//3035 377//3035 340//3035
f 377//3036 378//3036 340//3036
f 340//3036 378//3036 342//3036
f 378//3037 383//3037 342//3037
f 342//3037 383//3037 344//3037
f 383//3038 382//3038 344//3038
f 344//3038 382//3038 346//3038
f 382//3039 381//3039 346//3039
f 346//3039 381//3039 348//3039
f 381//3040 380//3040 348//3040
f 348//3040 380//3040 350//3040
f 380//3041 379//3041 350//3041
f 350//3041 379//3041 352//3041
f 379//3042 376//3042 352//3042
f 352//3042 376//3042 354//3042
f 376//3043 375//3043 354//3043
f 354//3043 375//3043 356//3043
f 375//3044 374//3044 356//3044
f 356//3044 374//3044 358//3044
f 374//3045 373//3045 358//3045
f 358//3045 373//3045 360//3045
f 373//3046 193//3046 360//3046
f 360//3046 193//3046 362//3046
f 193//3047 1764//3047 362//3047
f 362//3047 1764//3047 364//3047
f 1764//3048 1774//3048 364//3048
f 364//3048 1774//3048 366//3048
f 1774//3049 1773//3049 366//3049
f 366//3049 1773//3049 368//3049
f 1773//3050 1770//3050 368//3050
f 368//3050 1770//3050 370//3050
f 1770//3051 1769//3051 370//3051
f 370//3051 1769//3051 372//3051
f 1769//3052 1772//3052 372//3052
f 372//3052 1772//3052 230//3052
f 1772//3053 1771//3053 230//3053
f 230//3053 1771//3053 232//3053
f 1771//3054 1768//3054 232//3054
f 232//3054 1768//3054 234//3054
f 1768//3055 1767//3055 234//3055
f 234//3055 1767//3055 236//3055
f 1767//3056 1766//3056 236//3056
f 236//3056 1766//3056 238//3056
f 1766//3057 1765//3057 238//3057
f 238//3057 1765//3057 240//3057
f 1765//3058 177//3058 240//3058
f 240//3058 177//3058 242//3058
f 177//3059 1797//3059 242//3059
f 242//3059 1797//3059 244//3059
f 1797//3060 1798//3060 244//3060
f 244//3060 1798//3060 246//3060
f 1798//3061 1799//3061 246//3061
f 246//3061 1799//3061 248//3061
f 1799//3062 1800//3062 248//3062
f 248//3062 1800//3062 250//3062
f 1800//3063 1801//3063 250//3063
f 250//3063 1801//3063 252//3063
f 1801//3064 1802//3064 252//3064
f 252//3064 1802//3064 254//3064
f 1802//3065 1803//3065 254//3065
f 254//3065 1803//3065 256//3065
f 1803//3066 1804//3066 256//3066
f 256//3066 1804//3066 258//3066
f 1804//3067 1805//3067 258//3067
f 258//3067 1805//3067 260//3067
f 1805//3068 1806//3068 260//3068
f 260//3068 1806//3068 262//3068
f 1806//3069 1807//3069 262//3069
f 262//3069 1807//3069 264//3069
f 1807//3070 217//3070 264//3070
f 264//3070 217//3070 266//3070
f 217//3071 1782//3071 266//3071
f 266//3071 1782//3071 268//3071
f 1782//3072 1783//3072 268//3072
f 268//3072 1783//3072 270//3072
f 1783//3073 1785//3073 270//3073
f 270//3073 1785//3073 272//3073
f 1785//3074 1784//3074 272//3074
f 272//3074 1784//3074 274//3074
f 1784//3075 1779//3075 274//3075
f 274//3075 1779//3075 276//3075
f 1779//3076 1778//3076 276//3076
f 276//3076 1778//3076 278//3076
f 1778//3005 1777//3005 278//3005
f 1797//129 177//129 184//129
f 184//129 217//129 1807//129
f 1801//129 1800//129 184//129
f 1800//129 1799//129 184//129
f 1799//129 1798//129 184//129
f 184//129 1798//129 1797//129
f 1807//129 1806//129 184//129
f 1806//129 1805//129 184//129
f 184//129 1805//129 1804//129
f 1804//129 1803//129 184//129
f 1803//129 1802//129 184//129
f 184//129 1802//129 1801//129
f 1808//1 1809//1 1810//1
f 1809//3077 1811//3077 1810//3077
f 1810//3077 1811//3077 1812//3077
f 1811//3078 1813//3078 1812//3078
f 1812//3078 1813//3078 1814//3078
f 1813//4 1815//4 1814//4
f 1814//4 1815//4 1816//4
f 1815//5 1817//5 1816//5
f 1816//5 1817//5 1818//5
f 1817//3079 1819//3079 1818//3079
f 1818//3079 1819//3079 1820//3079
f 1819//7 1821//7 1820//7
f 1820//7 1821//7 1822//7
f 1821//3080 1823//3080 1822//3080
f 1822//3080 1823//3080 1824//3080
f 1823//9 1825//9 1824//9
f 1824//9 1825//9 1826//9
f 1825//10 1827//10 1826//10
f 1826//10 1827//10 1828//10
f 1827//11 1829//11 1828//11
f 1828//11 1829//11 1830//11
f 1829//12 1831//12 1830//12
f 1830//12 1831//12 1832//12
f 1831//13 1833//13 1832//13
f 1832//13 1833//13 1834//13
f 1833//14 1835//14 1834//14
f 1834//14 1835//14 1836//14
f 1835//15 1837//15 1836//15
f 1836//15 1837//15 1838//15
f 1837//3081 1839//3081 1838//3081
f 1838//3081 1839//3081 1840//3081
f 1839//3082 1841//3082 1840//3082
f 1840//3082 1841//3082 1842//3082
f 1841//3083 1843//3083 1842//3083
f 1842//3083 1843//3083 1844//3083
f 1843//3084 1845//3084 1844//3084
f 1844//3084 1845//3084 1846//3084
f 1845//3085 1847//3085 1846//3085
f 1846//3085 1847//3085 1848//3085
f 1847//3086 1849//3086 1848//3086
f 1848//3086 1849//3086 1850//3086
f 1849//22 1851//22 1850//22
f 1850//22 1851//22 1852//22
f 1851//23 1853//23 1852//23
f 1852//23 1853//23 1854//23
f 1853//24 1855//24 1854//24
f 1854//24 1855//24 1856//24
f 1855//25 1857//25 1856//25
f 1856//25 1857//25 1858//25
f 1857//26 1859//26 1858//26
f 1858//26 1859//26 1860//26
f 1859//27 1861//27 1860//27
f 1860//27 1861//27 1862//27
f 1861//28 1863//28 1862//28
f 1862//28 1863//28 1864//28
f 1863//3087 1865//3087 1864//3087
f 1864//3087 1865//3087 1866//3087
f 1865//30 1867//30 1866//30
f 1866//30 1867//30 1868//30
f 1867//3088 1869//3088 1868//3088
f 1868//3088 1869//3088 1870//3088
f 1869//32 1871//32 1870//32
f 1870//32 1871//32 1872//32
f 1871//33 1873//33 1872//33
f 1872//33 1873//33 1874//33
f 1873//3089 1875//3089 1874//3089
f 1874//3089 1875//3089 1876//3089
f 1875//3090 1877//3090 1876//3090
f 1876//3090 1877//3090 1878//3090
f 1877//36 1879//36 1878//36
f 1878//36 1879//36 1880//36
f 1879//37 1881//37 1880//37
f 1880//37 1881//37 1882//37
f 1881//3091 1883//3091 1882//3091
f 1882//3091 1883//3091 1884//3091
f 1883//3092 1885//3092 1884//3092
f 1884//3092 1885//3092 1886//3092
f 1885//40 1887//40 1886//40
f 1886//40 1887//40 1888//40
f 1887//41 1889//41 1888//41
f 1888//41 1889//41 1890//41
f 1889//3093 1891//3093 1890//3093
f 1890//3093 1891//3093 1892//3093
f 1891//43 1893//43 1892//43
f 1892//43 1893//43 1894//43
f 1893//3094 1895//3094 1894//3094
f 1894//3094 1895//3094 1896//3094
f 1895//45 1897//45 1896//45
f 1896//45 1897//45 1898//45
f 1897//46 1899//46 1898//46
f 1898//46 1899//46 1900//46
f 1899//47 1901//47 1900//47
f 1900//47 1901//47 1902//47
f 1901//48 1903//48 1902//48
f 1902//48 1903//48 1904//48
f 1903//49 1905//49 1904//49
f 1904//49 1905//49 1906//49
f 1905//50 1907//50 1906//50
f 1906//50 1907//50 1908//50
f 1907//51 1909//51 1908//51
f 1908//51 1909//51 1910//51
f 1909//3095 1911//3095 1910//3095
f 1910//3095 1911//3095 1912//3095
f 1911//3096 1913//3096 1912//3096
f 1912//3096 1913//3096 1914//3096
f 1913//3097 1915//3097 1914//3097
f 1914//3097 1915//3097 1916//3097
f 1915//3098 1917//3098 1916//3098
f 1916//3098 1917//3098 1918//3098
f 1917//3099 1919//3099 1918//3099
f 1918//3099 1919//3099 1920//3099
f 1919//3100 1921//3100 1920//3100
f 1920//3100 1921//3100 1922//3100
f 1921//58 1923//58 1922//58
f 1922//58 1923//58 1924//58
f 1923//59 1925//59 1924//59
f 1924//59 1925//59 1926//59
f 1925//60 1927//60 1926//60
f 1926//60 1927//60 1928//60
f 1927//61 1929//61 1928//61
f 1928//61 1929//61 1930//61
f 1929//62 1931//62 1930//62
f 1930//62 1931//62 1932//62
f 1931//63 1933//63 1932//63
f 1932//63 1933//63 1934//63
f 1933//64 1935//64 1934//64
f 1934//64 1935//64 1936//64
f 1935//3101 1937//3101 1936//3101
f 1936//3101 1937//3101 1938//3101
f 1937//66 1939//66 1938//66
f 1938//66 1939//66 1940//66
f 1939//3102 1941//3102 1940//3102
f 1940//3102 1941//3102 1942//3102
f 1941//68 1943//68 1942//68
f 1942//68 1943//68 1944//68
f 1943//69 1945//69 1944//69
f 1944//69 1945//69 1946//69
f 1945//3103 1947//3103 1946//3103
f 1946//3103 1947//3103 1948//3103
f 1947//3104 1949//3104 1948//3104
f 1948//3104 1949//3104 1950//3104
f 1949//72 1951//72 1950//72
f 1950//72 1951//72 1808//72
f 1951//1 1809//1 1808//1
f 1952//3105 1953//3105 1954//3105
f 1955//74 1956//74 1957//74
f 1958//75 1959//75 1960//75
f 1959//3106 1952//3106 1960//3106
f 1960//3107 1952//3107 1961//3107
f 1955//3108 1957//3108 1952//3108
f 1957//3109 1962//3109 1952//3109
f 1952//3110 1962//3110 1963//3110
f 1954//3111 1964//3111 1952//3111
f 1964//3112 1965//3112 1952//3112
f 1952//3113 1965//3113 1961//3113
f 1963//3114 1966//3114 1952//3114
f 1966//3115 1967//3115 1952//3115
f 1952//86 1967//86 1953//86
f 1968//3116 1969//3116 1970//3116
f 1971//88 1972//88 1973//88
f 1974//89 1975//89 1976//89
f 1975//3117 1968//3117 1976//3117
f 1976//3118 1968//3118 1977//3118
f 1971//3119 1973//3119 1968//3119
f 1973//3120 1978//3120 1968//3120
f 1968//3121 1978//3121 1979//3121
f 1970//3122 1980//3122 1968//3122
f 1980//3123 1981//3123 1968//3123
f 1968//3124 1981//3124 1977//3124
f 1979//3125 1982//3125 1968//3125
f 1982//3126 1983//3126 1968//3126
f 1968//3127 1983//3127 1969//3127
f 1984//101 1985//101 1986//101
f 1987//101 1988//101 1989//101
f 1990//101 1991//101 1992//101
f 1991//101 1984//101 1992//101
f 1992//101 1984//101 1993//101
f 1987//101 1989//101 1984//101
f 1989//101 1994//101 1984//101
f 1984//101 1994//101 1995//101
f 1986//101 1996//101 1984//101
f 1996//101 1997//101 1984//101
f 1984//101 1997//101 1993//101
f 1995//101 1998//101 1984//101
f 1998//101 1999//101 1984//101
f 1984//101 1999//101 1985//101
f 2000//114 2001//114 2002//114
f 1959//103 1958//103 2003//103
f 1988//103 1987//103 2004//103
f 1987//3128 2000//3128 2004//3128
f 2004//3129 2000//3129 2005//3129
f 1959//3130 2003//3130 2000//3130
f 2003//3131 2006//3131 2000//3131
f 2000//3132 2006//3132 2007//3132
f 2002//3133 2008//3133 2000//3133
f 2008//3134 2009//3134 2000//3134
f 2000//3135 2009//3135 2005//3135
f 2007//3136 2010//3136 2000//3136
f 2010//3137 2011//3137 2000//3137
f 2000//102 2011//102 2001//102
f 2012//115 2013//115 2014//115
f 1975//115 1974//115 2015//115
f 1956//115 1955//115 2016//115
f 1955//115 2012//115 2016//115
f 2016//115 2012//115 2017//115
f 1975//115 2015//115 2012//115
f 2015//115 2018//115 2012//115
f 2012//115 2018//115 2019//115
f 2014//115 2020//115 2012//115
f 2020//115 2021//115 2012//115
f 2012//115 2021//115 2017//115
f 2019//115 2022//115 2012//115
f 2022//115 2023//115 2012//115
f 2012//115 2023//115 2013//115
f 2024//128 2025//128 2026//128
f 1991//117 1990//117 2027//117
f 1972//117 1971//117 2028//117
f 1971//3138 2024//3138 2028//3138
f 2028//3139 2024//3139 2029//3139
f 1991//3140 2027//3140 2024//3140
f 2027//3141 2030//3141 2024//3141
f 2024//3142 2030//3142 2031//3142
f 2026//3143 2032//3143 2024//3143
f 2032//3144 2033//3144 2024//3144
f 2024//3145 2033//3145 2029//3145
f 2031//3146 2034//3146 2024//3146
f 2034//3147 2035//3147 2024//3147
f 2024//116 2035//116 2025//116
f 2036//129 2037//129 2038//129
f 2037//129 2039//129 2038//129
f 2038//129 2039//129 2040//129
f 2039//129 2041//129 2040//129
f 2040//129 2041//129 2042//129
f 2041//129 2043//129 2042//129
f 2042//129 2043//129 2044//129
f 2043//129 2045//129 2044//129
f 2044//129 2045//129 2046//129
f 2045//129 2047//129 2046//129
f 2046//129 2047//129 2048//129
f 2047//129 2049//129 2048//129
f 2048//129 2049//129 2050//129
f 2049//129 2051//129 2050//129
f 2050//129 2051//129 2052//129
f 2051//129 2053//129 2052//129
f 2052//129 2053//129 2054//129
f 2053//129 2055//129 2054//129
f 2054//129 2055//129 2056//129
f 2055//129 2057//129 2056//129
f 2056//129 2057//129 2058//129
f 2057//129 2059//129 2058//129
f 2058//129 2059//129 2060//129
f 2059//129 2061//129 2060//129
f 2060//129 2061//129 2062//129
f 2061//129 2063//129 2062//129
f 2062//129 2063//129 2064//129
f 2063//129 2065//129 2064//129
f 2064//129 2065//129 2066//129
f 2065//129 2067//129 2066//129
f 2066//129 2067//129 2068//129
f 2067//129 2069//129 2068//129
f 2068//129 2069//129 2070//129
f 2069//129 2071//129 2070//129
f 2070//129 2071//129 2072//129
f 2071//129 2073//129 2072//129
f 2072//129 2073//129 2074//129
f 2073//129 2075//129 2074//129
f 2074//129 2075//129 2076//129
f 2075//129 2077//129 2076//129
f 2076//129 2077//129 2078//129
f 2077//129 2079//129 2078//129
f 2078//129 2079//129 2080//129
f 2079//129 2081//129 2080//129
f 2080//129 2081//129 2082//129
f 2081//129 2083//129 2082//129
f 2082//129 2083//129 2084//129
f 2083//129 2085//129 2084//129
f 2084//129 2085//129 2086//129
f 2085//129 2087//129 2086//129
f 2086//129 2087//129 2088//129
f 2087//129 2089//129 2088//129
f 2088//129 2089//129 2090//129
f 2089//129 2091//129 2090//129
f 2090//129 2091//129 2092//129
f 2091//129 2093//129 2092//129
f 2092//129 2093//129 2094//129
f 2093//129 2095//129 2094//129
f 2094//129 2095//129 2096//129
f 2095//129 2097//129 2096//129
f 2096//129 2097//129 2098//129
f 2097//129 2099//129 2098//129
f 2098//129 2099//129 2100//129
f 2099//129 2101//129 2100//129
f 2100//129 2101//129 2102//129
f 2101//129 2103//129 2102//129
f 2102//129 2103//129 2104//129
f 2103//129 2105//129 2104//129
f 2104//129 2105//129 2106//129
f 2105//129 2107//129 2106//129
f 2106//129 2107//129 2108//129
f 2107//129 2109//129 2108//129
f 2108//129 2109//129 2110//129
f 2109//129 2111//129 2110//129
f 2110//129 2111//129 2112//129
f 2111//129 2113//129 2112//129
f 2112//129 2113//129 2114//129
f 2113//129 2115//129 2114//129
f 2114//129 2115//129 2116//129
f 2115//129 2117//129 2116//129
f 2116//129 2117//129 2118//129
f 2117//129 2119//129 2118//129
f 2118//129 2119//129 2120//129
f 2119//129 2121//129 2120//129
f 2120//129 2121//129 2122//129
f 2121//129 2123//129 2122//129
f 2122//129 2123//129 2124//129
f 2123//129 2125//129 2124//129
f 2124//129 2125//129 2126//129
f 2125//129 2127//129 2126//129
f 2126//129 2127//129 2128//129
f 2127//129 2129//129 2128//129
f 2128//129 2129//129 2130//129
f 2129//129 2131//129 2130//129
f 2130//129 2131//129 2132//129
f 2131//129 2133//129 2132//129
f 2132//129 2133//129 2134//129
f 2133//129 2135//129 2134//129
f 2134//129 2135//129 2136//129
f 2135//129 2137//129 2136//129
f 2136//129 2137//129 2138//129
f 2137//129 2139//129 2138//129
f 2138//129 2139//129 2140//129
f 2139//129 2141//129 2140//129
f 2140//129 2141//129 2142//129
f 2141//129 2143//129 2142//129
f 2142//129 2143//129 2144//129
f 2143//129 2145//129 2144//129
f 2144//129 2145//129 2146//129
f 2145//129 2147//129 2146//129
f 2146//129 2147//129 2148//129
f 2147//129 2149//129 2148//129
f 2148//129 2149//129 2150//129
f 2149//129 2151//129 2150//129
f 2150//129 2151//129 2152//129
f 2151//129 2153//129 2152//129
f 2152//129 2153//129 2154//129
f 2153//129 2155//129 2154//129
f 2154//129 2155//129 2156//129
f 2155//129 2157//129 2156//129
f 2156//129 2157//129 2158//129
f 2157//129 2159//129 2158//129
f 2158//129 2159//129 2160//129
f 2159//129 2161//129 2160//129
f 2160//129 2161//129 2162//129
f 2161//129 2163//129 2162//129
f 2162//129 2163//129 2164//129
f 2163//129 2165//129 2164//129
f 2164//129 2165//129 2166//129
f 2165//129 2167//129 2166//129
f 2166//129 2167//129 2168//129
f 2167//129 2169//129 2168//129
f 2168//129 2169//129 2170//129
f 2169//129 2171//129 2170//129
f 2170//129 2171//129 2172//129
f 2171//129 2173//129 2172//129
f 2172//129 2173//129 2174//129
f 2173//129 2175//129 2174//129
f 2174//129 2175//129 2176//129
f 2175//129 2177//129 2176//129
f 2176//129 2177//129 2178//129
f 2177//129 2179//129 2178//129
f 2178//129 2179//129 2036//129
f 2179//129 2037//129 2036//129
f 2180//129 1952//129 1959//129
f 2180//129 1959//129 2181//129
f 1959//129 2000//129 2182//129
f 2182//129 2183//129 1959//129
f 2183//129 2184//129 1959//129
f 1959//129 2184//129 2185//129
f 2185//129 2186//129 1959//129
f 2186//129 2187//129 1959//129
f 1959//129 2187//129 2188//129
f 2188//129 2189//129 1959//129
f 2189//129 2190//129 1959//129
f 1959//129 2190//129 2181//129
f 2001//3148 2191//3148 2002//3148
f 2191//3149 2192//3149 2002//3149
f 2002//3150 2192//3150 2008//3150
f 2192//3151 2193//3151 2008//3151
f 2008//134 2193//134 2009//134
f 2193//135 2194//135 2009//135
f 2009//136 2194//136 2005//136
f 2194//137 2195//137 2005//137
f 2005//138 2195//138 2004//138
f 2195//3152 2196//3152 2004//3152
f 2004//3153 2196//3153 1988//3153
f 1985//3154 1999//3154 2197//3154
f 1999//142 1998//142 2197//142
f 2197//3155 1998//3155 2198//3155
f 1998//3156 1995//3156 2198//3156
f 2198//3157 1995//3157 2199//3157
f 1995//3158 1994//3158 2199//3158
f 2199//147 1994//147 2200//147
f 1994//148 1989//148 2200//148
f 2200//149 1989//149 2201//149
f 1989//150 1988//150 2201//150
f 2201//151 1988//151 2202//151
f 1988//3159 2196//3159 2202//3159
f 1953//3160 2203//3160 1954//3160
f 2203//154 2204//154 1954//154
f 1954//3161 2204//3161 1964//3161
f 2204//3162 2205//3162 1964//3162
f 1964//3163 2205//3163 1965//3163
f 2205//3164 2206//3164 1965//3164
f 1965//3165 2206//3165 1961//3165
f 2206//3166 2207//3166 1961//3166
f 1961//3167 2207//3167 1960//3167
f 2207//162 2208//162 1960//162
f 1960//163 2208//163 1958//163
f 2001//3168 2011//3168 2209//3168
f 2011//3169 2010//3169 2209//3169
f 2209//3170 2010//3170 2210//3170
f 2010//3171 2007//3171 2210//3171
f 2210//168 2007//168 2211//168
f 2007//3172 2006//3172 2211//3172
f 2211//3173 2006//3173 2212//3173
f 2006//3174 2003//3174 2212//3174
f 2212//3175 2003//3175 2213//3175
f 2003//173 1958//173 2213//173
f 2213//174 1958//174 2214//174
f 1958//175 2208//175 2214//175
f 2215//176 2001//176 2013//176
f 2001//176 2209//176 2013//176
f 2001//176 1969//176 2216//176
f 2001//176 2025//176 2217//176
f 2013//176 1953//176 2218//176
f 1953//176 2219//176 2218//176
f 2218//176 2219//176 2220//176
f 2221//176 2222//176 2001//176
f 2222//176 2223//176 2001//176
f 2001//176 2223//176 2224//176
f 2224//176 2225//176 2001//176
f 2225//176 2226//176 2001//176
f 2001//176 2226//176 1969//176
f 2198//176 2191//176 2197//176
f 2191//176 2001//176 2197//176
f 2197//176 2001//176 1985//176
f 2205//176 2204//176 2013//176
f 2204//176 2203//176 2013//176
f 2013//176 2203//176 1953//176
f 2220//176 2227//176 2218//176
f 2227//176 2228//176 2218//176
f 2218//176 2228//176 2229//176
f 2215//176 2230//176 2001//176
f 2230//176 2231//176 2001//176
f 2001//176 2231//176 2232//176
f 2216//176 2233//176 2001//176
f 2233//176 2234//176 2001//176
f 2001//176 2234//176 2235//176
f 2217//176 2236//176 2001//176
f 2236//176 2237//176 2001//176
f 2001//176 2237//176 2238//176
f 2194//176 2193//176 2192//176
f 2209//176 2210//176 2013//176
f 2210//176 2211//176 2013//176
f 2013//176 2211//176 2212//176
f 2212//176 2213//176 2013//176
f 2213//176 2214//176 2013//176
f 2013//176 2214//176 2208//176
f 2239//176 2240//176 2241//176
f 2240//176 2242//176 2241//176
f 2241//176 2242//176 2243//176
f 2239//176 2241//176 2228//176
f 2241//176 2244//176 2228//176
f 2228//176 2244//176 2229//176
f 2232//176 2245//176 2001//176
f 2245//176 2246//176 2001//176
f 2001//176 2246//176 2221//176
f 2235//176 2247//176 2001//176
f 2247//176 2248//176 2001//176
f 2001//176 2248//176 2249//176
f 2250//176 2251//176 2001//176
f 2251//176 2252//176 2001//176
f 2001//176 2252//176 2025//176
f 2198//176 2199//176 2191//176
f 2199//176 2200//176 2191//176
f 2191//176 2200//176 2201//176
f 2208//176 2207//176 2013//176
f 2207//176 2206//176 2013//176
f 2013//176 2206//176 2205//176
f 2249//176 2253//176 2001//176
f 2253//176 2254//176 2001//176
f 2001//176 2254//176 2250//176
f 2238//176 2255//176 2001//176
f 2255//176 2256//176 2001//176
f 2001//176 2256//176 2257//176
f 2257//176 2258//176 2001//176
f 2258//176 2259//176 2001//176
f 2001//176 2259//176 2260//176
f 2260//176 2261//176 2001//176
f 2261//176 2262//176 2001//176
f 2001//176 2262//176 1985//176
f 2201//176 2202//176 2191//176
f 2202//176 2196//176 2191//176
f 2191//176 2196//176 2192//176
f 2196//176 2195//176 2192//176
f 2192//176 2195//176 2194//176
f 2263//129 2264//129 2265//129
f 2264//129 2266//129 2265//129
f 2265//129 2266//129 2267//129
f 2268//129 2269//129 2265//129
f 2269//129 2270//129 2265//129
f 2265//129 2270//129 2263//129
f 2271//129 2272//129 2265//129
f 2272//129 2273//129 2265//129
f 2265//129 2273//129 2268//129
f 2274//129 2275//129 2265//129
f 2275//129 2276//129 2265//129
f 2265//129 2276//129 2271//129
f 2277//129 2278//129 2265//129
f 2278//129 2279//129 2265//129
f 2265//129 2279//129 2274//129
f 2280//129 2281//129 2265//129
f 2281//129 2282//129 2265//129
f 2265//129 2282//129 2277//129
f 2283//129 2284//129 2265//129
f 2284//129 2285//129 2265//129
f 2265//129 2285//129 2280//129
f 2286//129 2287//129 2265//129
f 2287//129 2288//129 2265//129
f 2265//129 2288//129 2283//129
f 2289//129 2290//129 2265//129
f 2290//129 2291//129 2265//129
f 2265//129 2291//129 2286//129
f 2292//129 2293//129 2265//129
f 2293//129 2294//129 2265//129
f 2265//129 2294//129 2289//129
f 2295//129 2296//129 2265//129
f 2296//129 2297//129 2265//129
f 2265//129 2297//129 2292//129
f 2298//129 2299//129 2265//129
f 2299//129 2300//129 2265//129
f 2265//129 2300//129 2295//129
f 2301//129 2302//129 2265//129
f 2302//129 2303//129 2265//129
f 2265//129 2303//129 2298//129
f 2304//129 2305//129 2265//129
f 2305//129 2306//129 2265//129
f 2265//129 2306//129 2301//129
f 2307//129 2308//129 2265//129
f 2308//129 2309//129 2265//129
f 2265//129 2309//129 2304//129
f 2310//129 2311//129 2265//129
f 2311//129 2312//129 2265//129
f 2265//129 2312//129 2307//129
f 2313//129 2314//129 2265//129
f 2314//129 2315//129 2265//129
f 2265//129 2315//129 2310//129
f 2316//129 2317//129 2265//129
f 2317//129 2318//129 2265//129
f 2265//129 2318//129 2313//129
f 2319//129 2320//129 2265//129
f 2320//129 2321//129 2265//129
f 2265//129 2321//129 2316//129
f 2322//129 2323//129 2265//129
f 2323//129 2324//129 2265//129
f 2265//129 2324//129 2319//129
f 2325//129 2326//129 2265//129
f 2326//129 2327//129 2265//129
f 2265//129 2327//129 2322//129
f 2328//129 2329//129 2265//129
f 2329//129 2330//129 2265//129
f 2265//129 2330//129 2325//129
f 2331//129 2332//129 2265//129
f 2332//129 2333//129 2265//129
f 2265//129 2333//129 2328//129
f 2267//129 2334//129 2265//129
f 2334//129 2335//129 2265//129
f 2265//129 2335//129 2331//129
f 1951//3176 2302//3176 1809//3176
f 2302//3177 2301//3177 1809//3177
f 1809//3178 2301//3178 1811//3178
f 2301//3179 2306//3179 1811//3179
f 1811//3180 2306//3180 1813//3180
f 2306//3181 2305//3181 1813//3181
f 1813//3182 2305//3182 1815//3182
f 2305//3183 2304//3183 1815//3183
f 1815//185 2304//185 1817//185
f 2304//186 2309//186 1817//186
f 1817//3184 2309//3184 1819//3184
f 2309//3185 2308//3185 1819//3185
f 1819//3186 2308//3186 1821//3186
f 2308//3187 2307//3187 1821//3187
f 1821//3188 2307//3188 1823//3188
f 2307//192 2312//192 1823//192
f 1823//193 2312//193 1825//193
f 2312//194 2311//194 1825//194
f 1825//195 2311//195 1827//195
f 2311//196 2310//196 1827//196
f 1827//197 2310//197 1829//197
f 2310//198 2315//198 1829//198
f 1829//199 2315//199 1831//199
f 2315//200 2314//200 1831//200
f 1831//201 2314//201 1833//201
f 2314//202 2313//202 1833//202
f 1833//203 2313//203 1835//203
f 2313//204 2318//204 1835//204
f 1835//205 2318//205 1837//205
f 2318//206 2317//206 1837//206
f 1837//3189 2317//3189 1839//3189
f 2317//3190 2316//3190 1839//3190
f 1839//3191 2316//3191 1841//3191
f 2316//3192 2321//3192 1841//3192
f 1841//3193 2321//3193 1843//3193
f 2321//212 2320//212 1843//212
f 1843//3194 2320//3194 1845//3194
f 2320//3195 2319//3195 1845//3195
f 1845//3196 2319//3196 1847//3196
f 2319//3197 2324//3197 1847//3197
f 1847//3198 2324//3198 1849//3198
f 2324//218 2323//218 1849//218
f 1849//219 2323//219 1851//219
f 2323//220 2322//220 1851//220
f 1851//221 2322//221 1853//221
f 2322//222 2327//222 1853//222
f 1853//223 2327//223 1855//223
f 2327//224 2326//224 1855//224
f 1855//225 2326//225 1857//225
f 2326//226 2325//226 1857//226
f 1857//227 2325//227 1859//227
f 2325//228 2330//228 1859//228
f 1859//229 2330//229 1861//229
f 2330//230 2329//230 1861//230
f 1861//231 2329//231 1863//231
f 2329//232 2328//232 1863//232
f 1863//3199 2328//3199 1865//3199
f 2328//3200 2333//3200 1865//3200
f 1865//3201 2333//3201 1867//3201
f 2333//3202 2332//3202 1867//3202
f 1867//3203 2332//3203 1869//3203
f 2332//3204 2331//3204 1869//3204
f 1869//3205 2331//3205 1871//3205
f 2331//3206 2335//3206 1871//3206
f 1871//241 2335//241 1873//241
f 2335//3207 2334//3207 1873//3207
f 1873//3208 2334//3208 1875//3208
f 2334//244 2267//244 1875//244
f 1875//3209 2267//3209 1877//3209
f 2267//3210 2266//3210 1877//3210
f 1877//247 2266//247 1879//247
f 2266//3211 2264//3211 1879//3211
f 1879//3212 2264//3212 1881//3212
f 2264//3213 2263//3213 1881//3213
f 1881//3214 2263//3214 1883//3214
f 2263//3215 2270//3215 1883//3215
f 1883//3216 2270//3216 1885//3216
f 2270//3217 2269//3217 1885//3217
f 1885//3218 2269//3218 1887//3218
f 2269//3219 2268//3219 1887//3219
f 1887//257 2268//257 1889//257
f 2268//258 2273//258 1889//258
f 1889//3220 2273//3220 1891//3220
f 2273//3221 2272//3221 1891//3221
f 1891//3222 2272//3222 1893//3222
f 2272//3223 2271//3223 1893//3223
f 1893//3224 2271//3224 1895//3224
f 2271//264 2276//264 1895//264
f 1895//265 2276//265 1897//265
f 2276//266 2275//266 1897//266
f 1897//267 2275//267 1899//267
f 2275//268 2274//268 1899//268
f 1899//269 2274//269 1901//269
f 2274//270 2279//270 1901//270
f 1901//271 2279//271 1903//271
f 2279//272 2278//272 1903//272
f 1903//273 2278//273 1905//273
f 2278//274 2277//274 1905//274
f 1905//275 2277//275 1907//275
f 2277//276 2282//276 1907//276
f 1907//277 2282//277 1909//277
f 2282//278 2281//278 1909//278
f 1909//3225 2281//3225 1911//3225
f 2281//3226 2280//3226 1911//3226
f 1911//3227 2280//3227 1913//3227
f 2280//3228 2285//3228 1913//3228
f 1913//3229 2285//3229 1915//3229
f 2285//284 2284//284 1915//284
f 1915//3230 2284//3230 1917//3230
f 2284//3231 2283//3231 1917//3231
f 1917//3232 2283//3232 1919//3232
f 2283//3233 2288//3233 1919//3233
f 1919//3234 2288//3234 1921//3234
f 2288//290 2287//290 1921//290
f 1921//291 2287//291 1923//291
f 2287//292 2286//292 1923//292
f 1923//293 2286//293 1925//293
f 2286//294 2291//294 1925//294
f 1925//295 2291//295 1927//295
f 2291//296 2290//296 1927//296
f 1927//297 2290//297 1929//297
f 2290//298 2289//298 1929//298
f 1929//299 2289//299 1931//299
f 2289//300 2294//300 1931//300
f 1931//301 2294//301 1933//301
f 2294//302 2293//302 1933//302
f 1933//303 2293//303 1935//303
f 2293//304 2292//304 1935//304
f 1935//3235 2292//3235 1937//3235
f 2292//3236 2297//3236 1937//3236
f 1937//3237 2297//3237 1939//3237
f 2297//3238 2296//3238 1939//3238
f 1939//3239 2296//3239 1941//3239
f 2296//3240 2295//3240 1941//3240
f 1941//3241 2295//3241 1943//3241
f 2295//3242 2300//3242 1943//3242
f 1943//313 2300//313 1945//313
f 2300//3243 2299//3243 1945//3243
f 1945//3244 2299//3244 1947//3244
f 2299//316 2298//316 1947//316
f 1947//3245 2298//3245 1949//3245
f 2298//3246 2303//3246 1949//3246
f 1949//319 2303//319 1951//319
f 2303//3247 2302//3247 1951//3247
f 2134//321 2336//321 2132//321
f 2336//322 2337//322 2132//322
f 2132//323 2337//323 2130//323
f 2337//324 2338//324 2130//324
f 2130//325 2338//325 2128//325
f 2338//326 2339//326 2128//326
f 2128//327 2339//327 2126//327
f 2339//3248 2340//3248 2126//3248
f 2126//3249 2340//3249 2124//3249
f 2340//3250 2341//3250 2124//3250
f 2124//331 2341//331 2122//331
f 2341//332 2342//332 2122//332
f 2122//333 2342//333 2120//333
f 2342//3251 2343//3251 2120//3251
f 2120//3252 2343//3252 2118//3252
f 2343//3253 2344//3253 2118//3253
f 2118//337 2344//337 2116//337
f 2344//338 2345//338 2116//338
f 2116//339 2345//339 2114//339
f 2345//340 2346//340 2114//340
f 2114//3254 2346//3254 2112//3254
f 2346//3255 2347//3255 2112//3255
f 2112//3256 2347//3256 2110//3256
f 2347//344 2348//344 2110//344
f 2110//345 2348//345 2108//345
f 2348//346 2349//346 2108//346
f 2108//347 2349//347 2106//347
f 2349//3257 2350//3257 2106//3257
f 2106//3258 2350//3258 2104//3258
f 2350//3259 2351//3259 2104//3259
f 2104//3260 2351//3260 2102//3260
f 2351//3261 2352//3261 2102//3261
f 2102//3262 2352//3262 2100//3262
f 2352//3263 2353//3263 2100//3263
f 2100//355 2353//355 2098//355
f 2353//3264 2354//3264 2098//3264
f 2098//3265 2354//3265 2096//3265
f 2354//358 2355//358 2096//358
f 2096//359 2355//359 2094//359
f 2355//3266 2356//3266 2094//3266
f 2094//3267 2356//3267 2092//3267
f 2356//3268 2357//3268 2092//3268
f 2092//363 2357//363 2090//363
f 2357//364 2358//364 2090//364
f 2090//3269 2358//3269 2088//3269
f 2358//3270 2359//3270 2088//3270
f 2088//3271 2359//3271 2086//3271
f 2359//368 2360//368 2086//368
f 2086//369 2360//369 2084//369
f 2360//370 2361//370 2084//370
f 2084//371 2361//371 2082//371
f 2361//372 2362//372 2082//372
f 2082//373 2362//373 2080//373
f 2362//3272 2363//3272 2080//3272
f 2080//3273 2363//3273 2078//3273
f 2363//3274 2364//3274 2078//3274
f 2078//377 2364//377 2076//377
f 2364//378 2365//378 2076//378
f 2076//379 2365//379 2074//379
f 2365//3275 2366//3275 2074//3275
f 2074//3276 2366//3276 2072//3276
f 2366//3277 2367//3277 2072//3277
f 2072//383 2367//383 2070//383
f 2367//384 2368//384 2070//384
f 2070//385 2368//385 2068//385
f 2368//386 2369//386 2068//386
f 2068//387 2369//387 2066//387
f 2369//388 2370//388 2066//388
f 2066//389 2370//389 2064//389
f 2370//390 2371//390 2064//390
f 2064//391 2371//391 2062//391
f 2371//392 2372//392 2062//392
f 2062//393 2372//393 2060//393
f 2372//394 2373//394 2060//394
f 2060//395 2373//395 2058//395
f 2373//396 2374//396 2058//396
f 2058//397 2374//397 2056//397
f 2374//398 2375//398 2056//398
f 2056//399 2375//399 2054//399
f 2375//3278 2376//3278 2054//3278
f 2054//3279 2376//3279 2052//3279
f 2376//3280 2377//3280 2052//3280
f 2052//403 2377//403 2050//403
f 2377//404 2378//404 2050//404
f 2050//405 2378//405 2048//405
f 2378//3281 2379//3281 2048//3281
f 2048//3282 2379//3282 2046//3282
f 2379//3283 2380//3283 2046//3283
f 2046//409 2380//409 2044//409
f 2380//410 2381//410 2044//410
f 2044//411 2381//411 2042//411
f 2381//412 2382//412 2042//412
f 2042//3284 2382//3284 2040//3284
f 2382//3285 2383//3285 2040//3285
f 2040//3286 2383//3286 2038//3286
f 2383//416 2384//416 2038//416
f 2038//417 2384//417 2036//417
f 2384//418 2385//418 2036//418
f 2036//419 2385//419 2178//419
f 2385//3287 2386//3287 2178//3287
f 2178//3288 2386//3288 2176//3288
f 2386//3289 2387//3289 2176//3289
f 2176//3290 2387//3290 2174//3290
f 2387//3291 2388//3291 2174//3291
f 2174//3292 2388//3292 2172//3292
f 2388//3293 2389//3293 2172//3293
f 2172//427 2389//427 2170//427
f 2389//3294 2390//3294 2170//3294
f 2170//3295 2390//3295 2168//3295
f 2390//430 2391//430 2168//430
f 2168//431 2391//431 2166//431
f 2391//3296 2392//3296 2166//3296
f 2166//3297 2392//3297 2164//3297
f 2392//3298 2393//3298 2164//3298
f 2164//435 2393//435 2162//435
f 2393//436 2394//436 2162//436
f 2162//3299 2394//3299 2160//3299
f 2394//3300 2395//3300 2160//3300
f 2160//3301 2395//3301 2158//3301
f 2395//440 2396//440 2158//440
f 2158//441 2396//441 2156//441
f 2396//442 2397//442 2156//442
f 2156//443 2397//443 2154//443
f 2397//444 2398//444 2154//444
f 2154//445 2398//445 2152//445
f 2398//3302 2399//3302 2152//3302
f 2152//3303 2399//3303 2150//3303
f 2399//3304 2400//3304 2150//3304
f 2150//449 2400//449 2148//449
f 2400//450 2401//450 2148//450
f 2148//451 2401//451 2146//451
f 2401//3305 2402//3305 2146//3305
f 2146//3306 2402//3306 2144//3306
f 2402//3307 2403//3307 2144//3307
f 2144//455 2403//455 2142//455
f 2403//456 2404//456 2142//456
f 2142//457 2404//457 2140//457
f 2404//458 2405//458 2140//458
f 2140//459 2405//459 2138//459
f 2405//460 2406//460 2138//460
f 2138//461 2406//461 2136//461
f 2406//462 2407//462 2136//462
f 2136//463 2407//463 2134//463
f 2407//464 2336//464 2134//464
f 2336//465 2408//465 2337//465
f 2408//466 2409//466 2337//466
f 2337//467 2409//467 2338//467
f 2409//3308 2410//3308 2338//3308
f 2338//3309 2410//3309 2339//3309
f 2410//3310 2411//3310 2339//3310
f 2339//3311 2411//3311 2340//3311
f 2411//3312 2412//3312 2340//3312
f 2340//3313 2412//3313 2341//3313
f 2412//474 2413//474 2341//474
f 2341//475 2413//475 2342//475
f 2413//476 2414//476 2342//476
f 2342//3314 2414//3314 2343//3314
f 2414//3315 2415//3315 2343//3315
f 2343//3316 2415//3316 2344//3316
f 2415//480 2416//480 2344//480
f 2344//481 2416//481 2345//481
f 2416//482 2417//482 2345//482
f 2345//483 2417//483 2346//483
f 2417//484 2418//484 2346//484
f 2346//485 2418//485 2347//485
f 2418//486 2419//486 2347//486
f 2347//487 2419//487 2348//487
f 2419//488 2420//488 2348//488
f 2348//489 2420//489 2349//489
f 2420//490 2421//490 2349//490
f 2349//3317 2421//3317 2350//3317
f 2421//3318 2422//3318 2350//3318
f 2350//3319 2422//3319 2351//3319
f 2422//494 2423//494 2351//494
f 2351//495 2423//495 2352//495
f 2423//3320 2424//3320 2352//3320
f 2352//3321 2424//3321 2353//3321
f 2424//498 2425//498 2353//498
f 2353//3322 2425//3322 2354//3322
f 2425//3323 2426//3323 2354//3323
f 2354//3324 2426//3324 2355//3324
f 2426//3325 2427//3325 2355//3325
f 2355//3326 2427//3326 2356//3326
f 2427//3327 2428//3327 2356//3327
f 2356//3328 2428//3328 2357//3328
f 2428//506 2429//506 2357//506
f 2357//507 2429//507 2358//507
f 2429//508 2430//508 2358//508
f 2358//509 2430//509 2359//509
f 2430//510 2431//510 2359//510
f 2359//511 2431//511 2360//511
f 2431//512 2432//512 2360//512
f 2360//513 2432//513 2361//513
f 2432//514 2433//514 2361//514
f 2361//515 2433//515 2362//515
f 2433//516 2434//516 2362//516
f 2362//3329 2434//3329 2363//3329
f 2434//3330 2435//3330 2363//3330
f 2363//3331 2435//3331 2364//3331
f 2435//520 2436//520 2364//520
f 2364//521 2436//521 2365//521
f 2436//522 2437//522 2365//522
f 2365//3332 2437//3332 2366//3332
f 2437//3333 2438//3333 2366//3333
f 2366//3334 2438//3334 2367//3334
f 2438//526 2439//526 2367//526
f 2367//527 2439//527 2368//527
f 2439//3335 2440//3335 2368//3335
f 2368//3336 2440//3336 2369//3336
f 2440//3337 2441//3337 2369//3337
f 2369//531 2441//531 2370//531
f 2441//532 2442//532 2370//532
f 2370//533 2442//533 2371//533
f 2442//534 2443//534 2371//534
f 2371//535 2443//535 2372//535
f 2443//536 2444//536 2372//536
f 2372//537 2444//537 2373//537
f 2444//538 2445//538 2373//538
f 2373//539 2445//539 2374//539
f 2445//3338 2446//3338 2374//3338
f 2374//3339 2446//3339 2375//3339
f 2446//3340 2447//3340 2375//3340
f 2375//3341 2447//3341 2376//3341
f 2447//3342 2448//3342 2376//3342
f 2376//3343 2448//3343 2377//3343
f 2448//546 2449//546 2377//546
f 2377//547 2449//547 2378//547
f 2449//548 2450//548 2378//548
f 2378//3344 2450//3344 2379//3344
f 2450//3345 2451//3345 2379//3345
f 2379//3346 2451//3346 2380//3346
f 2451//552 2452//552 2380//552
f 2380//553 2452//553 2381//553
f 2452//554 2453//554 2381//554
f 2381//555 2453//555 2382//555
f 2453//556 2454//556 2382//556
f 2382//557 2454//557 2383//557
f 2454//558 2455//558 2383//558
f 2383//559 2455//559 2384//559
f 2455//560 2456//560 2384//560
f 2384//561 2456//561 2385//561
f 2456//562 2457//562 2385//562
f 2385//3347 2457//3347 2386//3347
f 2457//3348 2458//3348 2386//3348
f 2386//3349 2458//3349 2387//3349
f 2458//566 2459//566 2387//566
f 2387//567 2459//567 2388//567
f 2459//3350 2460//3350 2388//3350
f 2388//3351 2460//3351 2389//3351
f 2460//570 2461//570 2389//570
f 2389//3352 2461//3352 2390//3352
f 2461//3353 2462//3353 2390//3353
f 2390//3354 2462//3354 2391//3354
f 2462//3355 2463//3355 2391//3355
f 2391//3356 2463//3356 2392//3356
f 2463//3357 2464//3357 2392//3357
f 2392//3358 2464//3358 2393//3358
f 2464//578 2465//578 2393//578
f 2393//579 2465//579 2394//579
f 2465//580 2466//580 2394//580
f 2394//581 2466//581 2395//581
f 2466//582 2467//582 2395//582
f 2395//583 2467//583 2396//583
f 2467//584 2468//584 2396//584
f 2396//585 2468//585 2397//585
f 2468//586 2469//586 2397//586
f 2397//587 2469//587 2398//587
f 2469//588 2470//588 2398//588
f 2398//3359 2470//3359 2399//3359
f 2470//3360 2471//3360 2399//3360
f 2399//3361 2471//3361 2400//3361
f 2471//592 2472//592 2400//592
f 2400//593 2472//593 2401//593
f 2472//594 2473//594 2401//594
f 2401//3362 2473//3362 2402//3362
f 2473//3363 2474//3363 2402//3363
f 2402//3364 2474//3364 2403//3364
f 2474//598 2475//598 2403//598
f 2403//599 2475//599 2404//599
f 2475//3365 2476//3365 2404//3365
f 2404//3366 2476//3366 2405//3366
f 2476//3367 2477//3367 2405//3367
f 2405//603 2477//603 2406//603
f 2477//604 2478//604 2406//604
f 2406//605 2478//605 2407//605
f 2478//606 2479//606 2407//606
f 2407//607 2479//607 2336//607
f 2479//608 2408//608 2336//608
f 2408//609 2480//609 2409//609
f 2480//3368 2481//3368 2409//3368
f 2409//3369 2481//3369 2410//3369
f 2481//3370 2482//3370 2410//3370
f 2410//3371 2482//3371 2411//3371
f 2482//614 2483//614 2411//614
f 2411//615 2483//615 2412//615
f 2483//616 2484//616 2412//616
f 2412//617 2484//617 2413//617
f 2484//3372 2485//3372 2413//3372
f 2413//3373 2485//3373 2414//3373
f 2485//3374 2486//3374 2414//3374
f 2414//621 2486//621 2415//621
f 2486//622 2487//622 2415//622
f 2415//623 2487//623 2416//623
f 2487//624 2488//624 2416//624
f 2416//625 2488//625 2417//625
f 2488//626 2489//626 2417//626
f 2417//627 2489//627 2418//627
f 2489//628 2490//628 2418//628
f 2418//629 2490//629 2419//629
f 2490//630 2491//630 2419//630
f 2419//631 2491//631 2420//631
f 2491//632 2492//632 2420//632
f 2420//633 2492//633 2421//633
f 2492//634 2493//634 2421//634
f 2421//635 2493//635 2422//635
f 2493//636 2494//636 2422//636
f 2422//637 2494//637 2423//637
f 2494//638 2495//638 2423//638
f 2423//3375 2495//3375 2424//3375
f 2495//3376 2496//3376 2424//3376
f 2424//3377 2496//3377 2425//3377
f 2496//3378 2497//3378 2425//3378
f 2425//643 2497//643 2426//643
f 2497//3379 2498//3379 2426//3379
f 2426//3380 2498//3380 2427//3380
f 2498//646 2499//646 2427//646
f 2427//647 2499//647 2428//647
f 2499//648 2500//648 2428//648
f 2428//649 2500//649 2429//649
f 2500//650 2501//650 2429//650
f 2429//651 2501//651 2430//651
f 2501//652 2502//652 2430//652
f 2430//653 2502//653 2431//653
f 2502//654 2503//654 2431//654
f 2431//655 2503//655 2432//655
f 2503//656 2504//656 2432//656
f 2432//657 2504//657 2433//657
f 2504//658 2505//658 2433//658
f 2433//659 2505//659 2434//659
f 2505//660 2506//660 2434//660
f 2434//661 2506//661 2435//661
f 2506//662 2507//662 2435//662
f 2435//663 2507//663 2436//663
f 2507//664 2508//664 2436//664
f 2436//665 2508//665 2437//665
f 2508//3381 2509//3381 2437//3381
f 2437//3382 2509//3382 2438//3382
f 2509//3383 2510//3383 2438//3383
f 2438//669 2510//669 2439//669
f 2510//670 2511//670 2439//670
f 2439//3384 2511//3384 2440//3384
f 2511//3385 2512//3385 2440//3385
f 2440//3386 2512//3386 2441//3386
f 2512//3387 2513//3387 2441//3387
f 2441//3388 2513//3388 2442//3388
f 2513//3389 2514//3389 2442//3389
f 2442//677 2514//677 2443//677
f 2514//678 2515//678 2443//678
f 2443//679 2515//679 2444//679
f 2515//680 2516//680 2444//680
f 2444//681 2516//681 2445//681
f 2516//3390 2517//3390 2445//3390
f 2445//3391 2517//3391 2446//3391
f 2517//3392 2518//3392 2446//3392
f 2446//3393 2518//3393 2447//3393
f 2518//686 2519//686 2447//686
f 2447//687 2519//687 2448//687
f 2519//688 2520//688 2448//688
f 2448//689 2520//689 2449//689
f 2520//3394 2521//3394 2449//3394
f 2449//3395 2521//3395 2450//3395
f 2521//3396 2522//3396 2450//3396
f 2450//693 2522//693 2451//693
f 2522//694 2523//694 2451//694
f 2451//695 2523//695 2452//695
f 2523//696 2524//696 2452//696
f 2452//697 2524//697 2453//697
f 2524//698 2525//698 2453//698
f 2453//699 2525//699 2454//699
f 2525//700 2526//700 2454//700
f 2454//701 2526//701 2455//701
f 2526//702 2527//702 2455//702
f 2455//703 2527//703 2456//703
f 2527//704 2528//704 2456//704
f 2456//705 2528//705 2457//705
f 2528//706 2529//706 2457//706
f 2457//707 2529//707 2458//707
f 2529//708 2530//708 2458//708
f 2458//709 2530//709 2459//709
f 2530//710 2531//710 2459//710
f 2459//3397 2531//3397 2460//3397
f 2531//3398 2532//3398 2460//3398
f 2460//3399 2532//3399 2461//3399
f 2532//3400 2533//3400 2461//3400
f 2461//715 2533//715 2462//715
f 2533//3401 2534//3401 2462//3401
f 2462//3402 2534//3402 2463//3402
f 2534//718 2535//718 2463//718
f 2463//719 2535//719 2464//719
f 2535//720 2536//720 2464//720
f 2464//721 2536//721 2465//721
f 2536//722 2537//722 2465//722
f 2465//723 2537//723 2466//723
f 2537//724 2538//724 2466//724
f 2466//725 2538//725 2467//725
f 2538//726 2539//726 2467//726
f 2467//727 2539//727 2468//727
f 2539//728 2540//728 2468//728
f 2468//729 2540//729 2469//729
f 2540//730 2541//730 2469//730
f 2469//731 2541//731 2470//731
f 2541//732 2542//732 2470//732
f 2470//733 2542//733 2471//733
f 2542//734 2543//734 2471//734
f 2471//735 2543//735 2472//735
f 2543//736 2544//736 2472//736
f 2472//737 2544//737 2473//737
f 2544//3403 2545//3403 2473//3403
f 2473//3404 2545//3404 2474//3404
f 2545//3405 2546//3405 2474//3405
f 2474//741 2546//741 2475//741
f 2546//742 2547//742 2475//742
f 2475//3406 2547//3406 2476//3406
f 2547//3407 2548//3407 2476//3407
f 2476//3408 2548//3408 2477//3408
f 2548//3409 2549//3409 2477//3409
f 2477//3410 2549//3410 2478//3410
f 2549//3411 2550//3411 2478//3411
f 2478//749 2550//749 2479//749
f 2550//750 2551//750 2479//750
f 2479//751 2551//751 2408//751
f 2551//752 2480//752 2408//752
f 2480//3412 2552//3412 2481//3412
f 2552//3413 2553//3413 2481//3413
f 2481//3414 2553//3414 2482//3414
f 2553//756 2554//756 2482//756
f 2482//757 2554//757 2483//757
f 2554//758 2555//758 2483//758
f 2483//759 2555//759 2484//759
f 2555//760 2556//760 2484//760
f 2484//3415 2556//3415 2485//3415
f 2556//3416 2557//3416 2485//3416
f 2485//3417 2557//3417 2486//3417
f 2557//3418 2558//3418 2486//3418
f 2486//765 2558//765 2487//765
f 2558//766 2559//766 2487//766
f 2487//767 2559//767 2488//767
f 2559//768 2560//768 2488//768
f 2488//769 2560//769 2489//769
f 2560//3419 2561//3419 2489//3419
f 2489//3420 2561//3420 2490//3420
f 2561//3421 2562//3421 2490//3421
f 2490//3422 2562//3422 2491//3422
f 2562//3423 2563//3423 2491//3423
f 2491//775 2563//775 2492//775
f 2563//776 2564//776 2492//776
f 2492//777 2564//777 2493//777
f 2564//778 2565//778 2493//778
f 2493//779 2565//779 2494//779
f 2565//780 2566//780 2494//780
f 2494//781 2566//781 2495//781
f 2566//3424 2567//3424 2495//3424
f 2495//3425 2567//3425 2496//3425
f 2567//3426 2568//3426 2496//3426
f 2496//3427 2568//3427 2497//3427
f 2568//3428 2569//3428 2497//3428
f 2497//3429 2569//3429 2498//3429
f 2569//3430 2570//3430 2498//3430
f 2498//789 2570//789 2499//789
f 2570//3431 2571//3431 2499//3431
f 2499//3432 2571//3432 2500//3432
f 2571//3433 2572//3433 2500//3433
f 2500//793 2572//793 2501//793
f 2572//794 2573//794 2501//794
f 2501//795 2573//795 2502//795
f 2573//796 2574//796 2502//796
f 2502//797 2574//797 2503//797
f 2574//798 2575//798 2503//798
f 2503//799 2575//799 2504//799
f 2575//3434 2576//3434 2504//3434
f 2504//3435 2576//3435 2505//3435
f 2576//3436 2577//3436 2505//3436
f 2505//3437 2577//3437 2506//3437
f 2577//3438 2578//3438 2506//3438
f 2506//805 2578//805 2507//805
f 2578//806 2579//806 2507//806
f 2507//807 2579//807 2508//807
f 2579//808 2580//808 2508//808
f 2508//3439 2580//3439 2509//3439
f 2580//3440 2581//3440 2509//3440
f 2509//3441 2581//3441 2510//3441
f 2581//3442 2582//3442 2510//3442
f 2510//813 2582//813 2511//813
f 2582//814 2583//814 2511//814
f 2511//815 2583//815 2512//815
f 2583//816 2584//816 2512//816
f 2512//3443 2584//3443 2513//3443
f 2584//3444 2585//3444 2513//3444
f 2513//3445 2585//3445 2514//3445
f 2585//820 2586//820 2514//820
f 2514//821 2586//821 2515//821
f 2586//822 2587//822 2515//822
f 2515//823 2587//823 2516//823
f 2587//824 2588//824 2516//824
f 2516//3446 2588//3446 2517//3446
f 2588//3447 2589//3447 2517//3447
f 2517//3448 2589//3448 2518//3448
f 2589//828 2590//828 2518//828
f 2518//829 2590//829 2519//829
f 2590//830 2591//830 2519//830
f 2519//831 2591//831 2520//831
f 2591//832 2592//832 2520//832
f 2520//3449 2592//3449 2521//3449
f 2592//3450 2593//3450 2521//3450
f 2521//3451 2593//3451 2522//3451
f 2593//3452 2594//3452 2522//3452
f 2522//837 2594//837 2523//837
f 2594//838 2595//838 2523//838
f 2523//839 2595//839 2524//839
f 2595//840 2596//840 2524//840
f 2524//841 2596//841 2525//841
f 2596//3453 2597//3453 2525//3453
f 2525//3454 2597//3454 2526//3454
f 2597//3455 2598//3455 2526//3455
f 2526//3456 2598//3456 2527//3456
f 2598//3457 2599//3457 2527//3457
f 2527//847 2599//847 2528//847
f 2599//848 2600//848 2528//848
f 2528//849 2600//849 2529//849
f 2600//850 2601//850 2529//850
f 2529//851 2601//851 2530//851
f 2601//852 2602//852 2530//852
f 2530//853 2602//853 2531//853
f 2602//3458 2603//3458 2531//3458
f 2531//3459 2603//3459 2532//3459
f 2603//3460 2604//3460 2532//3460
f 2532//3461 2604//3461 2533//3461
f 2604//3462 2605//3462 2533//3462
f 2533//3463 2605//3463 2534//3463
f 2605//3464 2606//3464 2534//3464
f 2534//861 2606//861 2535//861
f 2606//3465 2607//3465 2535//3465
f 2535//3466 2607//3466 2536//3466
f 2607//3467 2608//3467 2536//3467
f 2536//865 2608//865 2537//865
f 2608//866 2609//866 2537//866
f 2537//867 2609//867 2538//867
f 2609//868 2610//868 2538//868
f 2538//869 2610//869 2539//869
f 2610//870 2611//870 2539//870
f 2539//871 2611//871 2540//871
f 2611//3468 2612//3468 2540//3468
f 2540//3469 2612//3469 2541//3469
f 2612//3470 2613//3470 2541//3470
f 2541//3471 2613//3471 2542//3471
f 2613//3472 2614//3472 2542//3472
f 2542//877 2614//877 2543//877
f 2614//878 2615//878 2543//878
f 2543//879 2615//879 2544//879
f 2615//880 2616//880 2544//880
f 2544//3473 2616//3473 2545//3473
f 2616//3474 2617//3474 2545//3474
f 2545//3475 2617//3475 2546//3475
f 2617//3476 2618//3476 2546//3476
f 2546//885 2618//885 2547//885
f 2618//886 2619//886 2547//886
f 2547//887 2619//887 2548//887
f 2619//888 2620//888 2548//888
f 2548//3477 2620//3477 2549//3477
f 2620//3478 2621//3478 2549//3478
f 2549//3479 2621//3479 2550//3479
f 2621//892 2622//892 2550//892
f 2550//893 2622//893 2551//893
f 2622//894 2623//894 2551//894
f 2551//895 2623//895 2480//895
f 2623//896 2552//896 2480//896
f 2552//897 2624//897 2553//897
f 2624//898 2625//898 2553//898
f 2553//899 2625//899 2554//899
f 2625//900 2626//900 2554//900
f 2554//901 2626//901 2555//901
f 2626//902 2627//902 2555//902
f 2555//903 2627//903 2556//903
f 2627//904 2628//904 2556//904
f 2556//3480 2628//3480 2557//3480
f 2628//3481 2629//3481 2557//3481
f 2557//3482 2629//3482 2558//3482
f 2629//3483 2630//3483 2558//3483
f 2558//909 2630//909 2559//909
f 2630//910 2631//910 2559//910
f 2559//911 2631//911 2560//911
f 2631//3484 2632//3484 2560//3484
f 2560//3485 2632//3485 2561//3485
f 2632//3486 2633//3486 2561//3486
f 2561//3487 2633//3487 2562//3487
f 2633//3488 2634//3488 2562//3488
f 2562//3489 2634//3489 2563//3489
f 2634//918 2635//918 2563//918
f 2563//919 2635//919 2564//919
f 2635//920 2636//920 2564//920
f 2564//921 2636//921 2565//921
f 2636//922 2637//922 2565//922
f 2565//923 2637//923 2566//923
f 2637//924 2638//924 2566//924
f 2566//3490 2638//3490 2567//3490
f 2638//3491 2639//3491 2567//3491
f 2567//3492 2639//3492 2568//3492
f 2639//3493 2640//3493 2568//3493
f 2568//3494 2640//3494 2569//3494
f 2640//930 2641//930 2569//930
f 2569//3495 2641//3495 2570//3495
f 2641//3496 2642//3496 2570//3496
f 2570//3497 2642//3497 2571//3497
f 2642//3498 2643//3498 2571//3498
f 2571//3499 2643//3499 2572//3499
f 2643//936 2644//936 2572//936
f 2572//937 2644//937 2573//937
f 2644//938 2645//938 2573//938
f 2573//939 2645//939 2574//939
f 2645//940 2646//940 2574//940
f 2574//941 2646//941 2575//941
f 2646//942 2647//942 2575//942
f 2575//3500 2647//3500 2576//3500
f 2647//3501 2648//3501 2576//3501
f 2576//3502 2648//3502 2577//3502
f 2648//3503 2649//3503 2577//3503
f 2577//3504 2649//3504 2578//3504
f 2649//3505 2650//3505 2578//3505
f 2578//3506 2650//3506 2579//3506
f 2650//3507 2651//3507 2579//3507
f 2579//951 2651//951 2580//951
f 2651//952 2652//952 2580//952
f 2580//3508 2652//3508 2581//3508
f 2652//3509 2653//3509 2581//3509
f 2581//3510 2653//3510 2582//3510
f 2653//3511 2654//3511 2582//3511
f 2582//957 2654//957 2583//957
f 2654//958 2655//958 2583//958
f 2583//959 2655//959 2584//959
f 2655//960 2656//960 2584//960
f 2584//961 2656//961 2585//961
f 2656//962 2657//962 2585//962
f 2585//963 2657//963 2586//963
f 2657//964 2658//964 2586//964
f 2586//965 2658//965 2587//965
f 2658//966 2659//966 2587//966
f 2587//967 2659//967 2588//967
f 2659//968 2660//968 2588//968
f 2588//969 2660//969 2589//969
f 2660//970 2661//970 2589//970
f 2589//971 2661//971 2590//971
f 2661//972 2662//972 2590//972
f 2590//973 2662//973 2591//973
f 2662//974 2663//974 2591//974
f 2591//975 2663//975 2592//975
f 2663//976 2664//976 2592//976
f 2592//3512 2664//3512 2593//3512
f 2664//3513 2665//3513 2593//3513
f 2593//3514 2665//3514 2594//3514
f 2665//3515 2666//3515 2594//3515
f 2594//981 2666//981 2595//981
f 2666//982 2667//982 2595//982
f 2595//983 2667//983 2596//983
f 2667//3516 2668//3516 2596//3516
f 2596//3517 2668//3517 2597//3517
f 2668//3518 2669//3518 2597//3518
f 2597//3519 2669//3519 2598//3519
f 2669//3520 2670//3520 2598//3520
f 2598//3521 2670//3521 2599//3521
f 2670//990 2671//990 2599//990
f 2599//991 2671//991 2600//991
f 2671//992 2672//992 2600//992
f 2600//993 2672//993 2601//993
f 2672//994 2673//994 2601//994
f 2601//995 2673//995 2602//995
f 2673//996 2674//996 2602//996
f 2602//3522 2674//3522 2603//3522
f 2674//3523 2675//3523 2603//3523
f 2603//3524 2675//3524 2604//3524
f 2675//3525 2676//3525 2604//3525
f 2604//3526 2676//3526 2605//3526
f 2676//1002 2677//1002 2605//1002
f 2605//3527 2677//3527 2606//3527
f 2677//3528 2678//3528 2606//3528
f 2606//3529 2678//3529 2607//3529
f 2678//3530 2679//3530 2607//3530
f 2607//3531 2679//3531 2608//3531
f 2679//1008 2680//1008 2608//1008
f 2608//1009 2680//1009 2609//1009
f 2680//1010 2681//1010 2609//1010
f 2609//1011 2681//1011 2610//1011
f 2681//1012 2682//1012 2610//1012
f 2610//1013 2682//1013 2611//1013
f 2682//1014 2683//1014 2611//1014
f 2611//3532 2683//3532 2612//3532
f 2683//3533 2684//3533 2612//3533
f 2612//3534 2684//3534 2613//3534
f 2684//3535 2685//3535 2613//3535
f 2613//3536 2685//3536 2614//3536
f 2685//3537 2686//3537 2614//3537
f 2614//3538 2686//3538 2615//3538
f 2686//3539 2687//3539 2615//3539
f 2615//1023 2687//1023 2616//1023
f 2687//1024 2688//1024 2616//1024
f 2616//3540 2688//3540 2617//3540
f 2688//3541 2689//3541 2617//3541
f 2617//3542 2689//3542 2618//3542
f 2689//3543 2690//3543 2618//3543
f 2618//1029 2690//1029 2619//1029
f 2690//1030 2691//1030 2619//1030
f 2619//1031 2691//1031 2620//1031
f 2691//1032 2692//1032 2620//1032
f 2620//1033 2692//1033 2621//1033
f 2692//1034 2693//1034 2621//1034
f 2621//1035 2693//1035 2622//1035
f 2693//1036 2694//1036 2622//1036
f 2622//1037 2694//1037 2623//1037
f 2694//1038 2695//1038 2623//1038
f 2623//1039 2695//1039 2552//1039
f 2695//1040 2624//1040 2552//1040
f 2624//1041 2696//1041 2625//1041
f 2696//1042 2697//1042 2625//1042
f 2625//1043 2697//1043 2626//1043
f 2697//1044 2698//1044 2626//1044
f 2626//1045 2698//1045 2627//1045
f 2698//1046 2699//1046 2627//1046
f 2627//1047 2699//1047 2628//1047
f 2699//1048 2700//1048 2628//1048
f 2628//3544 2700//3544 2629//3544
f 2700//3545 2701//3545 2629//3545
f 2629//3546 2701//3546 2630//3546
f 2701//1052 2702//1052 2630//1052
f 2630//1053 2702//1053 2631//1053
f 2702//1054 2703//1054 2631//1054
f 2631//3547 2703//3547 2632//3547
f 2703//3548 2704//3548 2632//3548
f 2632//3549 2704//3549 2633//3549
f 2704//3550 2705//3550 2633//3550
f 2633//1059 2705//1059 2634//1059
f 2705//1060 2706//1060 2634//1060
f 2634//1061 2706//1061 2635//1061
f 2706//1062 2707//1062 2635//1062
f 2635//1063 2707//1063 2636//1063
f 2707//1064 2708//1064 2636//1064
f 2636//1065 2708//1065 2637//1065
f 2708//1066 2709//1066 2637//1066
f 2637//1067 2709//1067 2638//1067
f 2709//1068 2710//1068 2638//1068
f 2638//1069 2710//1069 2639//1069
f 2710//1070 2711//1070 2639//1070
f 2639//3551 2711//3551 2640//3551
f 2711//3552 2712//3552 2640//3552
f 2640//3553 2712//3553 2641//3553
f 2712//3554 2713//3554 2641//3554
f 2641//1075 2713//1075 2642//1075
f 2713//3555 2714//3555 2642//3555
f 2642//3556 2714//3556 2643//3556
f 2714//1078 2715//1078 2643//1078
f 2643//1079 2715//1079 2644//1079
f 2715//1080 2716//1080 2644//1080
f 2644//1081 2716//1081 2645//1081
f 2716//1082 2717//1082 2645//1082
f 2645//1083 2717//1083 2646//1083
f 2717//1084 2718//1084 2646//1084
f 2646//1085 2718//1085 2647//1085
f 2718//1086 2719//1086 2647//1086
f 2647//1087 2719//1087 2648//1087
f 2719//1088 2720//1088 2648//1088
f 2648//1089 2720//1089 2649//1089
f 2720//1090 2721//1090 2649//1090
f 2649//3557 2721//3557 2650//3557
f 2721//3558 2722//3558 2650//3558
f 2650//3559 2722//3559 2651//3559
f 2722//3560 2723//3560 2651//3560
f 2651//1095 2723//1095 2652//1095
f 2723//1096 2724//1096 2652//1096
f 2652//3561 2724//3561 2653//3561
f 2724//3562 2725//3562 2653//3562
f 2653//3563 2725//3563 2654//3563
f 2725//1100 2726//1100 2654//1100
f 2654//1101 2726//1101 2655//1101
f 2726//1102 2727//1102 2655//1102
f 2655//1103 2727//1103 2656//1103
f 2727//1104 2728//1104 2656//1104
f 2656//1105 2728//1105 2657//1105
f 2728//1106 2729//1106 2657//1106
f 2657//1107 2729//1107 2658//1107
f 2729//1108 2730//1108 2658//1108
f 2658//1109 2730//1109 2659//1109
f 2730//1110 2731//1110 2659//1110
f 2659//1111 2731//1111 2660//1111
f 2731//1112 2732//1112 2660//1112
f 2660//1113 2732//1113 2661//1113
f 2732//1114 2733//1114 2661//1114
f 2661//1115 2733//1115 2662//1115
f 2733//1116 2734//1116 2662//1116
f 2662//1117 2734//1117 2663//1117
f 2734//1118 2735//1118 2663//1118
f 2663//1119 2735//1119 2664//1119
f 2735//1120 2736//1120 2664//1120
f 2664//3564 2736//3564 2665//3564
f 2736//3565 2737//3565 2665//3565
f 2665//3566 2737//3566 2666//3566
f 2737//1124 2738//1124 2666//1124
f 2666//1125 2738//1125 2667//1125
f 2738//1126 2739//1126 2667//1126
f 2667//3567 2739//3567 2668//3567
f 2739//3568 2740//3568 2668//3568
f 2668//3569 2740//3569 2669//3569
f 2740//3570 2741//3570 2669//3570
f 2669//1131 2741//1131 2670//1131
f 2741//1132 2742//1132 2670//1132
f 2670//1133 2742//1133 2671//1133
f 2742//1134 2743//1134 2671//1134
f 2671//1135 2743//1135 2672//1135
f 2743//1136 2744//1136 2672//1136
f 2672//1137 2744//1137 2673//1137
f 2744//1138 2745//1138 2673//1138
f 2673//1139 2745//1139 2674//1139
f 2745//1140 2746//1140 2674//1140
f 2674//1141 2746//1141 2675//1141
f 2746//1142 2747//1142 2675//1142
f 2675//3571 2747//3571 2676//3571
f 2747//3572 2748//3572 2676//3572
f 2676//3573 2748//3573 2677//3573
f 2748//3574 2749//3574 2677//3574
f 2677//1147 2749//1147 2678//1147
f 2749//3575 2750//3575 2678//3575
f 2678//3576 2750//3576 2679//3576
f 2750//1150 2751//1150 2679//1150
f 2679//1151 2751//1151 2680//1151
f 2751//1152 2752//1152 2680//1152
f 2680//1153 2752//1153 2681//1153
f 2752//1154 2753//1154 2681//1154
f 2681//1155 2753//1155 2682//1155
f 2753//1156 2754//1156 2682//1156
f 2682//1157 2754//1157 2683//1157
f 2754//1158 2755//1158 2683//1158
f 2683//1159 2755//1159 2684//1159
f 2755//1160 2756//1160 2684//1160
f 2684//1161 2756//1161 2685//1161
f 2756//1162 2757//1162 2685//1162
f 2685//3577 2757//3577 2686//3577
f 2757//3578 2758//3578 2686//3578
f 2686//3579 2758//3579 2687//3579
f 2758//3580 2759//3580 2687//3580
f 2687//1167 2759//1167 2688//1167
f 2759//1168 2760//1168 2688//1168
f 2688//3581 2760//3581 2689//3581
f 2760//3582 2761//3582 2689//3582
f 2689//3583 2761//3583 2690//3583
f 2761//1172 2762//1172 2690//1172
f 2690//1173 2762//1173 2691//1173
f 2762//1174 2763//1174 2691//1174
f 2691//1175 2763//1175 2692//1175
f 2763//1176 2764//1176 2692//1176
f 2692//1177 2764//1177 2693//1177
f 2764//1178 2765//1178 2693//1178
f 2693//1179 2765//1179 2694//1179
f 2765//1180 2766//1180 2694//1180
f 2694//1181 2766//1181 2695//1181
f 2766//1182 2767//1182 2695//1182
f 2695//1183 2767//1183 2624//1183
f 2767//1184 2696//1184 2624//1184
f 2696//1185 2768//1185 2697//1185
f 2768//1186 2769//1186 2697//1186
f 2697//1187 2769//1187 2698//1187
f 2769//3584 2770//3584 2698//3584
f 2698//3585 2770//3585 2699//3585
f 2770//3586 2771//3586 2699//3586
f 2699//1191 2771//1191 2700//1191
f 2771//1192 2772//1192 2700//1192
f 2700//1193 2772//1193 2701//1193
f 2772//1194 2773//1194 2701//1194
f 2701//1195 2773//1195 2702//1195
f 2773//1196 2774//1196 2702//1196
f 2702//1197 2774//1197 2703//1197
f 2774//1198 2775//1198 2703//1198
f 2703//3587 2775//3587 2704//3587
f 2775//3588 2776//3588 2704//3588
f 2704//3589 2776//3589 2705//3589
f 2776//1202 2777//1202 2705//1202
f 2705//1203 2777//1203 2706//1203
f 2777//1204 2778//1204 2706//1204
f 2706//1205 2778//1205 2707//1205
f 2778//1206 2779//1206 2707//1206
f 2707//1207 2779//1207 2708//1207
f 2779//1208 2780//1208 2708//1208
f 2708//1209 2780//1209 2709//1209
f 2780//1210 2781//1210 2709//1210
f 2709//1211 2781//1211 2710//1211
f 2781//1212 2782//1212 2710//1212
f 2710//1213 2782//1213 2711//1213
f 2782//1214 2783//1214 2711//1214
f 2711//1215 2783//1215 2712//1215
f 2783//1216 2784//1216 2712//1216
f 2712//3590 2784//3590 2713//3590
f 2784//3591 2785//3591 2713//3591
f 2713//3592 2785//3592 2714//3592
f 2785//3593 2786//3593 2714//3593
f 2714//1221 2786//1221 2715//1221
f 2786//1222 2787//1222 2715//1222
f 2715//1223 2787//1223 2716//1223
f 2787//1224 2788//1224 2716//1224
f 2716//1225 2788//1225 2717//1225
f 2788//1226 2789//1226 2717//1226
f 2717//1227 2789//1227 2718//1227
f 2789//1228 2790//1228 2718//1228
f 2718//1229 2790//1229 2719//1229
f 2790//1230 2791//1230 2719//1230
f 2719//1231 2791//1231 2720//1231
f 2791//1232 2792//1232 2720//1232
f 2720//1233 2792//1233 2721//1233
f 2792//1234 2793//1234 2721//1234
f 2721//3594 2793//3594 2722//3594
f 2793//3595 2794//3595 2722//3595
f 2722//3596 2794//3596 2723//3596
f 2794//1238 2795//1238 2723//1238
f 2723//1239 2795//1239 2724//1239
f 2795//1240 2796//1240 2724//1240
f 2724//1241 2796//1241 2725//1241
f 2796//1242 2797//1242 2725//1242
f 2725//1243 2797//1243 2726//1243
f 2797//1244 2798//1244 2726//1244
f 2726//1245 2798//1245 2727//1245
f 2798//1246 2799//1246 2727//1246
f 2727//1247 2799//1247 2728//1247
f 2799//3597 2800//3597 2728//3597
f 2728//3598 2800//3598 2729//3598
f 2800//3599 2801//3599 2729//3599
f 2729//1251 2801//1251 2730//1251
f 2801//1252 2802//1252 2730//1252
f 2730//1253 2802//1253 2731//1253
f 2802//1254 2803//1254 2731//1254
f 2731//1255 2803//1255 2732//1255
f 2803//1256 2804//1256 2732//1256
f 2732//1257 2804//1257 2733//1257
f 2804//1258 2805//1258 2733//1258
f 2733//1259 2805//1259 2734//1259
f 2805//3600 2806//3600 2734//3600
f 2734//3601 2806//3601 2735//3601
f 2806//3602 2807//3602 2735//3602
f 2735//1263 2807//1263 2736//1263
f 2807//1264 2808//1264 2736//1264
f 2736//1265 2808//1265 2737//1265
f 2808//1266 2809//1266 2737//1266
f 2737//1267 2809//1267 2738//1267
f 2809//1268 2810//1268 2738//1268
f 2738//1269 2810//1269 2739//1269
f 2810//1270 2811//1270 2739//1270
f 2739//3603 2811//3603 2740//3603
f 2811//3604 2812//3604 2740//3604
f 2740//3605 2812//3605 2741//3605
f 2812//1274 2813//1274 2741//1274
f 2741//1275 2813//1275 2742//1275
f 2813//1276 2814//1276 2742//1276
f 2742//1277 2814//1277 2743//1277
f 2814//1278 2815//1278 2743//1278
f 2743//1279 2815//1279 2744//1279
f 2815//1280 2816//1280 2744//1280
f 2744//1281 2816//1281 2745//1281
f 2816//1282 2817//1282 2745//1282
f 2745//1283 2817//1283 2746//1283
f 2817//1284 2818//1284 2746//1284
f 2746//1285 2818//1285 2747//1285
f 2818//1286 2819//1286 2747//1286
f 2747//1287 2819//1287 2748//1287
f 2819//1288 2820//1288 2748//1288
f 2748//3606 2820//3606 2749//3606
f 2820//3607 2821//3607 2749//3607
f 2749//3608 2821//3608 2750//3608
f 2821//3609 2822//3609 2750//3609
f 2750//1293 2822//1293 2751//1293
f 2822//1294 2823//1294 2751//1294
f 2751//1295 2823//1295 2752//1295
f 2823//1296 2824//1296 2752//1296
f 2752//1297 2824//1297 2753//1297
f 2824//1298 2825//1298 2753//1298
f 2753//1299 2825//1299 2754//1299
f 2825//1300 2826//1300 2754//1300
f 2754//1301 2826//1301 2755//1301
f 2826//1302 2827//1302 2755//1302
f 2755//1303 2827//1303 2756//1303
f 2827//1304 2828//1304 2756//1304
f 2756//1305 2828//1305 2757//1305
f 2828//1306 2829//1306 2757//1306
f 2757//3610 2829//3610 2758//3610
f 2829//3611 2830//3611 2758//3611
f 2758//3612 2830//3612 2759//3612
f 2830//1310 2831//1310 2759//1310
f 2759//1311 2831//1311 2760//1311
f 2831//1312 2832//1312 2760//1312
f 2760//1313 2832//1313 2761//1313
f 2832//1314 2833//1314 2761//1314
f 2761//1315 2833//1315 2762//1315
f 2833//1316 2834//1316 2762//1316
f 2762//1317 2834//1317 2763//1317
f 2834//1318 2835//1318 2763//1318
f 2763//1319 2835//1319 2764//1319
f 2835//3613 2836//3613 2764//3613
f 2764//3614 2836//3614 2765//3614
f 2836//3615 2837//3615 2765//3615
f 2765//1323 2837//1323 2766//1323
f 2837//1324 2838//1324 2766//1324
f 2766//1325 2838//1325 2767//1325
f 2838//1326 2839//1326 2767//1326
f 2767//1327 2839//1327 2696//1327
f 2839//1328 2768//1328 2696//1328
f 2768//1329 2840//1329 2769//1329
f 2840//3616 2841//3616 2769//3616
f 2769//3617 2841//3617 2770//3617
f 2841//3618 2842//3618 2770//3618
f 2770//3619 2842//3619 2771//3619
f 2842//1334 2843//1334 2771//1334
f 2771//1335 2843//1335 2772//1335
f 2843//1336 2844//1336 2772//1336
f 2772//1337 2844//1337 2773//1337
f 2844//3620 2845//3620 2773//3620
f 2773//3621 2845//3621 2774//3621
f 2845//3622 2846//3622 2774//3622
f 2774//1341 2846//1341 2775//1341
f 2846//3623 2847//3623 2775//3623
f 2775//3624 2847//3624 2776//3624
f 2847//3625 2848//3625 2776//3625
f 2776//1345 2848//1345 2777//1345
f 2848//1346 2849//1346 2777//1346
f 2777//1347 2849//1347 2778//1347
f 2849//1348 2850//1348 2778//1348
f 2778//1349 2850//1349 2779//1349
f 2850//1350 2851//1350 2779//1350
f 2779//1351 2851//1351 2780//1351
f 2851//3626 2852//3626 2780//3626
f 2780//3627 2852//3627 2781//3627
f 2852//3628 2853//3628 2781//3628
f 2781//1355 2853//1355 2782//1355
f 2853//1356 2854//1356 2782//1356
f 2782//1357 2854//1357 2783//1357
f 2854//1358 2855//1358 2783//1358
f 2783//1359 2855//1359 2784//1359
f 2855//3629 2856//3629 2784//3629
f 2784//3630 2856//3630 2785//3630
f 2856//1362 2857//1362 2785//1362
f 2785//3631 2857//3631 2786//3631
f 2857//3632 2858//3632 2786//3632
f 2786//3633 2858//3633 2787//3633
f 2858//3634 2859//3634 2787//3634
f 2787//1367 2859//1367 2788//1367
f 2859//1368 2860//1368 2788//1368
f 2788//1369 2860//1369 2789//1369
f 2860//1370 2861//1370 2789//1370
f 2789//1371 2861//1371 2790//1371
f 2861//3635 2862//3635 2790//3635
f 2790//3636 2862//3636 2791//3636
f 2862//3637 2863//3637 2791//3637
f 2791//1375 2863//1375 2792//1375
f 2863//1376 2864//1376 2792//1376
f 2792//1377 2864//1377 2793//1377
f 2864//1378 2865//1378 2793//1378
f 2793//1379 2865//1379 2794//1379
f 2865//1380 2866//1380 2794//1380
f 2794//1381 2866//1381 2795//1381
f 2866//3638 2867//3638 2795//3638
f 2795//3639 2867//3639 2796//3639
f 2867//3640 2868//3640 2796//3640
f 2796//1385 2868//1385 2797//1385
f 2868//3641 2869//3641 2797//3641
f 2797//3642 2869//3642 2798//3642
f 2869//3643 2870//3643 2798//3643
f 2798//1389 2870//1389 2799//1389
f 2870//1390 2871//1390 2799//1390
f 2799//3644 2871//3644 2800//3644
f 2871//3645 2872//3645 2800//3645
f 2800//3646 2872//3646 2801//3646
f 2872//3647 2873//3647 2801//3647
f 2801//3648 2873//3648 2802//3648
f 2873//3649 2874//3649 2802//3649
f 2802//1397 2874//1397 2803//1397
f 2874//1398 2875//1398 2803//1398
f 2803//1399 2875//1399 2804//1399
f 2875//1400 2876//1400 2804//1400
f 2804//1401 2876//1401 2805//1401
f 2876//3650 2877//3650 2805//3650
f 2805//3651 2877//3651 2806//3651
f 2877//3652 2878//3652 2806//3652
f 2806//3653 2878//3653 2807//3653
f 2878//1406 2879//1406 2807//1406
f 2807//1407 2879//1407 2808//1407
f 2879//1408 2880//1408 2808//1408
f 2808//1409 2880//1409 2809//1409
f 2880//3654 2881//3654 2809//3654
f 2809//3655 2881//3655 2810//3655
f 2881//3656 2882//3656 2810//3656
f 2810//1413 2882//1413 2811//1413
f 2882//3657 2883//3657 2811//3657
f 2811//3658 2883//3658 2812//3658
f 2883//3659 2884//3659 2812//3659
f 2812//1417 2884//1417 2813//1417
f 2884//1418 2885//1418 2813//1418
f 2813//1419 2885//1419 2814//1419
f 2885//1420 2886//1420 2814//1420
f 2814//1421 2886//1421 2815//1421
f 2886//1422 2887//1422 2815//1422
f 2815//1423 2887//1423 2816//1423
f 2887//3660 2888//3660 2816//3660
f 2816//3661 2888//3661 2817//3661
f 2888//3662 2889//3662 2817//3662
f 2817//1427 2889//1427 2818//1427
f 2889//1428 2890//1428 2818//1428
f 2818//1429 2890//1429 2819//1429
f 2890//1430 2891//1430 2819//1430
f 2819//1431 2891//1431 2820//1431
f 2891//3663 2892//3663 2820//3663
f 2820//3664 2892//3664 2821//3664
f 2892//1434 2893//1434 2821//1434
f 2821//3665 2893//3665 2822//3665
f 2893//3666 2894//3666 2822//3666
f 2822//3667 2894//3667 2823//3667
f 2894//3668 2895//3668 2823//3668
f 2823//1439 2895//1439 2824//1439
f 2895//1440 2896//1440 2824//1440
f 2824//1441 2896//1441 2825//1441
f 2896//1442 2897//1442 2825//1442
f 2825//1443 2897//1443 2826//1443
f 2897//3669 2898//3669 2826//3669
f 2826//3670 2898//3670 2827//3670
f 2898//3671 2899//3671 2827//3671
f 2827//1447 2899//1447 2828//1447
f 2899//1448 2900//1448 2828//1448
f 2828//1449 2900//1449 2829//1449
f 2900//1450 2901//1450 2829//1450
f 2829//1451 2901//1451 2830//1451
f 2901//1452 2902//1452 2830//1452
f 2830//1453 2902//1453 2831//1453
f 2902//3672 2903//3672 2831//3672
f 2831//3673 2903//3673 2832//3673
f 2903//3674 2904//3674 2832//3674
f 2832//1457 2904//1457 2833//1457
f 2904//3675 2905//3675 2833//3675
f 2833//3676 2905//3676 2834//3676
f 2905//3677 2906//3677 2834//3677
f 2834//1461 2906//1461 2835//1461
f 2906//1462 2907//1462 2835//1462
f 2835//3678 2907//3678 2836//3678
f 2907//3679 2908//3679 2836//3679
f 2836//3680 2908//3680 2837//3680
f 2908//3681 2909//3681 2837//3681
f 2837//3682 2909//3682 2838//3682
f 2909//3683 2910//3683 2838//3683
f 2838//1469 2910//1469 2839//1469
f 2910//1470 2911//1470 2839//1470
f 2839//1471 2911//1471 2768//1471
f 2911//1472 2840//1472 2768//1472
f 2840//3684 2912//3684 2841//3684
f 2912//3685 2913//3685 2841//3685
f 2841//3686 2913//3686 2842//3686
f 2913//3687 2914//3687 2842//3687
f 2842//3688 2914//3688 2843//3688
f 2914//3689 2915//3689 2843//3689
f 2843//1479 2915//1479 2844//1479
f 2915//1480 2916//1480 2844//1480
f 2844//3690 2916//3690 2845//3690
f 2916//3691 2917//3691 2845//3691
f 2845//3692 2917//3692 2846//3692
f 2917//1484 2918//1484 2846//1484
f 2846//3693 2918//3693 2847//3693
f 2918//3694 2919//3694 2847//3694
f 2847//3695 2919//3695 2848//3695
f 2919//3696 2920//3696 2848//3696
f 2848//3697 2920//3697 2849//3697
f 2920//3698 2921//3698 2849//3698
f 2849//1491 2921//1491 2850//1491
f 2921//1492 2922//1492 2850//1492
f 2850//1493 2922//1493 2851//1493
f 2922//1494 2923//1494 2851//1494
f 2851//3699 2923//3699 2852//3699
f 2923//3700 2924//3700 2852//3700
f 2852//3701 2924//3701 2853//3701
f 2924//3702 2925//3702 2853//3702
f 2853//1499 2925//1499 2854//1499
f 2925//3703 2926//3703 2854//3703
f 2854//3704 2926//3704 2855//3704
f 2926//3705 2927//3705 2855//3705
f 2855//3706 2927//3706 2856//3706
f 2927//3707 2928//3707 2856//3707
f 2856//1505 2928//1505 2857//1505
f 2928//1506 2929//1506 2857//1506
f 2857//1507 2929//1507 2858//1507
f 2929//1508 2930//1508 2858//1508
f 2858//3708 2930//3708 2859//3708
f 2930//3709 2931//3709 2859//3709
f 2859//1511 2931//1511 2860//1511
f 2931//3710 2932//3710 2860//3710
f 2860//3711 2932//3711 2861//3711
f 2932//3712 2933//3712 2861//3712
f 2861//3713 2933//3713 2862//3713
f 2933//3714 2934//3714 2862//3714
f 2862//3715 2934//3715 2863//3715
f 2934//3716 2935//3716 2863//3716
f 2863//1519 2935//1519 2864//1519
f 2935//1520 2936//1520 2864//1520
f 2864//1521 2936//1521 2865//1521
f 2936//1522 2937//1522 2865//1522
f 2865//1523 2937//1523 2866//1523
f 2937//3717 2938//3717 2866//3717
f 2866//3718 2938//3718 2867//3718
f 2938//3719 2939//3719 2867//3719
f 2867//3720 2939//3720 2868//3720
f 2939//1528 2940//1528 2868//1528
f 2868//3721 2940//3721 2869//3721
f 2940//3722 2941//3722 2869//3722
f 2869//3723 2941//3723 2870//3723
f 2941//1532 2942//1532 2870//1532
f 2870//1533 2942//1533 2871//1533
f 2942//1534 2943//1534 2871//1534
f 2871//1535 2943//1535 2872//1535
f 2943//3724 2944//3724 2872//3724
f 2872//3725 2944//3725 2873//3725
f 2944//3726 2945//3726 2873//3726
f 2873//3727 2945//3727 2874//3727
f 2945//1540 2946//1540 2874//1540
f 2874//1541 2946//1541 2875//1541
f 2946//1542 2947//1542 2875//1542
f 2875//1543 2947//1543 2876//1543
f 2947//1544 2948//1544 2876//1544
f 2876//3728 2948//3728 2877//3728
f 2948//3729 2949//3729 2877//3729
f 2877//3730 2949//3730 2878//3730
f 2949//3731 2950//3731 2878//3731
f 2878//3732 2950//3732 2879//3732
f 2950//3733 2951//3733 2879//3733
f 2879//1551 2951//1551 2880//1551
f 2951//1552 2952//1552 2880//1552
f 2880//3734 2952//3734 2881//3734
f 2952//3735 2953//3735 2881//3735
f 2881//3736 2953//3736 2882//3736
f 2953//1556 2954//1556 2882//1556
f 2882//3737 2954//3737 2883//3737
f 2954//3738 2955//3738 2883//3738
f 2883//3739 2955//3739 2884//3739
f 2955//3740 2956//3740 2884//3740
f 2884//3741 2956//3741 2885//3741
f 2956//3742 2957//3742 2885//3742
f 2885//1563 2957//1563 2886//1563
f 2957//1564 2958//1564 2886//1564
f 2886//1565 2958//1565 2887//1565
f 2958//1566 2959//1566 2887//1566
f 2887//3743 2959//3743 2888//3743
f 2959//3744 2960//3744 2888//3744
f 2888//3745 2960//3745 2889//3745
f 2960//3746 2961//3746 2889//3746
f 2889//1571 2961//1571 2890//1571
f 2961//3747 2962//3747 2890//3747
f 2890//3748 2962//3748 2891//3748
f 2962//3749 2963//3749 2891//3749
f 2891//3750 2963//3750 2892//3750
f 2963//3751 2964//3751 2892//3751
f 2892//1577 2964//1577 2893//1577
f 2964//1578 2965//1578 2893//1578
f 2893//1579 2965//1579 2894//1579
f 2965//1580 2966//1580 2894//1580
f 2894//3752 2966//3752 2895//3752
f 2966//3753 2967//3753 2895//3753
f 2895//1583 2967//1583 2896//1583
f 2967//3754 2968//3754 2896//3754
f 2896//3755 2968//3755 2897//3755
f 2968//3756 2969//3756 2897//3756
f 2897//3757 2969//3757 2898//3757
f 2969//3758 2970//3758 2898//3758
f 2898//3759 2970//3759 2899//3759
f 2970//3760 2971//3760 2899//3760
f 2899//1591 2971//1591 2900//1591
f 2971//1592 2972//1592 2900//1592
f 2900//1593 2972//1593 2901//1593
f 2972//1594 2973//1594 2901//1594
f 2901//1595 2973//1595 2902//1595
f 2973//3761 2974//3761 2902//3761
f 2902//3762 2974//3762 2903//3762
f 2974//3763 2975//3763 2903//3763
f 2903//3764 2975//3764 2904//3764
f 2975//1600 2976//1600 2904//1600
f 2904//3765 2976//3765 2905//3765
f 2976//3766 2977//3766 2905//3766
f 2905//3767 2977//3767 2906//3767
f 2977//1604 2978//1604 2906//1604
f 2906//1605 2978//1605 2907//1605
f 2978//1606 2979//1606 2907//1606
f 2907//1607 2979//1607 2908//1607
f 2979//3768 2980//3768 2908//3768
f 2908//3769 2980//3769 2909//3769
f 2980//3770 2981//3770 2909//3770
f 2909//3771 2981//3771 2910//3771
f 2981//1612 2982//1612 2910//1612
f 2910//1613 2982//1613 2911//1613
f 2982//1614 2983//1614 2911//1614
f 2911//1615 2983//1615 2840//1615
f 2983//1616 2912//1616 2840//1616
f 2912//1617 2984//1617 2913//1617
f 2984//1618 2985//1618 2913//1618
f 2913//3772 2985//3772 2914//3772
f 2985//3773 2986//3773 2914//3773
f 2914//3774 2986//3774 2915//3774
f 2986//3775 2987//3775 2915//3775
f 2915//1623 2987//1623 2916//1623
f 2987//1624 2988//1624 2916//1624
f 2916//1625 2988//1625 2917//1625
f 2988//1626 2989//1626 2917//1626
f 2917//1627 2989//1627 2918//1627
f 2989//1628 2990//1628 2918//1628
f 2918//1629 2990//1629 2919//1629
f 2990//3776 2991//3776 2919//3776
f 2919//3777 2991//3777 2920//3777
f 2991//3778 2992//3778 2920//3778
f 2920//3779 2992//3779 2921//3779
f 2992//1634 2993//1634 2921//1634
f 2921//1635 2993//1635 2922//1635
f 2993//1636 2994//1636 2922//1636
f 2922//1637 2994//1637 2923//1637
f 2994//1638 2995//1638 2923//1638
f 2923//3780 2995//3780 2924//3780
f 2995//3781 2996//3781 2924//3781
f 2924//3782 2996//3782 2925//3782
f 2996//1642 2997//1642 2925//1642
f 2925//3783 2997//3783 2926//3783
f 2997//3784 2998//3784 2926//3784
f 2926//3785 2998//3785 2927//3785
f 2998//3786 2999//3786 2927//3786
f 2927//3787 2999//3787 2928//3787
f 2999//3788 3000//3788 2928//3788
f 2928//3789 3000//3789 2929//3789
f 3000//3790 3001//3790 2929//3790
f 2929//1651 3001//1651 2930//1651
f 3001//3791 3002//3791 2930//3791
f 2930//3792 3002//3792 2931//3792
f 3002//1654 3003//1654 2931//1654
f 2931//3793 3003//3793 2932//3793
f 3003//3794 3004//3794 2932//3794
f 2932//3795 3004//3795 2933//3795
f 3004//3796 3005//3796 2933//3796
f 2933//3797 3005//3797 2934//3797
f 3005//3798 3006//3798 2934//3798
f 2934//3799 3006//3799 2935//3799
f 3006//1662 3007//1662 2935//1662
f 2935//1663 3007//1663 2936//1663
f 3007//1664 3008//1664 2936//1664
f 2936//1665 3008//1665 2937//1665
f 3008//1666 3009//1666 2937//1666
f 2937//3800 3009//3800 2938//3800
f 3009//3801 3010//3801 2938//3801
f 2938//3802 3010//3802 2939//3802
f 3010//3803 3011//3803 2939//3803
f 2939//3804 3011//3804 2940//3804
f 3011//3805 3012//3805 2940//3805
f 2940//1673 3012//1673 2941//1673
f 3012//1674 3013//1674 2941//1674
f 2941//1675 3013//1675 2942//1675
f 3013//1676 3014//1676 2942//1676
f 2942//1677 3014//1677 2943//1677
f 3014//1678 3015//1678 2943//1678
f 2943//3806 3015//3806 2944//3806
f 3015//3807 3016//3807 2944//3807
f 2944//3808 3016//3808 2945//3808
f 3016//3809 3017//3809 2945//3809
f 2945//1683 3017//1683 2946//1683
f 3017//1684 3018//1684 2946//1684
f 2946//1685 3018//1685 2947//1685
f 3018//1686 3019//1686 2947//1686
f 2947//1687 3019//1687 2948//1687
f 3019//1688 3020//1688 2948//1688
f 2948//1689 3020//1689 2949//1689
f 3020//1690 3021//1690 2949//1690
f 2949//3810 3021//3810 2950//3810
f 3021//3811 3022//3811 2950//3811
f 2950//3812 3022//3812 2951//3812
f 3022//3813 3023//3813 2951//3813
f 2951//1695 3023//1695 2952//1695
f 3023//1696 3024//1696 2952//1696
f 2952//1697 3024//1697 2953//1697
f 3024//1698 3025//1698 2953//1698
f 2953//1699 3025//1699 2954//1699
f 3025//1700 3026//1700 2954//1700
f 2954//1701 3026//1701 2955//1701
f 3026//3814 3027//3814 2955//3814
f 2955//3815 3027//3815 2956//3815
f 3027//3816 3028//3816 2956//3816
f 2956//3817 3028//3817 2957//3817
f 3028//1706 3029//1706 2957//1706
f 2957//1707 3029//1707 2958//1707
f 3029//1708 3030//1708 2958//1708
f 2958//1709 3030//1709 2959//1709
f 3030//1710 3031//1710 2959//1710
f 2959//3818 3031//3818 2960//3818
f 3031//3819 3032//3819 2960//3819
f 2960//3820 3032//3820 2961//3820
f 3032//1714 3033//1714 2961//1714
f 2961//3821 3033//3821 2962//3821
f 3033//3822 3034//3822 2962//3822
f 2962//3823 3034//3823 2963//3823
f 3034//3824 3035//3824 2963//3824
f 2963//3825 3035//3825 2964//3825
f 3035//3826 3036//3826 2964//3826
f 2964//3827 3036//3827 2965//3827
f 3036//3828 3037//3828 2965//3828
f 2965//1723 3037//1723 2966//1723
f 3037//3829 3038//3829 2966//3829
f 2966//3830 3038//3830 2967//3830
f 3038//1726 3039//1726 2967//1726
f 2967//3831 3039//3831 2968//3831
f 3039//3832 3040//3832 2968//3832
f 2968//3833 3040//3833 2969//3833
f 3040//3834 3041//3834 2969//3834
f 2969//3835 3041//3835 2970//3835
f 3041//3836 3042//3836 2970//3836
f 2970//3837 3042//3837 2971//3837
f 3042//1734 3043//1734 2971//1734
f 2971//1735 3043//1735 2972//1735
f 3043//1736 3044//1736 2972//1736
f 2972//1737 3044//1737 2973//1737
f 3044//1738 3045//1738 2973//1738
f 2973//3838 3045//3838 2974//3838
f 3045//3839 3046//3839 2974//3839
f 2974//3840 3046//3840 2975//3840
f 3046//3841 3047//3841 2975//3841
f 2975//3842 3047//3842 2976//3842
f 3047//3843 3048//3843 2976//3843
f 2976//1745 3048//1745 2977//1745
f 3048//1746 3049//1746 2977//1746
f 2977//1747 3049//1747 2978//1747
f 3049//1748 3050//1748 2978//1748
f 2978//1749 3050//1749 2979//1749
f 3050//1750 3051//1750 2979//1750
f 2979//3844 3051//3844 2980//3844
f 3051//3845 3052//3845 2980//3845
f 2980//3846 3052//3846 2981//3846
f 3052//3847 3053//3847 2981//3847
f 2981//1755 3053//1755 2982//1755
f 3053//1756 3054//1756 2982//1756
f 2982//1757 3054//1757 2983//1757
f 3054//1758 3055//1758 2983//1758
f 2983//1759 3055//1759 2912//1759
f 3055//1760 2984//1760 2912//1760
f 2984//3848 3056//3848 2985//3848
f 3056//3849 3057//3849 2985//3849
f 2985//3850 3057//3850 2986//3850
f 3057//3851 3058//3851 2986//3851
f 2986//3852 3058//3852 2987//3852
f 3058//1766 3059//1766 2987//1766
f 2987//1767 3059//1767 2988//1767
f 3059//1768 3060//1768 2988//1768
f 2988//1769 3060//1769 2989//1769
f 3060//1770 3061//1770 2989//1770
f 2989//1771 3061//1771 2990//1771
f 3061//1772 3062//1772 2990//1772
f 2990//3853 3062//3853 2991//3853
f 3062//3854 3063//3854 2991//3854
f 2991//3855 3063//3855 2992//3855
f 3063//1776 3064//1776 2992//1776
f 2992//1777 3064//1777 2993//1777
f 3064//1778 3065//1778 2993//1778
f 2993//1779 3065//1779 2994//1779
f 3065//1780 3066//1780 2994//1780
f 2994//1781 3066//1781 2995//1781
f 3066//1782 3067//1782 2995//1782
f 2995//1783 3067//1783 2996//1783
f 3067//1784 3068//1784 2996//1784
f 2996//1785 3068//1785 2997//1785
f 3068//1786 3069//1786 2997//1786
f 2997//3856 3069//3856 2998//3856
f 3069//3857 3070//3857 2998//3857
f 2998//3858 3070//3858 2999//3858
f 3070//1790 3071//1790 2999//1790
f 2999//1791 3071//1791 3000//1791
f 3071//1792 3072//1792 3000//1792
f 3000//3859 3072//3859 3001//3859
f 3072//3860 3073//3860 3001//3860
f 3001//3861 3073//3861 3002//3861
f 3073//3862 3074//3862 3002//3862
f 3002//1797 3074//1797 3003//1797
f 3074//1798 3075//1798 3003//1798
f 3003//3863 3075//3863 3004//3863
f 3075//3864 3076//3864 3004//3864
f 3004//3865 3076//3865 3005//3865
f 3076//1802 3077//1802 3005//1802
f 3005//1803 3077//1803 3006//1803
f 3077//1804 3078//1804 3006//1804
f 3006//1805 3078//1805 3007//1805
f 3078//1806 3079//1806 3007//1806
f 3007//1807 3079//1807 3008//1807
f 3079//1808 3080//1808 3008//1808
f 3008//1809 3080//1809 3009//1809
f 3080//1810 3081//1810 3009//1810
f 3009//1811 3081//1811 3010//1811
f 3081//1812 3082//1812 3010//1812
f 3010//3866 3082//3866 3011//3866
f 3082//3867 3083//3867 3011//3867
f 3011//3868 3083//3868 3012//3868
f 3083//1816 3084//1816 3012//1816
f 3012//1817 3084//1817 3013//1817
f 3084//1818 3085//1818 3013//1818
f 3013//1819 3085//1819 3014//1819
f 3085//1820 3086//1820 3014//1820
f 3014//1821 3086//1821 3015//1821
f 3086//1822 3087//1822 3015//1822
f 3015//3869 3087//3869 3016//3869
f 3087//3870 3088//3870 3016//3870
f 3016//3871 3088//3871 3017//3871
f 3088//3872 3089//3872 3017//3872
f 3017//3873 3089//3873 3018//3873
f 3089//3874 3090//3874 3018//3874
f 3018//3875 3090//3875 3019//3875
f 3090//3876 3091//3876 3019//3876
f 3019//1831 3091//1831 3020//1831
f 3091//3877 3092//3877 3020//3877
f 3020//3878 3092//3878 3021//3878
f 3092//3879 3093//3879 3021//3879
f 3021//3880 3093//3880 3022//3880
f 3093//3881 3094//3881 3022//3881
f 3022//3882 3094//3882 3023//3882
f 3094//1838 3095//1838 3023//1838
f 3023//1839 3095//1839 3024//1839
f 3095//1840 3096//1840 3024//1840
f 3024//1841 3096//1841 3025//1841
f 3096//1842 3097//1842 3025//1842
f 3025//1843 3097//1843 3026//1843
f 3097//1844 3098//1844 3026//1844
f 3026//3883 3098//3883 3027//3883
f 3098//3884 3099//3884 3027//3884
f 3027//3885 3099//3885 3028//3885
f 3099//1848 3100//1848 3028//1848
f 3028//1849 3100//1849 3029//1849
f 3100//1850 3101//1850 3029//1850
f 3029//1851 3101//1851 3030//1851
f 3101//1852 3102//1852 3030//1852
f 3030//1853 3102//1853 3031//1853
f 3102//1854 3103//1854 3031//1854
f 3031//1855 3103//1855 3032//1855
f 3103//1856 3104//1856 3032//1856
f 3032//1857 3104//1857 3033//1857
f 3104//1858 3105//1858 3033//1858
f 3033//3886 3105//3886 3034//3886
f 3105//3887 3106//3887 3034//3887
f 3034//3888 3106//3888 3035//3888
f 3106//1862 3107//1862 3035//1862
f 3035//1863 3107//1863 3036//1863
f 3107//1864 3108//1864 3036//1864
f 3036//3889 3108//3889 3037//3889
f 3108//3890 3109//3890 3037//3890
f 3037//3891 3109//3891 3038//3891
f 3109//3892 3110//3892 3038//3892
f 3038//1869 3110//1869 3039//1869
f 3110//1870 3111//1870 3039//1870
f 3039//3893 3111//3893 3040//3893
f 3111//3894 3112//3894 3040//3894
f 3040//3895 3112//3895 3041//3895
f 3112//1874 3113//1874 3041//1874
f 3041//1875 3113//1875 3042//1875
f 3113//1876 3114//1876 3042//1876
f 3042//1877 3114//1877 3043//1877
f 3114//1878 3115//1878 3043//1878
f 3043//1879 3115//1879 3044//1879
f 3115//1880 3116//1880 3044//1880
f 3044//1881 3116//1881 3045//1881
f 3116//1882 3117//1882 3045//1882
f 3045//1883 3117//1883 3046//1883
f 3117//1884 3118//1884 3046//1884
f 3046//3896 3118//3896 3047//3896
f 3118//3897 3119//3897 3047//3897
f 3047//3898 3119//3898 3048//3898
f 3119//1888 3120//1888 3048//1888
f 3048//1889 3120//1889 3049//1889
f 3120//1890 3121//1890 3049//1890
f 3049//1891 3121//1891 3050//1891
f 3121//1892 3122//1892 3050//1892
f 3050//1893 3122//1893 3051//1893
f 3122//1894 3123//1894 3051//1894
f 3051//3899 3123//3899 3052//3899
f 3123//3900 3124//3900 3052//3900
f 3052//3901 3124//3901 3053//3901
f 3124//3902 3125//3902 3053//3902
f 3053//3903 3125//3903 3054//3903
f 3125//3904 3126//3904 3054//3904
f 3054//3905 3126//3905 3055//3905
f 3126//3906 3127//3906 3055//3906
f 3055//1903 3127//1903 2984//1903
f 3127//3907 3056//3907 2984//3907
f 3056//3908 3128//3908 3057//3908
f 3128//3909 3129//3909 3057//3909
f 3057//3910 3129//3910 3058//3910
f 3129//1908 3130//1908 3058//1908
f 3058//1909 3130//1909 3059//1909
f 3130//1910 3131//1910 3059//1910
f 3059//1911 3131//1911 3060//1911
f 3131//3911 3132//3911 3060//3911
f 3060//3912 3132//3912 3061//3912
f 3132//3913 3133//3913 3061//3913
f 3061//1915 3133//1915 3062//1915
f 3133//1916 3134//1916 3062//1916
f 3062//1917 3134//1917 3063//1917
f 3134//3914 3135//3914 3063//3914
f 3063//3915 3135//3915 3064//3915
f 3135//3916 3136//3916 3064//3916
f 3064//1921 3136//1921 3065//1921
f 3136//3917 3137//3917 3065//3917
f 3065//3918 3137//3918 3066//3918
f 3137//3919 3138//3919 3066//3919
f 3066//1925 3138//1925 3067//1925
f 3138//1926 3139//1926 3067//1926
f 3067//1927 3139//1927 3068//1927
f 3139//1928 3140//1928 3068//1928
f 3068//1929 3140//1929 3069//1929
f 3140//1930 3141//1930 3069//1930
f 3069//1931 3141//1931 3070//1931
f 3141//3920 3142//3920 3070//3920
f 3070//3921 3142//3921 3071//3921
f 3142//3922 3143//3922 3071//3922
f 3071//1935 3143//1935 3072//1935
f 3143//1936 3144//1936 3072//1936
f 3072//3923 3144//3923 3073//3923
f 3144//3924 3145//3924 3073//3924
f 3073//3925 3145//3925 3074//3925
f 3145//3926 3146//3926 3074//3926
f 3074//1941 3146//1941 3075//1941
f 3146//1942 3147//1942 3075//1942
f 3075//1943 3147//1943 3076//1943
f 3147//3927 3148//3927 3076//3927
f 3076//3928 3148//3928 3077//3928
f 3148//3929 3149//3929 3077//3929
f 3077//1947 3149//1947 3078//1947
f 3149//1948 3150//1948 3078//1948
f 3078//1949 3150//1949 3079//1949
f 3150//1950 3151//1950 3079//1950
f 3079//1951 3151//1951 3080//1951
f 3151//1952 3152//1952 3080//1952
f 3080//1953 3152//1953 3081//1953
f 3152//3930 3153//3930 3081//3930
f 3081//3931 3153//3931 3082//3931
f 3153//3932 3154//3932 3082//3932
f 3082//1957 3154//1957 3083//1957
f 3154//3933 3155//3933 3083//3933
f 3083//3934 3155//3934 3084//3934
f 3155//3935 3156//3935 3084//3935
f 3084//1961 3156//1961 3085//1961
f 3156//1962 3157//1962 3085//1962
f 3085//1963 3157//1963 3086//1963
f 3157//3936 3158//3936 3086//3936
f 3086//3937 3158//3937 3087//3937
f 3158//3938 3159//3938 3087//3938
f 3087//1967 3159//1967 3088//1967
f 3159//1968 3160//1968 3088//1968
f 3088//3939 3160//3939 3089//3939
f 3160//3940 3161//3940 3089//3940
f 3089//3941 3161//3941 3090//3941
f 3161//3942 3162//3942 3090//3942
f 3090//3943 3162//3943 3091//3943
f 3162//1974 3163//1974 3091//1974
f 3091//3944 3163//3944 3092//3944
f 3163//3945 3164//3945 3092//3945
f 3092//3946 3164//3946 3093//3946
f 3164//3947 3165//3947 3093//3947
f 3093//3948 3165//3948 3094//3948
f 3165//1980 3166//1980 3094//1980
f 3094//1981 3166//1981 3095//1981
f 3166//1982 3167//1982 3095//1982
f 3095//1983 3167//1983 3096//1983
f 3167//3949 3168//3949 3096//3949
f 3096//3950 3168//3950 3097//3950
f 3168//3951 3169//3951 3097//3951
f 3097//1987 3169//1987 3098//1987
f 3169//1988 3170//1988 3098//1988
f 3098//1989 3170//1989 3099//1989
f 3170//3952 3171//3952 3099//3952
f 3099//3953 3171//3953 3100//3953
f 3171//3954 3172//3954 3100//3954
f 3100//1993 3172//1993 3101//1993
f 3172//3955 3173//3955 3101//3955
f 3101//3956 3173//3956 3102//3956
f 3173//3957 3174//3957 3102//3957
f 3102//1997 3174//1997 3103//1997
f 3174//1998 3175//1998 3103//1998
f 3103//1999 3175//1999 3104//1999
f 3175//2000 3176//2000 3104//2000
f 3104//2001 3176//2001 3105//2001
f 3176//2002 3177//2002 3105//2002
f 3105//2003 3177//2003 3106//2003
f 3177//3958 3178//3958 3106//3958
f 3106//3959 3178//3959 3107//3959
f 3178//3960 3179//3960 3107//3960
f 3107//2007 3179//2007 3108//2007
f 3179//2008 3180//2008 3108//2008
f 3108//3961 3180//3961 3109//3961
f 3180//3962 3181//3962 3109//3962
f 3109//3963 3181//3963 3110//3963
f 3181//3964 3182//3964 3110//3964
f 3110//2013 3182//2013 3111//2013
f 3182//2014 3183//2014 3111//2014
f 3111//2015 3183//2015 3112//2015
f 3183//3965 3184//3965 3112//3965
f 3112//3966 3184//3966 3113//3966
f 3184//3967 3185//3967 3113//3967
f 3113//2019 3185//2019 3114//2019
f 3185//2020 3186//2020 3114//2020
f 3114//2021 3186//2021 3115//2021
f 3186//2022 3187//2022 3115//2022
f 3115//2023 3187//2023 3116//2023
f 3187//2024 3188//2024 3116//2024
f 3116//2025 3188//2025 3117//2025
f 3188//3968 3189//3968 3117//3968
f 3117//3969 3189//3969 3118//3969
f 3189//3970 3190//3970 3118//3970
f 3118//2029 3190//2029 3119//2029
f 3190//3971 3191//3971 3119//3971
f 3119//3972 3191//3972 3120//3972
f 3191//3973 3192//3973 3120//3973
f 3120//2033 3192//2033 3121//2033
f 3192//2034 3193//2034 3121//2034
f 3121//2035 3193//2035 3122//2035
f 3193//3974 3194//3974 3122//3974
f 3122//3975 3194//3975 3123//3975
f 3194//3976 3195//3976 3123//3976
f 3123//2039 3195//2039 3124//2039
f 3195//2040 3196//2040 3124//2040
f 3124//3977 3196//3977 3125//3977
f 3196//3978 3197//3978 3125//3978
f 3125//3979 3197//3979 3126//3979
f 3197//3980 3198//3980 3126//3980
f 3126//3981 3198//3981 3127//3981
f 3198//2046 3199//2046 3127//2046
f 3127//3982 3199//3982 3056//3982
f 3199//3983 3128//3983 3056//3983
f 3128//2049 3200//2049 3129//2049
f 3200//3984 3201//3984 3129//3984
f 3129//3985 3201//3985 3130//3985
f 3201//3986 3202//3986 3130//3986
f 3130//2053 3202//2053 3131//2053
f 3202//2054 3203//2054 3131//2054
f 3131//3987 3203//3987 3132//3987
f 3203//3988 3204//3988 3132//3988
f 3132//3989 3204//3989 3133//3989
f 3204//2058 3205//2058 3133//2058
f 3133//2059 3205//2059 3134//2059
f 3205//2060 3206//2060 3134//2060
f 3134//3990 3206//3990 3135//3990
f 3206//3991 3207//3991 3135//3991
f 3135//3992 3207//3992 3136//3992
f 3207//2064 3208//2064 3136//2064
f 3136//3993 3208//3993 3137//3993
f 3208//3994 3209//3994 3137//3994
f 3137//3995 3209//3995 3138//3995
f 3209//2068 3210//2068 3138//2068
f 3138//2069 3210//2069 3139//2069
f 3210//2070 3211//2070 3139//2070
f 3139//2071 3211//2071 3140//2071
f 3211//2072 3212//2072 3140//2072
f 3140//2073 3212//2073 3141//2073
f 3212//2074 3213//2074 3141//2074
f 3141//3996 3213//3996 3142//3996
f 3213//3997 3214//3997 3142//3997
f 3142//3998 3214//3998 3143//3998
f 3214//3999 3215//3999 3143//3999
f 3143//4000 3215//4000 3144//4000
f 3215//4001 3216//4001 3144//4001
f 3144//4002 3216//4002 3145//4002
f 3216//4003 3217//4003 3145//4003
f 3145//4004 3217//4004 3146//4004
f 3217//4005 3218//4005 3146//4005
f 3146//2085 3218//2085 3147//2085
f 3218//4006 3219//4006 3147//4006
f 3147//4007 3219//4007 3148//4007
f 3219//2088 3220//2088 3148//2088
f 3148//4008 3220//4008 3149//4008
f 3220//4009 3221//4009 3149//4009
f 3149//2091 3221//2091 3150//2091
f 3221//2092 3222//2092 3150//2092
f 3150//2093 3222//2093 3151//2093
f 3222//2094 3223//2094 3151//2094
f 3151//2095 3223//2095 3152//2095
f 3223//2096 3224//2096 3152//2096
f 3152//4010 3224//4010 3153//4010
f 3224//4011 3225//4011 3153//4011
f 3153//4012 3225//4012 3154//4012
f 3225//2100 3226//2100 3154//2100
f 3154//4013 3226//4013 3155//4013
f 3226//4014 3227//4014 3155//4014
f 3155//4015 3227//4015 3156//4015
f 3227//2104 3228//2104 3156//2104
f 3156//2105 3228//2105 3157//2105
f 3228//2106 3229//2106 3157//2106
f 3157//4016 3229//4016 3158//4016
f 3229//4017 3230//4017 3158//4017
f 3158//4018 3230//4018 3159//4018
f 3230//2110 3231//2110 3159//2110
f 3159//2111 3231//2111 3160//2111
f 3231//2112 3232//2112 3160//2112
f 3160//2113 3232//2113 3161//2113
f 3232//4019 3233//4019 3161//4019
f 3161//4020 3233//4020 3162//4020
f 3233//4021 3234//4021 3162//4021
f 3162//2117 3234//2117 3163//2117
f 3234//2118 3235//2118 3163//2118
f 3163//2119 3235//2119 3164//2119
f 3235//2120 3236//2120 3164//2120
f 3164//2121 3236//2121 3165//2121
f 3236//4022 3237//4022 3165//4022
f 3165//4023 3237//4023 3166//4023
f 3237//4024 3238//4024 3166//4024
f 3166//2125 3238//2125 3167//2125
f 3238//2126 3239//2126 3167//2126
f 3167//4025 3239//4025 3168//4025
f 3239//4026 3240//4026 3168//4026
f 3168//4027 3240//4027 3169//4027
f 3240//2130 3241//2130 3169//2130
f 3169//2131 3241//2131 3170//2131
f 3241//2132 3242//2132 3170//2132
f 3170//4028 3242//4028 3171//4028
f 3242//4029 3243//4029 3171//4029
f 3171//4030 3243//4030 3172//4030
f 3243//2136 3244//2136 3172//2136
f 3172//4031 3244//4031 3173//4031
f 3244//4032 3245//4032 3173//4032
f 3173//4033 3245//4033 3174//4033
f 3245//2140 3246//2140 3174//2140
f 3174//2141 3246//2141 3175//2141
f 3246//2142 3247//2142 3175//2142
f 3175//2143 3247//2143 3176//2143
f 3247//2144 3248//2144 3176//2144
f 3176//2145 3248//2145 3177//2145
f 3248//2146 3249//2146 3177//2146
f 3177//4034 3249//4034 3178//4034
f 3249//4035 3250//4035 3178//4035
f 3178//4036 3250//4036 3179//4036
f 3250//4037 3251//4037 3179//4037
f 3179//4038 3251//4038 3180//4038
f 3251//4039 3252//4039 3180//4039
f 3180//4040 3252//4040 3181//4040
f 3252//4041 3253//4041 3181//4041
f 3181//4042 3253//4042 3182//4042
f 3253//4043 3254//4043 3182//4043
f 3182//2157 3254//2157 3183//2157
f 3254//4044 3255//4044 3183//4044
f 3183//4045 3255//4045 3184//4045
f 3255//2160 3256//2160 3184//2160
f 3184//4046 3256//4046 3185//4046
f 3256//4047 3257//4047 3185//4047
f 3185//2163 3257//2163 3186//2163
f 3257//2164 3258//2164 3186//2164
f 3186//2165 3258//2165 3187//2165
f 3258//2166 3259//2166 3187//2166
f 3187//2167 3259//2167 3188//2167
f 3259//2168 3260//2168 3188//2168
f 3188//4048 3260//4048 3189//4048
f 3260//4049 3261//4049 3189//4049
f 3189//4050 3261//4050 3190//4050
f 3261//2172 3262//2172 3190//2172
f 3190//4051 3262//4051 3191//4051
f 3262//4052 3263//4052 3191//4052
f 3191//4053 3263//4053 3192//4053
f 3263//2176 3264//2176 3192//2176
f 3192//2177 3264//2177 3193//2177
f 3264//2178 3265//2178 3193//2178
f 3193//4054 3265//4054 3194//4054
f 3265//4055 3266//4055 3194//4055
f 3194//4056 3266//4056 3195//4056
f 3266//2182 3267//2182 3195//2182
f 3195//2183 3267//2183 3196//2183
f 3267//2184 3268//2184 3196//2184
f 3196//2185 3268//2185 3197//2185
f 3268//4057 3269//4057 3197//4057
f 3197//4058 3269//4058 3198//4058
f 3269//4059 3270//4059 3198//4059
f 3198//2189 3270//2189 3199//2189
f 3270//2190 3271//2190 3199//2190
f 3199//2191 3271//2191 3128//2191
f 3271//2192 3200//2192 3128//2192
f 3200//4060 3272//4060 3201//4060
f 3272//4061 3273//4061 3201//4061
f 3201//4062 3273//4062 3202//4062
f 3273//2196 3274//2196 3202//2196
f 3202//2197 3274//2197 3203//2197
f 3274//2198 3275//2198 3203//2198
f 3203//2199 3275//2199 3204//2199
f 3275//2200 3276//2200 3204//2200
f 3204//2201 3276//2201 3205//2201
f 3276//2202 3277//2202 3205//2202
f 3205//2203 3277//2203 3206//2203
f 3277//2204 3278//2204 3206//2204
f 3206//2205 3278//2205 3207//2205
f 3278//2206 3279//2206 3207//2206
f 3207//2207 3279//2207 3208//2207
f 3279//2208 3280//2208 3208//2208
f 3208//2209 3280//2209 3209//2209
f 3280//2210 3281//2210 3209//2210
f 3209//2211 3281//2211 3210//2211
f 3281//2212 3282//2212 3210//2212
f 3210//2213 3282//2213 3211//2213
f 3282//2214 3283//2214 3211//2214
f 3211//2215 3283//2215 3212//2215
f 3283//2216 3284//2216 3212//2216
f 3212//2217 3284//2217 3213//2217
f 3284//2218 3285//2218 3213//2218
f 3213//4063 3285//4063 3214//4063
f 3285//4064 3286//4064 3214//4064
f 3214//2221 3286//2221 3215//2221
f 3286//4065 3287//4065 3215//4065
f 3215//4066 3287//4066 3216//4066
f 3287//4067 3288//4067 3216//4067
f 3216//4068 3288//4068 3217//4068
f 3288//2226 3289//2226 3217//2226
f 3217//4069 3289//4069 3218//4069
f 3289//4070 3290//4070 3218//4070
f 3218//4071 3290//4071 3219//4071
f 3290//4072 3291//4072 3219//4072
f 3219//4073 3291//4073 3220//4073
f 3291//4074 3292//4074 3220//4074
f 3220//4075 3292//4075 3221//4075
f 3292//4076 3293//4076 3221//4076
f 3221//2235 3293//2235 3222//2235
f 3293//2236 3294//2236 3222//2236
f 3222//2237 3294//2237 3223//2237
f 3294//2238 3295//2238 3223//2238
f 3223//2239 3295//2239 3224//2239
f 3295//2240 3296//2240 3224//2240
f 3224//2241 3296//2241 3225//2241
f 3296//2242 3297//2242 3225//2242
f 3225//2243 3297//2243 3226//2243
f 3297//2244 3298//2244 3226//2244
f 3226//2245 3298//2245 3227//2245
f 3298//2246 3299//2246 3227//2246
f 3227//2247 3299//2247 3228//2247
f 3299//2248 3300//2248 3228//2248
f 3228//2249 3300//2249 3229//2249
f 3300//2250 3301//2250 3229//2250
f 3229//2251 3301//2251 3230//2251
f 3301//2252 3302//2252 3230//2252
f 3230//2253 3302//2253 3231//2253
f 3302//2254 3303//2254 3231//2254
f 3231//2255 3303//2255 3232//2255
f 3303//2256 3304//2256 3232//2256
f 3232//4077 3304//4077 3233//4077
f 3304//4078 3305//4078 3233//4078
f 3233//4079 3305//4079 3234//4079
f 3305//2260 3306//2260 3234//2260
f 3234//2261 3306//2261 3235//2261
f 3306//2262 3307//2262 3235//2262
f 3235//2263 3307//2263 3236//2263
f 3307//2264 3308//2264 3236//2264
f 3236//4080 3308//4080 3237//4080
f 3308//4081 3309//4081 3237//4081
f 3237//4082 3309//4082 3238//4082
f 3309//2268 3310//2268 3238//2268
f 3238//2269 3310//2269 3239//2269
f 3310//2270 3311//2270 3239//2270
f 3239//2271 3311//2271 3240//2271
f 3311//2272 3312//2272 3240//2272
f 3240//2273 3312//2273 3241//2273
f 3312//2274 3313//2274 3241//2274
f 3241//2275 3313//2275 3242//2275
f 3313//2276 3314//2276 3242//2276
f 3242//2277 3314//2277 3243//2277
f 3314//2278 3315//2278 3243//2278
f 3243//2279 3315//2279 3244//2279
f 3315//2280 3316//2280 3244//2280
f 3244//2281 3316//2281 3245//2281
f 3316//2282 3317//2282 3245//2282
f 3245//2283 3317//2283 3246//2283
f 3317//2284 3318//2284 3246//2284
f 3246//2285 3318//2285 3247//2285
f 3318//2286 3319//2286 3247//2286
f 3247//2287 3319//2287 3248//2287
f 3319//2288 3320//2288 3248//2288
f 3248//2289 3320//2289 3249//2289
f 3320//2290 3321//2290 3249//2290
f 3249//4083 3321//4083 3250//4083
f 3321//4084 3322//4084 3250//4084
f 3250//2293 3322//2293 3251//2293
f 3322//4085 3323//4085 3251//4085
f 3251//4086 3323//4086 3252//4086
f 3323//4087 3324//4087 3252//4087
f 3252//4088 3324//4088 3253//4088
f 3324//2298 3325//2298 3253//2298
f 3253//4089 3325//4089 3254//4089
f 3325//4090 3326//4090 3254//4090
f 3254//4091 3326//4091 3255//4091
f 3326//4092 3327//4092 3255//4092
f 3255//4093 3327//4093 3256//4093
f 3327//4094 3328//4094 3256//4094
f 3256//4095 3328//4095 3257//4095
f 3328//4096 3329//4096 3257//4096
f 3257//2307 3329//2307 3258//2307
f 3329//2308 3330//2308 3258//2308
f 3258//2309 3330//2309 3259//2309
f 3330//2310 3331//2310 3259//2310
f 3259//2311 3331//2311 3260//2311
f 3331//2312 3332//2312 3260//2312
f 3260//2313 3332//2313 3261//2313
f 3332//2314 3333//2314 3261//2314
f 3261//2315 3333//2315 3262//2315
f 3333//2316 3334//2316 3262//2316
f 3262//2317 3334//2317 3263//2317
f 3334//2318 3335//2318 3263//2318
f 3263//2319 3335//2319 3264//2319
f 3335//2320 3336//2320 3264//2320
f 3264//2321 3336//2321 3265//2321
f 3336//2322 3337//2322 3265//2322
f 3265//2323 3337//2323 3266//2323
f 3337//2324 3338//2324 3266//2324
f 3266//2325 3338//2325 3267//2325
f 3338//2326 3339//2326 3267//2326
f 3267//2327 3339//2327 3268//2327
f 3339//2328 3340//2328 3268//2328
f 3268//4097 3340//4097 3269//4097
f 3340//4098 3341//4098 3269//4098
f 3269//4099 3341//4099 3270//4099
f 3341//2332 3342//2332 3270//2332
f 3270//2333 3342//2333 3271//2333
f 3342//2334 3343//2334 3271//2334
f 3271//2335 3343//2335 3200//2335
f 3343//2336 3272//2336 3200//2336
f 3272//4100 3344//4100 3273//4100
f 3344//4101 3345//4101 3273//4101
f 3273//4102 3345//4102 3274//4102
f 3345//4103 3346//4103 3274//4103
f 3274//2341 3346//2341 3275//2341
f 3346//2342 3347//2342 3275//2342
f 3275//2343 3347//2343 3276//2343
f 3347//4104 3348//4104 3276//4104
f 3276//4105 3348//4105 3277//4105
f 3348//4106 3349//4106 3277//4106
f 3277//4107 3349//4107 3278//4107
f 3349//4108 3350//4108 3278//4108
f 3278//2349 3350//2349 3279//2349
f 3350//4109 3351//4109 3279//4109
f 3279//4110 3351//4110 3280//4110
f 3351//4111 3352//4111 3280//4111
f 3280//2353 3352//2353 3281//2353
f 3352//2354 3353//2354 3281//2354
f 3281//2355 3353//2355 3282//2355
f 3353//4112 3354//4112 3282//4112
f 3282//4113 3354//4113 3283//4113
f 3354//4114 3355//4114 3283//4114
f 3283//2359 3355//2359 3284//2359
f 3355//2360 3356//2360 3284//2360
f 3284//2361 3356//2361 3285//2361
f 3356//2362 3357//2362 3285//2362
f 3285//4115 3357//4115 3286//4115
f 3357//4116 3358//4116 3286//4116
f 3286//4117 3358//4117 3287//4117
f 3358//2366 3359//2366 3287//2366
f 3287//4118 3359//4118 3288//4118
f 3359//4119 3360//4119 3288//4119
f 3288//4120 3360//4120 3289//4120
f 3360//4121 3361//4121 3289//4121
f 3289//2371 3361//2371 3290//2371
f 3361//4122 3362//4122 3290//4122
f 3290//4123 3362//4123 3291//4123
f 3362//2374 3363//2374 3291//2374
f 3291//4124 3363//4124 3292//4124
f 3363//4125 3364//4125 3292//4125
f 3292//4126 3364//4126 3293//4126
f 3364//2378 3365//2378 3293//2378
f 3293//2379 3365//2379 3294//2379
f 3365//2380 3366//2380 3294//2380
f 3294//2381 3366//2381 3295//2381
f 3366//2382 3367//2382 3295//2382
f 3295//2383 3367//2383 3296//2383
f 3367//4127 3368//4127 3296//4127
f 3296//4128 3368//4128 3297//4128
f 3368//4129 3369//4129 3297//4129
f 3297//2387 3369//2387 3298//2387
f 3369//2388 3370//2388 3298//2388
f 3298//2389 3370//2389 3299//2389
f 3370//4130 3371//4130 3299//4130
f 3299//4131 3371//4131 3300//4131
f 3371//4132 3372//4132 3300//4132
f 3300//2393 3372//2393 3301//2393
f 3372//4133 3373//4133 3301//4133
f 3301//4134 3373//4134 3302//4134
f 3373//4135 3374//4135 3302//4135
f 3302//4136 3374//4136 3303//4136
f 3374//4137 3375//4137 3303//4137
f 3303//2399 3375//2399 3304//2399
f 3375//2400 3376//2400 3304//2400
f 3304//2401 3376//2401 3305//2401
f 3376//4138 3377//4138 3305//4138
f 3305//4139 3377//4139 3306//4139
f 3377//4140 3378//4140 3306//4140
f 3306//4141 3378//4141 3307//4141
f 3378//4142 3379//4142 3307//4142
f 3307//2407 3379//2407 3308//2407
f 3379//4143 3380//4143 3308//4143
f 3308//4144 3380//4144 3309//4144
f 3380//4145 3381//4145 3309//4145
f 3309//4146 3381//4146 3310//4146
f 3381//4147 3382//4147 3310//4147
f 3310//2413 3382//2413 3311//2413
f 3382//2414 3383//2414 3311//2414
f 3311//2415 3383//2415 3312//2415
f 3383//4148 3384//4148 3312//4148
f 3312//4149 3384//4149 3313//4149
f 3384//4150 3385//4150 3313//4150
f 3313//4151 3385//4151 3314//4151
f 3385//4152 3386//4152 3314//4152
f 3314//2421 3386//2421 3315//2421
f 3386//4153 3387//4153 3315//4153
f 3315//4154 3387//4154 3316//4154
f 3387//4155 3388//4155 3316//4155
f 3316//2425 3388//2425 3317//2425
f 3388//2426 3389//2426 3317//2426
f 3317//2427 3389//2427 3318//2427
f 3389//4156 3390//4156 3318//4156
f 3318//4157 3390//4157 3319//4157
f 3390//4158 3391//4158 3319//4158
f 3319//2431 3391//2431 3320//2431
f 3391//2432 3392//2432 3320//2432
f 3320//2433 3392//2433 3321//2433
f 3392//2434 3393//2434 3321//2434
f 3321//4159 3393//4159 3322//4159
f 3393//4160 3394//4160 3322//4160
f 3322//4161 3394//4161 3323//4161
f 3394//2438 3395//2438 3323//2438
f 3323//4162 3395//4162 3324//4162
f 3395//4163 3396//4163 3324//4163
f 3324//4164 3396//4164 3325//4164
f 3396//4165 3397//4165 3325//4165
f 3325//2443 3397//2443 3326//2443
f 3397//4166 3398//4166 3326//4166
f 3326//4167 3398//4167 3327//4167
f 3398//2446 3399//2446 3327//2446
f 3327//4168 3399//4168 3328//4168
f 3399//4169 3400//4169 3328//4169
f 3328//4170 3400//4170 3329//4170
f 3400//2450 3401//2450 3329//2450
f 3329//2451 3401//2451 3330//2451
f 3401//2452 3402//2452 3330//2452
f 3330//2453 3402//2453 3331//2453
f 3402//2454 3403//2454 3331//2454
f 3331//2455 3403//2455 3332//2455
f 3403//4171 3404//4171 3332//4171
f 3332//4172 3404//4172 3333//4172
f 3404//4173 3405//4173 3333//4173
f 3333//2459 3405//2459 3334//2459
f 3405//2460 3406//2460 3334//2460
f 3334//2461 3406//2461 3335//2461
f 3406//4174 3407//4174 3335//4174
f 3335//4175 3407//4175 3336//4175
f 3407//4176 3408//4176 3336//4176
f 3336//2465 3408//2465 3337//2465
f 3408//4177 3409//4177 3337//4177
f 3337//4178 3409//4178 3338//4178
f 3409//4179 3410//4179 3338//4179
f 3338//4180 3410//4180 3339//4180
f 3410//4181 3411//4181 3339//4181
f 3339//2471 3411//2471 3340//2471
f 3411//2472 3412//2472 3340//2472
f 3340//2473 3412//2473 3341//2473
f 3412//4182 3413//4182 3341//4182
f 3341//4183 3413//4183 3342//4183
f 3413//4184 3414//4184 3342//4184
f 3342//4185 3414//4185 3343//4185
f 3414//4186 3415//4186 3343//4186
f 3343//2479 3415//2479 3272//2479
f 3415//4187 3344//4187 3272//4187
f 3344//4188 3416//4188 3345//4188
f 3416//4189 3417//4189 3345//4189
f 3345//4190 3417//4190 3346//4190
f 3417//4191 3418//4191 3346//4191
f 3346//2485 3418//2485 3347//2485
f 3418//2486 3419//2486 3347//2486
f 3347//4192 3419//4192 3348//4192
f 3419//4193 3420//4193 3348//4193
f 3348//4194 3420//4194 3349//4194
f 3420//4195 3421//4195 3349//4195
f 3349//4196 3421//4196 3350//4196
f 3421//2492 3422//2492 3350//2492
f 3350//4197 3422//4197 3351//4197
f 3422//4198 3423//4198 3351//4198
f 3351//4199 3423//4199 3352//4199
f 3423//2496 3424//2496 3352//2496
f 3352//2497 3424//2497 3353//2497
f 3424//4200 3425//4200 3353//4200
f 3353//4201 3425//4201 3354//4201
f 3425//4202 3426//4202 3354//4202
f 3354//4203 3426//4203 3355//4203
f 3426//2502 3427//2502 3355//2502
f 3355//2503 3427//2503 3356//2503
f 3427//4204 3428//4204 3356//4204
f 3356//4205 3428//4205 3357//4205
f 3428//4206 3429//4206 3357//4206
f 3357//4207 3429//4207 3358//4207
f 3429//4208 3430//4208 3358//4208
f 3358//2509 3430//2509 3359//2509
f 3430//2510 3431//2510 3359//2510
f 3359//2511 3431//2511 3360//2511
f 3431//4209 3432//4209 3360//4209
f 3360//4210 3432//4210 3361//4210
f 3432//2514 3433//2514 3361//2514
f 3361//4211 3433//4211 3362//4211
f 3433//4212 3434//4212 3362//4212
f 3362//4213 3434//4213 3363//4213
f 3434//4214 3435//4214 3363//4214
f 3363//2519 3435//2519 3364//2519
f 3435//2520 3436//2520 3364//2520
f 3364//2521 3436//2521 3365//2521
f 3436//4215 3437//4215 3365//4215
f 3365//4216 3437//4216 3366//4216
f 3437//4217 3438//4217 3366//4217
f 3366//4218 3438//4218 3367//4218
f 3438//4219 3439//4219 3367//4219
f 3367//4220 3439//4220 3368//4220
f 3439//4221 3440//4221 3368//4221
f 3368//4222 3440//4222 3369//4222
f 3440//4223 3441//4223 3369//4223
f 3369//4224 3441//4224 3370//4224
f 3441//4225 3442//4225 3370//4225
f 3370//4226 3442//4226 3371//4226
f 3442//4227 3443//4227 3371//4227
f 3371//4228 3443//4228 3372//4228
f 3443//2536 3444//2536 3372//2536
f 3372//4229 3444//4229 3373//4229
f 3444//4230 3445//4230 3373//4230
f 3373//4231 3445//4231 3374//4231
f 3445//4232 3446//4232 3374//4232
f 3374//4233 3446//4233 3375//4233
f 3446//2542 3447//2542 3375//2542
f 3375//2543 3447//2543 3376//2543
f 3447//2544 3448//2544 3376//2544
f 3376//4234 3448//4234 3377//4234
f 3448//4235 3449//4235 3377//4235
f 3377//2547 3449//2547 3378//2547
f 3449//4236 3450//4236 3378//4236
f 3378//4237 3450//4237 3379//4237
f 3450//2550 3451//2550 3379//2550
f 3379//4238 3451//4238 3380//4238
f 3451//4239 3452//4239 3380//4239
f 3380//4240 3452//4240 3381//4240
f 3452//4241 3453//4241 3381//4241
f 3381//4242 3453//4242 3382//4242
f 3453//4243 3454//4243 3382//4243
f 3382//2557 3454//2557 3383//2557
f 3454//2558 3455//2558 3383//2558
f 3383//4244 3455//4244 3384//4244
f 3455//4245 3456//4245 3384//4245
f 3384//4246 3456//4246 3385//4246
f 3456//4247 3457//4247 3385//4247
f 3385//4248 3457//4248 3386//4248
f 3457//2564 3458//2564 3386//2564
f 3386//4249 3458//4249 3387//4249
f 3458//4250 3459//4250 3387//4250
f 3387//4251 3459//4251 3388//4251
f 3459//2568 3460//2568 3388//2568
f 3388//2569 3460//2569 3389//2569
f 3460//4252 3461//4252 3389//4252
f 3389//4253 3461//4253 3390//4253
f 3461//4254 3462//4254 3390//4254
f 3390//4255 3462//4255 3391//4255
f 3462//2574 3463//2574 3391//2574
f 3391//2575 3463//2575 3392//2575
f 3463//4256 3464//4256 3392//4256
f 3392//4257 3464//4257 3393//4257
f 3464//4258 3465//4258 3393//4258
f 3393//4259 3465//4259 3394//4259
f 3465//4260 3466//4260 3394//4260
f 3394//2581 3466//2581 3395//2581
f 3466//2582 3467//2582 3395//2582
f 3395//2583 3467//2583 3396//2583
f 3467//4261 3468//4261 3396//4261
f 3396//4262 3468//4262 3397//4262
f 3468//2586 3469//2586 3397//2586
f 3397//4263 3469//4263 3398//4263
f 3469//4264 3470//4264 3398//4264
f 3398//4265 3470//4265 3399//4265
f 3470//4266 3471//4266 3399//4266
f 3399//2591 3471//2591 3400//2591
f 3471//2592 3472//2592 3400//2592
f 3400//2593 3472//2593 3401//2593
f 3472//4267 3473//4267 3401//4267
f 3401//4268 3473//4268 3402//4268
f 3473//4269 3474//4269 3402//4269
f 3402//4270 3474//4270 3403//4270
f 3474//4271 3475//4271 3403//4271
f 3403//4272 3475//4272 3404//4272
f 3475//4273 3476//4273 3404//4273
f 3404//4274 3476//4274 3405//4274
f 3476//4275 3477//4275 3405//4275
f 3405//4276 3477//4276 3406//4276
f 3477//4277 3478//4277 3406//4277
f 3406//4278 3478//4278 3407//4278
f 3478//4279 3479//4279 3407//4279
f 3407//4280 3479//4280 3408//4280
f 3479//2608 3480//2608 3408//2608
f 3408//4281 3480//4281 3409//4281
f 3480//4282 3481//4282 3409//4282
f 3409//4283 3481//4283 3410//4283
f 3481//4284 3482//4284 3410//4284
f 3410//4285 3482//4285 3411//4285
f 3482//2614 3483//2614 3411//2614
f 3411//2615 3483//2615 3412//2615
f 3483//2616 3484//2616 3412//2616
f 3412//4286 3484//4286 3413//4286
f 3484//4287 3485//4287 3413//4287
f 3413//2619 3485//2619 3414//2619
f 3485//4288 3486//4288 3414//4288
f 3414//4289 3486//4289 3415//4289
f 3486//2622 3487//2622 3415//2622
f 3415//4290 3487//4290 3344//4290
f 3487//4291 3416//4291 3344//4291
f 3416//4292 3488//4292 3417//4292
f 3488//4293 3489//4293 3417//4293
f 3417//4294 3489//4294 3418//4294
f 3489//2628 3490//2628 3418//2628
f 3418//2629 3490//2629 3419//2629
f 3490//2630 3491//2630 3419//2630
f 3419//2631 3491//2631 3420//2631
f 3491//2632 3492//2632 3420//2632
f 3420//2633 3492//2633 3421//2633
f 3492//2634 3493//2634 3421//2634
f 3421//2635 3493//2635 3422//2635
f 3493//2636 3494//2636 3422//2636
f 3422//2637 3494//2637 3423//2637
f 3494//4295 3495//4295 3423//4295
f 3423//4296 3495//4296 3424//4296
f 3495//4297 3496//4297 3424//4297
f 3424//4298 3496//4298 3425//4298
f 3496//4299 3497//4299 3425//4299
f 3425//4300 3497//4300 3426//4300
f 3497//2644 3498//2644 3426//2644
f 3426//2645 3498//2645 3427//2645
f 3498//2646 3499//2646 3427//2646
f 3427//4301 3499//4301 3428//4301
f 3499//4302 3500//4302 3428//4302
f 3428//4303 3500//4303 3429//4303
f 3500//4304 3501//4304 3429//4304
f 3429//4305 3501//4305 3430//4305
f 3501//2652 3502//2652 3430//2652
f 3430//2653 3502//2653 3431//2653
f 3502//4306 3503//4306 3431//4306
f 3431//4307 3503//4307 3432//4307
f 3503//4308 3504//4308 3432//4308
f 3432//4309 3504//4309 3433//4309
f 3504//4310 3505//4310 3433//4310
f 3433//2659 3505//2659 3434//2659
f 3505//4311 3506//4311 3434//4311
f 3434//4312 3506//4312 3435//4312
f 3506//4313 3507//4313 3435//4313
f 3435//4314 3507//4314 3436//4314
f 3507//4315 3508//4315 3436//4315
f 3436//4316 3508//4316 3437//4316
f 3508//4317 3509//4317 3437//4317
f 3437//4318 3509//4318 3438//4318
f 3509//4319 3510//4319 3438//4319
f 3438//4320 3510//4320 3439//4320
f 3510//2670 3511//2670 3439//2670
f 3439//2671 3511//2671 3440//2671
f 3511//2672 3512//2672 3440//2672
f 3440//4321 3512//4321 3441//4321
f 3512//4322 3513//4322 3441//4322
f 3441//4323 3513//4323 3442//4323
f 3513//2676 3514//2676 3442//2676
f 3442//2677 3514//2677 3443//2677
f 3514//4324 3515//4324 3443//4324
f 3443//4325 3515//4325 3444//4325
f 3515//4326 3516//4326 3444//4326
f 3444//2681 3516//2681 3445//2681
f 3516//2682 3517//2682 3445//2682
f 3445//2683 3517//2683 3446//2683
f 3517//2684 3518//2684 3446//2684
f 3446//2685 3518//2685 3447//2685
f 3518//2686 3519//2686 3447//2686
f 3447//2687 3519//2687 3448//2687
f 3519//2688 3520//2688 3448//2688
f 3448//4327 3520//4327 3449//4327
f 3520//4328 3521//4328 3449//4328
f 3449//4329 3521//4329 3450//4329
f 3521//4330 3522//4330 3450//4330
f 3450//4331 3522//4331 3451//4331
f 3522//4332 3523//4332 3451//4332
f 3451//2695 3523//2695 3452//2695
f 3523//4333 3524//4333 3452//4333
f 3452//4334 3524//4334 3453//4334
f 3524//4335 3525//4335 3453//4335
f 3453//4336 3525//4336 3454//4336
f 3525//2700 3526//2700 3454//2700
f 3454//2701 3526//2701 3455//2701
f 3526//2702 3527//2702 3455//2702
f 3455//2703 3527//2703 3456//2703
f 3527//2704 3528//2704 3456//2704
f 3456//2705 3528//2705 3457//2705
f 3528//2706 3529//2706 3457//2706
f 3457//2707 3529//2707 3458//2707
f 3529//2708 3530//2708 3458//2708
f 3458//2709 3530//2709 3459//2709
f 3530//4337 3531//4337 3459//4337
f 3459//4338 3531//4338 3460//4338
f 3531//4339 3532//4339 3460//4339
f 3460//4340 3532//4340 3461//4340
f 3532//4341 3533//4341 3461//4341
f 3461//4342 3533//4342 3462//4342
f 3533//2716 3534//2716 3462//2716
f 3462//2717 3534//2717 3463//2717
f 3534//2718 3535//2718 3463//2718
f 3463//4343 3535//4343 3464//4343
f 3535//4344 3536//4344 3464//4344
f 3464//4345 3536//4345 3465//4345
f 3536//4346 3537//4346 3465//4346
f 3465//4347 3537//4347 3466//4347
f 3537//2724 3538//2724 3466//2724
f 3466//2725 3538//2725 3467//2725
f 3538//4348 3539//4348 3467//4348
f 3467//4349 3539//4349 3468//4349
f 3539//4350 3540//4350 3468//4350
f 3468//4351 3540//4351 3469//4351
f 3540//4352 3541//4352 3469//4352
f 3469//2731 3541//2731 3470//2731
f 3541//4353 3542//4353 3470//4353
f 3470//4354 3542//4354 3471//4354
f 3542//4355 3543//4355 3471//4355
f 3471//4356 3543//4356 3472//4356
f 3543//4357 3544//4357 3472//4357
f 3472//4358 3544//4358 3473//4358
f 3544//4359 3545//4359 3473//4359
f 3473//4360 3545//4360 3474//4360
f 3545//4361 3546//4361 3474//4361
f 3474//4362 3546//4362 3475//4362
f 3546//2742 3547//2742 3475//2742
f 3475//2743 3547//2743 3476//2743
f 3547//2744 3548//2744 3476//2744
f 3476//4363 3548//4363 3477//4363
f 3548//4364 3549//4364 3477//4364
f 3477//4365 3549//4365 3478//4365
f 3549//2748 3550//2748 3478//2748
f 3478//2749 3550//2749 3479//2749
f 3550//4366 3551//4366 3479//4366
f 3479//4367 3551//4367 3480//4367
f 3551//4368 3552//4368 3480//4368
f 3480//2753 3552//2753 3481//2753
f 3552//2754 3553//2754 3481//2754
f 3481//2755 3553//2755 3482//2755
f 3553//2756 3554//2756 3482//2756
f 3482//2757 3554//2757 3483//2757
f 3554//2758 3555//2758 3483//2758
f 3483//2759 3555//2759 3484//2759
f 3555//2760 3556//2760 3484//2760
f 3484//4369 3556//4369 3485//4369
f 3556//4370 3557//4370 3485//4370
f 3485//4371 3557//4371 3486//4371
f 3557//4372 3558//4372 3486//4372
f 3486//4373 3558//4373 3487//4373
f 3558//4374 3559//4374 3487//4374
f 3487//2767 3559//2767 3416//2767
f 3559//4375 3488//4375 3416//4375
f 3488//4376 1810//4376 3489//4376
f 1810//4377 1812//4377 3489//4377
f 3489//4378 1812//4378 3490//4378
f 1812//4379 1814//4379 3490//4379
f 3490//2773 1814//2773 3491//2773
f 1814//2774 1816//2774 3491//2774
f 3491//2775 1816//2775 3492//2775
f 1816//2776 1818//2776 3492//2776
f 3492//2777 1818//2777 3493//2777
f 1818//4380 1820//4380 3493//4380
f 3493//4381 1820//4381 3494//4381
f 1820//4382 1822//4382 3494//4382
f 3494//4383 1822//4383 3495//4383
f 1822//4384 1824//4384 3495//4384
f 3495//4385 1824//4385 3496//4385
f 1824//2784 1826//2784 3496//2784
f 3496//2785 1826//2785 3497//2785
f 1826//2786 1828//2786 3497//2786
f 3497//2787 1828//2787 3498//2787
f 1828//2788 1830//2788 3498//2788
f 3498//2789 1830//2789 3499//2789
f 1830//2790 1832//2790 3499//2790
f 3499//2791 1832//2791 3500//2791
f 1832//2792 1834//2792 3500//2792
f 3500//2793 1834//2793 3501//2793
f 1834//2794 1836//2794 3501//2794
f 3501//2795 1836//2795 3502//2795
f 1836//2796 1838//2796 3502//2796
f 3502//4386 1838//4386 3503//4386
f 1838//4387 1840//4387 3503//4387
f 3503//4388 1840//4388 3504//4388
f 1840//4389 1842//4389 3504//4389
f 3504//4390 1842//4390 3505//4390
f 1842//4391 1844//4391 3505//4391
f 3505//4392 1844//4392 3506//4392
f 1844//4393 1846//4393 3506//4393
f 3506//4394 1846//4394 3507//4394
f 1846//4395 1848//4395 3507//4395
f 3507//4396 1848//4396 3508//4396
f 1848//4397 1850//4397 3508//4397
f 3508//2809 1850//2809 3509//2809
f 1850//2810 1852//2810 3509//2810
f 3509//2811 1852//2811 3510//2811
f 1852//2812 1854//2812 3510//2812
f 3510//2813 1854//2813 3511//2813
f 1854//2814 1856//2814 3511//2814
f 3511//2815 1856//2815 3512//2815
f 1856//2816 1858//2816 3512//2816
f 3512//2817 1858//2817 3513//2817
f 1858//2818 1860//2818 3513//2818
f 3513//2819 1860//2819 3514//2819
f 1860//2820 1862//2820 3514//2820
f 3514//4398 1862//4398 3515//4398
f 1862//4399 1864//4399 3515//4399
f 3515//4400 1864//4400 3516//4400
f 1864//4401 1866//4401 3516//4401
f 3516//4402 1866//4402 3517//4402
f 1866//4403 1868//4403 3517//4403
f 3517//4404 1868//4404 3518//4404
f 1868//4405 1870//4405 3518//4405
f 3518//2829 1870//2829 3519//2829
f 1870//2830 1872//2830 3519//2830
f 3519//2831 1872//2831 3520//2831
f 1872//2832 1874//2832 3520//2832
f 3520//2833 1874//2833 3521//2833
f 1874//4406 1876//4406 3521//4406
f 3521//4407 1876//4407 3522//4407
f 1876//4408 1878//4408 3522//4408
f 3522//4409 1878//4409 3523//4409
f 1878//2838 1880//2838 3523//2838
f 3523//4410 1880//4410 3524//4410
f 1880//4411 1882//4411 3524//4411
f 3524//4412 1882//4412 3525//4412
f 1882//4413 1884//4413 3525//4413
f 3525//4414 1884//4414 3526//4414
f 1884//4415 1886//4415 3526//4415
f 3526//2845 1886//2845 3527//2845
f 1886//2846 1888//2846 3527//2846
f 3527//2847 1888//2847 3528//2847
f 1888//2848 1890//2848 3528//2848
f 3528//2849 1890//2849 3529//2849
f 1890//4416 1892//4416 3529//4416
f 3529//4417 1892//4417 3530//4417
f 1892//4418 1894//4418 3530//4418
f 3530//4419 1894//4419 3531//4419
f 1894//4420 1896//4420 3531//4420
f 3531//4421 1896//4421 3532//4421
f 1896//2856 1898//2856 3532//2856
f 3532//2857 1898//2857 3533//2857
f 1898//2858 1900//2858 3533//2858
f 3533//2859 1900//2859 3534//2859
f 1900//2860 1902//2860 3534//2860
f 3534//2861 1902//2861 3535//2861
f 1902//2862 1904//2862 3535//2862
f 3535//2863 1904//2863 3536//2863
f 1904//2864 1906//2864 3536//2864
f 3536//2865 1906//2865 3537//2865
f 1906//2866 1908//2866 3537//2866
f 3537//2867 1908//2867 3538//2867
f 1908//2868 1910//2868 3538//2868
f 3538//4422 1910//4422 3539//4422
f 1910//4423 1912//4423 3539//4423
f 3539//4424 1912//4424 3540//4424
f 1912//4425 1914//4425 3540//4425
f 3540//4426 1914//4426 3541//4426
f 1914//4427 1916//4427 3541//4427
f 3541//4428 1916//4428 3542//4428
f 1916//4429 1918//4429 3542//4429
f 3542//4430 1918//4430 3543//4430
f 1918//4431 1920//4431 3543//4431
f 3543//4432 1920//4432 3544//4432
f 1920//4433 1922//4433 3544//4433
f 3544//2881 1922//2881 3545//2881
f 1922//2882 1924//2882 3545//2882
f 3545//2883 1924//2883 3546//2883
f 1924//2884 1926//2884 3546//2884
f 3546//2885 1926//2885 3547//2885
f 1926//2886 1928//2886 3547//2886
f 3547//2887 1928//2887 3548//2887
f 1928//2888 1930//2888 3548//2888
f 3548//2889 1930//2889 3549//2889
f 1930//2890 1932//2890 3549//2890
f 3549//2891 1932//2891 3550//2891
f 1932//2892 1934//2892 3550//2892
f 3550//4434 1934//4434 3551//4434
f 1934//4435 1936//4435 3551//4435
f 3551//4436 1936//4436 3552//4436
f 1936//4437 1938//4437 3552//4437
f 3552//4438 1938//4438 3553//4438
f 1938//4439 1940//4439 3553//4439
f 3553//4440 1940//4440 3554//4440
f 1940//4441 1942//4441 3554//4441
f 3554//2901 1942//2901 3555//2901
f 1942//2902 1944//2902 3555//2902
f 3555//2903 1944//2903 3556//2903
f 1944//2904 1946//2904 3556//2904
f 3556//2905 1946//2905 3557//2905
f 1946//4442 1948//4442 3557//4442
f 3557//4443 1948//4443 3558//4443
f 1948//4444 1950//4444 3558//4444
f 3558//4445 1950//4445 3559//4445
f 1950//2910 1808//2910 3559//2910
f 3559//4446 1808//4446 3488//4446
f 1808//4447 1810//4447 3488//4447
f 2013//4448 2023//4448 2215//4448
f 2023//2914 2022//2914 2215//2914
f 2215//4449 2022//4449 2230//4449
f 2022//4450 2019//4450 2230//4450
f 2230//4451 2019//4451 2231//4451
f 2019//4452 2018//4452 2231//4452
f 2231//4453 2018//4453 2232//4453
f 2018//2920 2015//2920 2232//2920
f 2232//2921 2015//2921 2245//2921
f 2015//2922 1974//2922 2245//2922
f 1969//4454 2226//4454 1970//4454
f 2226//2924 2225//2924 1970//2924
f 1970//4455 2225//4455 1980//4455
f 2225//4456 2224//4456 1980//4456
f 1980//4457 2224//4457 1981//4457
f 2224//4458 2223//4458 1981//4458
f 1981//2929 2223//2929 1977//2929
f 2223//4459 2222//4459 1977//4459
f 1977//4460 2222//4460 1976//4460
f 2222//4461 2221//4461 1976//4461
f 1976//2933 2221//2933 1974//2933
f 2221//2934 2246//2934 1974//2934
f 1974//2935 2246//2935 2245//2935
f 2013//2936 2218//2936 2014//2936
f 2218//2937 2229//2937 2014//2937
f 2014//2938 2229//2938 2020//2938
f 2229//2939 2244//2939 2020//2939
f 2020//4462 2244//4462 2021//4462
f 2244//4463 2241//4463 2021//4463
f 2021//4464 2241//4464 2017//4464
f 2241//2943 2243//2943 2017//2943
f 2017//2944 2243//2944 2016//2944
f 2243//2945 2242//2945 2016//2945
f 2016//2946 2242//2946 1956//2946
f 1953//4465 1967//4465 2219//4465
f 1967//4466 1966//4466 2219//4466
f 2219//2949 1966//2949 2220//2949
f 1966//2950 1963//2950 2220//2950
f 2220//2951 1963//2951 2227//2951
f 1963//2952 1962//2952 2227//2952
f 2227//4467 1962//4467 2228//4467
f 1962//4468 1957//4468 2228//4468
f 2228//4469 1957//4469 2239//4469
f 1957//2956 1956//2956 2239//2956
f 2239//2957 1956//2957 2240//2957
f 1956//2958 2242//2958 2240//2958
f 1985//4470 2262//4470 1986//4470
f 2262//4471 2261//4471 1986//4471
f 1986//4472 2261//4472 1996//4472
f 2261//4473 2260//4473 1996//4473
f 1996//4474 2260//4474 1997//4474
f 2260//4475 2259//4475 1997//4475
f 1997//4476 2259//4476 1993//4476
f 2259//2966 2258//2966 1993//2966
f 1993//2967 2258//2967 1992//2967
f 2258//2968 2257//2968 1992//2968
f 1992//2969 2257//2969 1990//2969
f 2025//4477 2035//4477 2217//4477
f 2035//4478 2034//4478 2217//4478
f 2217//4479 2034//4479 2236//4479
f 2034//4480 2031//4480 2236//4480
f 2236//4481 2031//4481 2237//4481
f 2031//2975 2030//2975 2237//2975
f 2237//2976 2030//2976 2238//2976
f 2030//2977 2027//2977 2238//2977
f 2238//2978 2027//2978 2255//2978
f 2027//2979 1990//2979 2255//2979
f 2255//4482 1990//4482 2256//4482
f 1990//4483 2257//4483 2256//4483
f 1969//4484 1983//4484 2216//4484
f 1983//4485 1982//4485 2216//4485
f 2216//4486 1982//4486 2233//4486
f 1982//4487 1979//4487 2233//4487
f 2233//2986 1979//2986 2234//2986
f 1979//4488 1978//4488 2234//4488
f 2234//4489 1978//4489 2235//4489
f 1978//4490 1973//4490 2235//4490
f 2235//4491 1973//4491 2247//4491
f 1973//2991 1972//2991 2247//2991
f 2025//4492 2252//4492 2026//4492
f 2252//2993 2251//2993 2026//2993
f 2026//4493 2251//4493 2032//4493
f 2251//4494 2250//4494 2032//4494
f 2032//4495 2250//4495 2033//4495
f 2250//4496 2254//4496 2033//4496
f 2033//4497 2254//4497 2029//4497
f 2254//4498 2253//4498 2029//4498
f 2029//4499 2253//4499 2028//4499
f 2253//3001 2249//3001 2028//3001
f 2028//3002 2249//3002 1972//3002
f 2249//3003 2248//3003 1972//3003
f 1972//3004 2248//3004 2247//3004
f 1952//129 3560//129 1955//129
f 3560//129 3561//129 1955//129
f 1955//129 3561//129 3562//129
f 3562//129 3563//129 1955//129
f 3563//129 3564//129 1955//129
f 1955//129 3564//129 3565//129
f 3565//129 3566//129 1955//129
f 3566//129 3567//129 1955//129
f 1955//129 3567//129 3568//129
f 3568//129 3569//129 1955//129
f 3569//129 3570//129 1955//129
f 1955//129 3570//129 2012//129
f 1984//129 3571//129 1987//129
f 3571//129 3572//129 1987//129
f 1987//129 3572//129 3573//129
f 3573//129 3574//129 1987//129
f 3574//129 3575//129 1987//129
f 1987//129 3575//129 3576//129
f 3576//129 3577//129 1987//129
f 3577//129 3578//129 1987//129
f 1987//129 3578//129 3579//129
f 3579//129 3580//129 1987//129
f 3580//129 3581//129 1987//129
f 1987//129 3581//129 2000//129
f 3582//129 2024//129 1971//129
f 1971//129 1968//129 3583//129
f 3583//129 3584//129 1971//129
f 3584//129 3585//129 1971//129
f 1971//129 3585//129 3586//129
f 3582//129 1971//129 3587//129
f 3586//129 3588//129 1971//129
f 3588//129 3589//129 1971//129
f 1971//129 3589//129 3590//129
f 3590//129 3591//129 1971//129
f 3591//129 3592//129 1971//129
f 1971//129 3592//129 3587//129
f 1975//129 2012//129 3593//129
f 3593//129 3594//129 1975//129
f 3594//129 3595//129 1975//129
f 1975//129 3595//129 3596//129
f 1968//129 1975//129 3597//129
f 1975//129 3598//129 3597//129
f 3596//129 3599//129 1975//129
f 3599//129 3600//129 1975//129
f 1975//129 3600//129 3601//129
f 3601//129 3602//129 1975//129
f 3602//129 3603//129 1975//129
f 1975//129 3603//129 3598//129
f 2065//3005 3588//3005 2067//3005
f 3588//3006 3586//3006 2067//3006
f 2067//3006 3586//3006 2069//3006
f 3586//4500 3585//4500 2069//4500
f 2069//4500 3585//4500 2071//4500
f 3585//4501 3584//4501 2071//4501
f 2071//4501 3584//4501 2073//4501
f 3584//3009 3583//3009 2073//3009
f 2073//3009 3583//3009 2075//3009
f 3583//4502 1968//4502 2075//4502
f 2075//4502 1968//4502 2077//4502
f 1968//4503 3597//4503 2077//4503
f 2077//4503 3597//4503 2079//4503
f 3597//3012 3598//3012 2079//3012
f 2079//3012 3598//3012 2081//3012
f 3598//3013 3603//3013 2081//3013
f 2081//3013 3603//3013 2083//3013
f 3603//3014 3602//3014 2083//3014
f 2083//3014 3602//3014 2085//3014
f 3602//3015 3601//3015 2085//3015
f 2085//3015 3601//3015 2087//3015
f 3601//3016 3600//3016 2087//3016
f 2087//3016 3600//3016 2089//3016
f 3600//3017 3599//3017 2089//3017
f 2089//3017 3599//3017 2091//3017
f 3599//4504 3596//4504 2091//4504
f 2091//4504 3596//4504 2093//4504
f 3596//4505 3595//4505 2093//4505
f 2093//4505 3595//4505 2095//4505
f 3595//3020 3594//3020 2095//3020
f 2095//3020 3594//3020 2097//3020
f 3594//3021 3593//3021 2097//3021
f 2097//3021 3593//3021 2099//3021
f 3593//4506 2012//4506 2099//4506
f 2099//4506 2012//4506 2101//4506
f 2012//4507 3570//4507 2101//4507
f 2101//4507 3570//4507 2103//4507
f 3570//3024 3569//3024 2103//3024
f 2103//3024 3569//3024 2105//3024
f 3569//3025 3568//3025 2105//3025
f 2105//3025 3568//3025 2107//3025
f 3568//4508 3567//4508 2107//4508
f 2107//4508 3567//4508 2109//4508
f 3567//4509 3566//4509 2109//4509
f 2109//4509 3566//4509 2111//4509
f 3566//3028 3565//3028 2111//3028
f 2111//3028 3565//3028 2113//3028
f 3565//3029 3564//3029 2113//3029
f 2113//3029 3564//3029 2115//3029
f 3564//3030 3563//3030 2115//3030
f 2115//3030 3563//3030 2117//3030
f 3563//3031 3562//3031 2117//3031
f 2117//3031 3562//3031 2119//3031
f 3562//3032 3561//3032 2119//3032
f 2119//3032 3561//3032 2121//3032
f 3561//3033 3560//3033 2121//3033
f 2121//3033 3560//3033 2123//3033
f 3560//4510 1952//4510 2123//4510
f 2123//4510 1952//4510 2125//4510
f 1952//4511 2180//4511 2125//4511
f 2125//4511 2180//4511 2127//4511
f 2180//3036 2181//3036 2127//3036
f 2127//3036 2181//3036 2129//3036
f 2181//4512 2190//4512 2129//4512
f 2129//4512 2190//4512 2131//4512
f 2190//4513 2189//4513 2131//4513
f 2131//4513 2189//4513 2133//4513
f 2189//3039 2188//3039 2133//3039
f 2133//3039 2188//3039 2135//3039
f 2188//3040 2187//3040 2135//3040
f 2135//3040 2187//3040 2137//3040
f 2187//3041 2186//3041 2137//3041
f 2137//3041 2186//3041 2139//3041
f 2186//3042 2185//3042 2139//3042
f 2139//3042 2185//3042 2141//3042
f 2185//4514 2184//4514 2141//4514
f 2141//4514 2184//4514 2143//4514
f 2184//4515 2183//4515 2143//4515
f 2143//4515 2183//4515 2145//4515
f 2183//3045 2182//3045 2145//3045
f 2145//3045 2182//3045 2147//3045
f 2182//4516 2000//4516 2147//4516
f 2147//4516 2000//4516 2149//4516
f 2000//4517 3581//4517 2149//4517
f 2149//4517 3581//4517 2151//4517
f 3581//3048 3580//3048 2151//3048
f 2151//3048 3580//3048 2153//3048
f 3580//3049 3579//3049 2153//3049
f 2153//3049 3579//3049 2155//3049
f 3579//3050 3578//3050 2155//3050
f 2155//3050 3578//3050 2157//3050
f 3578//3051 3577//3051 2157//3051
f 2157//3051 3577//3051 2159//3051
f 3577//3052 3576//3052 2159//3052
f 2159//3052 3576//3052 2161//3052
f 3576//3053 3575//3053 2161//3053
f 2161//3053 3575//3053 2163//3053
f 3575//4518 3574//4518 2163//4518
f 2163//4518 3574//4518 2165//4518
f 3574//4519 3573//4519 2165//4519
f 2165//4519 3573//4519 2167//4519
f 3573//3056 3572//3056 2167//3056
f 2167//3056 3572//3056 2169//3056
f 3572//3057 3571//3057 2169//3057
f 2169//3057 3571//3057 2171//3057
f 3571//4520 1984//4520 2171//4520
f 2171//4520 1984//4520 2173//4520
f 1984//4521 3604//4521 2173//4521
f 2173//4521 3604//4521 2175//4521
f 3604//3060 3605//3060 2175//3060
f 2175//3060 3605//3060 2177//3060
f 3605//3061 3606//3061 2177//3061
f 2177//3061 3606//3061 2179//3061
f 3606//4522 3607//4522 2179//4522
f 2179//4522 3607//4522 2037//4522
f 3607//4523 3608//4523 2037//4523
f 2037//4523 3608//4523 2039//4523
f 3608//3064 3609//3064 2039//3064
f 2039//3064 3609//3064 2041//3064
f 3609//3065 3610//3065 2041//3065
f 2041//3065 3610//3065 2043//3065
f 3610//3066 3611//3066 2043//3066
f 2043//3066 3611//3066 2045//3066
f 3611//3067 3612//3067 2045//3067
f 2045//3067 3612//3067 2047//3067
f 3612//3068 3613//3068 2047//3068
f 2047//3068 3613//3068 2049//3068
f 3613//3069 3614//3069 2049//3069
f 2049//3069 3614//3069 2051//3069
f 3614//4524 2024//4524 2051//4524
f 2051//4524 2024//4524 2053//4524
f 2024//4525 3582//4525 2053//4525
f 2053//4525 3582//4525 2055//4525
f 3582//3072 3587//3072 2055//3072
f 2055//3072 3587//3072 2057//3072
f 3587//4526 3592//4526 2057//4526
f 2057//4526 3592//4526 2059//4526
f 3592//4527 3591//4527 2059//4527
f 2059//4527 3591//4527 2061//4527
f 3591//3075 3590//3075 2061//3075
f 2061//3075 3590//3075 2063//3075
f 3590//3076 3589//3076 2063//3076
f 2063//3076 3589//3076 2065//3076
f 3589//3005 3588//3005 2065//3005
f 2024//129 3614//129 1991//129
f 3614//129 3613//129 1991//129
f 1991//129 3613//129 3612//129
f 3609//129 3608//129 1991//129
f 3608//129 3607//129 1991//129
f 1991//129 3607//129 3606//129
f 3612//129 3611//129 1991//129
f 3611//129 3610//129 1991//129
f 1991//129 3610//129 3609//129
f 3606//129 3605//129 1991//129
f 3605//129 3604//129 1991//129
f 1991//129 3604//129 1984//129
f 3615//4528 3616//4528 3617//4528
f 3617//4528 3618//4528 3615//4528
f 3618//4528 3619//4528 3615//4528
f 3615//4528 3619//4528 3620//4528
f 3621//4529 3622//4529 3623//4529
f 3623//4529 3624//4529 3621//4529
f 3624//4529 3625//4529 3621//4529
f 3621//4529 3625//4529 3626//4529
f 3627//4530 3628//4530 3629//4530
f 3628//4530 3630//4530 3629//4530
f 3628//4531 3627//4531 3631//4531
f 3627//4531 3632//4531 3631//4531
f 3631//4532 3632//4532 3633//4532
f 3632//4532 3634//4532 3633//4532
f 3633//4533 3634//4533 3635//4533
f 3634//4533 3636//4533 3635//4533
f 3635//4534 3636//4534 3637//4534
f 3636//4534 3638//4534 3637//4534
f 3637//4535 3638//4535 3639//4535
f 3638//4535 3640//4535 3639//4535
f 3639//4536 3640//4536 3641//4536
f 3640//4536 3642//4536 3641//4536
f 3641//4537 3642//4537 3643//4537
f 3642//4537 3644//4537 3643//4537
f 3643//4538 3644//4538 3645//4538
f 3644//4538 3646//4538 3645//4538
f 3645//4539 3646//4539 3647//4539
f 3646//4539 3648//4539 3647//4539
f 3647//4540 3648//4540 3649//4540
f 3648//4540 3650//4540 3649//4540
f 3649//4541 3650//4541 3651//4541
f 3650//4541 3652//4541 3651//4541
f 3651//4542 3652//4542 3653//4542
f 3652//4542 3654//4542 3653//4542
f 3653//4543 3654//4543 3655//4543
f 3654//4543 3656//4543 3655//4543
f 3655//4544 3656//4544 3657//4544
f 3656//4544 3658//4544 3657//4544
f 3657//4545 3658//4545 3659//4545
f 3658//4545 3660//4545 3659//4545
f 3659//4546 3660//4546 3661//4546
f 3660//4546 3662//4546 3661//4546
f 3661//4547 3662//4547 3663//4547
f 3662//4547 3664//4547 3663//4547
f 3663//4548 3664//4548 3665//4548
f 3664//4548 3666//4548 3665//4548
f 3665//4549 3666//4549 3667//4549
f 3666//4549 3668//4549 3667//4549
f 3667//4550 3668//4550 3669//4550
f 3668//4550 3670//4550 3669//4550
f 3669//4551 3670//4551 3671//4551
f 3670//4551 3672//4551 3671//4551
f 3671//4552 3672//4552 3673//4552
f 3672//4552 3674//4552 3673//4552
f 3673//4553 3674//4553 3675//4553
f 3674//4553 3676//4553 3675//4553
f 3675//4554 3676//4554 3677//4554
f 3676//4554 3678//4554 3677//4554
f 3677//4555 3678//4555 3679//4555
f 3678//4555 3680//4555 3679//4555
f 3679//4556 3680//4556 3681//4556
f 3680//4556 3682//4556 3681//4556
f 3681//4557 3682//4557 3683//4557
f 3682//4557 3684//4557 3683//4557
f 3685//4528 3686//4528 3684//4528
f 3686//4528 3683//4528 3684//4528
f 3686//4558 3685//4558 3687//4558
f 3685//4558 3688//4558 3687//4558
f 3687//4559 3688//4559 3689//4559
f 3688//4559 3690//4559 3689//4559
f 3689//4560 3690//4560 3691//4560
f 3690//4560 3692//4560 3691//4560
f 3691//4561 3692//4561 3693//4561
f 3692//4561 3694//4561 3693//4561
f 3693//4562 3694//4562 3695//4562
f 3694//4562 3696//4562 3695//4562
f 3695//4563 3696//4563 3697//4563
f 3696//4563 3698//4563 3697//4563
f 3697//4564 3698//4564 3699//4564
f 3698//4564 3700//4564 3699//4564
f 3699//4565 3700//4565 3701//4565
f 3700//4565 3702//4565 3701//4565
f 3701//4566 3702//4566 3703//4566
f 3702//4566 3704//4566 3703//4566
f 3703//4567 3704//4567 3705//4567
f 3704//4567 3706//4567 3705//4567
f 3705//4568 3706//4568 3707//4568
f 3706//4568 3708//4568 3707//4568
f 3707//4569 3708//4569 3709//4569
f 3708//4569 3710//4569 3709//4569
f 3709//4570 3710//4570 3711//4570
f 3710//4570 3712//4570 3711//4570
f 3711//4571 3712//4571 3713//4571
f 3712//4571 3714//4571 3713//4571
f 3713//4572 3714//4572 3715//4572
f 3714//4572 3716//4572 3715//4572
f 3715//4573 3716//4573 3717//4573
f 3716//4573 3718//4573 3717//4573
f 3717//4574 3718//4574 3719//4574
f 3718//4574 3720//4574 3719//4574
f 3719//4575 3720//4575 3721//4575
f 3720//4575 3722//4575 3721//4575
f 3723//115 3724//115 3722//115
f 3724//115 3721//115 3722//115
f 3725//4576 3726//4576 3727//4576
f 3726//4576 3728//4576 3727//4576
f 3727//4577 3728//4577 3729//4577
f 3728//4577 3730//4577 3729//4577
f 3729//4578 3730//4578 3731//4578
f 3730//4578 3732//4578 3731//4578
f 3731//4579 3732//4579 3733//4579
f 3732//4579 3734//4579 3733//4579
f 3733//4580 3734//4580 3735//4580
f 3734//4580 3736//4580 3735//4580
f 3735//4581 3736//4581 3737//4581
f 3736//4581 3738//4581 3737//4581
f 3737//4582 3738//4582 3739//4582
f 3738//4582 3740//4582 3739//4582
f 3739//4583 3740//4583 3741//4583
f 3740//4583 3742//4583 3741//4583
f 3741//4584 3742//4584 3743//4584
f 3742//4584 3744//4584 3743//4584
f 3743//4585 3744//4585 3745//4585
f 3744//4585 3746//4585 3745//4585
f 3745//4586 3746//4586 3747//4586
f 3746//4586 3748//4586 3747//4586
f 3747//4587 3748//4587 3749//4587
f 3748//4587 3750//4587 3749//4587
f 3749//4588 3750//4588 3751//4588
f 3750//4588 3752//4588 3751//4588
f 3751//4589 3752//4589 3753//4589
f 3752//4589 3754//4589 3753//4589
f 3753//4590 3754//4590 3755//4590
f 3754//4590 3756//4590 3755//4590
f 3755//4591 3756//4591 3757//4591
f 3756//4591 3758//4591 3757//4591
f 3757//4592 3758//4592 3759//4592
f 3758//4592 3760//4592 3759//4592
f 3759//4593 3760//4593 3761//4593
f 3760//4593 3762//4593 3761//4593
f 3761//4594 3762//4594 3763//4594
f 3762//4594 3764//4594 3763//4594
f 3763//4595 3764//4595 3765//4595
f 3764//4595 3766//4595 3765//4595
f 3765//4596 3766//4596 3767//4596
f 3766//4596 3768//4596 3767//4596
f 3767//4597 3768//4597 3769//4597
f 3768//4597 3770//4597 3769//4597
f 3769//4598 3770//4598 3771//4598
f 3770//4598 3772//4598 3771//4598
f 3771//4599 3772//4599 3773//4599
f 3772//4599 3774//4599 3773//4599
f 3773//4600 3774//4600 3775//4600
f 3774//4600 3776//4600 3775//4600
f 3775//4601 3776//4601 3777//4601
f 3776//4601 3778//4601 3777//4601
f 3777//4602 3778//4602 3779//4602
f 3778//4602 3780//4602 3779//4602
f 3779//4603 3780//4603 3781//4603
f 3780//4603 3782//4603 3781//4603
f 3783//4604 3784//4604 3782//4604
f 3784//4604 3781//4604 3782//4604
f 3784//4605 3783//4605 3785//4605
f 3783//4605 3786//4605 3785//4605
f 3785//4606 3786//4606 3787//4606
f 3786//4606 3788//4606 3787//4606
f 3787//4607 3788//4607 3789//4607
f 3788//4607 3790//4607 3789//4607
f 3789//4608 3790//4608 3791//4608
f 3790//4608 3792//4608 3791//4608
f 3791//4609 3792//4609 3793//4609
f 3792//4609 3794//4609 3793//4609
f 3793//4610 3794//4610 3795//4610
f 3794//4610 3796//4610 3795//4610
f 3795//4611 3796//4611 3797//4611
f 3796//4611 3798//4611 3797//4611
f 3797//4612 3798//4612 3799//4612
f 3798//4612 3800//4612 3799//4612
f 3799//115 3800//115 3801//115
f 3800//115 3802//115 3801//115
f 3801//4613 3802//4613 3803//4613
f 3802//4613 3804//4613 3803//4613
f 3803//4614 3804//4614 3805//4614
f 3804//4614 3806//4614 3805//4614
f 3805//4615 3806//4615 3807//4615
f 3806//4615 3808//4615 3807//4615
f 3807//4616 3808//4616 3809//4616
f 3808//4616 3810//4616 3809//4616
f 3809//4617 3810//4617 3811//4617
f 3810//4617 3812//4617 3811//4617
f 3811//4618 3812//4618 3813//4618
f 3812//4618 3814//4618 3813//4618
f 3813//4619 3814//4619 3815//4619
f 3814//4619 3816//4619 3815//4619
f 3815//4620 3816//4620 3817//4620
f 3816//4620 3818//4620 3817//4620
f 3819//4621 3820//4621 3818//4621
f 3820//4621 3817//4621 3818//4621
f 3820//4622 3819//4622 3821//4622
f 3819//4622 3822//4622 3821//4622
f 3821//4623 3822//4623 3823//4623
f 3822//4623 3824//4623 3823//4623
f 3823//4624 3824//4624 3825//4624
f 3824//4624 3826//4624 3825//4624
f 3825//4625 3826//4625 3827//4625
f 3826//4625 3828//4625 3827//4625
f 3827//4626 3828//4626 3829//4626
f 3828//4626 3830//4626 3829//4626
f 3829//4627 3830//4627 3831//4627
f 3830//4627 3832//4627 3831//4627
f 3831//4628 3832//4628 3833//4628
f 3832//4628 3834//4628 3833//4628
f 3833//4629 3834//4629 3835//4629
f 3834//4629 3836//4629 3835//4629
f 3835//4630 3836//4630 3837//4630
f 3836//4630 3838//4630 3837//4630
f 3837//4631 3838//4631 3839//4631
f 3838//4631 3840//4631 3839//4631
f 3839//4632 3840//4632 3841//4632
f 3840//4632 3842//4632 3841//4632
f 3841//4633 3842//4633 3843//4633
f 3842//4633 3844//4633 3843//4633
f 3843//4634 3844//4634 3845//4634
f 3844//4634 3846//4634 3845//4634
f 3845//4635 3846//4635 3847//4635
f 3846//4635 3848//4635 3847//4635
f 3847//4636 3848//4636 3849//4636
f 3848//4636 3850//4636 3849//4636
f 3849//4637 3850//4637 3851//4637
f 3850//4637 3852//4637 3851//4637
f 3851//4638 3852//4638 3853//4638
f 3852//4638 3854//4638 3853//4638
f 3853//4639 3854//4639 3855//4639
f 3854//4639 3856//4639 3855//4639
f 3855//4640 3856//4640 3857//4640
f 3856//4640 3858//4640 3857//4640
f 3857//4641 3858//4641 3859//4641
f 3858//4641 3860//4641 3859//4641
f 3859//4642 3860//4642 3861//4642
f 3860//4642 3862//4642 3861//4642
f 3861//4643 3862//4643 3863//4643
f 3862//4643 3864//4643 3863//4643
f 3863//4644 3864//4644 3865//4644
f 3864//4644 3866//4644 3865//4644
f 3865//4645 3866//4645 3867//4645
f 3866//4645 3868//4645 3867//4645
f 3867//4646 3868//4646 3869//4646
f 3868//4646 3870//4646 3869//4646
f 3869//4647 3870//4647 3871//4647
f 3870//4647 3872//4647 3871//4647
f 3871//4648 3872//4648 3873//4648
f 3872//4648 3874//4648 3873//4648
f 3873//4649 3874//4649 3875//4649
f 3874//4649 3876//4649 3875//4649
f 3877//115 3878//115 3879//115
f 3878//115 3880//115 3879//115
f 3878//4650 3877//4650 3881//4650
f 3877//4650 3882//4650 3881//4650
f 3881//4651 3882//4651 3883//4651
f 3882//4651 3884//4651 3883//4651
f 3883//4652 3884//4652 3885//4652
f 3884//4652 3886//4652 3885//4652
f 3885//4653 3886//4653 3887//4653
f 3886//4653 3888//4653 3887//4653
f 3887//4654 3888//4654 3889//4654
f 3888//4654 3890//4654 3889//4654
f 3889//4655 3890//4655 3891//4655
f 3890//4655 3892//4655 3891//4655
f 3891//4656 3892//4656 3893//4656
f 3892//4656 3894//4656 3893//4656
f 3893//4657 3894//4657 3895//4657
f 3894//4657 3896//4657 3895//4657
f 3895//4658 3896//4658 3897//4658
f 3896//4658 3898//4658 3897//4658
f 3897//4659 3898//4659 3899//4659
f 3898//4659 3900//4659 3899//4659
f 3899//4660 3900//4660 3901//4660
f 3900//4660 3902//4660 3901//4660
f 3901//4661 3902//4661 3903//4661
f 3902//4661 3904//4661 3903//4661
f 3903//4662 3904//4662 3905//4662
f 3904//4662 3906//4662 3905//4662
f 3905//4663 3906//4663 3907//4663
f 3906//4663 3908//4663 3907//4663
f 3907//4664 3908//4664 3909//4664
f 3908//4664 3910//4664 3909//4664
f 3909//4665 3910//4665 3911//4665
f 3910//4665 3912//4665 3911//4665
f 3911//4666 3912//4666 3913//4666
f 3912//4666 3914//4666 3913//4666
f 3913//4667 3914//4667 3915//4667
f 3914//4667 3916//4667 3915//4667
f 3915//4668 3916//4668 3917//4668
f 3916//4668 3918//4668 3917//4668
f 3917//4669 3918//4669 3919//4669
f 3918//4669 3920//4669 3919//4669
f 3919//4670 3920//4670 3921//4670
f 3920//4670 3922//4670 3921//4670
f 3921//4671 3922//4671 3923//4671
f 3922//4671 3924//4671 3923//4671
f 3923//4672 3924//4672 3925//4672
f 3924//4672 3926//4672 3925//4672
f 3925//4673 3926//4673 3927//4673
f 3926//4673 3928//4673 3927//4673
f 3927//4674 3928//4674 3929//4674
f 3928//4674 3930//4674 3929//4674
f 3929//4675 3930//4675 3931//4675
f 3930//4675 3932//4675 3931//4675
f 3931//4676 3932//4676 3933//4676
f 3932//4676 3934//4676 3933//4676
f 3933//4677 3934//4677 3935//4677
f 3934//4677 3936//4677 3935//4677
f 3937//4678 3938//4678 3936//4678
f 3938//4678 3935//4678 3936//4678
f 3938//4679 3937//4679 3939//4679
f 3937//4679 3940//4679 3939//4679
f 3939//4680 3940//4680 3941//4680
f 3940//4680 3942//4680 3941//4680
f 3941//4681 3942//4681 3943//4681
f 3942//4681 3944//4681 3943//4681
f 3943//4682 3944//4682 3945//4682
f 3944//4682 3946//4682 3945//4682
f 3945//4683 3946//4683 3947//4683
f 3946//4683 3948//4683 3947//4683
f 3947//4684 3948//4684 3949//4684
f 3948//4684 3950//4684 3949//4684
f 3949//4685 3950//4685 3951//4685
f 3950//4685 3952//4685 3951//4685
f 3951//4686 3952//4686 3953//4686
f 3952//4686 3954//4686 3953//4686
f 3953//101 3954//101 3955//101
f 3954//101 3956//101 3955//101
f 3955//4687 3956//4687 3957//4687
f 3956//4687 3958//4687 3957//4687
f 3957//4688 3958//4688 3959//4688
f 3958//4688 3960//4688 3959//4688
f 3959//4689 3960//4689 3961//4689
f 3960//4689 3962//4689 3961//4689
f 3961//4690 3962//4690 3963//4690
f 3962//4690 3964//4690 3963//4690
f 3963//4691 3964//4691 3965//4691
f 3964//4691 3966//4691 3965//4691
f 3965//4692 3966//4692 3967//4692
f 3966//4692 3968//4692 3967//4692
f 3967//4693 3968//4693 3969//4693
f 3968//4693 3970//4693 3969//4693
f 3969//4694 3970//4694 3971//4694
f 3970//4694 3972//4694 3971//4694
f 3973//4695 3974//4695 3972//4695
f 3974//4695 3971//4695 3972//4695
f 3975//4696 3976//4696 3977//4696
f 3976//4696 3978//4696 3977//4696
f 3977//4697 3978//4697 3979//4697
f 3980//4698 3981//4698 3982//4698
f 3981//4699 3983//4699 3982//4699
f 3982//4699 3983//4699 3984//4699
f 3983//4700 3985//4700 3984//4700
f 3984//4700 3985//4700 3986//4700
f 3985//4701 3987//4701 3986//4701
f 3986//4701 3987//4701 3988//4701
f 3987//4702 3989//4702 3988//4702
f 3988//4702 3989//4702 3990//4702
f 3989//4703 3991//4703 3990//4703
f 3990//4703 3991//4703 3992//4703
f 3991//4704 3993//4704 3992//4704
f 3992//4704 3993//4704 3994//4704
f 3993//4705 3995//4705 3994//4705
f 3994//4705 3995//4705 3996//4705
f 3995//4706 3997//4706 3996//4706
f 3996//4706 3997//4706 3998//4706
f 3997//4707 3999//4707 3998//4707
f 3998//4707 3999//4707 4000//4707
f 3999//4708 4001//4708 4000//4708
f 4000//4708 4001//4708 4002//4708
f 4001//4709 4003//4709 4002//4709
f 4002//4709 4003//4709 4004//4709
f 4003//4710 4005//4710 4004//4710
f 4004//4710 4005//4710 4006//4710
f 4005//4711 4007//4711 4006//4711
f 4006//4711 4007//4711 4008//4711
f 4007//4712 4009//4712 4008//4712
f 4008//4712 4009//4712 4010//4712
f 4009//4713 4011//4713 4010//4713
f 4010//4713 4011//4713 4012//4713
f 4011//4714 4013//4714 4012//4714
f 4012//4714 4013//4714 4014//4714
f 4013//4715 3979//4715 4014//4715
f 4014//4715 3979//4715 4015//4715
f 3979//4697 3978//4697 4015//4697
f 4016//4716 4017//4716 4018//4716
f 4017//4716 4019//4716 4018//4716
f 4018//4717 4019//4717 3980//4717
f 4019//4717 4020//4717 3980//4717
f 3980//4698 4020//4698 3981//4698
f 4017//4718 4016//4718 4021//4718
f 4016//4718 4022//4718 4021//4718
f 4021//4719 4022//4719 4023//4719
f 4022//4719 4024//4719 4023//4719
f 4023//4720 4024//4720 4025//4720
f 4026//4721 4027//4721 3622//4721
f 4023//4720 4025//4720 4028//4720
f 4025//4722 4029//4722 4028//4722
f 4028//4722 4029//4722 4030//4722
f 4029//4723 4031//4723 4030//4723
f 4030//4723 4031//4723 4032//4723
f 4031//4724 4033//4724 4032//4724
f 4032//4724 4033//4724 4034//4724
f 4033//4725 4035//4725 4034//4725
f 4034//4725 4035//4725 4036//4725
f 4035//4726 4037//4726 4036//4726
f 4036//4726 4037//4726 4038//4726
f 4037//4727 4039//4727 4038//4727
f 4038//4727 4039//4727 4040//4727
f 4039//4728 4026//4728 4040//4728
f 4040//4728 4026//4728 4041//4728
f 4026//4721 3622//4721 4041//4721
f 4041//4721 3622//4721 3621//4721
f 3620//4729 4042//4729 4043//4729
f 4044//4729 3615//4729 3620//4729
f 3620//4729 4043//4729 4044//4729
f 4043//4730 4045//4730 4044//4730
f 4044//4730 4045//4730 4046//4730
f 4045//4731 4047//4731 4046//4731
f 4046//4731 4047//4731 4048//4731
f 4047//4732 4049//4732 4048//4732
f 4048//4732 4049//4732 4050//4732
f 4049//4733 4051//4733 4050//4733
f 4050//4733 4051//4733 4052//4733
f 4051//4734 4053//4734 4052//4734
f 4052//4734 4053//4734 4054//4734
f 4053//4735 4055//4735 4054//4735
f 4054//4735 4055//4735 4056//4735
f 4055//4736 4057//4736 4056//4736
f 4056//4736 4057//4736 4058//4736
f 4057//4737 4059//4737 4058//4737
f 4058//4737 4059//4737 4060//4737
f 4061//4738 4062//4738 4059//4738
f 4062//4738 4060//4738 4059//4738
f 4062//4739 4061//4739 4063//4739
f 4062//4739 4063//4739 4064//4739
f 4063//4740 4065//4740 4064//4740
f 4064//4740 4065//4740 4066//4740
f 4065//4741 4067//4741 4066//4741
f 4066//4741 4067//4741 4068//4741
f 4067//4742 4069//4742 4068//4742
f 4068//4742 4069//4742 4070//4742
f 4069//4743 4071//4743 4070//4743
f 4070//4743 4071//4743 4072//4743
f 4071//4744 4073//4744 4072//4744
f 4072//4744 4073//4744 4074//4744
f 4073//4745 4075//4745 4074//4745
f 4074//4745 4075//4745 4076//4745
f 4075//4746 4077//4746 4076//4746
f 4076//4746 4077//4746 4078//4746
f 4077//4747 4079//4747 4078//4747
f 4078//4747 4079//4747 4080//4747
f 4079//4748 4081//4748 4080//4748
f 4080//4748 4081//4748 4082//4748
f 4081//4749 4083//4749 4082//4749
f 4082//4749 4083//4749 4084//4749
f 4083//4750 4085//4750 4084//4750
f 4084//4750 4085//4750 4086//4750
f 4085//4751 4087//4751 4086//4751
f 4086//4751 4087//4751 4088//4751
f 4087//4752 4089//4752 4088//4752
f 4088//4752 4089//4752 4090//4752
f 4089//4753 4091//4753 4090//4753
f 4090//4753 4091//4753 4092//4753
f 4091//4754 4093//4754 4092//4754
f 4092//4754 4093//4754 4094//4754
f 4093//4755 4095//4755 4094//4755
f 4094//4755 4095//4755 4096//4755
f 4095//4756 4097//4756 4096//4756
f 4096//4756 4097//4756 4098//4756
f 4097//4757 4099//4757 4098//4757
f 4098//4757 4099//4757 4100//4757
f 4099//4758 4101//4758 4100//4758
f 4100//4758 4101//4758 4102//4758
f 4103//4759 4104//4759 4101//4759
f 4104//4759 4102//4759 4101//4759
f 4104//4760 4103//4760 4105//4760
f 4104//4760 4105//4760 4106//4760
f 4105//4761 4107//4761 4106//4761
f 4106//4761 4107//4761 4108//4761
f 4107//4762 4109//4762 4108//4762
f 4108//4762 4109//4762 4110//4762
f 4109//4763 4111//4763 4110//4763
f 4110//4763 4111//4763 4112//4763
f 4111//4764 4113//4764 4112//4764
f 4112//4764 4113//4764 4114//4764
f 4113//4765 4115//4765 4114//4765
f 4114//4765 4115//4765 4116//4765
f 4115//4766 4117//4766 4116//4766
f 4116//4766 4117//4766 4118//4766
f 4117//4767 4119//4767 4118//4767
f 4118//4767 4119//4767 4120//4767
f 4119//4768 4121//4768 4120//4768
f 4120//4768 4121//4768 4122//4768
f 4123//115 4124//115 4125//115
f 4124//115 4126//115 4125//115
f 4125//115 4126//115 4127//115
f 4126//115 4128//115 4127//115
f 4127//115 4128//115 4129//115
f 4128//115 4130//115 4129//115
f 4129//115 4130//115 4131//115
f 4130//115 4132//115 4131//115
f 4131//115 4132//115 4133//115
f 4132//115 4134//115 4133//115
f 4133//115 4134//115 4135//115
f 4134//115 4136//115 4135//115
f 4135//115 4136//115 4137//115
f 4136//115 4138//115 4137//115
f 4137//115 4138//115 4139//115
f 4138//115 4140//115 4139//115
f 4139//115 4140//115 4141//115
f 4140//115 4142//115 4141//115
f 4141//115 4142//115 4143//115
f 4142//115 4144//115 4143//115
f 4143//115 4144//115 4145//115
f 4144//115 4146//115 4145//115
f 4145//115 4146//115 4147//115
f 4146//115 4148//115 4147//115
f 4147//115 4148//115 4149//115
f 4148//115 4150//115 4149//115
f 4149//115 4150//115 4121//115
f 4150//115 4122//115 4121//115
f 4124//4769 4123//4769 4151//4769
f 4124//4769 4151//4769 4152//4769
f 4151//4770 4153//4770 4152//4770
f 4152//4770 4153//4770 4154//4770
f 4153//4771 4155//4771 4154//4771
f 4154//4771 4155//4771 4156//4771
f 4155//4772 4157//4772 4156//4772
f 4156//4772 4157//4772 4158//4772
f 4157//4773 4159//4773 4158//4773
f 4158//4773 4159//4773 4160//4773
f 4159//4774 4161//4774 4160//4774
f 4160//4774 4161//4774 4162//4774
f 4161//4775 4163//4775 4162//4775
f 4162//4775 4163//4775 4164//4775
f 4163//4776 4165//4776 4164//4776
f 4164//4776 4165//4776 4166//4776
f 4165//4777 4167//4777 4166//4777
f 4166//4777 4167//4777 4168//4777
f 4169//4778 4170//4778 4171//4778
f 4170//4778 4172//4778 4171//4778
f 4171//4779 4172//4779 4173//4779
f 4172//4779 4174//4779 4173//4779
f 4173//4780 4174//4780 4175//4780
f 4174//4780 4176//4780 4175//4780
f 4175//4579 4176//4579 4177//4579
f 4176//4579 4178//4579 4177//4579
f 4177//4781 4178//4781 4179//4781
f 4178//4781 4180//4781 4179//4781
f 4179//4782 4180//4782 4181//4782
f 4180//4782 4182//4782 4181//4782
f 4181//4582 4182//4582 4183//4582
f 4182//4582 4184//4582 4183//4582
f 4183//4583 4184//4583 4185//4583
f 4184//4583 4186//4583 4185//4583
f 4185//4783 4186//4783 4187//4783
f 4186//4783 4188//4783 4187//4783
f 4187//4585 4188//4585 4189//4585
f 4188//4585 4190//4585 4189//4585
f 4189//4586 4190//4586 4191//4586
f 4190//4586 4192//4586 4191//4586
f 4191//4784 4192//4784 4193//4784
f 4192//4784 4194//4784 4193//4784
f 4193//4785 4194//4785 4195//4785
f 4194//4785 4196//4785 4195//4785
f 4195//4786 4196//4786 4197//4786
f 4196//4786 4198//4786 4197//4786
f 4197//4787 4198//4787 4199//4787
f 4198//4787 4200//4787 4199//4787
f 4199//4591 4200//4591 4201//4591
f 4200//4591 4202//4591 4201//4591
f 4201//4788 4202//4788 4203//4788
f 4202//4788 4204//4788 4203//4788
f 4203//4789 4204//4789 4205//4789
f 4204//4789 4206//4789 4205//4789
f 4205//4594 4206//4594 4207//4594
f 4206//4594 4208//4594 4207//4594
f 4207//4790 4208//4790 4209//4790
f 4208//4790 4210//4790 4209//4790
f 4209//4791 4210//4791 4211//4791
f 4210//4791 4212//4791 4211//4791
f 4211//4792 4212//4792 4213//4792
f 4212//4792 4214//4792 4213//4792
f 4213//4598 4214//4598 4215//4598
f 4214//4598 4216//4598 4215//4598
f 4215//4599 4216//4599 4217//4599
f 4216//4599 4218//4599 4217//4599
f 4217//4793 4218//4793 4219//4793
f 4218//4793 4220//4793 4219//4793
f 4219//4794 4220//4794 4221//4794
f 4220//4794 4222//4794 4221//4794
f 4221//4795 4222//4795 4223//4795
f 4222//4795 4224//4795 4223//4795
f 4223//4603 4224//4603 4225//4603
f 4224//4603 4226//4603 4225//4603
f 4227//4796 4228//4796 4226//4796
f 4228//4796 4225//4796 4226//4796
f 4228//4797 4227//4797 4229//4797
f 4227//4797 4230//4797 4229//4797
f 4229//4798 4230//4798 4231//4798
f 4230//4798 4232//4798 4231//4798
f 4231//4799 4232//4799 4233//4799
f 4232//4799 4234//4799 4233//4799
f 4233//4608 4234//4608 4235//4608
f 4234//4608 4236//4608 4235//4608
f 4235//4609 4236//4609 4237//4609
f 4236//4609 4238//4609 4237//4609
f 4237//4800 4238//4800 4239//4800
f 4238//4800 4240//4800 4239//4800
f 4239//4611 4240//4611 4241//4611
f 4240//4611 4242//4611 4241//4611
f 4241//4801 4242//4801 4243//4801
f 4242//4801 4244//4801 4243//4801
f 4243//115 4244//115 4245//115
f 4244//115 4246//115 4245//115
f 4245//4613 4246//4613 4247//4613
f 4246//4613 4248//4613 4247//4613
f 4247//4614 4248//4614 4249//4614
f 4248//4614 4250//4614 4249//4614
f 4249//4802 4250//4802 4251//4802
f 4250//4802 4252//4802 4251//4802
f 4251//4803 4252//4803 4253//4803
f 4252//4803 4254//4803 4253//4803
f 4253//4617 4254//4617 4255//4617
f 4254//4617 4256//4617 4255//4617
f 4255//4618 4256//4618 4257//4618
f 4256//4618 4258//4618 4257//4618
f 4257//4804 4258//4804 4259//4804
f 4258//4804 4260//4804 4259//4804
f 4259//4805 4260//4805 4261//4805
f 4260//4805 4262//4805 4261//4805
f 4263//4806 4264//4806 4262//4806
f 4264//4806 4261//4806 4262//4806
f 4264//4807 4263//4807 4265//4807
f 4263//4807 4266//4807 4265//4807
f 4265//4808 4266//4808 4267//4808
f 4266//4808 4268//4808 4267//4808
f 4267//4809 4268//4809 4269//4809
f 4268//4809 4270//4809 4269//4809
f 4269//4810 4270//4810 4271//4810
f 4270//4810 4272//4810 4271//4810
f 4271//4811 4272//4811 4273//4811
f 4272//4811 4274//4811 4273//4811
f 4273//4627 4274//4627 4275//4627
f 4274//4627 4276//4627 4275//4627
f 4275//4812 4276//4812 4277//4812
f 4276//4812 4278//4812 4277//4812
f 4277//4813 4278//4813 4279//4813
f 4278//4813 4280//4813 4279//4813
f 4279//4814 4280//4814 4281//4814
f 4280//4814 4282//4814 4281//4814
f 4281//4631 4282//4631 4283//4631
f 4282//4631 4284//4631 4283//4631
f 4283//4815 4284//4815 4285//4815
f 4284//4815 4286//4815 4285//4815
f 4285//4816 4286//4816 4287//4816
f 4286//4816 4288//4816 4287//4816
f 4287//4817 4288//4817 4289//4817
f 4288//4817 4290//4817 4289//4817
f 4289//4818 4290//4818 4291//4818
f 4290//4818 4292//4818 4291//4818
f 4291//4819 4292//4819 4293//4819
f 4292//4819 4294//4819 4293//4819
f 4293//4820 4294//4820 4295//4820
f 4294//4820 4296//4820 4295//4820
f 4295//4821 4296//4821 4297//4821
f 4296//4821 4298//4821 4297//4821
f 4297//4822 4298//4822 4299//4822
f 4298//4822 4300//4822 4299//4822
f 4299//4823 4300//4823 4301//4823
f 4300//4823 4302//4823 4301//4823
f 4301//4824 4302//4824 4303//4824
f 4302//4824 4304//4824 4303//4824
f 4303//4825 4304//4825 4305//4825
f 4304//4825 4306//4825 4305//4825
f 4305//4643 4306//4643 4307//4643
f 4306//4643 4308//4643 4307//4643
f 4307//4826 4308//4826 4309//4826
f 4308//4826 4310//4826 4309//4826
f 4309//4827 4310//4827 4311//4827
f 4310//4827 4312//4827 4311//4827
f 4311//4828 4312//4828 4313//4828
f 4312//4828 4314//4828 4313//4828
f 4313//4829 4314//4829 4315//4829
f 4314//4829 4316//4829 4315//4829
f 4315//4830 4316//4830 4317//4830
f 4316//4830 4318//4830 4317//4830
f 4317//4831 4318//4831 4319//4831
f 4318//4831 4320//4831 4319//4831
f 4321//4576 4322//4576 4323//4576
f 4322//4576 4324//4576 4323//4576
f 4323//4832 4324//4832 4325//4832
f 4324//4832 4326//4832 4325//4832
f 4325//4833 4326//4833 4327//4833
f 4326//4833 4328//4833 4327//4833
f 4327//4834 4328//4834 4329//4834
f 4328//4834 4330//4834 4329//4834
f 4329//4580 4330//4580 4331//4580
f 4330//4580 4332//4580 4331//4580
f 4331//4835 4332//4835 4333//4835
f 4332//4835 4334//4835 4333//4835
f 4333//4836 4334//4836 4335//4836
f 4334//4836 4336//4836 4335//4836
f 4335//4837 4336//4837 4337//4837
f 4336//4837 4338//4837 4337//4837
f 4337//4584 4338//4584 4339//4584
f 4338//4584 4340//4584 4339//4584
f 4339//4838 4340//4838 4341//4838
f 4340//4838 4342//4838 4341//4838
f 4341//4839 4342//4839 4343//4839
f 4342//4839 4344//4839 4343//4839
f 4343//4784 4344//4784 4345//4784
f 4344//4784 4346//4784 4345//4784
f 4345//4588 4346//4588 4347//4588
f 4346//4588 4348//4588 4347//4588
f 4347//4589 4348//4589 4349//4589
f 4348//4589 4350//4589 4349//4589
f 4349//4787 4350//4787 4351//4787
f 4350//4787 4352//4787 4351//4787
f 4351//4591 4352//4591 4353//4591
f 4352//4591 4354//4591 4353//4591
f 4353//4592 4354//4592 4355//4592
f 4354//4592 4356//4592 4355//4592
f 4355//4593 4356//4593 4357//4593
f 4356//4593 4358//4593 4357//4593
f 4357//4594 4358//4594 4359//4594
f 4358//4594 4360//4594 4359//4594
f 4359//4595 4360//4595 4361//4595
f 4360//4595 4362//4595 4361//4595
f 4361//4596 4362//4596 4363//4596
f 4362//4596 4364//4596 4363//4596
f 4363//4597 4364//4597 4365//4597
f 4364//4597 4366//4597 4365//4597
f 4365//4598 4366//4598 4367//4598
f 4366//4598 4368//4598 4367//4598
f 4367//4840 4368//4840 4369//4840
f 4368//4840 4370//4840 4369//4840
f 4369//4793 4370//4793 4371//4793
f 4370//4793 4372//4793 4371//4793
f 4371//4794 4372//4794 4373//4794
f 4372//4794 4374//4794 4373//4794
f 4373//4602 4374//4602 4375//4602
f 4374//4602 4376//4602 4375//4602
f 4375//4603 4376//4603 4377//4603
f 4376//4603 4378//4603 4377//4603
f 4379//4841 4380//4841 4381//4841
f 4380//4841 4382//4841 4381//4841
f 4380//4842 4379//4842 4383//4842
f 4379//4842 4384//4842 4383//4842
f 4383//4843 4384//4843 4385//4843
f 4384//4843 4386//4843 4385//4843
f 4385//4681 4386//4681 4387//4681
f 4386//4681 4388//4681 4387//4681
f 4387//4844 4388//4844 4389//4844
f 4388//4844 4390//4844 4389//4844
f 4389//4683 4390//4683 4391//4683
f 4390//4683 4392//4683 4391//4683
f 4391//4684 4392//4684 4393//4684
f 4392//4684 4394//4684 4393//4684
f 4393//4685 4394//4685 4395//4685
f 4394//4685 4396//4685 4395//4685
f 4395//4686 4396//4686 4397//4686
f 4396//4686 4398//4686 4397//4686
f 4397//101 4398//101 4399//101
f 4398//101 4400//101 4399//101
f 4399//4845 4400//4845 4401//4845
f 4400//4845 4402//4845 4401//4845
f 4401//4688 4402//4688 4403//4688
f 4402//4688 4404//4688 4403//4688
f 4403//4689 4404//4689 4405//4689
f 4404//4689 4406//4689 4405//4689
f 4405//4690 4406//4690 4407//4690
f 4406//4690 4408//4690 4407//4690
f 4407//4846 4408//4846 4409//4846
f 4408//4846 4410//4846 4409//4846
f 4409//4847 4410//4847 4411//4847
f 4410//4847 4412//4847 4411//4847
f 4411//4848 4412//4848 4413//4848
f 4412//4848 4414//4848 4413//4848
f 4413//4849 4414//4849 4415//4849
f 4414//4849 4416//4849 4415//4849
f 4417//4850 4418//4850 4419//4850
f 4418//4850 4420//4850 4419//4850
f 4419//4851 4420//4851 4421//4851
f 4420//4851 4422//4851 4421//4851
f 4421//4852 4422//4852 4423//4852
f 4422//4852 4424//4852 4423//4852
f 4423//4853 4424//4853 4425//4853
f 4424//4853 4426//4853 4425//4853
f 4425//4854 4426//4854 4427//4854
f 4426//4854 4428//4854 4427//4854
f 4427//4855 4428//4855 4429//4855
f 4428//4855 4430//4855 4429//4855
f 4429//4856 4430//4856 4431//4856
f 4430//4856 4432//4856 4431//4856
f 4431//4857 4432//4857 4433//4857
f 4432//4857 4434//4857 4433//4857
f 4433//4858 4434//4858 4435//4858
f 4434//4858 4436//4858 4435//4858
f 4435//4859 4436//4859 4437//4859
f 4436//4859 4438//4859 4437//4859
f 4437//4860 4438//4860 4439//4860
f 4438//4860 4440//4860 4439//4860
f 4439//4861 4440//4861 4441//4861
f 4440//4861 4442//4861 4441//4861
f 4441//4862 4442//4862 4443//4862
f 4442//4862 4444//4862 4443//4862
f 4443//4863 4444//4863 4445//4863
f 4444//4863 4446//4863 4445//4863
f 4445//4864 4446//4864 4447//4864
f 4446//4864 4448//4864 4447//4864
f 4447//4865 4448//4865 4449//4865
f 4448//4865 4450//4865 4449//4865
f 4449//4866 4450//4866 4451//4866
f 4450//4866 4452//4866 4451//4866
f 4451//4867 4452//4867 4453//4867
f 4452//4867 4454//4867 4453//4867
f 4453//4868 4454//4868 4455//4868
f 4454//4868 4456//4868 4455//4868
f 4455//4869 4456//4869 4457//4869
f 4456//4869 4458//4869 4457//4869
f 4457//4870 4458//4870 4459//4870
f 4458//4870 4460//4870 4459//4870
f 4459//4871 4460//4871 4461//4871
f 4460//4871 4462//4871 4461//4871
f 4461//4872 4462//4872 4463//4872
f 4462//4872 4464//4872 4463//4872
f 4463//4873 4464//4873 4465//4873
f 4464//4873 4466//4873 4465//4873
f 4465//4874 4466//4874 4467//4874
f 4466//4874 4468//4874 4467//4874
f 4467//4875 4468//4875 4469//4875
f 4468//4875 4470//4875 4469//4875
f 4469//4876 4470//4876 4471//4876
f 4470//4876 4472//4876 4471//4876
f 4471//4877 4472//4877 4473//4877
f 4472//4877 4474//4877 4473//4877
f 4475//115 4476//115 4474//115
f 4476//115 4473//115 4474//115
f 4476//4878 4475//4878 4477//4878
f 4475//4878 4478//4878 4477//4878
f 4477//4879 4478//4879 4479//4879
f 4478//4879 4480//4879 4479//4879
f 4479//4880 4480//4880 4481//4880
f 4480//4880 4482//4880 4481//4880
f 4481//4881 4482//4881 4483//4881
f 4482//4881 4484//4881 4483//4881
f 4483//4882 4484//4882 4485//4882
f 4484//4882 4486//4882 4485//4882
f 4485//4883 4486//4883 4487//4883
f 4486//4883 4488//4883 4487//4883
f 4487//4884 4488//4884 4489//4884
f 4488//4884 4490//4884 4489//4884
f 4489//4885 4490//4885 4491//4885
f 4490//4885 4492//4885 4491//4885
f 4491//4886 4492//4886 4493//4886
f 4492//4886 4494//4886 4493//4886
f 4493//4887 4494//4887 4495//4887
f 4494//4887 4496//4887 4495//4887
f 4495//4888 4496//4888 4497//4888
f 4496//4888 4498//4888 4497//4888
f 4497//4889 4498//4889 4499//4889
f 4498//4889 4500//4889 4499//4889
f 4499//4890 4500//4890 4501//4890
f 4500//4890 4502//4890 4501//4890
f 4501//4891 4502//4891 4503//4891
f 4502//4891 4504//4891 4503//4891
f 4503//4892 4504//4892 4505//4892
f 4504//4892 4506//4892 4505//4892
f 4505//4893 4506//4893 4507//4893
f 4506//4893 4508//4893 4507//4893
f 4507//4894 4508//4894 4509//4894
f 4508//4894 4510//4894 4509//4894
f 4509//4895 4510//4895 4511//4895
f 4510//4895 4512//4895 4511//4895
f 4513//4529 4514//4529 4512//4529
f 4514//4529 4511//4529 4512//4529
f 4514//4896 4513//4896 4515//4896
f 4513//4896 4516//4896 4515//4896
f 4515//4897 4516//4897 4517//4897
f 4516//4897 4518//4897 4517//4897
f 4517//4898 4518//4898 4519//4898
f 4518//4898 4520//4898 4519//4898
f 4519//4899 4520//4899 4521//4899
f 4520//4899 4522//4899 4521//4899
f 4521//4900 4522//4900 4523//4900
f 4522//4900 4524//4900 4523//4900
f 4523//4901 4524//4901 4525//4901
f 4524//4901 4526//4901 4525//4901
f 4525//4902 4526//4902 4527//4902
f 4526//4902 4528//4902 4527//4902
f 4527//4903 4528//4903 4529//4903
f 4528//4903 4530//4903 4529//4903
f 4529//4904 4530//4904 4531//4904
f 4530//4904 4532//4904 4531//4904
f 4531//4905 4532//4905 4533//4905
f 4532//4905 4534//4905 4533//4905
f 4533//4906 4534//4906 4535//4906
f 4534//4906 4536//4906 4535//4906
f 4535//4907 4536//4907 4537//4907
f 4536//4907 4538//4907 4537//4907
f 4537//4908 4538//4908 4539//4908
f 4538//4908 4540//4908 4539//4908
f 4539//4909 4540//4909 4541//4909
f 4540//4909 4542//4909 4541//4909
f 4541//4910 4542//4910 4543//4910
f 4542//4910 4544//4910 4543//4910
f 4543//4911 4544//4911 4545//4911
f 4544//4911 4546//4911 4545//4911
f 4545//4912 4546//4912 4547//4912
f 4546//4912 4548//4912 4547//4912
f 4547//4913 4548//4913 4549//4913
f 4548//4913 4550//4913 4549//4913
f 4549//4914 4550//4914 4551//4914
f 4550//4914 4552//4914 4551//4914
f 4551//4915 4552//4915 4553//4915
f 4552//4915 4554//4915 4553//4915
f 4553//4916 4554//4916 4555//4916
f 4554//4916 4556//4916 4555//4916
f 4555//4917 4556//4917 4557//4917
f 4556//4917 4558//4917 4557//4917
f 4557//4918 4558//4918 4559//4918
f 4558//4918 4560//4918 4559//4918
f 4559//4919 4560//4919 4561//4919
f 4560//4919 4562//4919 4561//4919
f 4561//4920 4562//4920 4563//4920
f 4562//4920 4564//4920 4563//4920
f 4563//4921 4564//4921 4565//4921
f 4564//4921 4566//4921 4565//4921
f 4565//4922 4566//4922 4567//4922
f 4566//4922 4568//4922 4567//4922
f 4417//4923 4567//4923 4418//4923
f 4567//4923 4568//4923 4418//4923
f 4569//4695 4415//4695 4570//4695
f 4415//4695 4416//4695 4570//4695
f 4571//101 4572//101 4573//101
f 4572//101 4574//101 4573//101
f 4575//4695 4576//4695 4577//4695
f 4576//4695 4578//4695 4577//4695
f 4579//101 4580//101 4581//101
f 4580//101 4582//101 4581//101
f 4583//4924 4584//4924 4585//4924
f 4584//4924 4586//4924 4585//4924
f 4587//4850 4588//4850 4589//4850
f 4588//4850 4590//4850 4589//4850
f 4589//4851 4590//4851 4591//4851
f 4590//4851 4592//4851 4591//4851
f 4591//4852 4592//4852 4593//4852
f 4592//4852 4594//4852 4593//4852
f 4593//4853 4594//4853 4595//4853
f 4594//4853 4596//4853 4595//4853
f 4595//4854 4596//4854 4597//4854
f 4596//4854 4598//4854 4597//4854
f 4597//4855 4598//4855 4599//4855
f 4598//4855 4600//4855 4599//4855
f 4599//4856 4600//4856 4601//4856
f 4600//4856 4602//4856 4601//4856
f 4601//4857 4602//4857 4603//4857
f 4602//4857 4604//4857 4603//4857
f 4603//4858 4604//4858 4605//4858
f 4604//4858 4606//4858 4605//4858
f 4605//4859 4606//4859 4607//4859
f 4606//4859 4608//4859 4607//4859
f 4607//4925 4608//4925 4609//4925
f 4608//4925 4610//4925 4609//4925
f 4609//4926 4610//4926 4611//4926
f 4610//4926 4612//4926 4611//4926
f 4611//4862 4612//4862 4613//4862
f 4612//4862 4614//4862 4613//4862
f 4613//4863 4614//4863 4615//4863
f 4614//4863 4616//4863 4615//4863
f 4615//4864 4616//4864 4617//4864
f 4616//4864 4618//4864 4617//4864
f 4617//4865 4618//4865 4619//4865
f 4618//4865 4620//4865 4619//4865
f 4619//4866 4620//4866 4621//4866
f 4620//4866 4622//4866 4621//4866
f 4621//4867 4622//4867 4623//4867
f 4622//4867 4624//4867 4623//4867
f 4623//4868 4624//4868 4625//4868
f 4624//4868 4626//4868 4625//4868
f 4625//4869 4626//4869 4627//4869
f 4626//4869 4628//4869 4627//4869
f 4627//4870 4628//4870 4629//4870
f 4628//4870 4630//4870 4629//4870
f 4629//4927 4630//4927 4631//4927
f 4630//4927 4632//4927 4631//4927
f 4631//4928 4632//4928 4633//4928
f 4632//4928 4634//4928 4633//4928
f 4633//4873 4634//4873 4635//4873
f 4634//4873 4636//4873 4635//4873
f 4635//4874 4636//4874 4637//4874
f 4636//4874 4638//4874 4637//4874
f 4637//4875 4638//4875 4639//4875
f 4638//4875 4640//4875 4639//4875
f 4639//4929 4640//4929 4641//4929
f 4640//4929 4642//4929 4641//4929
f 4641//4930 4642//4930 4643//4930
f 4642//4930 4644//4930 4643//4930
f 4645//4850 4646//4850 4647//4850
f 4646//4850 4648//4850 4647//4850
f 4647//4931 4648//4931 4649//4931
f 4648//4931 4650//4931 4649//4931
f 4649//4932 4650//4932 4651//4932
f 4650//4932 4652//4932 4651//4932
f 4651//4933 4652//4933 4653//4933
f 4652//4933 4654//4933 4653//4933
f 4653//4934 4654//4934 4655//4934
f 4654//4934 4656//4934 4655//4934
f 4655//4855 4656//4855 4657//4855
f 4656//4855 4658//4855 4657//4855
f 4657//4935 4658//4935 4659//4935
f 4658//4935 4660//4935 4659//4935
f 4659//4936 4660//4936 4661//4936
f 4660//4936 4662//4936 4661//4936
f 4661//4937 4662//4937 4663//4937
f 4662//4937 4664//4937 4663//4937
f 4663//4938 4664//4938 4665//4938
f 4664//4938 4666//4938 4665//4938
f 4665//4939 4666//4939 4667//4939
f 4666//4939 4668//4939 4667//4939
f 4667//4940 4668//4940 4669//4940
f 4668//4940 4670//4940 4669//4940
f 4669//4941 4670//4941 4671//4941
f 4670//4941 4672//4941 4671//4941
f 4671//4942 4672//4942 4673//4942
f 4672//4942 4674//4942 4673//4942
f 4673//4943 4674//4943 4675//4943
f 4674//4943 4676//4943 4675//4943
f 4675//4944 4676//4944 4677//4944
f 4676//4944 4678//4944 4677//4944
f 4677//4945 4678//4945 4679//4945
f 4678//4945 4680//4945 4679//4945
f 4679//4867 4680//4867 4681//4867
f 4680//4867 4682//4867 4681//4867
f 4681//4868 4682//4868 4683//4868
f 4682//4868 4684//4868 4683//4868
f 4683//4946 4684//4946 4685//4946
f 4684//4946 4686//4946 4685//4946
f 4685//4947 4686//4947 4687//4947
f 4686//4947 4688//4947 4687//4947
f 4687//4927 4688//4927 4689//4927
f 4688//4927 4690//4927 4689//4927
f 4689//4948 4690//4948 4691//4948
f 4690//4948 4692//4948 4691//4948
f 4691//4949 4692//4949 4693//4949
f 4692//4949 4694//4949 4693//4949
f 4693//4950 4694//4950 4695//4950
f 4694//4950 4696//4950 4695//4950
f 4695//4951 4696//4951 4697//4951
f 4696//4951 4698//4951 4697//4951
f 4697//4952 4698//4952 4699//4952
f 4698//4952 4700//4952 4699//4952
f 4699//4953 4700//4953 4701//4953
f 4700//4953 4702//4953 4701//4953
f 4703//4796 4704//4796 4705//4796
f 4704//4796 4706//4796 4705//4796
f 4321//101 4707//101 4322//101
f 4707//101 4708//101 4322//101
f 4169//101 4319//101 4170//101
f 4319//101 4320//101 4170//101
f 4709//3098 4710//3098 4711//3098
f 4710//3098 4712//3098 4711//3098
f 4711//3099 4712//3099 4713//3099
f 4712//3099 4714//3099 4713//3099
f 4713//3100 4714//3100 4715//3100
f 4714//3100 4716//3100 4715//3100
f 4715//58 4716//58 4717//58
f 4716//58 4718//58 4717//58
f 4717//59 4718//59 4719//59
f 4718//59 4720//59 4719//59
f 4719//60 4720//60 4721//60
f 4720//60 4722//60 4721//60
f 4721//61 4722//61 4723//61
f 4722//61 4724//61 4723//61
f 4723//62 4724//62 4725//62
f 4724//62 4726//62 4725//62
f 4725//63 4726//63 4727//63
f 4726//63 4728//63 4727//63
f 4727//4954 4728//4954 4729//4954
f 4728//4954 4730//4954 4729//4954
f 4729//4955 4730//4955 4731//4955
f 4730//4955 4732//4955 4731//4955
f 4731//66 4732//66 4733//66
f 4732//66 4734//66 4733//66
f 4733//3102 4734//3102 4735//3102
f 4734//3102 4736//3102 4735//3102
f 4735//4956 4736//4956 4737//4956
f 4736//4956 4738//4956 4737//4956
f 4737//4957 4738//4957 4739//4957
f 4738//4957 4740//4957 4739//4957
f 4739//3103 4740//3103 4741//3103
f 4740//3103 4742//3103 4741//3103
f 4741//3104 4742//3104 4743//3104
f 4742//3104 4744//3104 4743//3104
f 4743//72 4744//72 4745//72
f 4744//72 4746//72 4745//72
f 4745//1 4746//1 4747//1
f 4746//1 4748//1 4747//1
f 4747//3077 4748//3077 4749//3077
f 4748//3077 4750//3077 4749//3077
f 4749//3078 4750//3078 4751//3078
f 4750//3078 4752//3078 4751//3078
f 4751//4958 4752//4958 4753//4958
f 4752//4958 4754//4958 4753//4958
f 4753//4959 4754//4959 4755//4959
f 4754//4959 4756//4959 4755//4959
f 4755//3079 4756//3079 4757//3079
f 4756//3079 4758//3079 4757//3079
f 4757//7 4758//7 4759//7
f 4758//7 4760//7 4759//7
f 4759//4960 4760//4960 4761//4960
f 4760//4960 4762//4960 4761//4960
f 4761//4961 4762//4961 4763//4961
f 4762//4961 4764//4961 4763//4961
f 4763//10 4764//10 4765//10
f 4764//10 4766//10 4765//10
f 4765//11 4766//11 4767//11
f 4766//11 4768//11 4767//11
f 4767//12 4768//12 4769//12
f 4768//12 4770//12 4769//12
f 4769//13 4770//13 4771//13
f 4770//13 4772//13 4771//13
f 4771//14 4772//14 4773//14
f 4772//14 4774//14 4773//14
f 4773//15 4774//15 4775//15
f 4774//15 4776//15 4775//15
f 4775//3081 4776//3081 4777//3081
f 4776//3081 4778//3081 4777//3081
f 4777//3082 4778//3082 4779//3082
f 4778//3082 4780//3082 4779//3082
f 4779//3083 4780//3083 4781//3083
f 4780//3083 4782//3083 4781//3083
f 4781//3084 4782//3084 4783//3084
f 4782//3084 4784//3084 4783//3084
f 4783//3085 4784//3085 4785//3085
f 4784//3085 4786//3085 4785//3085
f 4785//3086 4786//3086 4787//3086
f 4786//3086 4788//3086 4787//3086
f 4787//22 4788//22 4789//22
f 4788//22 4790//22 4789//22
f 4789//23 4790//23 4791//23
f 4790//23 4792//23 4791//23
f 4791//24 4792//24 4793//24
f 4792//24 4794//24 4793//24
f 4793//25 4794//25 4795//25
f 4794//25 4796//25 4795//25
f 4795//26 4796//26 4797//26
f 4796//26 4798//26 4797//26
f 4797//27 4798//27 4799//27
f 4798//27 4800//27 4799//27
f 4799//4962 4800//4962 4801//4962
f 4800//4962 4802//4962 4801//4962
f 4801//4963 4802//4963 4803//4963
f 4802//4963 4804//4963 4803//4963
f 4803//30 4804//30 4805//30
f 4804//30 4806//30 4805//30
f 4805//3088 4806//3088 4807//3088
f 4806//3088 4808//3088 4807//3088
f 4807//4964 4808//4964 4809//4964
f 4808//4964 4810//4964 4809//4964
f 4809//4965 4810//4965 4811//4965
f 4810//4965 4812//4965 4811//4965
f 4811//3089 4812//3089 4813//3089
f 4812//3089 4814//3089 4813//3089
f 4813//3090 4814//3090 4815//3090
f 4814//3090 4816//3090 4815//3090
f 4815//36 4816//36 4817//36
f 4816//36 4818//36 4817//36
f 4817//37 4818//37 4819//37
f 4818//37 4820//37 4819//37
f 4819//3091 4820//3091 4821//3091
f 4820//3091 4822//3091 4821//3091
f 4821//3092 4822//3092 4823//3092
f 4822//3092 4824//3092 4823//3092
f 4823//4966 4824//4966 4825//4966
f 4824//4966 4826//4966 4825//4966
f 4825//4967 4826//4967 4827//4967
f 4826//4967 4828//4967 4827//4967
f 4827//3093 4828//3093 4829//3093
f 4828//3093 4830//3093 4829//3093
f 4829//43 4830//43 4831//43
f 4830//43 4832//43 4831//43
f 4831//4968 4832//4968 4833//4968
f 4832//4968 4834//4968 4833//4968
f 4833//4969 4834//4969 4835//4969
f 4834//4969 4836//4969 4835//4969
f 4835//46 4836//46 4837//46
f 4836//46 4838//46 4837//46
f 4837//47 4838//47 4839//47
f 4838//47 4840//47 4839//47
f 4839//48 4840//48 4841//48
f 4840//48 4842//48 4841//48
f 4841//49 4842//49 4843//49
f 4842//49 4844//49 4843//49
f 4843//50 4844//50 4845//50
f 4844//50 4846//50 4845//50
f 4845//51 4846//51 4847//51
f 4846//51 4848//51 4847//51
f 4847//3095 4848//3095 4849//3095
f 4848//3095 4850//3095 4849//3095
f 4849//3096 4850//3096 4851//3096
f 4850//3096 4852//3096 4851//3096
f 4851//3097 4852//3097 4709//3097
f 4852//3097 4710//3097 4709//3097
f 3975//4970 4168//4970 3976//4970
f 4168//4970 4167//4970 3976//4970
f 4853//101 4854//101 4855//101
f 4856//101 4857//101 4855//101
f 4858//101 4859//101 4860//101
f 4855//101 4857//101 4853//101
f 4857//101 4861//101 4853//101
f 4853//101 4861//101 4860//101
f 4861//101 4862//101 4860//101
f 4860//101 4862//101 4858//101
f 4863//101 4864//101 4865//101
f 4864//101 4866//101 4865//101
f 4865//101 4866//101 4867//101
f 4866//101 4868//101 4867//101
f 4869//101 4870//101 4855//101
f 4870//101 4871//101 4855//101
f 4855//101 4871//101 4856//101
f 4859//101 4872//101 4873//101
f 4863//101 4865//101 4855//101
f 4865//101 4874//101 4855//101
f 4855//101 4874//101 4869//101
f 4873//101 4875//101 4859//101
f 4875//101 4876//101 4859//101
f 4859//101 4876//101 4860//101
f 4877//101 4878//101 4879//101
f 4878//101 4880//101 4879//101
f 4866//101 4881//101 4868//101
f 4881//101 4878//101 4868//101
f 4868//101 4878//101 4882//101
f 4878//101 4877//101 4882//101
f 4883//101 4884//101 4859//101
f 4884//101 4885//101 4859//101
f 4859//101 4885//101 4872//101
f 4883//101 4886//101 4884//101
f 4886//101 4887//101 4884//101
f 4884//101 4887//101 4888//101
f 4887//101 4889//101 4890//101
f 4890//101 4891//101 4887//101
f 4891//101 4892//101 4887//101
f 4887//101 4892//101 4888//101
f 4893//115 4894//115 4895//115
f 4896//115 4897//115 4894//115
f 4898//115 4899//115 4900//115
f 4899//115 4896//115 4900//115
f 4900//115 4896//115 4901//115
f 4896//115 4894//115 4901//115
f 4901//115 4894//115 4902//115
f 4903//115 4904//115 4905//115
f 4906//115 4907//115 4908//115
f 4903//115 4905//115 4909//115
f 4897//115 4910//115 4894//115
f 4910//115 4911//115 4894//115
f 4894//115 4911//115 4912//115
f 4906//115 4908//115 4895//115
f 4908//115 4913//115 4895//115
f 4895//115 4913//115 4893//115
f 4898//115 4900//115 4905//115
f 4900//115 4914//115 4905//115
f 4905//115 4914//115 4909//115
f 4912//115 4915//115 4894//115
f 4915//115 4916//115 4894//115
f 4894//115 4916//115 4895//115
f 4904//115 4917//115 4905//115
f 4917//115 4918//115 4905//115
f 4905//115 4918//115 4919//115
f 4918//115 4920//115 4919//115
f 4921//115 4922//115 4907//115
f 4922//115 4923//115 4907//115
f 4907//115 4923//115 4908//115
f 4921//115 4924//115 4922//115
f 4924//115 4925//115 4922//115
f 4922//115 4925//115 4926//115
f 4920//115 4918//115 4927//115
f 4918//115 4928//115 4927//115
f 4927//115 4928//115 4929//115
f 4929//115 4930//115 4927//115
f 4930//115 4931//115 4927//115
f 4927//115 4931//115 4932//115
f 4900//4971 4860//4971 4876//4971
f 4900//4971 4876//4971 4914//4971
f 4876//4972 4875//4972 4914//4972
f 4914//4972 4875//4972 4909//4972
f 4875//4973 4873//4973 4909//4973
f 4909//4973 4873//4973 4903//4973
f 4873//4974 4872//4974 4903//4974
f 4903//4974 4872//4974 4904//4974
f 4872//4975 4885//4975 4904//4975
f 4904//4975 4885//4975 4917//4975
f 4885//4976 4884//4976 4917//4976
f 4917//4976 4884//4976 4918//4976
f 4884//4977 4888//4977 4918//4977
f 4918//4977 4888//4977 4928//4977
f 4888//4978 4892//4978 4928//4978
f 4928//4978 4892//4978 4929//4978
f 4892//4979 4891//4979 4929//4979
f 4929//4979 4891//4979 4930//4979
f 4891//4980 4890//4980 4930//4980
f 4930//4980 4890//4980 4931//4980
f 4890//4981 4889//4981 4931//4981
f 4931//4981 4889//4981 4932//4981
f 4889//4982 4887//4982 4932//4982
f 4932//4982 4887//4982 4927//4982
f 4887//4983 4886//4983 4927//4983
f 4927//4983 4886//4983 4920//4983
f 4886//4984 4883//4984 4920//4984
f 4920//4984 4883//4984 4919//4984
f 4883//4985 4859//4985 4919//4985
f 4919//4985 4859//4985 4905//4985
f 4859//4986 4858//4986 4905//4986
f 4905//4986 4858//4986 4898//4986
f 4858//4987 4862//4987 4898//4987
f 4898//4987 4862//4987 4899//4987
f 4862//4988 4861//4988 4899//4988
f 4899//4988 4861//4988 4896//4988
f 4897//4989 4857//4989 4856//4989
f 4897//4989 4856//4989 4910//4989
f 4856//4990 4871//4990 4910//4990
f 4910//4990 4871//4990 4911//4990
f 4871//4991 4870//4991 4911//4991
f 4911//4991 4870//4991 4912//4991
f 4870//4992 4869//4992 4912//4992
f 4912//4992 4869//4992 4915//4992
f 4869//4993 4874//4993 4915//4993
f 4915//4993 4874//4993 4916//4993
f 4874//4994 4865//4994 4916//4994
f 4916//4994 4865//4994 4895//4994
f 4865//4995 4867//4995 4895//4995
f 4895//4995 4867//4995 4906//4995
f 4867//4996 4868//4996 4906//4996
f 4906//4996 4868//4996 4907//4996
f 4868//4997 4882//4997 4907//4997
f 4907//4997 4882//4997 4921//4997
f 4882//4998 4877//4998 4921//4998
f 4921//4998 4877//4998 4924//4998
f 4877//4999 4879//4999 4924//4999
f 4924//4999 4879//4999 4925//4999
f 4879//5000 4880//5000 4925//5000
f 4925//5000 4880//5000 4926//5000
f 4880//5001 4878//5001 4926//5001
f 4926//5001 4878//5001 4922//5001
f 4878//5002 4881//5002 4922//5002
f 4922//5002 4881//5002 4923//5002
f 4881//5003 4866//5003 4923//5003
f 4923//5003 4866//5003 4908//5003
f 4866//5004 4864//5004 4908//5004
f 4908//5004 4864//5004 4913//5004
f 4864//5005 4863//5005 4913//5005
f 4913//5005 4863//5005 4893//5005
f 4863//5006 4855//5006 4893//5006
f 4893//5006 4855//5006 4894//5006
f 4933//5007 4934//5007 4935//5007
f 4934//5007 4936//5007 4935//5007
f 4935//5007 4936//5007 4937//5007
f 4937//5007 4938//5007 4935//5007
f 4938//5007 4939//5007 4935//5007
f 4935//5007 4939//5007 4940//5007
f 4941//5007 4942//5007 4943//5007
f 4943//5007 4944//5007 4941//5007
f 4944//5007 4945//5007 4941//5007
f 4941//5007 4945//5007 4946//5007
f 4946//5007 4947//5007 4941//5007
f 4947//5007 4948//5007 4941//5007
f 4941//5007 4948//5007 4949//5007
f 4940//5007 4942//5007 4935//5007
f 4942//5007 4941//5007 4935//5007
f 4935//5008 4941//5008 4950//5008
f 4941//5008 4951//5008 4950//5008
f 4950//5009 4951//5009 4952//5009
f 4951//5009 4953//5009 4952//5009
f 4952//5010 4953//5010 4954//5010
f 4953//5010 4955//5010 4954//5010
f 4954//5011 4955//5011 4956//5011
f 4955//5011 4957//5011 4956//5011
f 4956//5012 4957//5012 4958//5012
f 4957//5012 4959//5012 4958//5012
f 4958//5013 4959//5013 4960//5013
f 4959//5013 4961//5013 4960//5013
f 4960//5014 4961//5014 4962//5014
f 4961//5014 4963//5014 4962//5014
f 4962//5015 4963//5015 4964//5015
f 4963//5015 4965//5015 4964//5015
f 4964//5016 4965//5016 4966//5016
f 4965//5016 4967//5016 4966//5016
f 4966//5017 4967//5017 4968//5017
f 4967//5017 4969//5017 4968//5017
f 4968//5018 4969//5018 4970//5018
f 4969//5018 4971//5018 4970//5018
f 4970//5019 4971//5019 4972//5019
f 4971//5019 4973//5019 4972//5019
f 4972//5020 4973//5020 4974//5020
f 4973//5020 4975//5020 4974//5020
f 4974//5021 4975//5021 4976//5021
f 4975//5021 4977//5021 4976//5021
f 4976//5022 4977//5022 4978//5022
f 4977//5022 4979//5022 4978//5022
f 4978//5023 4979//5023 4980//5023
f 4979//5023 4981//5023 4980//5023
f 4980//5024 4981//5024 4902//5024
f 4981//5024 4901//5024 4902//5024
f 4854//5025 4853//5025 4982//5025
f 4854//5025 4982//5025 4983//5025
f 4982//5026 4984//5026 4983//5026
f 4983//5026 4984//5026 4985//5026
f 4984//5027 4986//5027 4985//5027
f 4985//5027 4986//5027 4987//5027
f 4986//5028 4988//5028 4987//5028
f 4987//5028 4988//5028 4989//5028
f 4988//5029 4990//5029 4989//5029
f 4989//5029 4990//5029 4991//5029
f 4990//5030 4992//5030 4991//5030
f 4991//5030 4992//5030 4993//5030
f 4992//5031 4994//5031 4993//5031
f 4993//5031 4994//5031 4995//5031
f 4994//5032 4996//5032 4995//5032
f 4995//5032 4996//5032 4997//5032
f 4996//5033 4998//5033 4997//5033
f 4997//5033 4998//5033 4999//5033
f 4998//5034 5000//5034 4999//5034
f 4999//5034 5000//5034 5001//5034
f 5000//5035 5002//5035 5001//5035
f 5001//5035 5002//5035 5003//5035
f 5002//5036 5004//5036 5003//5036
f 5003//5036 5004//5036 5005//5036
f 5004//5037 5006//5037 5005//5037
f 5005//5037 5006//5037 5007//5037
f 5006//5038 5008//5038 5007//5038
f 5007//5038 5008//5038 5009//5038
f 5009//5039 5008//5039 3622//5039
f 5008//5039 3620//5039 3622//5039
f 3622//5040 3620//5040 3623//5040
f 3617//5041 3616//5041 5010//5041
f 5010//5041 5011//5041 3617//5041
f 5011//5041 5012//5041 3617//5041
f 3617//5041 5012//5041 5013//5041
f 5013//5041 5014//5041 3617//5041
f 5014//5041 5015//5041 3617//5041
f 3617//5041 5015//5041 5016//5041
f 3620//5040 3619//5040 3623//5040
f 3619//5042 3618//5042 3623//5042
f 3623//5042 3618//5042 3624//5042
f 3618//5043 3617//5043 3624//5043
f 3624//5043 3617//5043 3625//5043
f 3617//5041 5016//5041 3625//5041
f 3625//5041 5016//5041 5017//5041
f 5017//5041 5018//5041 3625//5041
f 5018//5041 5019//5041 3625//5041
f 3625//5041 5019//5041 5020//5041
f 5020//5041 5021//5041 3625//5041
f 5021//5041 5022//5041 3625//5041
f 3625//5041 5022//5041 3626//5041
f 4941//4529 4949//4529 4042//4529
f 4042//4529 3620//4529 5008//4529
f 4961//4529 4042//4529 4963//4529
f 4042//4529 4965//4529 4963//4529
f 4961//4529 4959//4529 4042//4529
f 4959//4529 4957//4529 4042//4529
f 4042//4529 4957//4529 4955//4529
f 4955//4529 4953//4529 4042//4529
f 4953//4529 4951//4529 4042//4529
f 4042//4529 4951//4529 4941//4529
f 4900//4529 4901//4529 4860//4529
f 4901//4529 4981//4529 4860//4529
f 4860//4529 4981//4529 4979//4529
f 4971//4529 4969//4529 4042//4529
f 4969//4529 4967//4529 4042//4529
f 4042//4529 4967//4529 4965//4529
f 4979//4529 4977//4529 4860//4529
f 4977//4529 4975//4529 4860//4529
f 4860//4529 4975//4529 4042//4529
f 4975//4529 4973//4529 4042//4529
f 4042//4529 4973//4529 4971//4529
f 5008//4529 5006//4529 4042//4529
f 5006//4529 5004//4529 4042//4529
f 4042//4529 5004//4529 5002//4529
f 5002//4529 5000//4529 4042//4529
f 5000//4529 4998//4529 4042//4529
f 4042//4529 4998//4529 4996//4529
f 4996//4529 4994//4529 4042//4529
f 4994//4529 4992//4529 4042//4529
f 4042//4529 4992//4529 4990//4529
f 4990//4529 4988//4529 4042//4529
f 4988//4529 4986//4529 4042//4529
f 4042//4529 4986//4529 4984//4529
f 4984//4529 4982//4529 4042//4529
f 4982//4529 4853//4529 4042//4529
f 4042//4529 4853//4529 4860//4529
f 4861//176 4857//176 4896//176
f 4857//176 4897//176 4896//176
f 5009//4528 3622//4528 4027//4528
f 4950//4528 4027//4528 4935//4528
f 4027//4528 4933//4528 4935//4528
f 4950//4528 4952//4528 4027//4528
f 4952//4528 4954//4528 4027//4528
f 4027//4528 4954//4528 4956//4528
f 4956//4528 4958//4528 4027//4528
f 4958//4528 4960//4528 4027//4528
f 4027//4528 4960//4528 4962//4528
f 4962//4528 4964//4528 4027//4528
f 4964//4528 4966//4528 4027//4528
f 4027//4528 4966//4528 4968//4528
f 4855//4528 4976//4528 4978//4528
f 4978//4528 4980//4528 4855//4528
f 4980//4528 4902//4528 4855//4528
f 4855//4528 4902//4528 4894//4528
f 4855//4528 4854//4528 4027//4528
f 4854//4528 4983//4528 4027//4528
f 4027//4528 4983//4528 4985//4528
f 4985//4528 4987//4528 4027//4528
f 4987//4528 4989//4528 4027//4528
f 4027//4528 4989//4528 4991//4528
f 4991//4528 4993//4528 4027//4528
f 4993//4528 4995//4528 4027//4528
f 4027//4528 4995//4528 4997//4528
f 4997//4528 4999//4528 4027//4528
f 4999//4528 5001//4528 4027//4528
f 4027//4528 5001//4528 5003//4528
f 5003//4528 5005//4528 4027//4528
f 5005//4528 5007//4528 4027//4528
f 4027//4528 5007//4528 5009//4528
f 4968//4528 4970//4528 4027//4528
f 4970//4528 4972//4528 4027//4528
f 4027//4528 4972//4528 4855//4528
f 4972//4528 4974//4528 4855//4528
f 4855//4528 4974//4528 4976//4528
f 5023//176 5024//176 5025//176
f 3702//176 3700//176 4059//176
f 4933//176 4027//176 4026//176
f 4506//176 5026//176 4508//176
f 5026//176 4510//176 4508//176
f 4506//176 4504//176 5026//176
f 4504//176 4502//176 5026//176
f 5026//176 4502//176 4500//176
f 4454//176 4452//176 5027//176
f 4452//176 4450//176 5027//176
f 4444//176 4442//176 5027//176
f 4442//176 4440//176 5027//176
f 5027//176 4440//176 4438//176
f 4450//176 4448//176 5027//176
f 4448//176 4446//176 5027//176
f 5027//176 4446//176 4444//176
f 4438//176 4436//176 5027//176
f 4436//176 4434//176 5027//176
f 5027//176 4434//176 4125//176
f 4434//176 4432//176 4125//176
f 4125//176 4432//176 4430//176
f 4430//176 4428//176 4125//176
f 4428//176 4426//176 4125//176
f 4125//176 4426//176 4424//176
f 4424//176 4422//176 4125//176
f 4422//176 4420//176 4125//176
f 4125//176 4420//176 4418//176
f 4418//176 4568//176 4125//176
f 4568//176 4566//176 4125//176
f 4125//176 4566//176 4564//176
f 4558//176 4556//176 4125//176
f 4530//176 4528//176 4151//176
f 4528//176 4526//176 4151//176
f 4151//176 4526//176 4524//176
f 4524//176 4522//176 4151//176
f 4522//176 4520//176 4151//176
f 4151//176 4520//176 5026//176
f 4520//176 4518//176 5026//176
f 5026//176 4518//176 4516//176
f 4564//176 4562//176 4125//176
f 4562//176 4560//176 4125//176
f 4125//176 4560//176 4558//176
f 4538//176 4536//176 4151//176
f 4548//176 4546//176 4123//176
f 4516//176 4513//176 5026//176
f 4513//176 4512//176 5026//176
f 5026//176 4512//176 4510//176
f 4556//176 4554//176 4125//176
f 4554//176 4552//176 4125//176
f 4125//176 4552//176 4123//176
f 4552//176 4550//176 4123//176
f 4123//176 4550//176 4548//176
f 4536//176 4534//176 4151//176
f 4534//176 4532//176 4151//176
f 4151//176 4532//176 4530//176
f 4546//176 4544//176 4123//176
f 4544//176 4542//176 4123//176
f 4123//176 4542//176 4151//176
f 4542//176 4540//176 4151//176
f 4151//176 4540//176 4538//176
f 4458//176 4456//176 5028//176
f 4456//176 4454//176 5028//176
f 4464//176 4462//176 5028//176
f 4462//176 4460//176 5028//176
f 5028//176 4460//176 4458//176
f 4484//176 4482//176 4933//176
f 4482//176 4480//176 4933//176
f 4472//176 4470//176 4934//176
f 4470//176 4468//176 4934//176
f 4468//176 4466//176 4934//176
f 4934//176 4466//176 4464//176
f 4480//176 4478//176 4933//176
f 4478//176 4475//176 4933//176
f 4933//176 4475//176 4934//176
f 4475//176 4474//176 4934//176
f 4934//176 4474//176 4472//176
f 4498//176 4496//176 5029//176
f 4496//176 4494//176 5029//176
f 5029//176 4494//176 4492//176
f 4492//176 4490//176 5029//176
f 4490//176 4488//176 5029//176
f 5029//176 4488//176 4933//176
f 4488//176 4486//176 4933//176
f 4933//176 4486//176 4484//176
f 5030//176 5031//176 5032//176
f 5033//176 5034//176 4129//176
f 5034//176 5035//176 4129//176
f 5035//176 5036//176 4129//176
f 4129//176 5036//176 5037//176
f 5037//176 5038//176 4129//176
f 5038//176 4570//176 4129//176
f 4129//176 4570//176 4416//176
f 4127//176 5039//176 5040//176
f 5041//176 5030//176 5042//176
f 5030//176 5043//176 5042//176
f 5041//176 5044//176 5030//176
f 5044//176 5045//176 5030//176
f 5030//176 5045//176 5031//176
f 5046//176 5047//176 5048//176
f 5048//176 5049//176 5046//176
f 5049//176 5050//176 5046//176
f 5046//176 5050//176 5051//176
f 5051//176 5052//176 5046//176
f 5052//176 5053//176 5046//176
f 5046//176 5053//176 5054//176
f 5032//176 5055//176 5030//176
f 5055//176 5056//176 5030//176
f 5030//176 5056//176 4129//176
f 5056//176 5057//176 4129//176
f 4129//176 5057//176 5033//176
f 4416//176 4414//176 4129//176
f 4414//176 4412//176 4129//176
f 4129//176 4412//176 4410//176
f 4384//176 4379//176 4127//176
f 4379//176 4381//176 4127//176
f 4127//176 4381//176 5039//176
f 5040//176 5058//176 4127//176
f 5058//176 5059//176 4127//176
f 4127//176 5059//176 5060//176
f 4127//176 5061//176 5046//176
f 5061//176 5062//176 5046//176
f 5046//176 5062//176 5047//176
f 4396//176 4394//176 4127//176
f 4394//176 4392//176 4127//176
f 4127//176 4392//176 4390//176
f 5060//176 5063//176 4127//176
f 5063//176 5064//176 4127//176
f 4127//176 5064//176 5061//176
f 4410//176 4408//176 4129//176
f 4408//176 4406//176 4129//176
f 4129//176 4406//176 4404//176
f 4404//176 4402//176 4129//176
f 4402//176 4400//176 4129//176
f 4129//176 4400//176 4127//176
f 4400//176 4398//176 4127//176
f 4127//176 4398//176 4396//176
f 4390//176 4388//176 4127//176
f 4388//176 4386//176 4127//176
f 4127//176 4386//176 4384//176
f 5065//176 5066//176 5067//176
f 5067//176 5068//176 5065//176
f 5068//176 5069//176 5065//176
f 5065//176 5069//176 5030//176
f 5069//176 5070//176 5030//176
f 5030//176 5070//176 5043//176
f 5071//176 5072//176 4936//176
f 5072//176 5073//176 4936//176
f 4936//176 5073//176 5074//176
f 5075//176 4937//176 5076//176
f 4937//176 5077//176 5076//176
f 5075//176 5078//176 4937//176
f 5078//176 5079//176 4937//176
f 4937//176 5079//176 5065//176
f 5079//176 5080//176 5065//176
f 5065//176 5080//176 5066//176
f 5074//176 5081//176 4936//176
f 5081//176 5082//176 4936//176
f 4936//176 5082//176 4937//176
f 5082//176 5083//176 4937//176
f 4937//176 5083//176 5077//176
f 5084//176 5085//176 5086//176
f 5085//176 5087//176 5086//176
f 5087//176 5088//176 5086//176
f 5086//176 5088//176 5089//176
f 5090//176 5091//176 4131//176
f 5090//176 4131//176 5092//176
f 5093//176 5094//176 5095//176
f 5093//176 5095//176 5096//176
f 4133//176 5097//176 5098//176
f 5098//176 5099//176 4133//176
f 5099//176 5100//176 4133//176
f 4133//176 5100//176 5101//176
f 5102//176 5103//176 4131//176
f 5103//176 5104//176 4131//176
f 4131//176 5104//176 5092//176
f 5094//176 5105//176 5095//176
f 5105//176 5106//176 5095//176
f 5095//176 5106//176 5107//176
f 5108//176 5109//176 5110//176
f 5109//176 5111//176 5110//176
f 5110//176 5111//176 5112//176
f 5112//176 5113//176 5110//176
f 5113//176 5114//176 5110//176
f 5110//176 5114//176 5115//176
f 5115//176 5116//176 5110//176
f 5116//176 5117//176 5110//176
f 5110//176 5117//176 4133//176
f 5117//176 5118//176 4133//176
f 4133//176 5118//176 5097//176
f 5091//176 5119//176 4131//176
f 5119//176 5120//176 4131//176
f 4131//176 5120//176 5095//176
f 5120//176 5121//176 5095//176
f 5095//176 5121//176 5096//176
f 5101//176 5122//176 4133//176
f 5122//176 4577//176 4133//176
f 4133//176 4577//176 4578//176
f 5123//176 5124//176 4131//176
f 5124//176 5125//176 4131//176
f 4131//176 5125//176 5126//176
f 5126//176 5127//176 4131//176
f 5127//176 5128//176 4131//176
f 4131//176 5128//176 5129//176
f 4578//176 5130//176 4133//176
f 5130//176 5131//176 4133//176
f 4133//176 5131//176 5132//176
f 5133//176 5134//176 4133//176
f 5134//176 5135//176 4133//176
f 4133//176 5135//176 4131//176
f 5135//176 5136//176 4131//176
f 4131//176 5136//176 5123//176
f 5132//176 5137//176 4133//176
f 5137//176 5138//176 4133//176
f 4133//176 5138//176 5133//176
f 5129//176 5139//176 4131//176
f 5139//176 5140//176 4131//176
f 4131//176 5140//176 5102//176
f 5141//176 5142//176 5143//176
f 5142//176 5144//176 5143//176
f 5143//176 5144//176 5145//176
f 5145//176 5146//176 5143//176
f 5146//176 5147//176 5143//176
f 5143//176 5147//176 5110//176
f 5147//176 5148//176 5110//176
f 5110//176 5148//176 5108//176
f 5149//176 5150//176 4938//176
f 5150//176 5151//176 4938//176
f 4939//176 5152//176 5141//176
f 5151//176 5153//176 4938//176
f 5153//176 5154//176 4938//176
f 4938//176 5154//176 5155//176
f 5156//176 5157//176 4939//176
f 5157//176 5158//176 4939//176
f 4939//176 5158//176 5152//176
f 5155//176 5159//176 4938//176
f 5159//176 5160//176 4938//176
f 4938//176 5160//176 4939//176
f 5160//176 5161//176 4939//176
f 4939//176 5161//176 5156//176
f 5162//176 5163//176 5149//176
f 5163//176 5164//176 5149//176
f 5149//176 5164//176 5150//176
f 5107//176 5165//176 5095//176
f 5165//176 5166//176 5095//176
f 5095//176 5166//176 5149//176
f 5166//176 5167//176 5149//176
f 5149//176 5167//176 5162//176
f 5168//176 5169//176 5170//176
f 5171//176 5172//176 4135//176
f 5172//176 5173//176 4135//176
f 4135//176 5173//176 5174//176
f 5175//176 4135//176 5176//176
f 4135//176 5177//176 5176//176
f 5178//176 5110//176 5179//176
f 5110//176 5180//176 5179//176
f 5179//176 5180//176 5181//176
f 5180//176 5182//176 5181//176
f 5183//176 5184//176 5185//176
f 4582//176 5186//176 4133//176
f 5186//176 5187//176 4133//176
f 5187//176 5188//176 4133//176
f 5188//176 5189//176 4133//176
f 4133//176 5189//176 5190//176
f 5191//176 4133//176 5192//176
f 4133//176 5193//176 5192//176
f 5191//176 5194//176 4133//176
f 5194//176 5195//176 4133//176
f 4133//176 5195//176 5196//176
f 5182//176 5180//176 5197//176
f 5180//176 5198//176 5197//176
f 5197//176 5198//176 5199//176
f 5199//176 5200//176 5197//176
f 5200//176 5201//176 5197//176
f 5197//176 5201//176 5202//176
f 5203//176 5204//176 5183//176
f 5204//176 5205//176 5183//176
f 5183//176 5205//176 5206//176
f 5207//176 5208//176 5209//176
f 5175//176 5210//176 4135//176
f 5210//176 5211//176 4135//176
f 4135//176 5211//176 5212//176
f 5190//176 5213//176 4133//176
f 5213//176 5214//176 4133//176
f 4133//176 5214//176 5215//176
f 5216//176 5217//176 5218//176
f 5217//176 5168//176 5218//176
f 5218//176 5168//176 5219//176
f 5168//176 5170//176 5219//176
f 5216//176 5220//176 5217//176
f 5220//176 5221//176 5217//176
f 5217//176 5221//176 5222//176
f 5206//176 5223//176 5183//176
f 5223//176 5224//176 5183//176
f 5183//176 5224//176 5184//176
f 5185//176 5225//176 5183//176
f 5225//176 5226//176 5183//176
f 5183//176 5226//176 4135//176
f 5226//176 5227//176 4135//176
f 4135//176 5227//176 5171//176
f 5228//176 5229//176 4135//176
f 5229//176 5230//176 4135//176
f 4135//176 5230//176 5231//176
f 5231//176 5232//176 4135//176
f 5232//176 5233//176 4135//176
f 4135//176 5233//176 5177//176
f 5212//176 5234//176 4135//176
f 5234//176 5235//176 4135//176
f 4135//176 5235//176 4133//176
f 5235//176 4581//176 4133//176
f 4133//176 4581//176 4582//176
f 5215//176 5236//176 4133//176
f 5236//176 5237//176 4133//176
f 4133//176 5237//176 5193//176
f 5196//176 5238//176 4133//176
f 5238//176 5239//176 4133//176
f 4133//176 5239//176 5110//176
f 5239//176 5240//176 5110//176
f 5110//176 5240//176 5241//176
f 5241//176 5242//176 5110//176
f 5242//176 5243//176 5110//176
f 5110//176 5243//176 5244//176
f 5222//176 5245//176 5217//176
f 5245//176 5246//176 5217//176
f 5217//176 5246//176 5247//176
f 5246//176 5197//176 5247//176
f 5247//176 5197//176 5248//176
f 5197//176 5202//176 5248//176
f 5169//176 5168//176 5249//176
f 5168//176 5250//176 5249//176
f 5249//176 5250//176 5251//176
f 5244//176 5252//176 5110//176
f 5252//176 5253//176 5110//176
f 5110//176 5253//176 5254//176
f 5251//176 5255//176 5249//176
f 5255//176 5256//176 5249//176
f 5249//176 5256//176 5257//176
f 5256//176 5258//176 5257//176
f 5208//176 5259//176 5260//176
f 5254//176 5261//176 5110//176
f 5261//176 5262//176 5110//176
f 5110//176 5262//176 5263//176
f 5207//176 5264//176 5208//176
f 5264//176 5265//176 5208//176
f 5208//176 5265//176 5259//176
f 5258//176 5266//176 5257//176
f 5266//176 5267//176 5257//176
f 5257//176 5267//176 5268//176
f 5267//176 5208//176 5268//176
f 5268//176 5208//176 5269//176
f 5208//176 5260//176 5269//176
f 5174//176 5270//176 4135//176
f 5270//176 4585//176 4135//176
f 4135//176 4585//176 4586//176
f 5263//176 5271//176 5110//176
f 5271//176 5272//176 5110//176
f 5110//176 5272//176 5273//176
f 5273//176 5274//176 5110//176
f 5274//176 5275//176 5110//176
f 5110//176 5275//176 5276//176
f 5276//176 5277//176 5110//176
f 5277//176 5278//176 5110//176
f 5110//176 5278//176 5180//176
f 4586//176 5279//176 4135//176
f 5279//176 5280//176 4135//176
f 4135//176 5280//176 5281//176
f 5281//176 5282//176 4135//176
f 5282//176 5283//176 4135//176
f 4135//176 5283//176 5284//176
f 5284//176 5285//176 4135//176
f 5285//176 5286//176 4135//176
f 4135//176 5286//176 5287//176
f 5209//176 5288//176 5207//176
f 5288//176 5289//176 5207//176
f 5207//176 5289//176 5287//176
f 5289//176 5290//176 5287//176
f 5287//176 5290//176 4135//176
f 5290//176 5291//176 4135//176
f 4135//176 5291//176 5228//176
f 5292//176 5293//176 5294//176
f 5293//176 5295//176 5294//176
f 5294//176 5295//176 5296//176
f 5296//176 5297//176 5294//176
f 5297//176 5298//176 5294//176
f 5294//176 5298//176 5183//176
f 5298//176 5299//176 5183//176
f 5183//176 5299//176 5203//176
f 5300//176 5301//176 4939//176
f 5301//176 5302//176 4939//176
f 5303//176 5304//176 4940//176
f 5304//176 5305//176 4940//176
f 5305//176 5306//176 4940//176
f 5306//176 5307//176 4940//176
f 4940//176 5307//176 5292//176
f 5141//176 5143//176 4939//176
f 5143//176 5308//176 4939//176
f 4939//176 5308//176 5300//176
f 5302//176 5309//176 4939//176
f 5309//176 5310//176 4939//176
f 4939//176 5310//176 4940//176
f 5310//176 5311//176 4940//176
f 4940//176 5311//176 5303//176
f 5178//176 5312//176 5110//176
f 5312//176 5313//176 5110//176
f 5110//176 5313//176 5143//176
f 5313//176 5314//176 5143//176
f 5143//176 5314//176 5315//176
f 5315//176 5316//176 5143//176
f 5316//176 5317//176 5143//176
f 5143//176 5317//176 5308//176
f 4600//176 4598//176 4147//176
f 4598//176 4596//176 4147//176
f 4147//176 4596//176 4594//176
f 5318//176 5319//176 4145//176
f 5320//176 5321//176 4147//176
f 5319//176 5322//176 4145//176
f 5322//176 5323//176 4145//176
f 4145//176 5323//176 5324//176
f 4614//176 4612//176 5025//176
f 4612//176 4610//176 5025//176
f 5025//176 4610//176 4608//176
f 5325//176 5326//176 4145//176
f 5327//176 5328//176 5329//176
f 5329//176 5330//176 5327//176
f 5330//176 5331//176 5327//176
f 5327//176 5331//176 5332//176
f 4608//176 4606//176 5025//176
f 4606//176 4604//176 5025//176
f 5025//176 4604//176 4147//176
f 4604//176 4602//176 4147//176
f 4147//176 4602//176 4600//176
f 5326//176 5333//176 4145//176
f 5333//176 5334//176 4145//176
f 4145//176 5334//176 5335//176
f 5335//176 5336//176 4145//176
f 5336//176 5337//176 4145//176
f 4145//176 5337//176 5318//176
f 5324//176 5338//176 4145//176
f 5338//176 5339//176 4145//176
f 4145//176 5339//176 5340//176
f 4620//176 4618//176 5025//176
f 4618//176 4616//176 5025//176
f 5025//176 4616//176 4614//176
f 5341//176 5342//176 4147//176
f 5342//176 5343//176 4147//176
f 4147//176 5343//176 5320//176
f 5340//176 5344//176 4145//176
f 5344//176 5345//176 4145//176
f 4145//176 5345//176 5327//176
f 5345//176 5346//176 5327//176
f 5327//176 5346//176 5347//176
f 5347//176 5348//176 5327//176
f 5348//176 5349//176 5327//176
f 5327//176 5349//176 5328//176
f 4594//176 4592//176 4147//176
f 4592//176 4590//176 4147//176
f 4147//176 4590//176 4588//176
f 5321//176 5350//176 4147//176
f 5350//176 5351//176 4147//176
f 4147//176 5351//176 4145//176
f 5351//176 5352//176 4145//176
f 4145//176 5352//176 5325//176
f 4588//176 5353//176 4147//176
f 5353//176 5354//176 4147//176
f 4147//176 5354//176 5341//176
f 4630//176 4628//176 5355//176
f 4628//176 4626//176 5355//176
f 4626//176 4624//176 5355//176
f 5355//176 4624//176 5025//176
f 4624//176 4622//176 5025//176
f 5025//176 4622//176 4620//176
f 4638//176 4947//176 4640//176
f 4947//176 4642//176 4640//176
f 4638//176 4636//176 4947//176
f 4636//176 4634//176 4947//176
f 4947//176 4634//176 5355//176
f 4634//176 4632//176 5355//176
f 5355//176 4632//176 4630//176
f 5356//176 5357//176 4946//176
f 5357//176 5358//176 4946//176
f 5358//176 5359//176 4946//176
f 4946//176 5359//176 5360//176
f 5360//176 5361//176 4946//176
f 5361//176 5362//176 4946//176
f 4946//176 5362//176 4947//176
f 5362//176 4644//176 4947//176
f 4947//176 4644//176 4642//176
f 5363//176 5364//176 5365//176
f 5364//176 5366//176 5365//176
f 5366//176 5367//176 5365//176
f 5365//176 5367//176 5356//176
f 5368//176 5369//176 4137//176
f 5368//176 4137//176 5370//176
f 4678//176 4676//176 5371//176
f 4676//176 4674//176 5371//176
f 5371//176 4674//176 4672//176
f 4139//176 4648//176 4646//176
f 5372//176 5373//176 4139//176
f 5374//176 5375//176 5376//176
f 5376//176 5377//176 5374//176
f 5377//176 5378//176 5374//176
f 5374//176 5378//176 5379//176
f 4672//176 4670//176 5371//176
f 4670//176 4668//176 5371//176
f 5371//176 4668//176 4666//176
f 5369//176 5380//176 4137//176
f 5380//176 5381//176 4137//176
f 4137//176 5381//176 5382//176
f 5382//176 5383//176 4137//176
f 5383//176 5384//176 4137//176
f 4137//176 5384//176 5374//176
f 5384//176 5385//176 5374//176
f 5374//176 5385//176 5386//176
f 4658//176 4656//176 4139//176
f 4656//176 4654//176 4139//176
f 4646//176 5387//176 4139//176
f 5387//176 5388//176 4139//176
f 4139//176 5388//176 5389//176
f 5386//176 5390//176 5374//176
f 5390//176 5391//176 5374//176
f 5374//176 5391//176 5375//176
f 5389//176 5392//176 4139//176
f 5392//176 5393//176 4139//176
f 4139//176 5393//176 5372//176
f 5373//176 5394//176 4139//176
f 5394//176 5395//176 4139//176
f 4139//176 5395//176 4137//176
f 4666//176 4664//176 5371//176
f 4664//176 4662//176 5371//176
f 5371//176 4662//176 4139//176
f 4662//176 4660//176 4139//176
f 4139//176 4660//176 4658//176
f 4654//176 4652//176 4139//176
f 4652//176 4650//176 4139//176
f 4139//176 4650//176 4648//176
f 5395//176 5396//176 4137//176
f 5396//176 5397//176 4137//176
f 4137//176 5397//176 5398//176
f 5398//176 5399//176 4137//176
f 5399//176 5400//176 4137//176
f 4137//176 5400//176 5401//176
f 5401//176 5402//176 4137//176
f 5402//176 5403//176 4137//176
f 4137//176 5403//176 5370//176
f 4688//176 4686//176 5404//176
f 4686//176 4684//176 5404//176
f 4684//176 4682//176 5404//176
f 5404//176 4682//176 5371//176
f 4682//176 4680//176 5371//176
f 5371//176 4680//176 4678//176
f 4696//176 4943//176 4698//176
f 4943//176 4700//176 4698//176
f 4696//176 4694//176 4943//176
f 4694//176 4692//176 4943//176
f 4943//176 4692//176 5404//176
f 4692//176 4690//176 5404//176
f 5404//176 4690//176 4688//176
f 5405//176 5406//176 4942//176
f 5406//176 5407//176 4942//176
f 4942//176 5407//176 5408//176
f 5408//176 5409//176 4942//176
f 5409//176 5410//176 4942//176
f 4942//176 5410//176 4943//176
f 5410//176 4702//176 4943//176
f 4943//176 4702//176 4700//176
f 5379//176 5411//176 5374//176
f 5411//176 5412//176 5374//176
f 5374//176 5412//176 5413//176
f 5412//176 5414//176 5413//176
f 5413//176 5414//176 5415//176
f 5415//176 5416//176 5413//176
f 5416//176 5417//176 5413//176
f 5413//176 5417//176 5418//176
f 4794//176 4792//176 4022//176
f 4762//176 4760//176 5026//176
f 4760//176 4758//176 5026//176
f 4748//176 5026//176 4750//176
f 5026//176 4752//176 4750//176
f 4740//176 4738//176 4151//176
f 3978//176 4824//176 4822//176
f 4810//176 4018//176 4812//176
f 4018//176 4814//176 4812//176
f 4810//176 4808//176 4018//176
f 4808//176 4806//176 4018//176
f 4018//176 4806//176 4804//176
f 4022//176 4786//176 4784//176
f 4758//176 4756//176 5026//176
f 4756//176 4754//176 5026//176
f 5026//176 4754//176 4752//176
f 4792//176 4790//176 4022//176
f 4790//176 4788//176 4022//176
f 4022//176 4788//176 4786//176
f 4834//176 4832//176 3978//176
f 4832//176 4830//176 3978//176
f 4820//176 4818//176 4018//176
f 4818//176 4816//176 4018//176
f 4018//176 4816//176 4814//176
f 5026//176 4776//176 4774//176
f 4768//176 4766//176 5026//176
f 4766//176 4764//176 5026//176
f 5026//176 4764//176 4762//176
f 4748//176 4746//176 5026//176
f 4746//176 4744//176 5026//176
f 5026//176 4744//176 4151//176
f 4744//176 4742//176 4151//176
f 4151//176 4742//176 4740//176
f 4738//176 4736//176 4151//176
f 4736//176 4734//176 4151//176
f 4151//176 4734//176 4732//176
f 4732//176 4730//176 4151//176
f 4730//176 4728//176 4151//176
f 4151//176 4728//176 4726//176
f 4830//176 4828//176 3978//176
f 4828//176 4826//176 3978//176
f 3978//176 4826//176 4824//176
f 4804//176 4802//176 4018//176
f 4802//176 4800//176 4018//176
f 4018//176 4800//176 4016//176
f 4800//176 4798//176 4016//176
f 4016//176 4798//176 4022//176
f 4798//176 4796//176 4022//176
f 4022//176 4796//176 4794//176
f 4784//176 4782//176 4022//176
f 4782//176 4780//176 4022//176
f 4022//176 4780//176 5026//176
f 4780//176 4778//176 5026//176
f 5026//176 4778//176 4776//176
f 4161//176 4159//176 4718//176
f 4774//176 4772//176 5026//176
f 4772//176 4770//176 5026//176
f 5026//176 4770//176 4768//176
f 4726//176 4724//176 4151//176
f 4724//176 4722//176 4151//176
f 4151//176 4722//176 4153//176
f 4722//176 4720//176 4153//176
f 4153//176 4720//176 4155//176
f 4844//176 4842//176 3976//176
f 4842//176 4840//176 3976//176
f 4840//176 4838//176 3976//176
f 3976//176 4838//176 3978//176
f 4838//176 4836//176 3978//176
f 3978//176 4836//176 4834//176
f 4714//176 4712//176 4167//176
f 4712//176 4710//176 4167//176
f 4167//176 4710//176 4852//176
f 4852//176 4850//176 4167//176
f 4850//176 4848//176 4167//176
f 4167//176 4848//176 3976//176
f 4848//176 4846//176 3976//176
f 3976//176 4846//176 4844//176
f 4718//176 4159//176 4720//176
f 4159//176 4157//176 4720//176
f 4720//176 4157//176 4155//176
f 4714//176 4167//176 4716//176
f 4167//176 4165//176 4716//176
f 4716//176 4165//176 4718//176
f 4165//176 4163//176 4718//176
f 4718//176 4163//176 4161//176
f 3996//176 3998//176 4008//176
f 4822//176 4820//176 3978//176
f 4820//176 4018//176 3978//176
f 3978//176 4018//176 4015//176
f 4018//176 3980//176 4015//176
f 4015//176 3980//176 3982//176
f 4015//176 3988//176 3990//176
f 3996//176 4008//176 3994//176
f 4008//176 4010//176 3994//176
f 3994//176 4010//176 4012//176
f 3990//176 3992//176 4015//176
f 3992//176 3994//176 4015//176
f 4015//176 3994//176 4014//176
f 3994//176 4012//176 4014//176
f 3982//176 3984//176 4015//176
f 3984//176 3986//176 4015//176
f 4015//176 3986//176 3988//176
f 3998//176 4000//176 4008//176
f 4000//176 4002//176 4008//176
f 4008//176 4002//176 4006//176
f 4002//176 4004//176 4006//176
f 4500//176 4498//176 5026//176
f 4498//176 5029//176 5026//176
f 5026//176 5029//176 4022//176
f 5029//176 4024//176 4022//176
f 4933//176 4026//176 5029//176
f 4026//176 4039//176 5029//176
f 5029//176 4039//176 4037//176
f 4037//176 4035//176 5029//176
f 4035//176 4033//176 5029//176
f 5029//176 4033//176 4031//176
f 4031//176 4029//176 5029//176
f 4029//176 4025//176 5029//176
f 5029//176 4025//176 4024//176
f 4464//176 5028//176 4934//176
f 5028//176 5086//176 4934//176
f 4934//176 5086//176 4936//176
f 5086//176 5089//176 4936//176
f 4936//176 5089//176 5071//176
f 5292//176 5294//176 4940//176
f 5294//176 5413//176 4940//176
f 4940//176 5413//176 4942//176
f 5413//176 5418//176 4942//176
f 4942//176 5418//176 5405//176
f 5419//176 3892//176 4944//176
f 3892//176 3890//176 4944//176
f 3890//176 3888//176 4944//176
f 3888//176 3886//176 4944//176
f 4944//176 3886//176 3884//176
f 5420//176 5421//176 4945//176
f 5421//176 5422//176 4945//176
f 3884//176 3882//176 4944//176
f 3882//176 3877//176 4944//176
f 4944//176 3877//176 4945//176
f 3877//176 3879//176 4945//176
f 4945//176 3879//176 5420//176
f 5356//176 4946//176 5365//176
f 4946//176 4945//176 5365//176
f 5365//176 4945//176 5423//176
f 4043//176 4042//176 4949//176
f 4059//176 4057//176 4949//176
f 4057//176 4055//176 4949//176
f 3720//176 3718//176 4949//176
f 3718//176 3716//176 4949//176
f 4055//176 4053//176 4949//176
f 4053//176 4051//176 4949//176
f 4949//176 4051//176 4049//176
f 4049//176 4047//176 4949//176
f 4047//176 4045//176 4949//176
f 4949//176 4045//176 4043//176
f 5424//176 5425//176 4948//176
f 5425//176 5426//176 4948//176
f 5426//176 5427//176 4948//176
f 5427//176 3723//176 4948//176
f 4948//176 3723//176 4949//176
f 3723//176 3722//176 4949//176
f 4949//176 3722//176 3720//176
f 3716//176 3714//176 4949//176
f 3714//176 3712//176 4949//176
f 4949//176 3712//176 4059//176
f 3712//176 3710//176 4059//176
f 4059//176 3710//176 3708//176
f 3708//176 3706//176 4059//176
f 3706//176 3704//176 4059//176
f 4059//176 3704//176 3702//176
f 5428//176 5429//176 4059//176
f 3690//176 5430//176 5431//176
f 5432//176 3690//176 5433//176
f 3690//176 5434//176 5433//176
f 5429//176 5435//176 4059//176
f 5435//176 5436//176 4059//176
f 4059//176 5436//176 5437//176
f 5431//176 5438//176 3690//176
f 5438//176 5439//176 3690//176
f 3690//176 5439//176 5440//176
f 3698//176 5441//176 3700//176
f 5441//176 5442//176 3700//176
f 5440//176 5443//176 3690//176
f 5443//176 5444//176 3690//176
f 3690//176 5444//176 5434//176
f 5442//176 5445//176 3700//176
f 5445//176 5446//176 3700//176
f 3700//176 5446//176 4059//176
f 5446//176 5447//176 4059//176
f 4059//176 5447//176 5448//176
f 5448//176 5449//176 4059//176
f 5449//176 5450//176 4059//176
f 4059//176 5450//176 5428//176
f 5451//176 5452//176 4061//176
f 5453//176 5454//176 4101//176
f 5455//176 5456//176 5457//176
f 3690//176 5458//176 5459//176
f 5437//176 5460//176 4059//176
f 5460//176 5461//176 4059//176
f 4059//176 5461//176 4061//176
f 5461//176 5462//176 4061//176
f 4061//176 5462//176 5451//176
f 5463//176 4103//176 5464//176
f 4103//176 4101//176 5464//176
f 5464//176 4101//176 5465//176
f 4101//176 5454//176 5465//176
f 5463//176 5466//176 4103//176
f 5466//176 5467//176 4103//176
f 4103//176 5467//176 5468//176
f 5468//176 5469//176 4103//176
f 5469//176 5470//176 4103//176
f 4103//176 5470//176 4105//176
f 5470//176 5471//176 4105//176
f 4105//176 5471//176 4107//176
f 5471//176 5472//176 4107//176
f 4107//176 5472//176 4109//176
f 5432//176 5473//176 3690//176
f 5473//176 5474//176 3690//176
f 3690//176 5474//176 5458//176
f 5452//176 5475//176 4061//176
f 5475//176 5476//176 4061//176
f 4061//176 5476//176 4063//176
f 5476//176 5477//176 4063//176
f 4063//176 5477//176 4065//176
f 5477//176 5478//176 4065//176
f 4065//176 5478//176 4067//176
f 5478//176 5479//176 4067//176
f 4067//176 5479//176 4069//176
f 5479//176 5480//176 4069//176
f 4069//176 5480//176 4071//176
f 5480//176 5481//176 4071//176
f 4071//176 5481//176 4073//176
f 5481//176 5482//176 4073//176
f 4073//176 5482//176 4075//176
f 5482//176 5483//176 4075//176
f 4075//176 5483//176 4077//176
f 5483//176 5484//176 4077//176
f 4077//176 5484//176 4079//176
f 5484//176 5485//176 4079//176
f 4079//176 5485//176 4081//176
f 5485//176 5486//176 4081//176
f 4081//176 5486//176 4083//176
f 5486//176 5487//176 4083//176
f 4083//176 5487//176 4085//176
f 5487//176 5488//176 4085//176
f 4085//176 5488//176 4087//176
f 5488//176 5489//176 4087//176
f 4087//176 5489//176 4089//176
f 5489//176 5490//176 4089//176
f 4089//176 5490//176 4091//176
f 5490//176 5491//176 4091//176
f 4091//176 5491//176 4093//176
f 5491//176 5492//176 4093//176
f 4093//176 5492//176 4095//176
f 5492//176 5493//176 4095//176
f 4095//176 5493//176 4097//176
f 5493//176 5494//176 4097//176
f 4097//176 5494//176 4099//176
f 5494//176 5495//176 4099//176
f 4099//176 5495//176 4101//176
f 5495//176 5496//176 4101//176
f 4101//176 5496//176 5453//176
f 5457//176 5497//176 5498//176
f 5459//176 5499//176 3690//176
f 5499//176 5500//176 3690//176
f 3690//176 5500//176 3692//176
f 5500//176 5501//176 3692//176
f 3692//176 5501//176 3694//176
f 5501//176 5441//176 3694//176
f 3694//176 5441//176 3696//176
f 5441//176 3698//176 3696//176
f 4117//176 5502//176 4119//176
f 5502//176 5503//176 4119//176
f 4119//176 5503//176 4121//176
f 5503//176 5504//176 4121//176
f 4149//176 5505//176 5506//176
f 5456//176 5507//176 5457//176
f 5507//176 5508//176 5457//176
f 5457//176 5508//176 5497//176
f 4117//176 4115//176 5502//176
f 4115//176 4113//176 5502//176
f 5502//176 4113//176 5472//176
f 4113//176 4111//176 5472//176
f 5472//176 4111//176 4109//176
f 5506//176 5509//176 4149//176
f 5509//176 5510//176 4149//176
f 4149//176 5510//176 5457//176
f 5510//176 5511//176 5457//176
f 5457//176 5511//176 5455//176
f 5512//176 5513//176 4149//176
f 5513//176 5514//176 4149//176
f 4149//176 5514//176 5505//176
f 3627//176 3629//176 4149//176
f 3629//176 5515//176 4149//176
f 4149//176 5515//176 5512//176
f 3690//176 3688//176 5430//176
f 3688//176 3685//176 5430//176
f 5430//176 3685//176 3684//176
f 3684//176 3682//176 5430//176
f 3682//176 3680//176 5430//176
f 5430//176 3680//176 3678//176
f 3678//176 3676//176 5430//176
f 3676//176 3674//176 5430//176
f 5430//176 3674//176 5504//176
f 3674//176 3672//176 5504//176
f 5504//176 3672//176 3670//176
f 3636//176 3634//176 4149//176
f 3634//176 3632//176 4149//176
f 4149//176 3632//176 3627//176
f 4149//176 3644//176 3642//176
f 3656//176 3654//176 4121//176
f 3654//176 3652//176 4121//176
f 3642//176 3640//176 4149//176
f 3640//176 3638//176 4149//176
f 4149//176 3638//176 3636//176
f 3670//176 3668//176 5504//176
f 3668//176 3666//176 5504//176
f 5504//176 3666//176 4121//176
f 3666//176 3664//176 4121//176
f 4121//176 3664//176 3662//176
f 3662//176 3660//176 4121//176
f 3660//176 3658//176 4121//176
f 4121//176 3658//176 3656//176
f 3652//176 3650//176 4121//176
f 3650//176 3648//176 4121//176
f 4121//176 3648//176 4149//176
f 3648//176 3646//176 4149//176
f 4149//176 3646//176 3644//176
f 5183//176 5516//176 5517//176
f 5518//176 5519//176 5374//176
f 5519//176 5520//176 5374//176
f 5521//176 5522//176 4137//176
f 5522//176 5523//176 4137//176
f 4137//176 5523//176 5524//176
f 5525//176 4135//176 5526//176
f 4135//176 5527//176 5526//176
f 5528//176 5529//176 5183//176
f 5529//176 5530//176 5183//176
f 5183//176 5530//176 5516//176
f 5520//176 5531//176 5374//176
f 5531//176 5532//176 5374//176
f 5374//176 5532//176 5533//176
f 5533//176 5534//176 5374//176
f 5534//176 5535//176 5374//176
f 5374//176 5535//176 5536//176
f 5524//176 5537//176 4137//176
f 5537//176 5538//176 4137//176
f 4137//176 5538//176 4135//176
f 5538//176 5539//176 4135//176
f 4135//176 5539//176 5527//176
f 5525//176 5540//176 4135//176
f 5540//176 5541//176 4135//176
f 4135//176 5541//176 5542//176
f 5542//176 5543//176 4135//176
f 5543//176 5544//176 4135//176
f 4135//176 5544//176 5545//176
f 5546//176 4137//176 5547//176
f 4137//176 5548//176 5547//176
f 5546//176 5549//176 4137//176
f 5549//176 5550//176 4137//176
f 4137//176 5550//176 5521//176
f 5545//176 5551//176 4135//176
f 5551//176 5552//176 4135//176
f 4135//176 5552//176 5553//176
f 5554//176 5555//176 4137//176
f 5553//176 5556//176 4135//176
f 5556//176 5557//176 4135//176
f 4135//176 5557//176 5558//176
f 5559//176 5560//176 5183//176
f 5560//176 5561//176 5183//176
f 5561//176 5562//176 5183//176
f 5183//176 5562//176 5563//176
f 5555//176 5564//176 4137//176
f 5564//176 5565//176 4137//176
f 4137//176 5565//176 5548//176
f 5563//176 5566//176 5183//176
f 5566//176 5567//176 5183//176
f 5183//176 5567//176 5528//176
f 5536//176 5568//176 5374//176
f 5568//176 5569//176 5374//176
f 5374//176 5569//176 5570//176
f 5558//176 5571//176 4135//176
f 5571//176 5572//176 4135//176
f 4135//176 5572//176 5183//176
f 5572//176 5573//176 5183//176
f 5183//176 5573//176 5559//176
f 5570//176 5574//176 5374//176
f 5574//176 5575//176 5374//176
f 5374//176 5575//176 4137//176
f 5575//176 5576//176 4137//176
f 4137//176 5576//176 5554//176
f 5577//176 5578//176 5413//176
f 5578//176 5579//176 5413//176
f 5413//176 5579//176 5374//176
f 5579//176 5580//176 5374//176
f 5374//176 5580//176 5518//176
f 5517//176 5581//176 5183//176
f 5581//176 5582//176 5183//176
f 5183//176 5582//176 5294//176
f 5582//176 5583//176 5294//176
f 5294//176 5583//176 5584//176
f 5584//176 5585//176 5294//176
f 5585//176 5586//176 5294//176
f 5294//176 5586//176 5413//176
f 5586//176 5587//176 5413//176
f 5413//176 5587//176 5577//176
f 5588//176 5589//176 5590//176
f 5589//176 5591//176 5590//176
f 5591//176 5592//176 5590//176
f 5592//176 5593//176 5590//176
f 5590//176 5593//176 5594//176
f 3934//176 3932//176 4141//176
f 4141//176 3926//176 3924//176
f 5594//176 5595//176 5590//176
f 5595//176 5596//176 5590//176
f 5590//176 5596//176 5597//176
f 5597//176 5598//176 5590//176
f 5598//176 5599//176 5590//176
f 5590//176 5599//176 4143//176
f 5599//176 5600//176 4143//176
f 4143//176 5600//176 5601//176
f 5601//176 5602//176 4143//176
f 5602//176 5603//176 4143//176
f 4143//176 5603//176 5604//176
f 3932//176 3930//176 4141//176
f 3930//176 3928//176 4141//176
f 4141//176 3928//176 3926//176
f 3916//176 3914//176 5605//176
f 3914//176 3912//176 5605//176
f 3912//176 3910//176 5605//176
f 3910//176 3908//176 5605//176
f 5605//176 3908//176 3906//176
f 3924//176 3922//176 4141//176
f 3922//176 3920//176 4141//176
f 4141//176 3920//176 5605//176
f 3920//176 3918//176 5605//176
f 5605//176 3918//176 3916//176
f 4143//176 3968//176 3966//176
f 5604//176 5606//176 4143//176
f 5606//176 5607//176 4143//176
f 4143//176 5607//176 3973//176
f 3940//176 3937//176 4141//176
f 3937//176 3936//176 4141//176
f 4141//176 3936//176 3934//176
f 3973//176 3972//176 4143//176
f 3972//176 3970//176 4143//176
f 4143//176 3970//176 3968//176
f 3966//176 3964//176 4143//176
f 3964//176 3962//176 4143//176
f 4143//176 3962//176 3960//176
f 3960//176 3958//176 4143//176
f 3958//176 3956//176 4143//176
f 4143//176 3956//176 4141//176
f 3956//176 3954//176 4141//176
f 4141//176 3954//176 3952//176
f 3946//176 3944//176 4141//176
f 3944//176 3942//176 4141//176
f 4141//176 3942//176 3940//176
f 3952//176 3950//176 4141//176
f 3950//176 3948//176 4141//176
f 4141//176 3948//176 3946//176
f 5422//176 5608//176 4945//176
f 5608//176 5609//176 4945//176
f 4945//176 5609//176 5423//176
f 5609//176 5610//176 5423//176
f 5423//176 5610//176 5611//176
f 5611//176 5612//176 5423//176
f 5612//176 5613//176 5423//176
f 5423//176 5613//176 5588//176
f 3906//176 3904//176 5605//176
f 3904//176 3902//176 5605//176
f 5605//176 3902//176 5419//176
f 3902//176 3900//176 5419//176
f 5419//176 3900//176 3898//176
f 3898//176 3896//176 5419//176
f 3896//176 3894//176 5419//176
f 5419//176 3894//176 3892//176
f 5614//176 5615//176 5616//176
f 5498//176 5617//176 5457//176
f 5617//176 5618//176 5457//176
f 5457//176 5618//176 5616//176
f 5618//176 5619//176 5616//176
f 5616//176 5619//176 5614//176
f 5615//176 5620//176 5616//176
f 5620//176 5621//176 5616//176
f 5616//176 5621//176 4948//176
f 5621//176 5622//176 4948//176
f 4948//176 5622//176 5424//176
f 5588//176 5590//176 5423//176
f 5590//176 5327//176 5423//176
f 5423//176 5327//176 5365//176
f 5327//176 5332//176 5365//176
f 5365//176 5332//176 5363//176
f 4454//176 5027//176 5028//176
f 5027//176 5046//176 5028//176
f 5028//176 5046//176 5086//176
f 5046//176 5054//176 5086//176
f 5086//176 5054//176 5084//176
f 5623//176 5624//176 5025//176
f 5623//176 5025//176 5625//176
f 5624//176 5626//176 5025//176
f 5626//176 5627//176 5025//176
f 5025//176 5627//176 5023//176
f 5628//176 4705//176 5457//176
f 4705//176 4706//176 5457//176
f 5457//176 4706//176 5629//176
f 5630//176 5631//176 5025//176
f 5632//176 5633//176 5457//176
f 5634//176 5635//176 5457//176
f 5635//176 5636//176 5457//176
f 5457//176 5636//176 5628//176
f 5633//176 5637//176 5457//176
f 5637//176 5638//176 5457//176
f 5457//176 5638//176 5634//176
f 5629//176 5639//176 5457//176
f 5639//176 5640//176 5457//176
f 5457//176 5640//176 5641//176
f 5641//176 5642//176 5457//176
f 5642//176 5643//176 5457//176
f 5457//176 5643//176 5644//176
f 5645//176 5646//176 4147//176
f 5646//176 5647//176 4147//176
f 4147//176 5647//176 5648//176
f 5631//176 5649//176 5025//176
f 5649//176 5650//176 5025//176
f 5025//176 5650//176 5651//176
f 4948//176 4947//176 5616//176
f 4947//176 5355//176 5616//176
f 5616//176 5355//176 5457//176
f 5355//176 5025//176 5457//176
f 5457//176 5025//176 5632//176
f 5025//176 5024//176 5632//176
f 5025//176 5652//176 5653//176
f 5651//176 5654//176 5025//176
f 5654//176 5655//176 5025//176
f 5025//176 5655//176 5625//176
f 5656//176 5657//176 4147//176
f 5657//176 5658//176 4147//176
f 4147//176 5658//176 5645//176
f 5648//176 5659//176 4147//176
f 5659//176 5660//176 4147//176
f 4147//176 5660//176 5025//176
f 5660//176 5661//176 5025//176
f 5025//176 5661//176 5652//176
f 5653//176 5662//176 5025//176
f 5662//176 5663//176 5025//176
f 5025//176 5663//176 5630//176
f 5644//176 5664//176 5457//176
f 5664//176 5665//176 5457//176
f 5457//176 5665//176 4149//176
f 5665//176 5666//176 4149//176
f 4149//176 5666//176 5667//176
f 5667//176 5668//176 4149//176
f 5668//176 5669//176 4149//176
f 4149//176 5669//176 5670//176
f 5670//176 5671//176 4149//176
f 5671//176 5672//176 4149//176
f 4149//176 5672//176 5673//176
f 5673//176 5674//176 4149//176
f 5674//176 5675//176 4149//176
f 4149//176 5675//176 5676//176
f 5676//176 5677//176 4149//176
f 5677//176 5678//176 4149//176
f 4149//176 5678//176 5679//176
f 5679//176 5680//176 4149//176
f 5680//176 5681//176 4149//176
f 4149//176 5681//176 5682//176
f 5683//176 5684//176 4147//176
f 5684//176 5685//176 4147//176
f 4147//176 5685//176 5656//176
f 5686//176 5687//176 4147//176
f 5687//176 5688//176 4147//176
f 4147//176 5688//176 5683//176
f 5682//176 5689//176 4149//176
f 5689//176 5690//176 4149//176
f 4149//176 5690//176 4147//176
f 5690//176 5691//176 4147//176
f 4147//176 5691//176 5692//176
f 5692//176 5693//176 4147//176
f 5693//176 5694//176 4147//176
f 4147//176 5694//176 5686//176
f 5695//176 5696//176 5327//176
f 5696//176 5697//176 5327//176
f 5697//176 5698//176 5327//176
f 5327//176 5698//176 5699//176
f 5700//176 5701//176 5590//176
f 5701//176 5702//176 5590//176
f 5590//176 5702//176 5703//176
f 5704//176 5705//176 5590//176
f 5705//176 5706//176 5590//176
f 5590//176 5706//176 5327//176
f 5706//176 5707//176 5327//176
f 5327//176 5707//176 5695//176
f 5699//176 5708//176 5327//176
f 5708//176 5709//176 5327//176
f 5327//176 5709//176 5710//176
f 5703//176 5711//176 5590//176
f 5711//176 5712//176 5590//176
f 5590//176 5712//176 5713//176
f 4326//176 4324//176 4145//176
f 4324//176 4322//176 4145//176
f 4145//176 4322//176 4143//176
f 4322//176 4708//176 4143//176
f 4143//176 4708//176 5714//176
f 5715//176 5716//176 5590//176
f 5716//176 5717//176 5590//176
f 5590//176 5717//176 5718//176
f 5713//176 5719//176 5590//176
f 5719//176 5720//176 5590//176
f 5590//176 5720//176 5704//176
f 5710//176 4378//176 5327//176
f 4378//176 4376//176 5327//176
f 5327//176 4376//176 4374//176
f 4354//176 4352//176 4145//176
f 4352//176 4350//176 4145//176
f 4338//176 4336//176 4145//176
f 4336//176 4334//176 4145//176
f 4145//176 4334//176 4332//176
f 4332//176 4330//176 4145//176
f 4330//176 4328//176 4145//176
f 4145//176 4328//176 4326//176
f 5721//176 5722//176 4143//176
f 5722//176 5723//176 4143//176
f 4143//176 5723//176 5724//176
f 5724//176 5725//176 4143//176
f 5725//176 5726//176 4143//176
f 4143//176 5726//176 5590//176
f 5726//176 5727//176 5590//176
f 5590//176 5727//176 5715//176
f 5718//176 5728//176 5590//176
f 5728//176 5729//176 5590//176
f 5590//176 5729//176 5700//176
f 5714//176 5730//176 4143//176
f 5730//176 5731//176 4143//176
f 4143//176 5731//176 5732//176
f 4344//176 4342//176 4145//176
f 4342//176 4340//176 4145//176
f 4145//176 4340//176 4338//176
f 4350//176 4348//176 4145//176
f 4348//176 4346//176 4145//176
f 4145//176 4346//176 4344//176
f 5732//176 5733//176 4143//176
f 5733//176 5734//176 4143//176
f 4143//176 5734//176 5735//176
f 5735//176 5736//176 4143//176
f 5736//176 5737//176 4143//176
f 4143//176 5737//176 5738//176
f 5738//176 5739//176 4143//176
f 5739//176 5740//176 4143//176
f 4143//176 5740//176 5721//176
f 4374//176 4372//176 5327//176
f 4372//176 4370//176 5327//176
f 5327//176 4370//176 4368//176
f 4368//176 4366//176 5327//176
f 4366//176 4364//176 5327//176
f 5327//176 4364//176 4362//176
f 4362//176 4360//176 5327//176
f 4360//176 4358//176 5327//176
f 5327//176 4358//176 4145//176
f 4358//176 4356//176 4145//176
f 4145//176 4356//176 4354//176
f 3732//176 3730//176 4141//176
f 3836//176 3834//176 5371//176
f 3800//176 3798//176 5605//176
f 3874//176 3872//176 4139//176
f 3872//176 3870//176 4139//176
f 4139//176 3870//176 3868//176
f 3868//176 3866//176 4139//176
f 3866//176 3864//176 4139//176
f 4139//176 3864//176 3862//176
f 3800//176 5605//176 3802//176
f 3748//176 3746//176 4141//176
f 3746//176 3744//176 4141//176
f 3744//176 3742//176 4141//176
f 3742//176 3740//176 4141//176
f 4141//176 3740//176 3738//176
f 3738//176 3736//176 4141//176
f 3736//176 3734//176 4141//176
f 4141//176 3734//176 3732//176
f 3804//176 3802//176 5371//176
f 3802//176 5605//176 5371//176
f 5371//176 5605//176 5404//176
f 5605//176 5419//176 5404//176
f 5404//176 5419//176 4943//176
f 5419//176 4944//176 4943//176
f 3780//176 3778//176 5605//176
f 3778//176 3776//176 5605//176
f 5605//176 3776//176 3774//176
f 3774//176 3772//176 5605//176
f 3772//176 3770//176 5605//176
f 5605//176 3770//176 3768//176
f 3760//176 3758//176 4141//176
f 3758//176 3756//176 4141//176
f 4141//176 3756//176 3754//176
f 3754//176 3752//176 4141//176
f 3752//176 3750//176 4141//176
f 4141//176 3750//176 3748//176
f 3850//176 3848//176 4139//176
f 3848//176 3846//176 4139//176
f 4139//176 3846//176 3844//176
f 3844//176 3842//176 4139//176
f 3842//176 3840//176 4139//176
f 4139//176 3840//176 5371//176
f 3840//176 3838//176 5371//176
f 5371//176 3838//176 3836//176
f 3834//176 3832//176 5371//176
f 3832//176 3830//176 5371//176
f 5371//176 3830//176 3828//176
f 3798//176 3796//176 5605//176
f 3796//176 3794//176 5605//176
f 5605//176 3794//176 3792//176
f 3792//176 3790//176 5605//176
f 3790//176 3788//176 5605//176
f 5605//176 3788//176 3786//176
f 3730//176 3728//176 4141//176
f 3728//176 3726//176 4141//176
f 4141//176 3726//176 4139//176
f 3726//176 3876//176 4139//176
f 4139//176 3876//176 3874//176
f 3862//176 3860//176 4139//176
f 3860//176 3858//176 4139//176
f 4139//176 3858//176 3856//176
f 3828//176 3826//176 5371//176
f 3826//176 3824//176 5371//176
f 5371//176 3824//176 3822//176
f 3768//176 3766//176 5605//176
f 3766//176 3764//176 5605//176
f 5605//176 3764//176 4141//176
f 3764//176 3762//176 4141//176
f 4141//176 3762//176 3760//176
f 3856//176 3854//176 4139//176
f 3854//176 3852//176 4139//176
f 4139//176 3852//176 3850//176
f 3786//176 3783//176 5605//176
f 3783//176 3782//176 5605//176
f 5605//176 3782//176 3780//176
f 3822//176 3819//176 5371//176
f 3819//176 3818//176 5371//176
f 5371//176 3818//176 3816//176
f 3816//176 3814//176 5371//176
f 3814//176 3812//176 5371//176
f 5371//176 3812//176 3810//176
f 3810//176 3808//176 5371//176
f 3808//176 3806//176 5371//176
f 5371//176 3806//176 3804//176
f 5741//176 5742//176 5095//176
f 5742//176 5743//176 5095//176
f 4938//176 4937//176 5149//176
f 4937//176 5065//176 5149//176
f 5149//176 5065//176 5095//176
f 5065//176 5030//176 5095//176
f 5095//176 5030//176 5744//176
f 5744//176 5745//176 5095//176
f 5745//176 5746//176 5095//176
f 5095//176 5746//176 5747//176
f 5748//176 5749//176 4131//176
f 5749//176 5750//176 4131//176
f 5747//176 5751//176 5095//176
f 5751//176 5752//176 5095//176
f 5095//176 5752//176 5741//176
f 5753//176 5754//176 4131//176
f 5755//176 4131//176 5756//176
f 4131//176 5757//176 5756//176
f 5755//176 5758//176 4131//176
f 5758//176 5759//176 4131//176
f 4131//176 5759//176 5748//176
f 5760//176 5761//176 5030//176
f 5761//176 5762//176 5030//176
f 5762//176 5763//176 5030//176
f 5763//176 5764//176 5030//176
f 5030//176 5764//176 5765//176
f 5754//176 5766//176 4131//176
f 5766//176 5767//176 4131//176
f 4131//176 5767//176 5768//176
f 5769//176 4129//176 5770//176
f 4129//176 5771//176 5770//176
f 5769//176 5772//176 4129//176
f 5772//176 5773//176 4129//176
f 4129//176 5773//176 5774//176
f 5743//176 5775//176 5095//176
f 5775//176 5776//176 5095//176
f 5095//176 5776//176 5777//176
f 5768//176 5778//176 4131//176
f 5778//176 5779//176 4131//176
f 4131//176 5779//176 5757//176
f 4129//176 5780//176 5781//176
f 5774//176 5782//176 4129//176
f 5782//176 5783//176 4129//176
f 4129//176 5783//176 5784//176
f 5030//176 5785//176 5786//176
f 5786//176 5787//176 5030//176
f 5787//176 5788//176 5030//176
f 5030//176 5788//176 5789//176
f 5777//176 5790//176 5095//176
f 5790//176 5791//176 5095//176
f 5095//176 5791//176 5792//176
f 5792//176 5793//176 5095//176
f 5793//176 5794//176 5095//176
f 5095//176 5794//176 5795//176
f 5750//176 5796//176 4131//176
f 5796//176 4573//176 4131//176
f 4131//176 4573//176 4129//176
f 4573//176 4574//176 4129//176
f 4129//176 4574//176 5780//176
f 5781//176 5797//176 4129//176
f 5797//176 5798//176 4129//176
f 4129//176 5798//176 5799//176
f 5799//176 5800//176 4129//176
f 5800//176 5801//176 4129//176
f 4129//176 5801//176 5771//176
f 5784//176 5802//176 4129//176
f 5802//176 5803//176 4129//176
f 4129//176 5803//176 5030//176
f 5803//176 5804//176 5030//176
f 5030//176 5804//176 5760//176
f 5765//176 5805//176 5030//176
f 5805//176 5806//176 5030//176
f 5030//176 5806//176 5807//176
f 5789//176 5808//176 5030//176
f 5808//176 5809//176 5030//176
f 5030//176 5809//176 5744//176
f 5795//176 5810//176 5095//176
f 5810//176 5811//176 5095//176
f 5095//176 5811//176 4131//176
f 5811//176 5812//176 4131//176
f 4131//176 5812//176 5753//176
f 5807//176 5813//176 5030//176
f 5813//176 5814//176 5030//176
f 5030//176 5814//176 5785//176
f 4252//176 4250//176 5027//176
f 4263//176 4262//176 5027//176
f 4262//176 4260//176 5027//176
f 5027//176 4260//176 4258//176
f 4250//176 4248//176 5027//176
f 4248//176 4246//176 5027//176
f 5027//176 4246//176 5046//176
f 4246//176 4244//176 5046//176
f 5046//176 4244//176 4242//176
f 4242//176 4240//176 5046//176
f 4240//176 4238//176 5046//176
f 5046//176 4238//176 4236//176
f 4230//176 4227//176 5046//176
f 4227//176 4226//176 5046//176
f 5046//176 4226//176 4224//176
f 4125//176 4290//176 4288//176
f 4258//176 4256//176 5027//176
f 4256//176 4254//176 5027//176
f 5027//176 4254//176 4252//176
f 4236//176 4234//176 5046//176
f 4234//176 4232//176 5046//176
f 5046//176 4232//176 4230//176
f 4224//176 4222//176 5046//176
f 4222//176 4220//176 5046//176
f 5046//176 4220//176 4218//176
f 4280//176 4278//176 5027//176
f 4278//176 4276//176 5027//176
f 4270//176 4268//176 5027//176
f 4268//176 4266//176 5027//176
f 5027//176 4266//176 4263//176
f 4204//176 4202//176 4127//176
f 4202//176 4200//176 4127//176
f 4127//176 4200//176 4198//176
f 4308//176 4125//176 4310//176
f 4125//176 4312//176 4310//176
f 4288//176 4286//176 4125//176
f 4286//176 4284//176 4125//176
f 4125//176 4284//176 5027//176
f 4284//176 4282//176 5027//176
f 5027//176 4282//176 4280//176
f 4218//176 4216//176 5046//176
f 4216//176 4214//176 5046//176
f 5046//176 4214//176 4212//176
f 4212//176 4210//176 5046//176
f 4210//176 4208//176 5046//176
f 5046//176 4208//176 4127//176
f 4208//176 4206//176 4127//176
f 4127//176 4206//176 4204//176
f 4318//176 4316//176 4125//176
f 4316//176 4314//176 4125//176
f 4125//176 4314//176 4312//176
f 4302//176 4300//176 4125//176
f 4300//176 4298//176 4125//176
f 4125//176 4298//176 4296//176
f 4276//176 4274//176 5027//176
f 4274//176 4272//176 5027//176
f 5027//176 4272//176 4270//176
f 4308//176 4306//176 4125//176
f 4306//176 4304//176 4125//176
f 4125//176 4304//176 4302//176
f 4296//176 4294//176 4125//176
f 4294//176 4292//176 4125//176
f 4125//176 4292//176 4290//176
f 4198//176 4196//176 4127//176
f 4196//176 4194//176 4127//176
f 4127//176 4194//176 4192//176
f 4186//176 4184//176 4127//176
f 4184//176 4182//176 4127//176
f 4127//176 4182//176 4180//176
f 4192//176 4190//176 4127//176
f 4190//176 4188//176 4127//176
f 4127//176 4188//176 4186//176
f 4180//176 4178//176 4127//176
f 4178//176 4176//176 4127//176
f 4127//176 4176//176 4174//176
f 4174//176 4172//176 4127//176
f 4172//176 4170//176 4127//176
f 4127//176 4170//176 4125//176
f 4170//176 4320//176 4125//176
f 4125//176 4320//176 4318//176
f 5815//129 4572//129 4130//129
f 5816//129 5817//129 5818//129
f 4851//129 4709//129 4168//129
f 3889//129 3891//129 5819//129
f 4058//129 4060//129 3616//129
f 5820//129 5821//129 5822//129
f 5823//129 5824//129 5825//129
f 5826//129 5827//129 5828//129
f 5829//129 5830//129 5831//129
f 4499//129 4501//129 5832//129
f 4501//129 4503//129 5832//129
f 5832//129 4503//129 4505//129
f 4419//129 4421//129 4126//129
f 4421//129 4423//129 4126//129
f 4437//129 4439//129 5833//129
f 4439//129 4441//129 5833//129
f 5833//129 4441//129 4443//129
f 4423//129 4425//129 4126//129
f 4425//129 4427//129 4126//129
f 4126//129 4427//129 4429//129
f 4429//129 4431//129 4126//129
f 4431//129 4433//129 4126//129
f 4126//129 4433//129 5833//129
f 4433//129 4435//129 5833//129
f 5833//129 4435//129 4437//129
f 4443//129 4445//129 5833//129
f 4445//129 4447//129 5833//129
f 5833//129 4447//129 4449//129
f 4565//129 4567//129 4126//129
f 4567//129 4417//129 4126//129
f 4126//129 4417//129 4419//129
f 4152//129 4521//129 4523//129
f 5832//129 4517//129 4152//129
f 4517//129 4519//129 4152//129
f 4152//129 4519//129 4521//129
f 4523//129 4525//129 4152//129
f 4525//129 4527//129 4152//129
f 4152//129 4527//129 4529//129
f 4553//129 4555//129 4126//129
f 4555//129 4557//129 4126//129
f 4126//129 4557//129 4559//129
f 4505//129 4507//129 5832//129
f 4507//129 4509//129 5832//129
f 5832//129 4509//129 4511//129
f 4559//129 4561//129 4126//129
f 4561//129 4563//129 4126//129
f 4126//129 4563//129 4565//129
f 4511//129 4514//129 5832//129
f 4514//129 4515//129 5832//129
f 5832//129 4515//129 4517//129
f 4124//129 4543//129 4545//129
f 4529//129 4531//129 4152//129
f 4531//129 4533//129 4152//129
f 4152//129 4533//129 4535//129
f 4545//129 4547//129 4124//129
f 4547//129 4549//129 4124//129
f 4124//129 4549//129 4126//129
f 4549//129 4551//129 4126//129
f 4126//129 4551//129 4553//129
f 4535//129 4537//129 4152//129
f 4537//129 4539//129 4152//129
f 4152//129 4539//129 4124//129
f 4539//129 4541//129 4124//129
f 4124//129 4541//129 4543//129
f 4489//129 4491//129 5834//129
f 4491//129 4493//129 5834//129
f 4493//129 4495//129 5834//129
f 5834//129 4495//129 5832//129
f 4495//129 4497//129 5832//129
f 5832//129 4497//129 4499//129
f 4481//129 3626//129 4479//129
f 3626//129 4477//129 4479//129
f 4461//129 4463//129 5022//129
f 4463//129 4465//129 5022//129
f 4465//129 4467//129 5022//129
f 5022//129 4467//129 4469//129
f 4481//129 4483//129 3626//129
f 4483//129 4485//129 3626//129
f 3626//129 4485//129 5834//129
f 4485//129 4487//129 5834//129
f 5834//129 4487//129 4489//129
f 4469//129 4471//129 5022//129
f 4471//129 4473//129 5022//129
f 5022//129 4473//129 3626//129
f 4473//129 4476//129 3626//129
f 3626//129 4476//129 4477//129
f 4451//129 4453//129 5835//129
f 4453//129 4455//129 5835//129
f 4455//129 4457//129 5835//129
f 5835//129 4457//129 4459//129
f 5836//129 5837//129 4128//129
f 4415//129 4569//129 4130//129
f 5838//129 5839//129 5840//129
f 5839//129 5841//129 5840//129
f 5841//129 5842//129 5840//129
f 5842//129 5843//129 5840//129
f 5840//129 5843//129 5844//129
f 5844//129 5845//129 5840//129
f 5845//129 5846//129 5840//129
f 5840//129 5846//129 5847//129
f 4401//129 4403//129 4130//129
f 5847//129 5848//129 5840//129
f 5848//129 5849//129 5840//129
f 5840//129 5849//129 4128//129
f 5849//129 5850//129 4128//129
f 4128//129 5850//129 5851//129
f 5851//129 5852//129 4128//129
f 5852//129 5853//129 4128//129
f 4128//129 5853//129 5836//129
f 4409//129 4411//129 4130//129
f 4411//129 4413//129 4130//129
f 4130//129 4413//129 4415//129
f 4569//129 5854//129 4130//129
f 5854//129 5855//129 4130//129
f 4130//129 5855//129 5856//129
f 5837//129 5857//129 4128//129
f 5857//129 4382//129 4128//129
f 4128//129 4382//129 4380//129
f 5856//129 5858//129 4130//129
f 5858//129 5859//129 4130//129
f 4130//129 5859//129 5860//129
f 5861//129 5862//129 5863//129
f 5862//129 5864//129 5863//129
f 5863//129 5864//129 5865//129
f 5865//129 5866//129 5863//129
f 5866//129 5867//129 5863//129
f 5863//129 5867//129 5868//129
f 4380//129 4383//129 4128//129
f 4383//129 4385//129 4128//129
f 4128//129 4385//129 4387//129
f 4387//129 4389//129 4128//129
f 4389//129 4391//129 4128//129
f 4128//129 4391//129 4393//129
f 5860//129 5869//129 4130//129
f 5869//129 5870//129 4130//129
f 4130//129 5870//129 5863//129
f 5870//129 5871//129 5863//129
f 5863//129 5871//129 5861//129
f 4393//129 4395//129 4128//129
f 4395//129 4397//129 4128//129
f 4128//129 4397//129 4130//129
f 4397//129 4399//129 4130//129
f 4130//129 4399//129 4401//129
f 4403//129 4405//129 4130//129
f 4405//129 4407//129 4130//129
f 4130//129 4407//129 4409//129
f 5830//129 5872//129 5831//129
f 5872//129 5873//129 5831//129
f 5831//129 5873//129 5874//129
f 5875//129 5876//129 5020//129
f 5876//129 5877//129 5020//129
f 5877//129 5878//129 5020//129
f 5020//129 5878//129 5879//129
f 5880//129 5881//129 5021//129
f 5881//129 5882//129 5021//129
f 5021//129 5882//129 5883//129
f 5879//129 5884//129 5020//129
f 5884//129 5885//129 5020//129
f 5020//129 5885//129 5021//129
f 5885//129 5886//129 5021//129
f 5021//129 5886//129 5880//129
f 5887//129 5888//129 5889//129
f 5888//129 5890//129 5889//129
f 5890//129 5891//129 5889//129
f 5889//129 5891//129 5892//129
f 5893//129 5894//129 4134//129
f 5895//129 5896//129 4132//129
f 5896//129 5897//129 4132//129
f 4132//129 5897//129 5898//129
f 5828//129 5899//129 5900//129
f 5901//129 5902//129 4134//129
f 5827//129 5903//129 5828//129
f 5903//129 5904//129 5828//129
f 5828//129 5904//129 5905//129
f 5905//129 5906//129 5828//129
f 5906//129 5907//129 5828//129
f 5828//129 5907//129 5899//129
f 5902//129 5908//129 4134//129
f 5908//129 5909//129 4134//129
f 4134//129 5909//129 5893//129
f 5900//129 5910//129 5828//129
f 5910//129 5911//129 5828//129
f 5828//129 5911//129 4132//129
f 5911//129 5912//129 4132//129
f 4132//129 5912//129 5895//129
f 5913//129 5914//129 5915//129
f 5914//129 4134//129 5915//129
f 5915//129 4134//129 5916//129
f 4134//129 5894//129 5916//129
f 5913//129 5917//129 5914//129
f 5917//129 5918//129 5914//129
f 5914//129 5918//129 5919//129
f 5919//129 5920//129 5914//129
f 5920//129 5921//129 5914//129
f 5914//129 5921//129 5922//129
f 5923//129 5924//129 4134//129
f 5925//129 5926//129 4134//129
f 4132//129 5927//129 5928//129
f 5928//129 5929//129 4132//129
f 5929//129 5930//129 4132//129
f 4132//129 5930//129 5931//129
f 5925//129 4134//129 5932//129
f 5924//129 4576//129 4134//129
f 4576//129 4575//129 4134//129
f 4134//129 4575//129 5901//129
f 5898//129 5933//129 4132//129
f 5933//129 5934//129 4132//129
f 4132//129 5934//129 5935//129
f 5931//129 5936//129 4132//129
f 5936//129 5937//129 4132//129
f 4132//129 5937//129 4134//129
f 5937//129 5938//129 4134//129
f 4134//129 5938//129 5932//129
f 5935//129 5939//129 4132//129
f 5939//129 5940//129 4132//129
f 4132//129 5940//129 5927//129
f 5926//129 5941//129 4134//129
f 5941//129 5942//129 4134//129
f 4134//129 5942//129 5923//129
f 5824//129 5943//129 5825//129
f 5943//129 5944//129 5825//129
f 5825//129 5944//129 5945//129
f 5946//129 5947//129 5019//129
f 5947//129 5948//129 5019//129
f 5019//129 5948//129 5949//129
f 5950//129 5951//129 5018//129
f 5951//129 5952//129 5018//129
f 5952//129 5953//129 5018//129
f 5953//129 5954//129 5018//129
f 5018//129 5954//129 5019//129
f 5954//129 5955//129 5019//129
f 5019//129 5955//129 5946//129
f 5956//129 5957//129 5958//129
f 5922//129 5959//129 5914//129
f 5959//129 5960//129 5914//129
f 5914//129 5960//129 5958//129
f 5960//129 5961//129 5958//129
f 5958//129 5961//129 5956//129
f 5957//129 5962//129 5958//129
f 5962//129 5963//129 5958//129
f 5958//129 5963//129 5018//129
f 5963//129 5964//129 5018//129
f 5018//129 5964//129 5950//129
f 5965//129 5966//129 5967//129
f 4134//129 5968//129 5969//129
f 5970//129 4136//129 5971//129
f 4136//129 5972//129 5971//129
f 5973//129 5974//129 4134//129
f 5974//129 5975//129 4134//129
f 4134//129 5975//129 5976//129
f 5976//129 5977//129 4134//129
f 5977//129 5978//129 4134//129
f 4134//129 5978//129 5979//129
f 5969//129 5980//129 4134//129
f 5980//129 5981//129 4134//129
f 4134//129 5981//129 4580//129
f 5982//129 5983//129 4136//129
f 5983//129 5984//129 4136//129
f 4136//129 5984//129 5972//129
f 5985//129 5986//129 4136//129
f 5986//129 5987//129 4136//129
f 4136//129 5987//129 5988//129
f 5914//129 5989//129 5990//129
f 5991//129 5992//129 4134//129
f 5992//129 5993//129 4134//129
f 4134//129 5993//129 5968//129
f 5979//129 5994//129 4134//129
f 5994//129 5995//129 4134//129
f 4134//129 5995//129 5991//129
f 4580//129 4579//129 4134//129
f 4579//129 5996//129 4134//129
f 4134//129 5996//129 4136//129
f 5996//129 5997//129 4136//129
f 4136//129 5997//129 5982//129
f 5970//129 5998//129 4136//129
f 5998//129 5999//129 4136//129
f 4136//129 5999//129 6000//129
f 6001//129 4136//129 6002//129
f 4136//129 6003//129 6002//129
f 6004//129 6005//129 5967//129
f 6005//129 6006//129 5967//129
f 5967//129 6006//129 6007//129
f 5914//129 6008//129 6009//129
f 5914//129 6009//129 4134//129
f 6009//129 6010//129 4134//129
f 4134//129 6010//129 5973//129
f 6000//129 6011//129 4136//129
f 6011//129 6012//129 4136//129
f 4136//129 6012//129 6013//129
f 6001//129 6014//129 4136//129
f 6014//129 6015//129 4136//129
f 4136//129 6015//129 6016//129
f 5988//129 6017//129 4136//129
f 6017//129 6018//129 4136//129
f 4136//129 6018//129 5967//129
f 6018//129 6019//129 5967//129
f 5967//129 6019//129 6004//129
f 6007//129 6020//129 5967//129
f 6020//129 6021//129 5967//129
f 5967//129 6021//129 5965//129
f 6022//129 6023//129 6024//129
f 6025//129 6026//129 5914//129
f 6026//129 6027//129 5914//129
f 5914//129 6027//129 6008//129
f 6013//129 6028//129 4136//129
f 6028//129 6029//129 4136//129
f 4136//129 6029//129 6003//129
f 6016//129 6030//129 4136//129
f 6030//129 6031//129 4136//129
f 4136//129 6031//129 6032//129
f 6033//129 6034//129 6035//129
f 6034//129 6036//129 6035//129
f 6035//129 6036//129 6037//129
f 6036//129 6038//129 6037//129
f 6037//129 6038//129 6039//129
f 5914//129 6040//129 6041//129
f 6023//129 6042//129 6024//129
f 6042//129 6043//129 6024//129
f 6024//129 6043//129 6044//129
f 6045//129 6046//129 6047//129
f 6046//129 6048//129 6047//129
f 6047//129 6048//129 6024//129
f 6048//129 6049//129 6024//129
f 6024//129 6049//129 6022//129
f 6047//129 6050//129 6045//129
f 6050//129 6051//129 6045//129
f 6045//129 6051//129 6052//129
f 6052//129 6053//129 6045//129
f 6053//129 6054//129 6045//129
f 6045//129 6054//129 6035//129
f 6054//129 6055//129 6035//129
f 6035//129 6055//129 6033//129
f 6041//129 6056//129 5914//129
f 6056//129 6057//129 5914//129
f 5914//129 6057//129 6025//129
f 6039//129 6038//129 6032//129
f 6038//129 6058//129 6032//129
f 6032//129 6058//129 6059//129
f 6060//129 6061//129 5914//129
f 6061//129 6062//129 5914//129
f 5914//129 6062//129 6040//129
f 6063//129 4584//129 4136//129
f 4584//129 4583//129 4136//129
f 4136//129 4583//129 5985//129
f 6064//129 6065//129 4136//129
f 6066//129 6067//129 4136//129
f 6067//129 6068//129 4136//129
f 4136//129 6068//129 6069//129
f 6070//129 6071//129 5914//129
f 6071//129 6072//129 5914//129
f 5914//129 6072//129 6073//129
f 6073//129 6074//129 5914//129
f 6074//129 6075//129 5914//129
f 5914//129 6075//129 6060//129
f 6065//129 6076//129 4136//129
f 6076//129 6077//129 4136//129
f 4136//129 6077//129 6066//129
f 6069//129 6078//129 4136//129
f 6078//129 6079//129 4136//129
f 4136//129 6079//129 6063//129
f 6044//129 6080//129 5914//129
f 6080//129 6081//129 5914//129
f 5914//129 6081//129 6070//129
f 5990//129 6082//129 5914//129
f 6082//129 6083//129 5914//129
f 5914//129 6083//129 6044//129
f 6083//129 6084//129 6044//129
f 6044//129 6084//129 6024//129
f 6032//129 6085//129 4136//129
f 6085//129 6086//129 4136//129
f 4136//129 6086//129 6064//129
f 6059//129 6087//129 6032//129
f 6087//129 6088//129 6032//129
f 6032//129 6088//129 6085//129
f 5958//129 6089//129 6090//129
f 6090//129 6091//129 5958//129
f 6091//129 6092//129 5958//129
f 5958//129 6092//129 5914//129
f 6092//129 6093//129 5914//129
f 5914//129 6093//129 5989//129
f 6094//129 6095//129 5017//129
f 6095//129 6096//129 5017//129
f 6096//129 6097//129 5017//129
f 6097//129 6098//129 5017//129
f 5017//129 6098//129 6099//129
f 5018//129 6100//129 6101//129
f 6101//129 6102//129 5018//129
f 6102//129 6103//129 5018//129
f 5018//129 6103//129 5958//129
f 6103//129 6104//129 5958//129
f 5958//129 6104//129 6089//129
f 6099//129 6105//129 5017//129
f 6105//129 6106//129 5017//129
f 5017//129 6106//129 5018//129
f 6106//129 6107//129 5018//129
f 5018//129 6107//129 6100//129
f 5966//129 6108//129 5967//129
f 6108//129 6109//129 5967//129
f 5967//129 6109//129 6110//129
f 6109//129 6111//129 6110//129
f 6111//129 6112//129 6110//129
f 6112//129 6113//129 6110//129
f 6110//129 6113//129 6114//129
f 4593//129 4148//129 4591//129
f 4148//129 4589//129 4591//129
f 6115//129 6116//129 4146//129
f 6116//129 6117//129 4146//129
f 4146//129 6117//129 6118//129
f 4593//129 4595//129 4148//129
f 4595//129 4597//129 4148//129
f 4148//129 4597//129 4599//129
f 6119//129 6120//129 6121//129
f 6120//129 6122//129 6121//129
f 6122//129 6123//129 6121//129
f 6123//129 6124//129 6121//129
f 6121//129 6124//129 6125//129
f 6126//129 6127//129 4146//129
f 4599//129 4601//129 4148//129
f 4601//129 4603//129 4148//129
f 4148//129 4603//129 6128//129
f 4603//129 4605//129 6128//129
f 6128//129 4605//129 4607//129
f 4607//129 4609//129 6128//129
f 4609//129 4611//129 6128//129
f 6128//129 4611//129 4613//129
f 6127//129 6129//129 4146//129
f 6129//129 6130//129 4146//129
f 4146//129 6130//129 6115//129
f 6118//129 6131//129 4146//129
f 6131//129 6132//129 4146//129
f 4146//129 6132//129 6133//129
f 6133//129 6134//129 4146//129
f 6134//129 6135//129 4146//129
f 4146//129 6135//129 6136//129
f 6137//129 6138//129 4148//129
f 6138//129 6139//129 4148//129
f 4148//129 6139//129 6140//129
f 6125//129 6141//129 6121//129
f 6141//129 6142//129 6121//129
f 6121//129 6142//129 6143//129
f 6143//129 6144//129 6121//129
f 6144//129 6145//129 6121//129
f 6121//129 6145//129 4146//129
f 6145//129 6146//129 4146//129
f 4146//129 6146//129 6126//129
f 6140//129 6147//129 4148//129
f 6147//129 6148//129 4148//129
f 4148//129 6148//129 6149//129
f 4613//129 4615//129 6128//129
f 4615//129 4617//129 6128//129
f 6128//129 4617//129 4619//129
f 6136//129 6150//129 4146//129
f 6150//129 6151//129 4146//129
f 4146//129 6151//129 4148//129
f 6151//129 6152//129 4148//129
f 4148//129 6152//129 6137//129
f 6149//129 6153//129 4148//129
f 6153//129 4587//129 4148//129
f 4148//129 4587//129 4589//129
f 5821//129 6154//129 5822//129
f 6154//129 6155//129 5822//129
f 5822//129 6155//129 6156//129
f 4631//129 4633//129 5011//129
f 4633//129 4635//129 5011//129
f 4635//129 4637//129 5011//129
f 5011//129 4637//129 4639//129
f 6157//129 6158//129 5012//129
f 6158//129 6159//129 5012//129
f 5012//129 6159//129 6160//129
f 4639//129 4641//129 5011//129
f 4641//129 4643//129 5011//129
f 5011//129 4643//129 5012//129
f 4643//129 6161//129 5012//129
f 5012//129 6161//129 6157//129
f 4621//129 4623//129 6162//129
f 4623//129 4625//129 6162//129
f 4625//129 4627//129 6162//129
f 6162//129 4627//129 4629//129
f 4665//129 4667//129 6163//129
f 4677//129 6163//129 4675//129
f 6163//129 4673//129 4675//129
f 4138//129 6164//129 6165//129
f 4140//129 6166//129 6167//129
f 4667//129 4669//129 6163//129
f 4669//129 4671//129 6163//129
f 6163//129 4671//129 4673//129
f 6168//129 6169//129 6164//129
f 6169//129 6170//129 6164//129
f 6164//129 6170//129 6171//129
f 6171//129 6172//129 6164//129
f 6172//129 6173//129 6164//129
f 6164//129 6173//129 6174//129
f 6165//129 6175//129 4138//129
f 6175//129 6176//129 4138//129
f 4138//129 6176//129 6177//129
f 6178//129 6179//129 4138//129
f 6179//129 6180//129 4138//129
f 4138//129 6180//129 6181//129
f 6177//129 6182//129 4138//129
f 6182//129 6183//129 4138//129
f 4138//129 6183//129 6178//129
f 6184//129 6185//129 4140//129
f 6185//129 6186//129 4140//129
f 4140//129 6186//129 6187//129
f 6167//129 4645//129 4140//129
f 4645//129 4647//129 4140//129
f 4140//129 4647//129 4649//129
f 4140//129 4655//129 4657//129
f 6174//129 6188//129 6164//129
f 6188//129 6189//129 6164//129
f 6164//129 6189//129 6165//129
f 6187//129 6190//129 4140//129
f 6190//129 6191//129 4140//129
f 4140//129 6191//129 6166//129
f 4649//129 4651//129 4140//129
f 4651//129 4653//129 4140//129
f 4140//129 4653//129 4655//129
f 4657//129 4659//129 4140//129
f 4659//129 4661//129 4140//129
f 4140//129 4661//129 6163//129
f 4661//129 4663//129 6163//129
f 6163//129 4663//129 4665//129
f 6192//129 6193//129 4138//129
f 6193//129 6194//129 4138//129
f 6194//129 6195//129 4138//129
f 6195//129 6196//129 4138//129
f 4138//129 6196//129 4140//129
f 6196//129 6197//129 4140//129
f 4140//129 6197//129 6184//129
f 6181//129 6198//129 4138//129
f 6198//129 6199//129 4138//129
f 4138//129 6199//129 6192//129
f 6200//129 6201//129 6202//129
f 6201//129 6203//129 6202//129
f 6202//129 6204//129 6164//129
f 6204//129 6205//129 6164//129
f 6164//129 6205//129 6168//129
f 6203//129 6206//129 6202//129
f 6206//129 6207//129 6202//129
f 6202//129 6207//129 6204//129
f 4689//129 4691//129 5015//129
f 4691//129 4693//129 5015//129
f 4693//129 4695//129 5015//129
f 5015//129 4695//129 4697//129
f 4697//129 4699//129 5015//129
f 4699//129 4701//129 5015//129
f 5015//129 4701//129 5016//129
f 4701//129 6208//129 5016//129
f 5016//129 6208//129 6209//129
f 6209//129 6210//129 5016//129
f 6210//129 6211//129 5016//129
f 5016//129 6211//129 6212//129
f 4679//129 4681//129 6213//129
f 4681//129 4683//129 6213//129
f 4683//129 4685//129 6213//129
f 6213//129 4685//129 4687//129
f 3693//129 3695//129 4060//129
f 3695//129 3697//129 4060//129
f 4060//129 3697//129 3699//129
f 6214//129 6215//129 4104//129
f 6215//129 6216//129 4104//129
f 6216//129 6217//129 4104//129
f 6217//129 6218//129 4104//129
f 4104//129 6218//129 4102//129
f 6219//129 6220//129 4150//129
f 6218//129 6221//129 4102//129
f 6221//129 6222//129 4102//129
f 4102//129 6222//129 6223//129
f 5818//129 6224//129 6225//129
f 6220//129 6226//129 4150//129
f 6226//129 6227//129 4150//129
f 4150//129 6227//129 4122//129
f 4116//129 4118//129 6228//129
f 6229//129 6230//129 4062//129
f 6230//129 6231//129 4062//129
f 6231//129 6232//129 4062//129
f 6232//129 6233//129 4062//129
f 4062//129 6233//129 6234//129
f 6235//129 6236//129 3689//129
f 6236//129 6237//129 3689//129
f 5817//129 6238//129 5818//129
f 6238//129 6239//129 5818//129
f 5818//129 6239//129 6224//129
f 6225//129 6240//129 5818//129
f 6240//129 6241//129 5818//129
f 5818//129 6241//129 6242//129
f 6227//129 6243//129 4122//129
f 6243//129 6244//129 4122//129
f 4122//129 6244//129 6245//129
f 6223//129 6246//129 4102//129
f 6246//129 6247//129 4102//129
f 4102//129 6247//129 4100//129
f 6247//129 6248//129 4100//129
f 4100//129 6248//129 4098//129
f 6248//129 6249//129 4098//129
f 4098//129 6249//129 4096//129
f 6249//129 6250//129 4096//129
f 4096//129 6250//129 4094//129
f 6250//129 6251//129 4094//129
f 4094//129 6251//129 4092//129
f 6251//129 6252//129 4092//129
f 4092//129 6252//129 4090//129
f 6252//129 6253//129 4090//129
f 4090//129 6253//129 4088//129
f 6253//129 6254//129 4088//129
f 4088//129 6254//129 4086//129
f 6254//129 6255//129 4086//129
f 4086//129 6255//129 4084//129
f 6255//129 6256//129 4084//129
f 4084//129 6256//129 4082//129
f 6256//129 6257//129 4082//129
f 4082//129 6257//129 4080//129
f 6257//129 6258//129 4080//129
f 4080//129 6258//129 4078//129
f 6258//129 6259//129 4078//129
f 4078//129 6259//129 4076//129
f 6259//129 6260//129 4076//129
f 4076//129 6260//129 4074//129
f 6260//129 6261//129 4074//129
f 4074//129 6261//129 4072//129
f 6261//129 6262//129 4072//129
f 4072//129 6262//129 4070//129
f 6262//129 6263//129 4070//129
f 4070//129 6263//129 4068//129
f 6263//129 6264//129 4068//129
f 4068//129 6264//129 4066//129
f 6264//129 6265//129 4066//129
f 4066//129 6265//129 4064//129
f 6265//129 6266//129 4064//129
f 4064//129 6266//129 4062//129
f 6266//129 6267//129 4062//129
f 4062//129 6267//129 6229//129
f 6234//129 6268//129 4062//129
f 6268//129 6269//129 4062//129
f 4062//129 6269//129 6270//129
f 6237//129 6271//129 3689//129
f 6271//129 6272//129 3689//129
f 3689//129 6272//129 6273//129
f 6273//129 6274//129 3689//129
f 6274//129 6275//129 3689//129
f 3689//129 6275//129 6276//129
f 6276//129 6277//129 3689//129
f 6277//129 6278//129 3689//129
f 3689//129 6278//129 6279//129
f 6242//129 6280//129 5818//129
f 6280//129 6281//129 5818//129
f 5818//129 6281//129 4150//129
f 6281//129 6282//129 4150//129
f 6282//129 6283//129 4150//129
f 6283//129 6284//129 4150//129
f 4150//129 6284//129 6285//129
f 4108//129 6286//129 4106//129
f 6286//129 6287//129 4106//129
f 4106//129 6287//129 4104//129
f 6287//129 6288//129 4104//129
f 4104//129 6288//129 6214//129
f 3693//129 4060//129 3691//129
f 4060//129 4062//129 3691//129
f 3691//129 4062//129 3689//129
f 4062//129 6270//129 3689//129
f 3689//129 6270//129 6235//129
f 6289//129 3683//129 6290//129
f 3683//129 3686//129 6290//129
f 6290//129 3686//129 6279//129
f 3686//129 3687//129 6279//129
f 6279//129 3687//129 3689//129
f 6285//129 6291//129 4150//129
f 6291//129 6292//129 4150//129
f 4150//129 6292//129 6293//129
f 6228//129 4118//129 6245//129
f 4118//129 4120//129 6245//129
f 6245//129 4120//129 4122//129
f 3673//129 3675//129 6294//129
f 3675//129 3677//129 6294//129
f 6294//129 3677//129 6295//129
f 3677//129 3679//129 6295//129
f 6295//129 3679//129 6289//129
f 3679//129 3681//129 6289//129
f 6289//129 3681//129 3683//129
f 3663//129 3665//129 6296//129
f 6297//129 3647//129 3649//129
f 6293//129 3630//129 4150//129
f 3630//129 3628//129 4150//129
f 4150//129 3628//129 3631//129
f 4108//129 4110//129 6286//129
f 4110//129 4112//129 6286//129
f 6286//129 4112//129 6228//129
f 4112//129 4114//129 6228//129
f 6228//129 4114//129 4116//129
f 3665//129 3667//129 6296//129
f 3667//129 3669//129 6296//129
f 6296//129 3669//129 6294//129
f 3669//129 3671//129 6294//129
f 6294//129 3671//129 3673//129
f 3653//129 3655//129 6296//129
f 3655//129 3657//129 6296//129
f 3631//129 3633//129 4150//129
f 3633//129 3635//129 4150//129
f 4150//129 3635//129 3637//129
f 4150//129 3643//129 3645//129
f 6297//129 3649//129 6296//129
f 3649//129 3651//129 6296//129
f 6296//129 3651//129 3653//129
f 3657//129 3659//129 6296//129
f 3659//129 3661//129 6296//129
f 6296//129 3661//129 3663//129
f 3637//129 3639//129 4150//129
f 3639//129 3641//129 4150//129
f 4150//129 3641//129 3643//129
f 6297//129 6298//129 3647//129
f 6298//129 6299//129 3647//129
f 3647//129 6299//129 3645//129
f 6299//129 6300//129 3645//129
f 3645//129 6300//129 4150//129
f 6300//129 6301//129 4150//129
f 4150//129 6301//129 6219//129
f 3699//129 3701//129 4060//129
f 3701//129 3703//129 4060//129
f 4060//129 3703//129 3705//129
f 6302//129 6303//129 6304//129
f 3705//129 3707//129 4060//129
f 3707//129 3709//129 4060//129
f 4060//129 3709//129 3616//129
f 3709//129 3711//129 3616//129
f 3711//129 3713//129 3616//129
f 3713//129 3715//129 3616//129
f 3616//129 3715//129 3717//129
f 4046//129 3616//129 4044//129
f 3616//129 3615//129 4044//129
f 6305//129 6306//129 5010//129
f 6306//129 6307//129 5010//129
f 5010//129 6307//129 6308//129
f 4052//129 4054//129 3616//129
f 4054//129 4056//129 3616//129
f 3616//129 4056//129 4058//129
f 4046//129 4048//129 3616//129
f 4048//129 4050//129 3616//129
f 3616//129 4050//129 4052//129
f 3717//129 3719//129 3616//129
f 3719//129 3721//129 3616//129
f 3616//129 3721//129 5010//129
f 3721//129 3724//129 5010//129
f 5010//129 3724//129 6305//129
f 4629//129 4631//129 6162//129
f 4631//129 5011//129 6162//129
f 6162//129 5011//129 6304//129
f 5011//129 5010//129 6304//129
f 6304//129 5010//129 6302//129
f 5010//129 6308//129 6302//129
f 6160//129 5820//129 5012//129
f 5820//129 5822//129 5012//129
f 5012//129 5822//129 5013//129
f 5822//129 6309//129 5013//129
f 6309//129 6310//129 5013//129
f 5013//129 6310//129 6311//129
f 3881//129 3883//129 5014//129
f 3883//129 3885//129 5014//129
f 5014//129 3885//129 3887//129
f 6311//129 6312//129 5013//129
f 6312//129 6313//129 5013//129
f 5013//129 6313//129 6314//129
f 6314//129 6315//129 5013//129
f 6315//129 3880//129 5013//129
f 5013//129 3880//129 5014//129
f 3880//129 3878//129 5014//129
f 5014//129 3878//129 3881//129
f 4687//129 4689//129 6213//129
f 4689//129 5015//129 6213//129
f 6213//129 5015//129 5819//129
f 5015//129 5014//129 5819//129
f 5819//129 5014//129 3889//129
f 5014//129 3887//129 3889//129
f 6114//129 6094//129 6110//129
f 6094//129 5017//129 6110//129
f 6110//129 5017//129 6202//129
f 5017//129 5016//129 6202//129
f 6202//129 5016//129 6200//129
f 5016//129 6212//129 6200//129
f 5892//129 5875//129 5889//129
f 5875//129 5020//129 5889//129
f 5889//129 5020//129 5825//129
f 5020//129 5019//129 5825//129
f 5825//129 5019//129 5823//129
f 5019//129 5949//129 5823//129
f 4459//129 4461//129 5835//129
f 4461//129 5022//129 5835//129
f 5835//129 5022//129 5831//129
f 5022//129 5021//129 5831//129
f 5831//129 5021//129 5829//129
f 5021//129 5883//129 5829//129
f 4036//129 4038//129 5834//129
f 3621//129 3626//129 4041//129
f 3626//129 5834//129 4041//129
f 4041//129 5834//129 4040//129
f 5834//129 4038//129 4040//129
f 5834//129 4028//129 4030//129
f 4030//129 4032//129 5834//129
f 4032//129 4034//129 5834//129
f 5834//129 4034//129 4036//129
f 4817//129 4819//129 3977//129
f 4727//129 4729//129 4152//129
f 4729//129 4731//129 4152//129
f 4745//129 4747//129 5832//129
f 4747//129 4749//129 5832//129
f 5832//129 4749//129 4751//129
f 4801//129 4803//129 4019//129
f 4819//129 4821//129 3977//129
f 4821//129 4823//129 3977//129
f 3977//129 4823//129 4825//129
f 4154//129 4719//129 4152//129
f 4719//129 4721//129 4152//129
f 4721//129 4723//129 4152//129
f 4723//129 4725//129 4152//129
f 4152//129 4725//129 4727//129
f 4731//129 4733//129 4152//129
f 4733//129 4735//129 4152//129
f 4152//129 4735//129 4737//129
f 4737//129 4739//129 4152//129
f 4739//129 4741//129 4152//129
f 4152//129 4741//129 5832//129
f 4741//129 4743//129 5832//129
f 5832//129 4743//129 4745//129
f 4751//129 4753//129 5832//129
f 4753//129 4755//129 5832//129
f 5832//129 4755//129 4757//129
f 4851//129 4168//129 4849//129
f 4757//129 4759//129 5832//129
f 4759//129 4761//129 5832//129
f 5832//129 4761//129 4763//129
f 4825//129 4827//129 3977//129
f 4827//129 4829//129 3977//129
f 3977//129 4829//129 4831//129
f 4831//129 4833//129 3977//129
f 4833//129 4835//129 3977//129
f 3977//129 4835//129 3975//129
f 4803//129 4805//129 4019//129
f 4805//129 4807//129 4019//129
f 4019//129 4807//129 4809//129
f 4809//129 4811//129 4019//129
f 4811//129 4813//129 4019//129
f 4019//129 4813//129 4815//129
f 4835//129 4837//129 3975//129
f 4837//129 4839//129 3975//129
f 3975//129 4839//129 4841//129
f 4709//129 4711//129 4168//129
f 4711//129 4713//129 4168//129
f 4168//129 4713//129 4166//129
f 4713//129 4715//129 4166//129
f 4166//129 4715//129 4164//129
f 4715//129 4717//129 4164//129
f 4164//129 4717//129 4162//129
f 4154//129 4156//129 4719//129
f 4156//129 4158//129 4719//129
f 4719//129 4158//129 4717//129
f 4158//129 4160//129 4717//129
f 4717//129 4160//129 4162//129
f 4841//129 4843//129 3975//129
f 4843//129 4845//129 3975//129
f 3975//129 4845//129 4168//129
f 4845//129 4847//129 4168//129
f 4168//129 4847//129 4849//129
f 4763//129 4765//129 5832//129
f 4765//129 4767//129 5832//129
f 5832//129 4767//129 4769//129
f 5832//129 4775//129 4777//129
f 4021//129 4779//129 4781//129
f 4791//129 4021//129 4789//129
f 4021//129 4787//129 4789//129
f 4769//129 4771//129 5832//129
f 4771//129 4773//129 5832//129
f 5832//129 4773//129 4775//129
f 4028//129 5834//129 4023//129
f 5834//129 5832//129 4023//129
f 4023//129 5832//129 4021//129
f 5832//129 4777//129 4021//129
f 4021//129 4777//129 4779//129
f 4781//129 4783//129 4021//129
f 4783//129 4785//129 4021//129
f 4021//129 4785//129 4787//129
f 4791//129 4793//129 4021//129
f 4793//129 4795//129 4021//129
f 4021//129 4795//129 4017//129
f 4795//129 4797//129 4017//129
f 4017//129 4797//129 4019//129
f 4797//129 4799//129 4019//129
f 4019//129 4799//129 4801//129
f 4815//129 4817//129 4019//129
f 4817//129 3977//129 4019//129
f 4019//129 3977//129 4020//129
f 3977//129 3979//129 4020//129
f 4013//129 4011//129 3993//129
f 3989//129 3987//129 3979//129
f 3987//129 3985//129 3979//129
f 4005//129 4003//129 4001//129
f 4011//129 4009//129 3993//129
f 4009//129 4007//129 3993//129
f 3993//129 4007//129 3995//129
f 4007//129 3997//129 3995//129
f 4013//129 3993//129 3979//129
f 3993//129 3991//129 3979//129
f 3979//129 3991//129 3989//129
f 4005//129 4001//129 4007//129
f 4001//129 3999//129 4007//129
f 4007//129 3999//129 3997//129
f 3985//129 3983//129 3979//129
f 3983//129 3981//129 3979//129
f 3979//129 3981//129 4020//129
f 6316//129 6317//129 5967//129
f 6317//129 6318//129 5967//129
f 6319//129 6320//129 4136//129
f 6320//129 6321//129 4136//129
f 4138//129 6322//129 6323//129
f 6323//129 6324//129 4138//129
f 6324//129 6325//129 4138//129
f 4138//129 6325//129 6326//129
f 6327//129 6328//129 6164//129
f 6328//129 6329//129 6164//129
f 6318//129 6330//129 5967//129
f 6330//129 6331//129 5967//129
f 5967//129 6331//129 6332//129
f 6333//129 6334//129 6164//129
f 6334//129 6335//129 6164//129
f 6336//129 6337//129 4136//129
f 6337//129 6338//129 4136//129
f 6321//129 6339//129 4136//129
f 6339//129 6340//129 4136//129
f 4136//129 6340//129 4138//129
f 6340//129 6341//129 4138//129
f 4138//129 6341//129 6322//129
f 6335//129 6342//129 6164//129
f 6342//129 6343//129 6164//129
f 6164//129 6343//129 6327//129
f 6338//129 6344//129 4136//129
f 6344//129 6345//129 4136//129
f 4136//129 6345//129 6319//129
f 6326//129 6346//129 4138//129
f 6346//129 6347//129 4138//129
f 4138//129 6347//129 6348//129
f 6348//129 6349//129 4138//129
f 6349//129 6350//129 4138//129
f 4138//129 6350//129 6351//129
f 6332//129 6352//129 5967//129
f 6352//129 6353//129 5967//129
f 5967//129 6353//129 6354//129
f 6354//129 6355//129 5967//129
f 6355//129 6356//129 5967//129
f 5967//129 6356//129 6357//129
f 6358//129 6359//129 4136//129
f 6359//129 6360//129 4136//129
f 4136//129 6360//129 6361//129
f 6361//129 6362//129 4136//129
f 6362//129 6363//129 4136//129
f 4136//129 6363//129 6336//129
f 6351//129 6364//129 4138//129
f 6364//129 6365//129 4138//129
f 4138//129 6365//129 6366//129
f 6367//129 6368//129 6164//129
f 6357//129 6369//129 5967//129
f 6369//129 6370//129 5967//129
f 5967//129 6370//129 4136//129
f 6370//129 6371//129 4136//129
f 4136//129 6371//129 6358//129
f 6368//129 6372//129 6164//129
f 6372//129 6373//129 6164//129
f 6164//129 6373//129 6333//129
f 6366//129 6374//129 4138//129
f 6374//129 6375//129 4138//129
f 4138//129 6375//129 6164//129
f 6375//129 6376//129 6164//129
f 6164//129 6376//129 6367//129
f 6377//129 6378//129 6110//129
f 6378//129 6379//129 6110//129
f 6110//129 6379//129 5967//129
f 6379//129 6380//129 5967//129
f 5967//129 6380//129 6316//129
f 6329//129 6381//129 6164//129
f 6381//129 6382//129 6164//129
f 6164//129 6382//129 6202//129
f 6382//129 6383//129 6202//129
f 6202//129 6383//129 6384//129
f 6384//129 6385//129 6202//129
f 6385//129 6386//129 6202//129
f 6202//129 6386//129 6110//129
f 6386//129 6387//129 6110//129
f 6110//129 6387//129 6377//129
f 3899//129 3901//129 6388//129
f 3901//129 3903//129 6388//129
f 6389//129 6390//129 6391//129
f 6392//129 4144//129 6393//129
f 4144//129 6394//129 6393//129
f 6395//129 6391//129 6396//129
f 6391//129 6397//129 6396//129
f 3903//129 3905//129 6388//129
f 3905//129 3907//129 6388//129
f 6388//129 3907//129 3909//129
f 3909//129 3911//129 6388//129
f 3911//129 3913//129 6388//129
f 6388//129 3913//129 3915//129
f 3923//129 3925//129 4142//129
f 3925//129 3927//129 4142//129
f 4142//129 3927//129 3929//129
f 6392//129 6398//129 4144//129
f 6398//129 6399//129 4144//129
f 4144//129 6399//129 6400//129
f 6400//129 6401//129 4144//129
f 6401//129 6402//129 4144//129
f 4144//129 6402//129 6391//129
f 6402//129 6403//129 6391//129
f 6391//129 6403//129 6389//129
f 6390//129 6404//129 6391//129
f 6404//129 6405//129 6391//129
f 6391//129 6405//129 6397//129
f 3915//129 3917//129 6388//129
f 3917//129 3919//129 6388//129
f 6388//129 3919//129 4142//129
f 3919//129 3921//129 4142//129
f 4142//129 3921//129 3923//129
f 3929//129 3931//129 4142//129
f 3931//129 3933//129 4142//129
f 4142//129 3933//129 3935//129
f 3965//129 3967//129 4144//129
f 3967//129 3969//129 4144//129
f 3935//129 3938//129 4142//129
f 3938//129 3939//129 4142//129
f 4142//129 3939//129 3941//129
f 3969//129 3971//129 4144//129
f 3971//129 3974//129 4144//129
f 4144//129 3974//129 6394//129
f 4144//129 3957//129 3959//129
f 3941//129 3943//129 4142//129
f 3943//129 3945//129 4142//129
f 4142//129 3945//129 3947//129
f 4142//129 3953//129 4144//129
f 3953//129 3955//129 4144//129
f 4144//129 3955//129 3957//129
f 3959//129 3961//129 4144//129
f 3961//129 3963//129 4144//129
f 4144//129 3963//129 3965//129
f 3947//129 3949//129 4142//129
f 3949//129 3951//129 4142//129
f 4142//129 3951//129 3953//129
f 3891//129 3893//129 5819//129
f 3893//129 3895//129 5819//129
f 5819//129 3895//129 3897//129
f 6406//129 6407//129 6309//129
f 6406//129 6309//129 6408//129
f 6407//129 6409//129 6309//129
f 6409//129 6410//129 6309//129
f 6309//129 6410//129 6310//129
f 6303//129 6411//129 6304//129
f 6411//129 6412//129 6304//129
f 6304//129 6412//129 6413//129
f 5818//129 4704//129 4703//129
f 6414//129 5818//129 6415//129
f 5818//129 6416//129 6415//129
f 6414//129 6417//129 5818//129
f 6417//129 6418//129 5818//129
f 5818//129 6418//129 6419//129
f 6419//129 6420//129 5818//129
f 6420//129 6421//129 5818//129
f 5818//129 6421//129 4704//129
f 6422//129 6423//129 6128//129
f 6423//129 6424//129 6128//129
f 6128//129 6424//129 6425//129
f 6426//129 6427//129 4148//129
f 6427//129 6428//129 4148//129
f 4148//129 6428//129 6429//129
f 6430//129 6431//129 4148//129
f 6431//129 6432//129 4148//129
f 4148//129 6432//129 6433//129
f 6434//129 6435//129 4148//129
f 6435//129 6436//129 4148//129
f 4148//129 6437//129 4150//129
f 6437//129 6438//129 4150//129
f 4150//129 6438//129 6439//129
f 4703//129 6440//129 5818//129
f 6440//129 6441//129 5818//129
f 5818//129 6441//129 6442//129
f 6443//129 6444//129 6128//129
f 6444//129 6445//129 6128//129
f 6128//129 6445//129 6446//129
f 6429//129 6447//129 4148//129
f 6447//129 6448//129 4148//129
f 4148//129 6448//129 6430//129
f 6433//129 6449//129 4148//129
f 6449//129 6450//129 4148//129
f 4148//129 6450//129 6434//129
f 6436//129 6451//129 4148//129
f 6451//129 6452//129 4148//129
f 4148//129 6452//129 6437//129
f 6439//129 6453//129 4150//129
f 6453//129 6454//129 4150//129
f 4150//129 6454//129 6455//129
f 6442//129 6456//129 5818//129
f 6456//129 6457//129 5818//129
f 5818//129 6457//129 6458//129
f 6425//129 6459//129 6128//129
f 6459//129 6460//129 6128//129
f 6128//129 6460//129 6461//129
f 6461//129 6462//129 6128//129
f 6462//129 6463//129 6128//129
f 6128//129 6463//129 4148//129
f 6463//129 6464//129 4148//129
f 4148//129 6464//129 6426//129
f 6455//129 6465//129 4150//129
f 6465//129 6466//129 4150//129
f 4150//129 6466//129 6467//129
f 6467//129 6468//129 4150//129
f 6468//129 6469//129 4150//129
f 4150//129 6469//129 6470//129
f 6470//129 6471//129 4150//129
f 6471//129 6472//129 4150//129
f 4150//129 6472//129 6473//129
f 6473//129 6474//129 4150//129
f 6474//129 6475//129 4150//129
f 4150//129 6475//129 6476//129
f 6476//129 6477//129 4150//129
f 6477//129 6478//129 4150//129
f 4150//129 6478//129 5818//129
f 6478//129 6479//129 5818//129
f 5818//129 6479//129 6416//129
f 6458//129 6480//129 5818//129
f 6480//129 6481//129 5818//129
f 5818//129 6481//129 6128//129
f 6481//129 6482//129 6128//129
f 6128//129 6482//129 6443//129
f 6446//129 6483//129 6128//129
f 6483//129 6484//129 6128//129
f 6128//129 6484//129 6485//129
f 6485//129 6486//129 6128//129
f 6486//129 6487//129 6128//129
f 6128//129 6487//129 6422//129
f 4144//129 4707//129 4146//129
f 4707//129 4321//129 4146//129
f 4146//129 4321//129 4323//129
f 6488//129 6489//129 6391//129
f 6489//129 6490//129 6391//129
f 6391//129 6490//129 6491//129
f 4323//129 4325//129 4146//129
f 4325//129 4327//129 4146//129
f 4146//129 4327//129 4329//129
f 4329//129 4331//129 4146//129
f 4331//129 4333//129 4146//129
f 4146//129 4333//129 4335//129
f 6492//129 6493//129 4144//129
f 6121//129 4375//129 4377//129
f 6494//129 6121//129 6495//129
f 6121//129 6496//129 6495//129
f 6391//129 6497//129 6498//129
f 6491//129 6499//129 6391//129
f 6499//129 6500//129 6391//129
f 6391//129 6500//129 6501//129
f 6502//129 6503//129 6391//129
f 6503//129 6504//129 6391//129
f 6493//129 6505//129 4144//129
f 6505//129 6506//129 4144//129
f 4144//129 6506//129 4707//129
f 4335//129 4337//129 4146//129
f 4337//129 4339//129 4146//129
f 4146//129 4339//129 4341//129
f 4377//129 6507//129 6121//129
f 6507//129 6508//129 6121//129
f 6121//129 6508//129 6496//129
f 6494//129 6509//129 6121//129
f 6509//129 6510//129 6121//129
f 6121//129 6510//129 6511//129
f 6511//129 6512//129 6121//129
f 6512//129 6513//129 6121//129
f 6121//129 6513//129 6391//129
f 6513//129 6514//129 6391//129
f 6391//129 6514//129 6497//129
f 6498//129 6515//129 6391//129
f 6515//129 6516//129 6391//129
f 6391//129 6516//129 6488//129
f 6501//129 6517//129 6391//129
f 6517//129 6518//129 6391//129
f 6391//129 6518//129 6502//129
f 6504//129 6519//129 6391//129
f 6519//129 6520//129 6391//129
f 6391//129 6520//129 4144//129
f 6520//129 6521//129 4144//129
f 4144//129 6521//129 6522//129
f 6522//129 6523//129 4144//129
f 6523//129 6524//129 4144//129
f 4144//129 6524//129 6525//129
f 4341//129 4343//129 4146//129
f 4343//129 4345//129 4146//129
f 4146//129 4345//129 4347//129
f 4347//129 4349//129 4146//129
f 4349//129 4351//129 4146//129
f 4146//129 4351//129 4353//129
f 4361//129 4363//129 6121//129
f 4353//129 4355//129 4146//129
f 4355//129 4357//129 4146//129
f 4146//129 4357//129 6121//129
f 4357//129 4359//129 6121//129
f 6121//129 4359//129 4361//129
f 4363//129 4365//129 6121//129
f 4365//129 4367//129 6121//129
f 6121//129 4367//129 4369//129
f 4369//129 4371//129 6121//129
f 4371//129 4373//129 6121//129
f 6121//129 4373//129 4375//129
f 6525//129 6526//129 4144//129
f 6526//129 6527//129 4144//129
f 4144//129 6527//129 6528//129
f 6528//129 6529//129 4144//129
f 6529//129 6530//129 4144//129
f 4144//129 6530//129 6531//129
f 6531//129 6532//129 4144//129
f 6532//129 6533//129 4144//129
f 4144//129 6533//129 6492//129
f 3727//129 3729//129 4142//129
f 3729//129 3731//129 4142//129
f 4142//129 3731//129 3733//129
f 3769//129 6388//129 3767//129
f 6388//129 3765//129 3767//129
f 3733//129 3735//129 4142//129
f 3735//129 3737//129 4142//129
f 4142//129 3737//129 3739//129
f 3739//129 3741//129 4142//129
f 3741//129 3743//129 4142//129
f 4142//129 3743//129 3745//129
f 3863//129 3865//129 4140//129
f 3865//129 3867//129 4140//129
f 4140//129 3867//129 3869//129
f 4140//129 3875//129 4142//129
f 3875//129 3725//129 4142//129
f 4142//129 3725//129 3727//129
f 3745//129 3747//129 4142//129
f 3747//129 3749//129 4142//129
f 4142//129 3749//129 3751//129
f 3751//129 3753//129 4142//129
f 3753//129 3755//129 4142//129
f 4142//129 3755//129 3757//129
f 3869//129 3871//129 4140//129
f 3871//129 3873//129 4140//129
f 4140//129 3873//129 3875//129
f 3757//129 3759//129 4142//129
f 3759//129 3761//129 4142//129
f 4142//129 3761//129 6388//129
f 3761//129 3763//129 6388//129
f 6388//129 3763//129 3765//129
f 6163//129 3833//129 3835//129
f 3843//129 3845//129 4140//129
f 3857//129 3859//129 4140//129
f 3859//129 3861//129 4140//129
f 4140//129 3861//129 3863//129
f 3827//129 3829//129 6163//129
f 3829//129 3831//129 6163//129
f 6163//129 3831//129 3833//129
f 3835//129 3837//129 6163//129
f 3837//129 3839//129 6163//129
f 6163//129 3839//129 4140//129
f 3839//129 3841//129 4140//129
f 4140//129 3841//129 3843//129
f 3769//129 3771//129 6388//129
f 3771//129 3773//129 6388//129
f 6388//129 3773//129 3775//129
f 3845//129 3847//129 4140//129
f 3847//129 3849//129 4140//129
f 4140//129 3849//129 3851//129
f 3821//129 3823//129 6163//129
f 3823//129 3825//129 6163//129
f 6163//129 3825//129 3827//129
f 3851//129 3853//129 4140//129
f 3853//129 3855//129 4140//129
f 4140//129 3855//129 3857//129
f 6388//129 3787//129 3789//129
f 3789//129 3791//129 6388//129
f 3791//129 3793//129 6388//129
f 6388//129 3793//129 3795//129
f 3815//129 3817//129 6163//129
f 3817//129 3820//129 6163//129
f 6163//129 3820//129 3821//129
f 3775//129 3777//129 6388//129
f 3777//129 3779//129 6388//129
f 6388//129 3779//129 3781//129
f 3781//129 3784//129 6388//129
f 3784//129 3785//129 6388//129
f 6388//129 3785//129 3787//129
f 3803//129 3805//129 6163//129
f 3805//129 3807//129 6163//129
f 6163//129 3807//129 3809//129
f 3809//129 3811//129 6163//129
f 3811//129 3813//129 6163//129
f 6163//129 3813//129 3815//129
f 3795//129 3797//129 6388//129
f 3797//129 3799//129 6388//129
f 6388//129 3799//129 6163//129
f 3799//129 3801//129 6163//129
f 6163//129 3801//129 3803//129
f 4130//129 4572//129 4132//129
f 4572//129 4571//129 4132//129
f 4132//129 4571//129 6534//129
f 6534//129 6535//129 4132//129
f 6535//129 6536//129 4132//129
f 4132//129 6536//129 6537//129
f 6537//129 6538//129 4132//129
f 6538//129 6539//129 4132//129
f 4132//129 6539//129 6540//129
f 6540//129 6541//129 4132//129
f 6541//129 6542//129 4132//129
f 4132//129 6542//129 6543//129
f 6544//129 6545//129 5863//129
f 6545//129 6546//129 5863//129
f 6546//129 6547//129 5863//129
f 5863//129 6547//129 6548//129
f 6548//129 6549//129 5863//129
f 6549//129 6550//129 5863//129
f 5863//129 6550//129 6551//129
f 6552//129 6553//129 4130//129
f 6543//129 6554//129 4132//129
f 6554//129 6555//129 4132//129
f 4132//129 6555//129 6556//129
f 6557//129 6558//129 5828//129
f 6558//129 6559//129 5828//129
f 5828//129 6559//129 6560//129
f 6561//129 4130//129 6562//129
f 4130//129 6563//129 6562//129
f 6561//129 6564//129 4130//129
f 6564//129 6565//129 4130//129
f 4130//129 6565//129 6566//129
f 6556//129 6567//129 4132//129
f 6567//129 6568//129 4132//129
f 4132//129 6568//129 6569//129
f 6560//129 6570//129 5828//129
f 6570//129 6571//129 5828//129
f 5828//129 6571//129 6572//129
f 6572//129 6573//129 5828//129
f 6573//129 6574//129 5828//129
f 5828//129 6574//129 6575//129
f 6553//129 6576//129 4130//129
f 6576//129 6577//129 4130//129
f 4130//129 6577//129 6563//129
f 6569//129 6578//129 4132//129
f 6578//129 6579//129 4132//129
f 4132//129 6579//129 5828//129
f 6579//129 6580//129 5828//129
f 5828//129 6580//129 6557//129
f 6551//129 6581//129 5863//129
f 6581//129 6582//129 5863//129
f 5863//129 6582//129 4130//129
f 6582//129 6583//129 4130//129
f 4130//129 6583//129 6552//129
f 6566//129 6584//129 4130//129
f 6584//129 6585//129 4130//129
f 4130//129 6585//129 6586//129
f 6586//129 6587//129 4130//129
f 6587//129 6588//129 4130//129
f 4130//129 6588//129 5815//129
f 6575//129 6589//129 5828//129
f 6589//129 6590//129 5828//129
f 5828//129 6590//129 6591//129
f 6592//129 6593//129 5863//129
f 6593//129 6594//129 5863//129
f 5863//129 6594//129 6595//129
f 6595//129 6596//129 5863//129
f 6596//129 6597//129 5863//129
f 5863//129 6597//129 6598//129
f 6591//129 6599//129 5828//129
f 6599//129 6600//129 5828//129
f 5828//129 6600//129 6601//129
f 6601//129 6602//129 5828//129
f 6602//129 6603//129 5828//129
f 5828//129 6603//129 5863//129
f 6603//129 6604//129 5863//129
f 5863//129 6604//129 6592//129
f 6598//129 6605//129 5863//129
f 6605//129 6606//129 5863//129
f 5863//129 6606//129 6544//129
f 4221//129 4223//129 5840//129
f 4221//129 5840//129 4219//129
f 4193//129 4195//129 4128//129
f 4259//129 4261//129 5833//129
f 4261//129 4264//129 5833//129
f 5833//129 4264//129 4265//129
f 4195//129 4197//129 4128//129
f 4197//129 4199//129 4128//129
f 4128//129 4199//129 4201//129
f 4173//129 4175//129 4128//129
f 4223//129 4225//129 5840//129
f 4225//129 4228//129 5840//129
f 5840//129 4228//129 4229//129
f 4265//129 4267//129 5833//129
f 4267//129 4269//129 5833//129
f 5833//129 4269//129 4271//129
f 4277//129 4279//129 5833//129
f 4279//129 4281//129 5833//129
f 5833//129 4281//129 4126//129
f 4281//129 4283//129 4126//129
f 4126//129 4283//129 4285//129
f 4285//129 4287//129 4126//129
f 4287//129 4289//129 4126//129
f 4126//129 4289//129 4291//129
f 4297//129 4299//129 4126//129
f 4299//129 4301//129 4126//129
f 4126//129 4301//129 4303//129
f 4309//129 4311//129 4126//129
f 4311//129 4313//129 4126//129
f 4126//129 4313//129 4315//129
f 4173//129 4128//129 4171//129
f 4207//129 5840//129 4205//129
f 5840//129 4128//129 4205//129
f 4205//129 4128//129 4203//129
f 4128//129 4201//129 4203//129
f 4207//129 4209//129 5840//129
f 4209//129 4211//129 5840//129
f 5840//129 4211//129 4213//129
f 4213//129 4215//129 5840//129
f 4215//129 4217//129 5840//129
f 5840//129 4217//129 4219//129
f 4229//129 4231//129 5840//129
f 4231//129 4233//129 5840//129
f 5840//129 4233//129 4235//129
f 4253//129 5833//129 4251//129
f 5833//129 4249//129 4251//129
f 4271//129 4273//129 5833//129
f 4273//129 4275//129 5833//129
f 5833//129 4275//129 4277//129
f 4291//129 4293//129 4126//129
f 4293//129 4295//129 4126//129
f 4126//129 4295//129 4297//129
f 4303//129 4305//129 4126//129
f 4305//129 4307//129 4126//129
f 4126//129 4307//129 4309//129
f 4181//129 4183//129 4128//129
f 4183//129 4185//129 4128//129
f 4128//129 4185//129 4187//129
f 4235//129 4237//129 5840//129
f 4237//129 4239//129 5840//129
f 5840//129 4239//129 4241//129
f 4241//129 4243//129 5840//129
f 4243//129 4245//129 5840//129
f 5840//129 4245//129 5833//129
f 4245//129 4247//129 5833//129
f 5833//129 4247//129 4249//129
f 4253//129 4255//129 5833//129
f 4255//129 4257//129 5833//129
f 5833//129 4257//129 4259//129
f 4175//129 4177//129 4128//129
f 4177//129 4179//129 4128//129
f 4128//129 4179//129 4181//129
f 4187//129 4189//129 4128//129
f 4189//129 4191//129 4128//129
f 4128//129 4191//129 4193//129
f 4315//129 4317//129 4126//129
f 4317//129 4319//129 4126//129
f 4126//129 4319//129 4128//129
f 4319//129 4169//129 4128//129
f 4128//129 4169//129 4171//129
f 4619//129 4621//129 6128//129
f 4621//129 6162//129 6128//129
f 6128//129 6162//129 5818//129
f 6162//129 6304//129 5818//129
f 5818//129 6304//129 5816//129
f 6304//129 6413//129 5816//129
f 6395//129 6408//129 6391//129
f 6408//129 6309//129 6391//129
f 6391//129 6309//129 6121//129
f 6309//129 5822//129 6121//129
f 6121//129 5822//129 6119//129
f 5822//129 6156//129 6119//129
f 4677//129 4679//129 6163//129
f 4679//129 6213//129 6163//129
f 6163//129 6213//129 6388//129
f 6213//129 5819//129 6388//129
f 6388//129 5819//129 3899//129
f 5819//129 3897//129 3899//129
f 5868//129 5887//129 5863//129
f 5887//129 5889//129 5863//129
f 5863//129 5889//129 5828//129
f 5889//129 5825//129 5828//129
f 5828//129 5825//129 5826//129
f 5825//129 5945//129 5826//129
f 4449//129 4451//129 5833//129
f 4451//129 5835//129 5833//129
f 5833//129 5835//129 5840//129
f 5835//129 5831//129 5840//129
f 5840//129 5831//129 5838//129
f 5831//129 5874//129 5838//129
f 3724//5044 3723//5044 6305//5044
f 3723//5044 5427//5044 6305//5044
f 6305//5045 5427//5045 6306//5045
f 5427//5045 5426//5045 6306//5045
f 6306//4652 5426//4652 6307//4652
f 5426//4652 5425//4652 6307//4652
f 6307//5046 5425//5046 6308//5046
f 5425//5046 5424//5046 6308//5046
f 6308//5047 5424//5047 6302//5047
f 5424//5047 5622//5047 6302//5047
f 6302//5048 5622//5048 6303//5048
f 5622//5048 5621//5048 6303//5048
f 6303//5049 5621//5049 6411//5049
f 5621//5049 5620//5049 6411//5049
f 6411//5050 5620//5050 6412//5050
f 5620//5050 5615//5050 6412//5050
f 6412//4658 5615//4658 6413//4658
f 5615//4658 5614//4658 6413//4658
f 6413//4659 5614//4659 5816//4659
f 5614//4659 5619//4659 5816//4659
f 5816//4660 5619//4660 5817//4660
f 5619//4660 5618//4660 5817//4660
f 5817//5051 5618//5051 6238//5051
f 5618//5051 5617//5051 6238//5051
f 6238//5052 5617//5052 6239//5052
f 5617//5052 5498//5052 6239//5052
f 6239//5053 5498//5053 6224//5053
f 5498//5053 5497//5053 6224//5053
f 6224//5054 5497//5054 6225//5054
f 5497//5054 5508//5054 6225//5054
f 6225//5055 5508//5055 6240//5055
f 5508//5055 5507//5055 6240//5055
f 6240//5056 5507//5056 6241//5056
f 5507//5056 5456//5056 6241//5056
f 6241//5057 5456//5057 6242//5057
f 5456//5057 5455//5057 6242//5057
f 6242//5058 5455//5058 6280//5058
f 5455//5058 5511//5058 6280//5058
f 6280//5059 5511//5059 6281//5059
f 5511//5059 5510//5059 6281//5059
f 6281//5060 5510//5060 6282//5060
f 5510//5060 5509//5060 6282//5060
f 6282//5061 5509//5061 6283//5061
f 5509//5061 5506//5061 6283//5061
f 6283//4672 5506//4672 6284//4672
f 5506//4672 5505//4672 6284//4672
f 6284//5062 5505//5062 6285//5062
f 5505//5062 5514//5062 6285//5062
f 6285//5063 5514//5063 6291//5063
f 5514//5063 5513//5063 6291//5063
f 6291//5064 5513//5064 6292//5064
f 5513//5064 5512//5064 6292//5064
f 6292//5065 5512//5065 6293//5065
f 5512//5065 5515//5065 6293//5065
f 6293//4677 5515//4677 3630//4677
f 5515//4677 3629//4677 3630//4677
f 3725//101 3875//101 3726//101
f 3875//101 3876//101 3726//101
f 3974//4850 3973//4850 6394//4850
f 3973//4850 5607//4850 6394//4850
f 6394//4931 5607//4931 6393//4931
f 5607//4931 5606//4931 6393//4931
f 6393//4932 5606//4932 6392//4932
f 5606//4932 5604//4932 6392//4932
f 6392//4933 5604//4933 6398//4933
f 5604//4933 5603//4933 6398//4933
f 6398//5066 5603//5066 6399//5066
f 5603//5066 5602//5066 6399//5066
f 6399//5067 5602//5067 6400//5067
f 5602//5067 5601//5067 6400//5067
f 6400//4935 5601//4935 6401//4935
f 5601//4935 5600//4935 6401//4935
f 6401//5068 5600//5068 6402//5068
f 5600//5068 5599//5068 6402//5068
f 6402//4937 5599//4937 6403//4937
f 5599//4937 5598//4937 6403//4937
f 6403//4859 5598//4859 6389//4859
f 5598//4859 5597//4859 6389//4859
f 6389//4939 5597//4939 6390//4939
f 5597//4939 5596//4939 6390//4939
f 6390//4926 5596//4926 6404//4926
f 5596//4926 5595//4926 6404//4926
f 6404//5069 5595//5069 6405//5069
f 5595//5069 5594//5069 6405//5069
f 6405//5070 5594//5070 6397//5070
f 5594//5070 5593//5070 6397//5070
f 6397//5071 5593//5071 6396//5071
f 5593//5071 5592//5071 6396//5071
f 6396//4944 5592//4944 6395//4944
f 5592//4944 5591//4944 6395//4944
f 6395//4945 5591//4945 6408//4945
f 5591//4945 5589//4945 6408//4945
f 6408//4867 5589//4867 6406//4867
f 5589//4867 5588//4867 6406//4867
f 6406//4868 5588//4868 6407//4868
f 5588//4868 5613//4868 6407//4868
f 6407//5072 5613//5072 6409//5072
f 5613//5072 5612//5072 6409//5072
f 6409//5073 5612//5073 6410//5073
f 5612//5073 5611//5073 6410//5073
f 6410//4927 5611//4927 6310//4927
f 5611//4927 5610//4927 6310//4927
f 6310//4948 5610//4948 6311//4948
f 5610//4948 5609//4948 6311//4948
f 6311//4949 5609//4949 6312//4949
f 5609//4949 5608//4949 6312//4949
f 6312//5074 5608//5074 6313//5074
f 5608//5074 5422//5074 6313//5074
f 6313//4875 5422//4875 6314//4875
f 5422//4875 5421//4875 6314//4875
f 6314//4952 5421//4952 6315//4952
f 5421//4952 5420//4952 6315//4952
f 6315//4953 5420//4953 3880//4953
f 5420//4953 3879//4953 3880//4953
f 6215//55 5468//55 6216//55
f 5468//55 5467//55 6216//55
f 6216//56 5467//56 6217//56
f 5467//56 5466//56 6217//56
f 6217//57 5466//57 6218//57
f 5466//57 5463//57 6218//57
f 6218//58 5463//58 6221//58
f 5463//58 5464//58 6221//58
f 6221//59 5464//59 6222//59
f 5464//59 5465//59 6222//59
f 6222//60 5465//60 6223//60
f 5465//60 5454//60 6223//60
f 6223//61 5454//61 6246//61
f 5454//61 5453//61 6246//61
f 6246//62 5453//62 6247//62
f 5453//62 5496//62 6247//62
f 6247//63 5496//63 6248//63
f 5496//63 5495//63 6248//63
f 6248//4954 5495//4954 6249//4954
f 5495//4954 5494//4954 6249//4954
f 6249//5075 5494//5075 6250//5075
f 5494//5075 5493//5075 6250//5075
f 6250//66 5493//66 6251//66
f 5493//66 5492//66 6251//66
f 6251//67 5492//67 6252//67
f 5492//67 5491//67 6252//67
f 6252//4956 5491//4956 6253//4956
f 5491//4956 5490//4956 6253//4956
f 6253//4957 5490//4957 6254//4957
f 5490//4957 5489//4957 6254//4957
f 6254//70 5489//70 6255//70
f 5489//70 5488//70 6255//70
f 6255//71 5488//71 6256//71
f 5488//71 5487//71 6256//71
f 6256//72 5487//72 6257//72
f 5487//72 5486//72 6257//72
f 6257//1 5486//1 6258//1
f 5486//1 5485//1 6258//1
f 6258//2 5485//2 6259//2
f 5485//2 5484//2 6259//2
f 6259//3 5484//3 6260//3
f 5484//3 5483//3 6260//3
f 6260//4958 5483//4958 6261//4958
f 5483//4958 5482//4958 6261//4958
f 6261//4959 5482//4959 6262//4959
f 5482//4959 5481//4959 6262//4959
f 6262//6 5481//6 6263//6
f 5481//6 5480//6 6263//6
f 6263//7 5480//7 6264//7
f 5480//7 5479//7 6264//7
f 6264//5076 5479//5076 6265//5076
f 5479//5076 5478//5076 6265//5076
f 6265//4961 5478//4961 6266//4961
f 5478//4961 5477//4961 6266//4961
f 6266//10 5477//10 6267//10
f 5477//10 5476//10 6267//10
f 6267//11 5476//11 6229//11
f 5476//11 5475//11 6229//11
f 6229//12 5475//12 6230//12
f 5475//12 5452//12 6230//12
f 6230//13 5452//13 6231//13
f 5452//13 5451//13 6231//13
f 6231//14 5451//14 6232//14
f 5451//14 5462//14 6232//14
f 6232//15 5462//15 6233//15
f 5462//15 5461//15 6233//15
f 6233//16 5461//16 6234//16
f 5461//16 5460//16 6234//16
f 6234//17 5460//17 6268//17
f 5460//17 5437//17 6268//17
f 6268//18 5437//18 6269//18
f 5437//18 5436//18 6269//18
f 6269//19 5436//19 6270//19
f 5436//19 5435//19 6270//19
f 6270//20 5435//20 6235//20
f 5435//20 5429//20 6235//20
f 6235//21 5429//21 6236//21
f 5429//21 5428//21 6236//21
f 6236//22 5428//22 6237//22
f 5428//22 5450//22 6237//22
f 6237//23 5450//23 6271//23
f 5450//23 5449//23 6271//23
f 6271//24 5449//24 6272//24
f 5449//24 5448//24 6272//24
f 6272//25 5448//25 6273//25
f 5448//25 5447//25 6273//25
f 6273//26 5447//26 6274//26
f 5447//26 5446//26 6274//26
f 6274//27 5446//27 6275//27
f 5446//27 5445//27 6275//27
f 6275//4962 5445//4962 6276//4962
f 5445//4962 5442//4962 6276//4962
f 6276//5077 5442//5077 6277//5077
f 5442//5077 5441//5077 6277//5077
f 6277//30 5441//30 6278//30
f 5441//30 5501//30 6278//30
f 6278//31 5501//31 6279//31
f 5501//31 5500//31 6279//31
f 6279//4964 5500//4964 6290//4964
f 5500//4964 5499//4964 6290//4964
f 6290//4965 5499//4965 6289//4965
f 5499//4965 5459//4965 6289//4965
f 6289//34 5459//34 6295//34
f 5459//34 5458//34 6295//34
f 6295//35 5458//35 6294//35
f 5458//35 5474//35 6294//35
f 6294//36 5474//36 6296//36
f 5474//36 5473//36 6296//36
f 6296//37 5473//37 6297//37
f 5473//37 5432//37 6297//37
f 6297//38 5432//38 6298//38
f 5432//38 5433//38 6298//38
f 6298//39 5433//39 6299//39
f 5433//39 5434//39 6299//39
f 6299//4966 5434//4966 6300//4966
f 5434//4966 5444//4966 6300//4966
f 6300//4967 5444//4967 6301//4967
f 5444//4967 5443//4967 6301//4967
f 6301//42 5443//42 6219//42
f 5443//42 5440//42 6219//42
f 6219//43 5440//43 6220//43
f 5440//43 5439//43 6220//43
f 6220//5078 5439//5078 6226//5078
f 5439//5078 5438//5078 6226//5078
f 6226//4969 5438//4969 6227//4969
f 5438//4969 5431//4969 6227//4969
f 6227//46 5431//46 6243//46
f 5431//46 5430//46 6243//46
f 6243//47 5430//47 6244//47
f 5430//47 5504//47 6244//47
f 6244//48 5504//48 6245//48
f 5504//48 5503//48 6245//48
f 6245//49 5503//49 6228//49
f 5503//49 5502//49 6228//49
f 6228//50 5502//50 6286//50
f 5502//50 5472//50 6286//50
f 6286//51 5472//51 6287//51
f 5472//51 5471//51 6287//51
f 6287//52 5471//52 6288//52
f 5471//52 5470//52 6288//52
f 6288//53 5470//53 6214//53
f 5470//53 5469//53 6214//53
f 6214//54 5469//54 6215//54
f 5469//54 5468//54 6215//54
f 6340//5079 5539//5079 6341//5079
f 5539//5080 5538//5080 6341//5080
f 6341//5081 5538//5081 6322//5081
f 5538//5081 5537//5081 6322//5081
f 6322//5082 5537//5082 6323//5082
f 5537//5082 5524//5082 6323//5082
f 6323//5083 5524//5083 6324//5083
f 5524//5083 5523//5083 6324//5083
f 6324//5084 5523//5084 6325//5084
f 5523//5084 5522//5084 6325//5084
f 6325//5085 5522//5085 6326//5085
f 5522//5085 5521//5085 6326//5085
f 6326//5086 5521//5086 6346//5086
f 5521//5086 5550//5086 6346//5086
f 6346//5087 5550//5087 6347//5087
f 5550//5087 5549//5087 6347//5087
f 6347//5088 5549//5088 6348//5088
f 5549//5088 5546//5088 6348//5088
f 6348//5089 5546//5089 6349//5089
f 5546//5089 5547//5089 6349//5089
f 6349//5090 5547//5090 6350//5090
f 5547//5090 5548//5090 6350//5090
f 6350//5091 5548//5091 6351//5091
f 5548//5091 5565//5091 6351//5091
f 6351//5092 5565//5092 6364//5092
f 5565//5092 5564//5092 6364//5092
f 6364//5093 5564//5093 6365//5093
f 5564//5093 5555//5093 6365//5093
f 6365//5094 5555//5094 6366//5094
f 5555//5094 5554//5094 6366//5094
f 6366//5095 5554//5095 6374//5095
f 5554//5095 5576//5095 6374//5095
f 6374//5096 5576//5096 6375//5096
f 5576//5096 5575//5096 6375//5096
f 6375//5097 5575//5097 6376//5097
f 5575//5097 5574//5097 6376//5097
f 6376//5098 5574//5098 6367//5098
f 5574//5098 5570//5098 6367//5098
f 6367//5099 5570//5099 6368//5099
f 5570//5099 5569//5099 6368//5099
f 6368//5100 5569//5100 6372//5100
f 5569//5100 5568//5100 6372//5100
f 6372//5101 5568//5101 6373//5101
f 5568//5101 5536//5101 6373//5101
f 6373//5102 5536//5102 6333//5102
f 5536//5102 5535//5102 6333//5102
f 6333//5103 5535//5103 6334//5103
f 5535//5103 5534//5103 6334//5103
f 6334//5104 5534//5104 6335//5104
f 5534//5104 5533//5104 6335//5104
f 6335//5105 5533//5105 6342//5105
f 5533//5105 5532//5105 6342//5105
f 6342//5106 5532//5106 6343//5106
f 5532//5106 5531//5106 6343//5106
f 6343//5107 5531//5107 6327//5107
f 5531//5107 5520//5107 6327//5107
f 6327//5108 5520//5108 6328//5108
f 5520//5108 5519//5108 6328//5108
f 6328//5109 5519//5109 6329//5109
f 5519//5109 5518//5109 6329//5109
f 6329//5110 5518//5110 6381//5110
f 5518//5110 5580//5110 6381//5110
f 6381//5111 5580//5111 6382//5111
f 5580//5111 5579//5111 6382//5111
f 6382//5112 5579//5112 6383//5112
f 5579//5112 5578//5112 6383//5112
f 6383//5113 5578//5113 6384//5113
f 5578//5113 5577//5113 6384//5113
f 6384//5114 5577//5114 6385//5114
f 5577//5114 5587//5114 6385//5114
f 6385//5115 5587//5115 6386//5115
f 5587//5116 5586//5116 6386//5116
f 6386//5117 5586//5117 6387//5117
f 5586//5118 5585//5118 6387//5118
f 6387//5119 5585//5119 6377//5119
f 5585//5119 5584//5119 6377//5119
f 6377//5120 5584//5120 6378//5120
f 5584//5120 5583//5120 6378//5120
f 6378//5121 5583//5121 6379//5121
f 5583//5121 5582//5121 6379//5121
f 6379//5122 5582//5122 6380//5122
f 5582//5122 5581//5122 6380//5122
f 6380//5123 5581//5123 6316//5123
f 5581//5123 5517//5123 6316//5123
f 6316//5124 5517//5124 6317//5124
f 5517//5124 5516//5124 6317//5124
f 6317//5125 5516//5125 6318//5125
f 5516//5125 5530//5125 6318//5125
f 6318//5126 5530//5126 6330//5126
f 5530//5126 5529//5126 6330//5126
f 6330//5127 5529//5127 6331//5127
f 5529//5127 5528//5127 6331//5127
f 6331//5128 5528//5128 6332//5128
f 5528//5128 5567//5128 6332//5128
f 6332//5129 5567//5129 6352//5129
f 5567//5129 5566//5129 6352//5129
f 6352//5130 5566//5130 6353//5130
f 5566//5130 5563//5130 6353//5130
f 6353//5131 5563//5131 6354//5131
f 5563//5131 5562//5131 6354//5131
f 6354//5132 5562//5132 6355//5132
f 5562//5132 5561//5132 6355//5132
f 6355//5133 5561//5133 6356//5133
f 5561//5133 5560//5133 6356//5133
f 6356//5134 5560//5134 6357//5134
f 5560//5134 5559//5134 6357//5134
f 6357//5135 5559//5135 6369//5135
f 5559//5135 5573//5135 6369//5135
f 6369//5136 5573//5136 6370//5136
f 5573//5136 5572//5136 6370//5136
f 6370//5137 5572//5137 6371//5137
f 5572//5137 5571//5137 6371//5137
f 6371//5138 5571//5138 6358//5138
f 5571//5138 5558//5138 6358//5138
f 6358//5139 5558//5139 6359//5139
f 5558//5139 5557//5139 6359//5139
f 6359//5140 5557//5140 6360//5140
f 5557//5140 5556//5140 6360//5140
f 6360//5141 5556//5141 6361//5141
f 5556//5141 5553//5141 6361//5141
f 6361//5142 5553//5142 6362//5142
f 5553//5142 5552//5142 6362//5142
f 6362//5143 5552//5143 6363//5143
f 5552//5143 5551//5143 6363//5143
f 6363//5144 5551//5144 6336//5144
f 5551//5144 5545//5144 6336//5144
f 6336//5145 5545//5145 6337//5145
f 5545//5145 5544//5145 6337//5145
f 6337//5146 5544//5146 6338//5146
f 5544//5146 5543//5146 6338//5146
f 6338//5147 5543//5147 6344//5147
f 5543//5147 5542//5147 6344//5147
f 6344//5148 5542//5148 6345//5148
f 5542//5148 5541//5148 6345//5148
f 6345//5149 5541//5149 6319//5149
f 5541//5149 5540//5149 6319//5149
f 6319//5150 5540//5150 6320//5150
f 5540//5150 5525//5150 6320//5150
f 6320//5151 5525//5151 6321//5151
f 5525//5151 5526//5151 6321//5151
f 6321//5152 5526//5152 6339//5152
f 5526//5152 5527//5152 6339//5152
f 6339//5153 5527//5153 6340//5153
f 5527//5154 5539//5154 6340//5154
f 5886//5155 5082//5155 5880//5155
f 5082//5155 5081//5155 5880//5155
f 5880//5156 5081//5156 5881//5156
f 5081//5156 5074//5156 5881//5156
f 5881//4652 5074//4652 5882//4652
f 5074//4652 5073//4652 5882//4652
f 5882//5046 5073//5046 5883//5046
f 5073//5046 5072//5046 5883//5046
f 5883//5047 5072//5047 5829//5047
f 5072//5047 5071//5047 5829//5047
f 5829//5157 5071//5157 5830//5157
f 5071//5157 5089//5157 5830//5157
f 5830//4656 5089//4656 5872//4656
f 5089//4656 5088//4656 5872//4656
f 5872//5050 5088//5050 5873//5050
f 5088//5050 5087//5050 5873//5050
f 5873//4658 5087//4658 5874//4658
f 5087//4658 5085//4658 5874//4658
f 5874//4659 5085//4659 5838//4659
f 5085//4659 5084//4659 5838//4659
f 5838//4660 5084//4660 5839//4660
f 5084//4660 5054//4660 5839//4660
f 5839//5051 5054//5051 5841//5051
f 5054//5051 5053//5051 5841//5051
f 5841//5052 5053//5052 5842//5052
f 5053//5052 5052//5052 5842//5052
f 5842//5053 5052//5053 5843//5053
f 5052//5053 5051//5053 5843//5053
f 5843//5054 5051//5054 5844//5054
f 5051//5054 5050//5054 5844//5054
f 5844//5055 5050//5055 5845//5055
f 5050//5055 5049//5055 5845//5055
f 5845//4666 5049//4666 5846//4666
f 5049//4666 5048//4666 5846//4666
f 5846//5158 5048//5158 5847//5158
f 5048//5158 5047//5158 5847//5158
f 5847//5058 5047//5058 5848//5058
f 5047//5058 5062//5058 5848//5058
f 5848//5059 5062//5059 5849//5059
f 5062//5059 5061//5059 5849//5059
f 5849//5060 5061//5060 5850//5060
f 5061//5060 5064//5060 5850//5060
f 5850//5061 5064//5061 5851//5061
f 5064//5061 5063//5061 5851//5061
f 5851//4672 5063//4672 5852//4672
f 5063//4672 5060//4672 5852//4672
f 5852//5062 5060//5062 5853//5062
f 5060//5062 5059//5062 5853//5062
f 5853//5063 5059//5063 5836//5063
f 5059//5063 5058//5063 5836//5063
f 5836//5064 5058//5064 5837//5064
f 5058//5064 5040//5064 5837//5064
f 5837//5065 5040//5065 5857//5065
f 5040//5065 5039//5065 5857//5065
f 5857//4677 5039//4677 4382//4677
f 5039//4677 4381//4677 4382//4677
f 5082//115 5886//115 5083//115
f 5886//115 5885//115 5083//115
f 4569//5159 4570//5159 5854//5159
f 4570//5159 5038//5159 5854//5159
f 5854//4931 5038//4931 5855//4931
f 5038//4931 5037//4931 5855//4931
f 5855//4852 5037//4852 5856//4852
f 5037//4852 5036//4852 5856//4852
f 5856//4853 5036//4853 5858//4853
f 5036//4853 5035//4853 5858//4853
f 5858//5160 5035//5160 5859//5160
f 5035//5160 5034//5160 5859//5160
f 5859//4855 5034//4855 5860//4855
f 5034//4855 5033//4855 5860//4855
f 5860//4935 5033//4935 5869//4935
f 5033//4935 5057//4935 5869//4935
f 5869//4936 5057//4936 5870//4936
f 5057//4936 5056//4936 5870//4936
f 5870//4937 5056//4937 5871//4937
f 5056//4937 5055//4937 5871//4937
f 5871//4859 5055//4859 5861//4859
f 5055//4859 5032//4859 5861//4859
f 5861//4939 5032//4939 5862//4939
f 5032//4939 5031//4939 5862//4939
f 5862//5161 5031//5161 5864//5161
f 5031//5161 5045//5161 5864//5161
f 5864//4862 5045//4862 5865//4862
f 5045//4862 5044//4862 5865//4862
f 5865//4863 5044//4863 5866//4863
f 5044//4863 5041//4863 5866//4863
f 5866//4864 5041//4864 5867//4864
f 5041//4864 5042//4864 5867//4864
f 5867//4944 5042//4944 5868//4944
f 5042//4944 5043//4944 5868//4944
f 5868//4945 5043//4945 5887//4945
f 5043//4945 5070//4945 5887//4945
f 5887//5162 5070//5162 5888//5162
f 5070//5162 5069//5162 5888//5162
f 5888//5163 5069//5163 5890//5163
f 5069//5163 5068//5163 5890//5163
f 5890//5072 5068//5072 5891//5072
f 5068//5072 5067//5072 5891//5072
f 5891//5164 5067//5164 5892//5164
f 5067//5164 5066//5164 5892//5164
f 5892//5165 5066//5165 5875//5165
f 5066//5165 5080//5165 5875//5165
f 5875//4872 5080//4872 5876//4872
f 5080//4872 5079//4872 5876//4872
f 5876//5166 5079//5166 5877//5166
f 5079//5166 5078//5166 5877//5166
f 5877//5167 5078//5167 5878//5167
f 5078//5167 5075//5167 5878//5167
f 5878//5168 5075//5168 5879//5168
f 5075//5168 5076//5168 5879//5168
f 5879//4952 5076//4952 5884//4952
f 5076//4952 5077//4952 5884//4952
f 5884//4953 5077//4953 5885//4953
f 5077//4953 5083//4953 5885//4953
f 6606//4622 5807//4622 6544//4622
f 5807//4622 5806//4622 6544//4622
f 6544//4623 5806//4623 6545//4623
f 5806//4623 5805//4623 6545//4623
f 6545//4809 5805//4809 6546//4809
f 5805//4809 5765//4809 6546//4809
f 6546//4810 5765//4810 6547//4810
f 5765//4810 5764//4810 6547//4810
f 6547//5169 5764//5169 6548//5169
f 5764//5169 5763//5169 6548//5169
f 6548//4627 5763//4627 6549//4627
f 5763//4627 5762//4627 6549//4627
f 6549//4628 5762//4628 6550//4628
f 5762//4628 5761//4628 6550//4628
f 6550//4629 5761//4629 6551//4629
f 5761//4629 5760//4629 6551//4629
f 6551//4630 5760//4630 6581//4630
f 5760//4630 5804//4630 6581//4630
f 6581//4631 5804//4631 6582//4631
f 5804//4631 5803//4631 6582//4631
f 6582//5170 5803//5170 6583//5170
f 5803//5170 5802//5170 6583//5170
f 6583//5171 5802//5171 6552//5171
f 5802//5171 5784//5171 6552//5171
f 6552//4817 5784//4817 6553//4817
f 5784//4817 5783//4817 6553//4817
f 6553//4818 5783//4818 6576//4818
f 5783//4818 5782//4818 6576//4818
f 6576//4636 5782//4636 6577//4636
f 5782//4636 5774//4636 6577//4636
f 6577//4637 5774//4637 6563//4637
f 5774//4637 5773//4637 6563//4637
f 6563//4821 5773//4821 6562//4821
f 5773//4821 5772//4821 6562//4821
f 6562//5172 5772//5172 6561//5172
f 5772//5172 5769//5172 6561//5172
f 6561//5173 5769//5173 6564//5173
f 5769//5173 5770//5173 6564//5173
f 6564//5174 5770//5174 6565//5174
f 5770//5174 5771//5174 6565//5174
f 6565//5175 5771//5175 6566//5175
f 5771//5175 5801//5175 6566//5175
f 6566//5176 5801//5176 6584//5176
f 5801//5176 5800//5176 6584//5176
f 6584//4826 5800//4826 6585//4826
f 5800//4826 5799//4826 6585//4826
f 6585//4645 5799//4645 6586//4645
f 5799//4645 5798//4645 6586//4645
f 6586//5177 5798//5177 6587//5177
f 5798//5177 5797//5177 6587//5177
f 6587//5178 5797//5178 6588//5178
f 5797//5178 5781//5178 6588//5178
f 6588//5179 5781//5179 5815//5179
f 5781//5179 5780//5179 5815//5179
f 5815//5180 5780//5180 4572//5180
f 5780//5180 4574//5180 4572//5180
f 5807//4621 6606//4621 5813//4621
f 6606//4621 6605//4621 5813//4621
f 6575//5181 5743//5181 6589//5181
f 5743//5181 5742//5181 6589//5181
f 6589//4798 5742//4798 6590//4798
f 5742//4798 5741//4798 6590//4798
f 6590//4799 5741//4799 6591//4799
f 5741//4799 5752//4799 6591//4799
f 6591//4608 5752//4608 6599//4608
f 5752//4608 5751//4608 6599//4608
f 6599//4609 5751//4609 6600//4609
f 5751//4609 5747//4609 6600//4609
f 6600//5182 5747//5182 6601//5182
f 5747//5182 5746//5182 6601//5182
f 6601//5183 5746//5183 6602//5183
f 5746//5183 5745//5183 6602//5183
f 6602//4801 5745//4801 6603//4801
f 5745//4801 5744//4801 6603//4801
f 6603//115 5744//115 6604//115
f 5744//115 5809//115 6604//115
f 6604//4613 5809//4613 6592//4613
f 5809//4613 5808//4613 6592//4613
f 6592//4614 5808//4614 6593//4614
f 5808//4614 5789//4614 6593//4614
f 6593//5184 5789//5184 6594//5184
f 5789//5184 5788//5184 6594//5184
f 6594//4803 5788//4803 6595//4803
f 5788//4803 5787//4803 6595//4803
f 6595//4617 5787//4617 6596//4617
f 5787//4617 5786//4617 6596//4617
f 6596//4618 5786//4618 6597//4618
f 5786//4618 5785//4618 6597//4618
f 6597//4804 5785//4804 6598//4804
f 5785//4804 5814//4804 6598//4804
f 6598//4805 5814//4805 6605//4805
f 5814//4805 5813//4805 6605//4805
f 5743//5185 6575//5185 5775//5185
f 6575//5185 6574//5185 5775//5185
f 4571//4576 4573//4576 6534//4576
f 4573//4576 5796//4576 6534//4576
f 6534//4577 5796//4577 6535//4577
f 5796//4577 5750//4577 6535//4577
f 6535//4833 5750//4833 6536//4833
f 5750//4833 5749//4833 6536//4833
f 6536//4834 5749//4834 6537//4834
f 5749//4834 5748//4834 6537//4834
f 6537//4580 5748//4580 6538//4580
f 5748//4580 5759//4580 6538//4580
f 6538//4581 5759//4581 6539//4581
f 5759//4581 5758//4581 6539//4581
f 6539//4582 5758//4582 6540//4582
f 5758//4582 5755//4582 6540//4582
f 6540//4583 5755//4583 6541//4583
f 5755//4583 5756//4583 6541//4583
f 6541//4584 5756//4584 6542//4584
f 5756//4584 5757//4584 6542//4584
f 6542//4585 5757//4585 6543//4585
f 5757//4585 5779//4585 6543//4585
f 6543//4586 5779//4586 6554//4586
f 5779//4586 5778//4586 6554//4586
f 6554//4587 5778//4587 6555//4587
f 5778//4587 5768//4587 6555//4587
f 6555//4588 5768//4588 6556//4588
f 5768//4588 5767//4588 6556//4588
f 6556//4589 5767//4589 6567//4589
f 5767//4589 5766//4589 6567//4589
f 6567//4590 5766//4590 6568//4590
f 5766//4590 5754//4590 6568//4590
f 6568//5186 5754//5186 6569//5186
f 5754//5186 5753//5186 6569//5186
f 6569//4788 5753//4788 6578//4788
f 5753//4788 5812//4788 6578//4788
f 6578//4593 5812//4593 6579//4593
f 5812//4593 5811//4593 6579//4593
f 6579//4594 5811//4594 6580//4594
f 5811//4594 5810//4594 6580//4594
f 6580//4595 5810//4595 6557//4595
f 5810//4595 5795//4595 6557//4595
f 6557//4791 5795//4791 6558//4791
f 5795//4791 5794//4791 6558//4791
f 6558//4792 5794//4792 6559//4792
f 5794//4792 5793//4792 6559//4792
f 6559//4598 5793//4598 6560//4598
f 5793//4598 5792//4598 6560//4598
f 6560//4599 5792//4599 6570//4599
f 5792//4599 5791//4599 6570//4599
f 6570//4600 5791//4600 6571//4600
f 5791//4600 5790//4600 6571//4600
f 6571//4601 5790//4601 6572//4601
f 5790//4601 5777//4601 6572//4601
f 6572//4602 5777//4602 6573//4602
f 5777//4602 5776//4602 6573//4602
f 6573//4603 5776//4603 6574//4603
f 5776//4603 5775//4603 6574//4603
f 5939//4679 5139//4679 5940//4679
f 5139//4679 5129//4679 5940//4679
f 5940//4680 5129//4680 5927//4680
f 5129//4680 5128//4680 5927//4680
f 5927//5187 5128//5187 5928//5187
f 5128//5187 5127//5187 5928//5187
f 5928//4844 5127//4844 5929//4844
f 5127//4844 5126//4844 5929//4844
f 5929//4683 5126//4683 5930//4683
f 5126//4683 5125//4683 5930//4683
f 5930//4684 5125//4684 5931//4684
f 5125//4684 5124//4684 5931//4684
f 5931//4685 5124//4685 5936//4685
f 5124//4685 5123//4685 5936//4685
f 5936//5188 5123//5188 5937//5188
f 5123//5188 5136//5188 5937//5188
f 5937//101 5136//101 5938//101
f 5136//101 5135//101 5938//101
f 5938//4845 5135//4845 5932//4845
f 5135//4845 5134//4845 5932//4845
f 5932//4688 5134//4688 5925//4688
f 5134//4688 5133//4688 5925//4688
f 5925//4689 5133//4689 5926//4689
f 5133//4689 5138//4689 5926//4689
f 5926//4690 5138//4690 5941//4690
f 5138//4690 5137//4690 5941//4690
f 5941//5189 5137//5189 5942//5189
f 5137//5189 5132//5189 5942//5189
f 5942//4847 5132//4847 5923//4847
f 5132//4847 5131//4847 5923//4847
f 5923//4693 5131//4693 5924//4693
f 5131//4693 5130//4693 5924//4693
f 5924//4694 5130//4694 4576//4694
f 5130//4694 4578//4694 4576//4694
f 5139//4678 5939//4678 5140//4678
f 5939//4678 5935//4678 5140//4678
f 5955//4650 5160//4650 5946//4650
f 5160//4650 5159//4650 5946//4650
f 5946//4651 5159//4651 5947//4651
f 5159//4651 5155//4651 5947//4651
f 5947//4652 5155//4652 5948//4652
f 5155//4652 5154//4652 5948//4652
f 5948//4653 5154//4653 5949//4653
f 5154//4653 5153//4653 5949//4653
f 5949//4654 5153//4654 5823//4654
f 5153//4654 5151//4654 5823//4654
f 5823//4655 5151//4655 5824//4655
f 5151//4655 5150//4655 5824//4655
f 5824//4656 5150//4656 5943//4656
f 5150//4656 5164//4656 5943//4656
f 5943//5190 5164//5190 5944//5190
f 5164//5190 5163//5190 5944//5190
f 5944//5191 5163//5191 5945//5191
f 5163//5191 5162//5191 5945//5191
f 5945//4659 5162//4659 5826//4659
f 5162//4659 5167//4659 5826//4659
f 5826//4660 5167//4660 5827//4660
f 5167//4660 5166//4660 5827//4660
f 5827//4661 5166//4661 5903//4661
f 5166//4661 5165//4661 5903//4661
f 5903//4662 5165//4662 5904//4662
f 5165//4662 5107//4662 5904//4662
f 5904//4663 5107//4663 5905//4663
f 5107//4663 5106//4663 5905//4663
f 5905//4664 5106//4664 5906//4664
f 5106//4664 5105//4664 5906//4664
f 5906//4665 5105//4665 5907//4665
f 5105//4665 5094//4665 5907//4665
f 5907//4666 5094//4666 5899//4666
f 5094//4666 5093//4666 5899//4666
f 5899//4667 5093//4667 5900//4667
f 5093//4667 5096//4667 5900//4667
f 5900//5058 5096//5058 5910//5058
f 5096//5058 5121//5058 5910//5058
f 5910//4669 5121//4669 5911//4669
f 5121//4669 5120//4669 5911//4669
f 5911//5192 5120//5192 5912//5192
f 5120//5192 5119//5192 5912//5192
f 5912//4671 5119//4671 5895//4671
f 5119//4671 5091//4671 5895//4671
f 5895//5193 5091//5193 5896//5193
f 5091//5193 5090//5193 5896//5193
f 5896//5194 5090//5194 5897//5194
f 5090//5194 5092//5194 5897//5194
f 5897//4674 5092//4674 5898//4674
f 5092//4674 5104//4674 5898//4674
f 5898//4675 5104//4675 5933//4675
f 5104//4675 5103//4675 5933//4675
f 5933//4676 5103//4676 5934//4676
f 5103//4676 5102//4676 5934//4676
f 5934//4677 5102//4677 5935//4677
f 5102//4677 5140//4677 5935//4677
f 5160//115 5955//115 5161//115
f 5955//115 5954//115 5161//115
f 4575//4850 4577//4850 5901//4850
f 4577//4850 5122//4850 5901//4850
f 5901//4931 5122//4931 5902//4931
f 5122//4931 5101//4931 5902//4931
f 5902//4932 5101//4932 5908//4932
f 5101//4932 5100//4932 5908//4932
f 5908//4933 5100//4933 5909//4933
f 5100//4933 5099//4933 5909//4933
f 5909//5160 5099//5160 5893//5160
f 5099//5160 5098//5160 5893//5160
f 5893//4855 5098//4855 5894//4855
f 5098//4855 5097//4855 5894//4855
f 5894//4935 5097//4935 5916//4935
f 5097//4935 5118//4935 5916//4935
f 5916//4936 5118//4936 5915//4936
f 5118//4936 5117//4936 5915//4936
f 5915//4937 5117//4937 5913//4937
f 5117//4937 5116//4937 5913//4937
f 5913//5195 5116//5195 5917//5195
f 5116//5195 5115//5195 5917//5195
f 5917//4939 5115//4939 5918//4939
f 5115//4939 5114//4939 5918//4939
f 5918//4926 5114//4926 5919//4926
f 5114//4926 5113//4926 5919//4926
f 5919//5069 5113//5069 5920//5069
f 5113//5069 5112//5069 5920//5069
f 5920//5070 5112//5070 5921//5070
f 5112//5070 5111//5070 5921//5070
f 5921//5071 5111//5071 5922//5071
f 5111//5071 5109//5071 5922//5071
f 5922//4944 5109//4944 5959//4944
f 5109//4944 5108//4944 5959//4944
f 5959//4945 5108//4945 5960//4945
f 5108//4945 5148//4945 5960//4945
f 5960//4867 5148//4867 5961//4867
f 5148//4867 5147//4867 5961//4867
f 5961//4868 5147//4868 5956//4868
f 5147//4868 5146//4868 5956//4868
f 5956//4869 5146//4869 5957//4869
f 5146//4869 5145//4869 5957//4869
f 5957//5164 5145//5164 5962//5164
f 5145//5164 5144//5164 5962//5164
f 5962//4927 5144//4927 5963//4927
f 5144//4927 5142//4927 5963//4927
f 5963//4948 5142//4948 5964//4948
f 5142//4948 5141//4948 5964//4948
f 5964//4949 5141//4949 5950//4949
f 5141//4949 5152//4949 5950//4949
f 5950//5074 5152//5074 5951//5074
f 5152//5074 5158//5074 5951//5074
f 5951//4875 5158//4875 5952//4875
f 5158//4875 5157//4875 5952//4875
f 5952//4952 5157//4952 5953//4952
f 5157//4952 5156//4952 5953//4952
f 5953//4953 5156//4953 5954//4953
f 5156//4953 5161//4953 5954//4953
f 6061//4622 5262//4622 6062//4622
f 5262//4622 5261//4622 6062//4622
f 6062//4623 5261//4623 6040//4623
f 5261//4623 5254//4623 6040//4623
f 6040//5196 5254//5196 6041//5196
f 5254//5196 5253//5196 6041//5196
f 6041//5197 5253//5197 6056//5197
f 5253//5197 5252//5197 6056//5197
f 6056//4811 5252//4811 6057//4811
f 5252//4811 5244//4811 6057//4811
f 6057//4627 5244//4627 6025//4627
f 5244//4627 5243//4627 6025//4627
f 6025//4628 5243//4628 6026//4628
f 5243//4628 5242//4628 6026//4628
f 6026//4629 5242//4629 6027//4629
f 5242//4629 5241//4629 6027//4629
f 6027//4630 5241//4630 6008//4630
f 5241//4630 5240//4630 6008//4630
f 6008//4631 5240//4631 6009//4631
f 5240//4631 5239//4631 6009//4631
f 6009//5170 5239//5170 6010//5170
f 5239//5170 5238//5170 6010//5170
f 6010//5171 5238//5171 5973//5171
f 5238//5171 5196//5171 5973//5171
f 5973//4817 5196//4817 5974//4817
f 5196//4817 5195//4817 5974//4817
f 5974//4635 5195//4635 5975//4635
f 5195//4635 5194//4635 5975//4635
f 5975//4636 5194//4636 5976//4636
f 5194//4636 5191//4636 5976//4636
f 5976//4637 5191//4637 5977//4637
f 5191//4637 5192//4637 5977//4637
f 5977//4638 5192//4638 5978//4638
f 5192//4638 5193//4638 5978//4638
f 5978//4639 5193//4639 5979//4639
f 5193//4639 5237//4639 5979//4639
f 5979//4640 5237//4640 5994//4640
f 5237//4640 5236//4640 5994//4640
f 5994//5174 5236//5174 5995//5174
f 5236//5174 5215//5174 5995//5174
f 5995//4825 5215//4825 5991//4825
f 5215//4825 5214//4825 5991//4825
f 5991//4643 5214//4643 5992//4643
f 5214//4643 5213//4643 5992//4643
f 5992//4644 5213//4644 5993//4644
f 5213//4644 5190//4644 5993//4644
f 5993//4645 5190//4645 5968//4645
f 5190//4645 5189//4645 5968//4645
f 5968//4828 5189//4828 5969//4828
f 5189//4828 5188//4828 5969//4828
f 5969//5198 5188//5198 5980//5198
f 5188//5198 5187//5198 5980//5198
f 5980//5199 5187//5199 5981//5199
f 5187//5199 5186//5199 5981//5199
f 5981//5180 5186//5180 4580//5180
f 5186//5180 4582//5180 4580//5180
f 5262//5200 6061//5200 5263//5200
f 6061//5200 6060//5200 5263//5200
f 6045//5181 5217//5181 6046//5181
f 5217//5181 5247//5181 6046//5181
f 6046//4606 5247//4606 6048//4606
f 5247//4606 5248//4606 6048//4606
f 6048//4799 5248//4799 6049//4799
f 5248//4799 5202//4799 6049//4799
f 6049//4608 5202//4608 6022//4608
f 5202//4608 5201//4608 6022//4608
f 6022//5201 5201//5201 6023//5201
f 5201//5201 5200//5201 6023//5201
f 6023//4610 5200//4610 6042//4610
f 5200//4610 5199//4610 6042//4610
f 6042//4611 5199//4611 6043//4611
f 5199//4611 5198//4611 6043//4611
f 6043//4801 5198//4801 6044//4801
f 5198//4801 5180//4801 6044//4801
f 6044//115 5180//115 6080//115
f 5180//115 5278//115 6080//115
f 6080//5202 5278//5202 6081//5202
f 5278//5202 5277//5202 6081//5202
f 6081//4614 5277//4614 6070//4614
f 5277//4614 5276//4614 6070//4614
f 6070//4615 5276//4615 6071//4615
f 5276//4615 5275//4615 6071//4615
f 6071//4803 5275//4803 6072//4803
f 5275//4803 5274//4803 6072//4803
f 6072//4617 5274//4617 6073//4617
f 5274//4617 5273//4617 6073//4617
f 6073//5203 5273//5203 6074//5203
f 5273//5203 5272//5203 6074//5203
f 6074//4619 5272//4619 6075//4619
f 5272//4619 5271//4619 6075//4619
f 6075//5204 5271//5204 6060//5204
f 5271//5204 5263//5204 6060//5204
f 5217//5185 6045//5185 5168//5185
f 6045//5185 6035//5185 5168//5185
f 4579//5205 4581//5205 5996//5205
f 4581//5205 5235//5205 5996//5205
f 5996//5206 5235//5206 5997//5206
f 5235//5206 5234//5206 5997//5206
f 5997//5207 5234//5207 5982//5207
f 5234//5207 5212//5207 5982//5207
f 5982//5208 5212//5208 5983//5208
f 5212//5208 5211//5208 5983//5208
f 5983//4580 5211//4580 5984//4580
f 5211//4580 5210//4580 5984//4580
f 5984//4581 5210//4581 5972//4581
f 5210//4581 5175//4581 5972//4581
f 5972//4582 5175//4582 5971//4582
f 5175//4582 5176//4582 5971//4582
f 5971//5209 5176//5209 5970//5209
f 5176//5209 5177//5209 5970//5209
f 5970//5210 5177//5210 5998//5210
f 5177//5210 5233//5210 5998//5210
f 5998//4585 5233//4585 5999//4585
f 5233//4585 5232//4585 5999//4585
f 5999//4586 5232//4586 6000//4586
f 5232//4586 5231//4586 6000//4586
f 6000//4587 5231//4587 6011//4587
f 5231//4587 5230//4587 6011//4587
f 6011//4588 5230//4588 6012//4588
f 5230//4588 5229//4588 6012//4588
f 6012//4589 5229//4589 6013//4589
f 5229//4589 5228//4589 6013//4589
f 6013//4590 5228//4590 6028//4590
f 5228//4590 5291//4590 6028//4590
f 6028//5211 5291//5211 6029//5211
f 5291//5211 5290//5211 6029//5211
f 6029//5212 5290//5212 6003//5212
f 5290//5212 5289//5212 6003//5212
f 6003//5213 5289//5213 6002//5213
f 5289//5213 5288//5213 6002//5213
f 6002//4594 5288//4594 6001//4594
f 5288//4594 5209//4594 6001//4594
f 6001//4595 5209//4595 6014//4595
f 5209//4595 5208//4595 6014//4595
f 6014//4596 5208//4596 6015//4596
f 5208//4596 5267//4596 6015//4596
f 6015//4597 5267//4597 6016//4597
f 5267//4597 5266//4597 6016//4597
f 6016//4598 5266//4598 6030//4598
f 5266//4598 5258//4598 6030//4598
f 6030//5214 5258//5214 6031//5214
f 5258//5214 5256//5214 6031//5214
f 6031//5215 5256//5215 6032//5215
f 5256//5215 5255//5215 6032//5215
f 6032//5216 5255//5216 6039//5216
f 5255//5216 5251//5216 6039//5216
f 6039//4602 5251//4602 6037//4602
f 5251//4602 5250//4602 6037//4602
f 6037//4603 5250//4603 6035//4603
f 5250//4603 5168//4603 6035//4603
f 6058//5217 5257//5217 6059//5217
f 5257//5217 5268//5217 6059//5217
f 6059//5218 5268//5218 6087//5218
f 5268//5218 5269//5218 6087//5218
f 6087//4681 5269//4681 6088//4681
f 5269//4681 5260//4681 6088//4681
f 6088//5219 5260//5219 6085//5219
f 5260//5219 5259//5219 6085//5219
f 6085//4683 5259//4683 6086//4683
f 5259//4683 5265//4683 6086//4683
f 6086//5220 5265//5220 6064//5220
f 5265//5220 5264//5220 6064//5220
f 6064//5221 5264//5221 6065//5221
f 5264//5221 5207//5221 6065//5221
f 6065//5222 5207//5222 6076//5222
f 5207//5222 5287//5222 6076//5222
f 6076//101 5287//101 6077//101
f 5287//101 5286//101 6077//101
f 6077//4845 5286//4845 6066//4845
f 5286//4845 5285//4845 6066//4845
f 6066//5223 5285//5223 6067//5223
f 5285//5223 5284//5223 6067//5223
f 6067//5224 5284//5224 6068//5224
f 5284//5224 5283//5224 6068//5224
f 6068//4690 5283//4690 6069//4690
f 5283//4690 5282//4690 6069//4690
f 6069//5225 5282//5225 6078//5225
f 5282//5225 5281//5225 6078//5225
f 6078//5226 5281//5226 6079//5226
f 5281//5226 5280//5226 6079//5226
f 6079//5227 5280//5227 6063//5227
f 5280//5227 5279//5227 6063//5227
f 6063//5228 5279//5228 4584//5228
f 5279//5228 4586//5228 4584//5228
f 5257//5229 6058//5229 5249//5229
f 6058//5229 6038//5229 5249//5229
f 6106//4650 5311//4650 6107//4650
f 5311//4650 5310//4650 6107//4650
f 6107//4651 5310//4651 6100//4651
f 5310//4651 5309//4651 6100//4651
f 6100//5230 5309//5230 6101//5230
f 5309//5230 5302//5230 6101//5230
f 6101//5231 5302//5231 6102//5231
f 5302//5231 5301//5231 6102//5231
f 6102//4654 5301//4654 6103//4654
f 5301//4654 5300//4654 6103//4654
f 6103//4655 5300//4655 6104//4655
f 5300//4655 5308//4655 6104//4655
f 6104//4656 5308//4656 6089//4656
f 5308//4656 5317//4656 6089//4656
f 6089//5232 5317//5232 6090//5232
f 5317//5232 5316//5232 6090//5232
f 6090//5233 5316//5233 6091//5233
f 5316//5233 5315//5233 6091//5233
f 6091//4659 5315//4659 6092//4659
f 5315//4659 5314//4659 6092//4659
f 6092//4660 5314//4660 6093//4660
f 5314//4660 5313//4660 6093//4660
f 6093//4661 5313//4661 5989//4661
f 5313//4661 5312//4661 5989//4661
f 5989//4662 5312//4662 5990//4662
f 5312//4662 5178//4662 5990//4662
f 5990//5234 5178//5234 6082//5234
f 5178//5234 5179//5234 6082//5234
f 6082//5235 5179//5235 6083//5235
f 5179//5235 5181//5235 6083//5235
f 6083//5236 5181//5236 6084//5236
f 5181//5236 5182//5236 6084//5236
f 6084//5237 5182//5237 6024//5237
f 5182//5237 5197//5237 6024//5237
f 6024//4667 5197//4667 6047//4667
f 5197//4667 5246//4667 6047//4667
f 6047//5238 5246//5238 6050//5238
f 5246//5238 5245//5238 6050//5238
f 6050//4669 5245//4669 6051//4669
f 5245//4669 5222//4669 6051//4669
f 6051//4670 5222//4670 6052//4670
f 5222//4670 5221//4670 6052//4670
f 6052//4671 5221//4671 6053//4671
f 5221//4671 5220//4671 6053//4671
f 6053//4672 5220//4672 6054//4672
f 5220//4672 5216//4672 6054//4672
f 6054//5239 5216//5239 6055//5239
f 5216//5239 5218//5239 6055//5239
f 6055//4674 5218//4674 6033//4674
f 5218//4674 5219//4674 6033//4674
f 6033//4675 5219//4675 6034//4675
f 5219//4675 5170//4675 6034//4675
f 6034//4676 5170//4676 6036//4676
f 5170//4676 5169//4676 6036//4676
f 6036//4677 5169//4677 6038//4677
f 5169//4677 5249//4677 6038//4677
f 5311//115 6106//115 5303//115
f 6106//115 6105//115 5303//115
f 4583//5240 4585//5240 5985//5240
f 4585//5240 5270//5240 5985//5240
f 5985//4931 5270//4931 5986//4931
f 5270//4931 5174//4931 5986//4931
f 5986//5241 5174//5241 5987//5241
f 5174//5241 5173//5241 5987//5241
f 5987//5242 5173//5242 5988//5242
f 5173//5242 5172//5242 5988//5242
f 5988//5243 5172//5243 6017//5243
f 5172//5243 5171//5243 6017//5243
f 6017//5244 5171//5244 6018//5244
f 5171//5244 5227//5244 6018//5244
f 6018//5245 5227//5245 6019//5245
f 5227//5245 5226//5245 6019//5245
f 6019//5246 5226//5246 6004//5246
f 5226//5246 5225//5246 6004//5246
f 6004//4937 5225//4937 6005//4937
f 5225//4937 5185//4937 6005//4937
f 6005//5247 5185//5247 6006//5247
f 5185//5247 5184//5247 6006//5247
f 6006//5248 5184//5248 6007//5248
f 5184//5248 5224//5248 6007//5248
f 6007//4940 5224//4940 6020//4940
f 5224//4940 5223//4940 6020//4940
f 6020//4941 5223//4941 6021//4941
f 5223//4941 5206//4941 6021//4941
f 6021//5249 5206//5249 5965//5249
f 5206//5249 5205//5249 5965//5249
f 5965//5250 5205//5250 5966//5250
f 5205//5250 5204//5250 5966//5250
f 5966//5251 5204//5251 6108//5251
f 5204//5251 5203//5251 6108//5251
f 6108//5252 5203//5252 6109//5252
f 5203//5252 5299//5252 6109//5252
f 6109//5253 5299//5253 6111//5253
f 5299//5253 5298//5253 6111//5253
f 6111//5254 5298//5254 6112//5254
f 5298//5254 5297//5254 6112//5254
f 6112//5255 5297//5255 6113//5255
f 5297//5255 5296//5255 6113//5255
f 6113//4947 5296//4947 6114//4947
f 5296//4947 5295//4947 6114//4947
f 6114//5256 5295//5256 6094//5256
f 5295//5256 5293//5256 6094//5256
f 6094//5257 5293//5257 6095//5257
f 5293//5257 5292//5257 6095//5257
f 6095//4949 5292//4949 6096//4949
f 5292//4949 5307//4949 6096//4949
f 6096//5258 5307//5258 6097//5258
f 5307//5258 5306//5258 6097//5258
f 6097//5259 5306//5259 6098//5259
f 5306//5259 5305//5259 6098//5259
f 6098//5260 5305//5260 6099//5260
f 5305//5260 5304//5260 6099//5260
f 6099//4953 5304//4953 6105//4953
f 5304//4953 5303//4953 6105//4953
f 4588//5261 4587//5261 5353//5261
f 4587//5261 6153//5261 5353//5261
f 6118//5262 5318//5262 6131//5262
f 5318//5262 5337//5262 6131//5262
f 6131//5263 5337//5263 6132//5263
f 5337//5263 5336//5263 6132//5263
f 6132//4681 5336//4681 6133//4681
f 5336//4681 5335//4681 6133//4681
f 6133//5264 5335//5264 6134//5264
f 5335//5264 5334//5264 6134//5264
f 6134//4683 5334//4683 6135//4683
f 5334//4683 5333//4683 6135//4683
f 6135//4684 5333//4684 6136//4684
f 5333//4684 5326//4684 6136//4684
f 6136//4685 5326//4685 6150//4685
f 5326//4685 5325//4685 6150//4685
f 6150//4686 5325//4686 6151//4686
f 5325//4686 5352//4686 6151//4686
f 6151//101 5352//101 6152//101
f 5352//101 5351//101 6152//101
f 6152//4845 5351//4845 6137//4845
f 5351//4845 5350//4845 6137//4845
f 6137//4688 5350//4688 6138//4688
f 5350//4688 5321//4688 6138//4688
f 6138//4689 5321//4689 6139//4689
f 5321//4689 5320//4689 6139//4689
f 6139//4690 5320//4690 6140//4690
f 5320//4690 5343//4690 6140//4690
f 6140//4691 5343//4691 6147//4691
f 5343//4691 5342//4691 6147//4691
f 6147//4847 5342//4847 6148//4847
f 5342//4847 5341//4847 6148//4847
f 6148//5265 5341//5265 6149//5265
f 5341//5265 5354//5265 6149//5265
f 6149//5266 5354//5266 6153//5266
f 5354//5266 5353//5266 6153//5266
f 5318//4678 6118//4678 5319//4678
f 6118//4678 6117//4678 5319//4678
f 6161//4650 5362//4650 6157//4650
f 5362//4650 5361//4650 6157//4650
f 6157//4651 5361//4651 6158//4651
f 5361//4651 5360//4651 6158//4651
f 6158//5267 5360//5267 6159//5267
f 5360//5267 5359//5267 6159//5267
f 6159//5268 5359//5268 6160//5268
f 5359//5268 5358//5268 6160//5268
f 6160//5269 5358//5269 5820//5269
f 5358//5269 5357//5269 5820//5269
f 5820//5048 5357//5048 5821//5048
f 5357//5048 5356//5048 5821//5048
f 5821//5270 5356//5270 6154//5270
f 5356//5270 5367//5270 6154//5270
f 6154//4657 5367//4657 6155//4657
f 5367//4657 5366//4657 6155//4657
f 6155//5191 5366//5191 6156//5191
f 5366//5191 5364//5191 6156//5191
f 6156//5271 5364//5271 6119//5271
f 5364//5271 5363//5271 6119//5271
f 6119//5272 5363//5272 6120//5272
f 5363//5272 5332//5272 6120//5272
f 6120//4661 5332//4661 6122//4661
f 5332//4661 5331//4661 6122//4661
f 6122//4662 5331//4662 6123//4662
f 5331//4662 5330//4662 6123//4662
f 6123//5053 5330//5053 6124//5053
f 5330//5053 5329//5053 6124//5053
f 6124//5054 5329//5054 6125//5054
f 5329//5054 5328//5054 6125//5054
f 6125//5055 5328//5055 6141//5055
f 5328//5055 5349//5055 6141//5055
f 6141//5273 5349//5273 6142//5273
f 5349//5273 5348//5273 6142//5273
f 6142//4667 5348//4667 6143//4667
f 5348//4667 5347//4667 6143//4667
f 6143//5058 5347//5058 6144//5058
f 5347//5058 5346//5058 6144//5058
f 6144//4669 5346//4669 6145//4669
f 5346//4669 5345//4669 6145//4669
f 6145//4670 5345//4670 6146//4670
f 5345//4670 5344//4670 6146//4670
f 6146//4671 5344//4671 6126//4671
f 5344//4671 5340//4671 6126//4671
f 6126//4672 5340//4672 6127//4672
f 5340//4672 5339//4672 6127//4672
f 6127//4673 5339//4673 6129//4673
f 5339//4673 5338//4673 6129//4673
f 6129//5063 5338//5063 6130//5063
f 5338//5063 5324//5063 6130//5063
f 6130//5064 5324//5064 6115//5064
f 5324//5064 5323//5064 6115//5064
f 6115//4676 5323//4676 6116//4676
f 5323//4676 5322//4676 6116//4676
f 6116//5274 5322//5274 6117//5274
f 5322//5274 5319//5274 6117//5274
f 5362//115 6161//115 4644//115
f 6161//115 4643//115 4644//115
f 4646//5275 4645//5275 5387//5275
f 4645//5275 6167//5275 5387//5275
f 6180//5217 5370//5217 6181//5217
f 5370//5217 5403//5217 6181//5217
f 6181//5276 5403//5276 6198//5276
f 5403//5276 5402//5276 6198//5276
f 6198//5277 5402//5277 6199//5277
f 5402//5277 5401//5277 6199//5277
f 6199//5219 5401//5219 6192//5219
f 5401//5219 5400//5219 6192//5219
f 6192//4683 5400//4683 6193//4683
f 5400//4683 5399//4683 6193//4683
f 6193//5220 5399//5220 6194//5220
f 5399//5220 5398//5220 6194//5220
f 6194//5221 5398//5221 6195//5221
f 5398//5221 5397//5221 6195//5221
f 6195//4686 5397//4686 6196//4686
f 5397//4686 5396//4686 6196//4686
f 6196//101 5396//101 6197//101
f 5396//101 5395//101 6197//101
f 6197//5278 5395//5278 6184//5278
f 5395//5278 5394//5278 6184//5278
f 6184//5223 5394//5223 6185//5223
f 5394//5223 5373//5223 6185//5223
f 6185//5224 5373//5224 6186//5224
f 5373//5224 5372//5224 6186//5224
f 6186//4690 5372//4690 6187//4690
f 5372//4690 5393//4690 6187//4690
f 6187//5225 5393//5225 6190//5225
f 5393//5225 5392//5225 6190//5225
f 6190//4847 5392//4847 6191//4847
f 5392//4847 5389//4847 6191//4847
f 6191//5279 5389//5279 6166//5279
f 5389//5279 5388//5279 6166//5279
f 6166//5228 5388//5228 6167//5228
f 5388//5228 5387//5228 6167//5228
f 5370//5280 6180//5280 5368//5280
f 6180//5280 6179//5280 5368//5280
f 6208//4650 5410//4650 6209//4650
f 5410//4650 5409//4650 6209//4650
f 6209//5281 5409//5281 6210//5281
f 5409//5281 5408//5281 6210//5281
f 6210//5282 5408//5282 6211//5282
f 5408//5282 5407//5282 6211//5282
f 6211//5283 5407//5283 6212//5283
f 5407//5283 5406//5283 6212//5283
f 6212//4654 5406//4654 6200//4654
f 5406//4654 5405//4654 6200//4654
f 6200//5284 5405//5284 6201//5284
f 5405//5284 5418//5284 6201//5284
f 6201//5285 5418//5285 6203//5285
f 5418//5285 5417//5285 6203//5285
f 6203//5232 5417//5232 6206//5232
f 5417//5232 5416//5232 6206//5232
f 6206//5286 5416//5286 6207//5286
f 5416//5286 5415//5286 6207//5286
f 6207//5287 5415//5287 6204//5287
f 5415//5287 5414//5287 6204//5287
f 6204//5288 5414//5288 6205//5288
f 5414//5288 5412//5288 6205//5288
f 6205//5289 5412//5289 6168//5289
f 5412//5289 5411//5289 6168//5289
f 6168//5290 5411//5290 6169//5290
f 5411//5290 5379//5290 6169//5290
f 6169//5291 5379//5291 6170//5291
f 5379//5291 5378//5291 6170//5291
f 6170//5292 5378//5292 6171//5292
f 5378//5292 5377//5292 6171//5292
f 6171//5236 5377//5236 6172//5236
f 5377//5236 5376//5236 6172//5236
f 6172//5237 5376//5237 6173//5237
f 5376//5237 5375//5237 6173//5237
f 6173//5293 5375//5293 6174//5293
f 5375//5293 5391//5293 6174//5293
f 6174//5294 5391//5294 6188//5294
f 5391//5294 5390//5294 6188//5294
f 6188//4669 5390//4669 6189//4669
f 5390//4669 5386//4669 6189//4669
f 6189//5295 5386//5295 6165//5295
f 5386//5295 5385//5295 6165//5295
f 6165//5296 5385//5296 6175//5296
f 5385//5296 5384//5296 6175//5296
f 6175//5297 5384//5297 6176//5297
f 5384//5297 5383//5297 6176//5297
f 6176//5298 5383//5298 6177//5298
f 5383//5298 5382//5298 6177//5298
f 6177//5299 5382//5299 6182//5299
f 5382//5299 5381//5299 6182//5299
f 6182//5300 5381//5300 6183//5300
f 5381//5300 5380//5300 6183//5300
f 6183//4676 5380//4676 6178//4676
f 5380//4676 5369//4676 6178//4676
f 6178//5301 5369//5301 6179//5301
f 5369//5301 5368//5301 6179//5301
f 5410//115 6208//115 4702//115
f 6208//115 4701//115 4702//115
f 6438//4778 5690//4778 6439//4778
f 5690//4778 5689//4778 6439//4778
f 6439//4779 5689//4779 6453//4779
f 5689//4779 5682//4779 6453//4779
f 6453//4780 5682//4780 6454//4780
f 5682//4780 5681//4780 6454//4780
f 6454//4579 5681//4579 6455//4579
f 5681//4579 5680//4579 6455//4579
f 6455//5302 5680//5302 6465//5302
f 5680//5302 5679//5302 6465//5302
f 6465//4835 5679//4835 6466//4835
f 5679//4835 5678//4835 6466//4835
f 6466//4582 5678//4582 6467//4582
f 5678//4582 5677//4582 6467//4582
f 6467//4583 5677//4583 6468//4583
f 5677//4583 5676//4583 6468//4583
f 6468//4783 5676//4783 6469//4783
f 5676//4783 5675//4783 6469//4783
f 6469//5303 5675//5303 6470//5303
f 5675//5303 5674//5303 6470//5303
f 6470//5304 5674//5304 6471//5304
f 5674//5304 5673//5304 6471//5304
f 6471//4784 5673//4784 6472//4784
f 5673//4784 5672//4784 6472//4784
f 6472//4785 5672//4785 6473//4785
f 5672//4785 5671//4785 6473//4785
f 6473//4786 5671//4786 6474//4786
f 5671//4786 5670//4786 6474//4786
f 6474//4787 5670//4787 6475//4787
f 5670//4787 5669//4787 6475//4787
f 6475//4591 5669//4591 6476//4591
f 5669//4591 5668//4591 6476//4591
f 6476//4788 5668//4788 6477//4788
f 5668//4788 5667//4788 6477//4788
f 6477//4789 5667//4789 6478//4789
f 5667//4789 5666//4789 6478//4789
f 6478//4594 5666//4594 6479//4594
f 5666//4594 5665//4594 6479//4594
f 6479//4790 5665//4790 6416//4790
f 5665//4790 5664//4790 6416//4790
f 6416//4791 5664//4791 6415//4791
f 5664//4791 5644//4791 6415//4791
f 6415//4792 5644//4792 6414//4792
f 5644//4792 5643//4792 6414//4792
f 6414//4598 5643//4598 6417//4598
f 5643//4598 5642//4598 6417//4598
f 6417//4599 5642//4599 6418//4599
f 5642//4599 5641//4599 6418//4599
f 6418//4793 5641//4793 6419//4793
f 5641//4793 5640//4793 6419//4793
f 6419//4794 5640//4794 6420//4794
f 5640//4794 5639//4794 6420//4794
f 6420//5305 5639//5305 6421//5305
f 5639//5305 5629//5305 6421//5305
f 6421//5306 5629//5306 4704//5306
f 5629//5306 4706//5306 4704//5306
f 5690//101 6438//101 5691//101
f 6438//101 6437//101 5691//101
f 6487//4622 5651//4622 6422//4622
f 5651//4622 5650//4622 6422//4622
f 6422//5307 5650//5307 6423//5307
f 5650//5307 5649//5307 6423//5307
f 6423//4809 5649//4809 6424//4809
f 5649//4809 5631//4809 6424//4809
f 6424//4810 5631//4810 6425//4810
f 5631//4810 5630//4810 6425//4810
f 6425//4811 5630//4811 6459//4811
f 5630//4811 5663//4811 6459//4811
f 6459//4627 5663//4627 6460//4627
f 5663//4627 5662//4627 6460//4627
f 6460//4812 5662//4812 6461//4812
f 5662//4812 5653//4812 6461//4812
f 6461//4813 5653//4813 6462//4813
f 5653//4813 5652//4813 6462//4813
f 6462//4814 5652//4814 6463//4814
f 5652//4814 5661//4814 6463//4814
f 6463//4631 5661//4631 6464//4631
f 5661//4631 5660//4631 6464//4631
f 6464//4815 5660//4815 6426//4815
f 5660//4815 5659//4815 6426//4815
f 6426//4816 5659//4816 6427//4816
f 5659//4816 5648//4816 6427//4816
f 6427//4817 5648//4817 6428//4817
f 5648//4817 5647//4817 6428//4817
f 6428//4818 5647//4818 6429//4818
f 5647//4818 5646//4818 6429//4818
f 6429//4819 5646//4819 6447//4819
f 5646//4819 5645//4819 6447//4819
f 6447//4820 5645//4820 6448//4820
f 5645//4820 5658//4820 6448//4820
f 6448//4821 5658//4821 6430//4821
f 5658//4821 5657//4821 6430//4821
f 6430//4639 5657//4639 6431//4639
f 5657//4639 5656//4639 6431//4639
f 6431//4640 5656//4640 6432//4640
f 5656//4640 5685//4640 6432//4640
f 6432//4824 5685//4824 6433//4824
f 5685//4824 5684//4824 6433//4824
f 6433//4825 5684//4825 6449//4825
f 5684//4825 5683//4825 6449//4825
f 6449//4643 5683//4643 6450//4643
f 5683//4643 5688//4643 6450//4643
f 6450//5308 5688//5308 6434//5308
f 5688//5308 5687//5308 6434//5308
f 6434//5309 5687//5309 6435//5309
f 5687//5309 5686//5309 6435//5309
f 6435//4828 5686//4828 6436//4828
f 5686//4828 5694//4828 6436//4828
f 6436//4829 5694//4829 6451//4829
f 5694//4829 5693//4829 6451//4829
f 6451//4830 5693//4830 6452//4830
f 5693//4830 5692//4830 6452//4830
f 6452//4831 5692//4831 6437//4831
f 5692//4831 5691//4831 6437//4831
f 5651//4806 6487//4806 5654//4806
f 6487//4806 6486//4806 5654//4806
f 4703//4797 4705//4797 6440//4797
f 4705//4797 5628//4797 6440//4797
f 6440//4798 5628//4798 6441//4798
f 5628//4798 5636//4798 6441//4798
f 6441//4799 5636//4799 6442//4799
f 5636//4799 5635//4799 6442//4799
f 6442//4608 5635//4608 6456//4608
f 5635//4608 5634//4608 6456//4608
f 6456//4609 5634//4609 6457//4609
f 5634//4609 5638//4609 6457//4609
f 6457//4800 5638//4800 6458//4800
f 5638//4800 5637//4800 6458//4800
f 6458//4611 5637//4611 6480//4611
f 5637//4611 5633//4611 6480//4611
f 6480//4801 5633//4801 6481//4801
f 5633//4801 5632//4801 6481//4801
f 6481//115 5632//115 6482//115
f 5632//115 5024//115 6482//115
f 6482//4613 5024//4613 6443//4613
f 5024//4613 5023//4613 6443//4613
f 6443//4614 5023//4614 6444//4614
f 5023//4614 5627//4614 6444//4614
f 6444//4802 5627//4802 6445//4802
f 5627//4802 5626//4802 6445//4802
f 6445//4803 5626//4803 6446//4803
f 5626//4803 5624//4803 6446//4803
f 6446//4617 5624//4617 6483//4617
f 5624//4617 5623//4617 6483//4617
f 6483//4618 5623//4618 6484//4618
f 5623//4618 5625//4618 6484//4618
f 6484//4804 5625//4804 6485//4804
f 5625//4804 5655//4804 6485//4804
f 6485//4805 5655//4805 6486//4805
f 5655//4805 5654//4805 6486//4805
f 6491//4622 5702//4622 6499//4622
f 5702//4622 5701//4622 6499//4622
f 6499//4623 5701//4623 6500//4623
f 5701//4623 5700//4623 6500//4623
f 6500//5196 5700//5196 6501//5196
f 5700//5196 5729//5196 6501//5196
f 6501//5197 5729//5197 6517//5197
f 5729//5197 5728//5197 6517//5197
f 6517//4811 5728//4811 6518//4811
f 5728//4811 5718//4811 6518//4811
f 6518//4627 5718//4627 6502//4627
f 5718//4627 5717//4627 6502//4627
f 6502//4812 5717//4812 6503//4812
f 5717//4812 5716//4812 6503//4812
f 6503//4813 5716//4813 6504//4813
f 5716//4813 5715//4813 6504//4813
f 6504//4630 5715//4630 6519//4630
f 5715//4630 5727//4630 6519//4630
f 6519//4631 5727//4631 6520//4631
f 5727//4631 5726//4631 6520//4631
f 6520//5170 5726//5170 6521//5170
f 5726//5170 5725//5170 6521//5170
f 6521//4816 5725//4816 6522//4816
f 5725//4816 5724//4816 6522//4816
f 6522//5310 5724//5310 6523//5310
f 5724//5310 5723//5310 6523//5310
f 6523//4635 5723//4635 6524//4635
f 5723//4635 5722//4635 6524//4635
f 6524//4636 5722//4636 6525//4636
f 5722//4636 5721//4636 6525//4636
f 6525//4637 5721//4637 6526//4637
f 5721//4637 5740//4637 6526//4637
f 6526//4638 5740//4638 6527//4638
f 5740//4638 5739//4638 6527//4638
f 6527//4639 5739//4639 6528//4639
f 5739//4639 5738//4639 6528//4639
f 6528//4640 5738//4640 6529//4640
f 5738//4640 5737//4640 6529//4640
f 6529//5174 5737//5174 6530//5174
f 5737//5174 5736//5174 6530//5174
f 6530//4825 5736//4825 6531//4825
f 5736//4825 5735//4825 6531//4825
f 6531//4643 5735//4643 6532//4643
f 5735//4643 5734//4643 6532//4643
f 6532//4644 5734//4644 6533//4644
f 5734//4644 5733//4644 6533//4644
f 6533//4645 5733//4645 6492//4645
f 5733//4645 5732//4645 6492//4645
f 6492//5177 5732//5177 6493//5177
f 5732//5177 5731//5177 6493//5177
f 6493//5178 5731//5178 6505//5178
f 5731//5178 5730//5178 6505//5178
f 6505//5199 5730//5199 6506//5199
f 5730//5199 5714//5199 6506//5199
f 6506//5180 5714//5180 4707//5180
f 5714//5180 4708//5180 4707//5180
f 5702//4621 6491//4621 5703//4621
f 6491//4621 6490//4621 5703//4621
f 6507//4797 5710//4797 6508//4797
f 5710//4797 5709//4797 6508//4797
f 6508//4798 5709//4798 6496//4798
f 5709//4798 5708//4798 6496//4798
f 6496//4799 5708//4799 6495//4799
f 5708//4799 5699//4799 6495//4799
f 6495//4608 5699//4608 6494//4608
f 5699//4608 5698//4608 6494//4608
f 6494//4609 5698//4609 6509//4609
f 5698//4609 5697//4609 6509//4609
f 6509//5311 5697//5311 6510//5311
f 5697//5311 5696//5311 6510//5311
f 6510//4611 5696//4611 6511//4611
f 5696//4611 5695//4611 6511//4611
f 6511//4801 5695//4801 6512//4801
f 5695//4801 5707//4801 6512//4801
f 6512//115 5707//115 6513//115
f 5707//115 5706//115 6513//115
f 6513//4613 5706//4613 6514//4613
f 5706//4613 5705//4613 6514//4613
f 6514//5312 5705//5312 6497//5312
f 5705//5312 5704//5312 6497//5312
f 6497//5313 5704//5313 6498//5313
f 5704//5313 5720//5313 6498//5313
f 6498//4803 5720//4803 6515//4803
f 5720//4803 5719//4803 6515//4803
f 6515//4617 5719//4617 6516//4617
f 5719//4617 5713//4617 6516//4617
f 6516//4618 5713//4618 6488//4618
f 5713//4618 5712//4618 6488//4618
f 6488//4804 5712//4804 6489//4804
f 5712//4804 5711//4804 6489//4804
f 6489//4620 5711//4620 6490//4620
f 5711//4620 5703//4620 6490//4620
f 5710//5185 6507//5185 4378//5185
f 6507//5185 4377//5185 4378//5185
f 6607//5314 6608//5314 6609//5314
f 6608//5315 6610//5315 6609//5315
f 6609//5316 6610//5316 6611//5316
f 6610//5316 6612//5316 6611//5316
f 6611//5317 6612//5317 6613//5317
f 6612//5317 6614//5317 6613//5317
f 6613//5318 6614//5318 6615//5318
f 6614//5318 6616//5318 6615//5318
f 6615//5319 6616//5319 6617//5319
f 6616//5319 6618//5319 6617//5319
f 6617//5320 6618//5320 6619//5320
f 6618//5320 6620//5320 6619//5320
f 6619//5321 6620//5321 6621//5321
f 6620//5321 6622//5321 6621//5321
f 6621//5322 6622//5322 6623//5322
f 6622//5322 6624//5322 6623//5322
f 6623//5323 6624//5323 6625//5323
f 6624//5323 6626//5323 6625//5323
f 6625//5324 6626//5324 6627//5324
f 6626//5324 6628//5324 6627//5324
f 6627//5325 6628//5325 6629//5325
f 6628//5325 6630//5325 6629//5325
f 6629//5326 6630//5326 6631//5326
f 6630//5326 6632//5326 6631//5326
f 6631//5327 6632//5327 6633//5327
f 6632//5327 6634//5327 6633//5327
f 6633//5328 6634//5328 6635//5328
f 6634//5328 6636//5328 6635//5328
f 6635//5329 6636//5329 6637//5329
f 6636//5329 6638//5329 6637//5329
f 6637//5330 6638//5330 6639//5330
f 6638//5330 6640//5330 6639//5330
f 6639//5331 6640//5331 6641//5331
f 6640//5331 6642//5331 6641//5331
f 6641//5332 6642//5332 6643//5332
f 6642//5332 6644//5332 6643//5332
f 6643//5333 6644//5333 6645//5333
f 6644//5333 6646//5333 6645//5333
f 6645//5334 6646//5334 6647//5334
f 6646//5334 6648//5334 6647//5334
f 6647//5335 6648//5335 6649//5335
f 6648//5335 6650//5335 6649//5335
f 6649//5336 6650//5336 6651//5336
f 6650//5336 6652//5336 6651//5336
f 6651//5337 6652//5337 6653//5337
f 6652//5337 6654//5337 6653//5337
f 6653//5338 6654//5338 6655//5338
f 6654//5338 6656//5338 6655//5338
f 6655//5339 6656//5339 6657//5339
f 6656//5339 6658//5339 6657//5339
f 6657//5340 6658//5340 6659//5340
f 6658//5340 6660//5340 6659//5340
f 6659//5341 6660//5341 6661//5341
f 6660//5341 6662//5341 6661//5341
f 6661//5342 6662//5342 6663//5342
f 6662//5342 6664//5342 6663//5342
f 6663//5343 6664//5343 6665//5343
f 6664//5343 6666//5343 6665//5343
f 6665//5344 6666//5344 6667//5344
f 6666//5344 6668//5344 6667//5344
f 6667//5345 6668//5345 6669//5345
f 6668//5345 6670//5345 6669//5345
f 6669//5346 6670//5346 6671//5346
f 6670//5346 6672//5346 6671//5346
f 6671//5347 6672//5347 6673//5347
f 6672//5347 6674//5347 6673//5347
f 6673//5348 6674//5348 6675//5348
f 6674//5348 6676//5348 6675//5348
f 6675//5349 6676//5349 6677//5349
f 6676//5349 6678//5349 6677//5349
f 6677//5350 6678//5350 6679//5350
f 6678//5351 6680//5351 6679//5351
f 6679//5352 6680//5352 6681//5352
f 6680//5353 6682//5353 6681//5353
f 6681//5354 6682//5354 6683//5354
f 6682//5354 6684//5354 6683//5354
f 6683//5355 6684//5355 6685//5355
f 6684//5355 6686//5355 6685//5355
f 6685//5356 6686//5356 6687//5356
f 6686//5356 6688//5356 6687//5356
f 6687//5357 6688//5357 6689//5357
f 6688//5357 6690//5357 6689//5357
f 6689//5358 6690//5358 6691//5358
f 6690//5358 6692//5358 6691//5358
f 6691//5359 6692//5359 6693//5359
f 6692//5359 6694//5359 6693//5359
f 6693//5360 6694//5360 6695//5360
f 6694//5360 6696//5360 6695//5360
f 6695//5361 6696//5361 6697//5361
f 6696//5361 6698//5361 6697//5361
f 6697//5362 6698//5362 6699//5362
f 6698//5362 6700//5362 6699//5362
f 6699//5363 6700//5363 6701//5363
f 6700//5363 6702//5363 6701//5363
f 6701//5364 6702//5364 6703//5364
f 6702//5364 6704//5364 6703//5364
f 6703//5365 6704//5365 6705//5365
f 6704//5365 6706//5365 6705//5365
f 6705//5366 6706//5366 6707//5366
f 6706//5366 6708//5366 6707//5366
f 6707//5367 6708//5367 6709//5367
f 6708//5367 6710//5367 6709//5367
f 6709//5368 6710//5368 6711//5368
f 6710//5368 6712//5368 6711//5368
f 6711//5369 6712//5369 6713//5369
f 6712//5369 6714//5369 6713//5369
f 6713//5370 6714//5370 6715//5370
f 6714//5370 6716//5370 6715//5370
f 6715//5371 6716//5371 6717//5371
f 6716//5371 6718//5371 6717//5371
f 6717//5372 6718//5372 6719//5372
f 6718//5372 6720//5372 6719//5372
f 6719//5373 6720//5373 6721//5373
f 6720//5373 6722//5373 6721//5373
f 6721//5374 6722//5374 6723//5374
f 6722//5374 6724//5374 6723//5374
f 6723//5375 6724//5375 6725//5375
f 6724//5375 6726//5375 6725//5375
f 6725//5376 6726//5376 6727//5376
f 6726//5376 6728//5376 6727//5376
f 6727//5377 6728//5377 6729//5377
f 6728//5377 6730//5377 6729//5377
f 6729//5378 6730//5378 6731//5378
f 6730//5378 6732//5378 6731//5378
f 6731//5379 6732//5379 6733//5379
f 6732//5379 6734//5379 6733//5379
f 6733//5380 6734//5380 6735//5380
f 6734//5380 6736//5380 6735//5380
f 6735//5381 6736//5381 6737//5381
f 6736//5381 6738//5381 6737//5381
f 6737//5382 6738//5382 6739//5382
f 6738//5382 6740//5382 6739//5382
f 6739//5383 6740//5383 6741//5383
f 6740//5383 6742//5383 6741//5383
f 6741//5384 6742//5384 6743//5384
f 6742//5384 6744//5384 6743//5384
f 6743//5385 6744//5385 6745//5385
f 6744//5385 6746//5385 6745//5385
f 6745//5386 6746//5386 6747//5386
f 6746//5386 6748//5386 6747//5386
f 6747//5387 6748//5387 6749//5387
f 6748//5387 6750//5387 6749//5387
f 6749//5388 6750//5388 6607//5388
f 6750//5389 6608//5389 6607//5389
f 6751//5390 6752//5390 6753//5390
f 6752//5391 6754//5391 6753//5391
f 6753//5391 6754//5391 6755//5391
f 6754//5392 6756//5392 6755//5392
f 6755//5392 6756//5392 6757//5392
f 6756//5393 6758//5393 6757//5393
f 6757//5393 6758//5393 6759//5393
f 6758//5394 6760//5394 6759//5394
f 6759//5394 6760//5394 6761//5394
f 6760//5395 6762//5395 6761//5395
f 6761//5395 6762//5395 6763//5395
f 6762//5124 6764//5124 6763//5124
f 6763//5124 6764//5124 6765//5124
f 6764//5396 6766//5396 6765//5396
f 6765//5396 6766//5396 6767//5396
f 6766//5397 6768//5397 6767//5397
f 6767//5397 6768//5397 6769//5397
f 6768//5398 6770//5398 6769//5398
f 6769//5398 6770//5398 6771//5398
f 6770//5399 6772//5399 6771//5399
f 6771//5399 6772//5399 6773//5399
f 6772//5400 6774//5400 6773//5400
f 6773//5400 6774//5400 6775//5400
f 6774//5401 6776//5401 6775//5401
f 6775//5401 6776//5401 6777//5401
f 6776//5402 6778//5402 6777//5402
f 6777//5402 6778//5402 6779//5402
f 6778//5403 6780//5403 6779//5403
f 6779//5403 6780//5403 6781//5403
f 6780//5404 6782//5404 6781//5404
f 6781//5404 6782//5404 6783//5404
f 6782//5405 6784//5405 6783//5405
f 6783//5405 6784//5405 6785//5405
f 6784//5406 6786//5406 6785//5406
f 6785//5406 6786//5406 6787//5406
f 6786//5407 6788//5407 6787//5407
f 6787//5407 6788//5407 6789//5407
f 6788//5408 6790//5408 6789//5408
f 6789//5408 6790//5408 6791//5408
f 6790//5409 6792//5409 6791//5409
f 6791//5409 6792//5409 6793//5409
f 6792//5410 6794//5410 6793//5410
f 6793//5410 6794//5410 6795//5410
f 6794//5411 6796//5411 6795//5411
f 6795//5411 6796//5411 6797//5411
f 6796//5412 6798//5412 6797//5412
f 6797//5412 6798//5412 6799//5412
f 6798//5413 6800//5413 6799//5413
f 6799//5413 6800//5413 6801//5413
f 6800//5414 6802//5414 6801//5414
f 6801//5414 6802//5414 6803//5414
f 6802//5415 6804//5415 6803//5415
f 6803//5415 6804//5415 6805//5415
f 6804//5416 6806//5416 6805//5416
f 6805//5416 6806//5416 6807//5416
f 6806//5417 6808//5417 6807//5417
f 6807//5417 6808//5417 6809//5417
f 6808//5147 6810//5147 6809//5147
f 6809//5147 6810//5147 6811//5147
f 6810//5418 6812//5418 6811//5418
f 6811//5418 6812//5418 6813//5418
f 6812//5419 6814//5419 6813//5419
f 6813//5419 6814//5419 6815//5419
f 6814//5385 6816//5385 6815//5385
f 6815//5385 6816//5385 6817//5385
f 6816//5420 6818//5420 6817//5420
f 6817//5420 6818//5420 6819//5420
f 6818//5421 6820//5421 6819//5421
f 6819//5421 6820//5421 6821//5421
f 6820//5422 6822//5422 6821//5422
f 6821//5423 6822//5423 6823//5423
f 6822//5424 6824//5424 6823//5424
f 6823//5425 6824//5425 6825//5425
f 6824//5426 6826//5426 6825//5426
f 6825//5426 6826//5426 6827//5426
f 6826//5427 6828//5427 6827//5427
f 6827//5427 6828//5427 6829//5427
f 6828//5318 6830//5318 6829//5318
f 6829//5318 6830//5318 6831//5318
f 6830//5428 6832//5428 6831//5428
f 6831//5428 6832//5428 6833//5428
f 6832//5429 6834//5429 6833//5429
f 6833//5429 6834//5429 6835//5429
f 6834//5086 6836//5086 6835//5086
f 6835//5086 6836//5086 6837//5086
f 6836//5430 6838//5430 6837//5430
f 6837//5430 6838//5430 6839//5430
f 6838//5431 6840//5431 6839//5431
f 6839//5431 6840//5431 6841//5431
f 6840//5432 6842//5432 6841//5432
f 6841//5432 6842//5432 6843//5432
f 6842//5433 6844//5433 6843//5433
f 6843//5433 6844//5433 6845//5433
f 6844//5434 6846//5434 6845//5434
f 6845//5434 6846//5434 6847//5434
f 6846//5435 6848//5435 6847//5435
f 6847//5435 6848//5435 6849//5435
f 6848//5436 6850//5436 6849//5436
f 6849//5436 6850//5436 6851//5436
f 6850//5437 6852//5437 6851//5437
f 6851//5437 6852//5437 6853//5437
f 6852//5438 6854//5438 6853//5438
f 6853//5438 6854//5438 6855//5438
f 6854//5439 6856//5439 6855//5439
f 6855//5439 6856//5439 6857//5439
f 6856//5440 6858//5440 6857//5440
f 6857//5440 6858//5440 6859//5440
f 6858//5441 6860//5441 6859//5441
f 6859//5441 6860//5441 6861//5441
f 6860//5442 6862//5442 6861//5442
f 6861//5442 6862//5442 6863//5442
f 6862//5443 6864//5443 6863//5443
f 6863//5443 6864//5443 6865//5443
f 6864//5444 6866//5444 6865//5444
f 6865//5444 6866//5444 6867//5444
f 6866//5445 6868//5445 6867//5445
f 6867//5445 6868//5445 6869//5445
f 6868//5446 6870//5446 6869//5446
f 6869//5446 6870//5446 6871//5446
f 6870//5447 6872//5447 6871//5447
f 6871//5447 6872//5447 6873//5447
f 6872//5448 6874//5448 6873//5448
f 6873//5448 6874//5448 6875//5448
f 6874//5449 6876//5449 6875//5449
f 6875//5449 6876//5449 6877//5449
f 6876//5450 6878//5450 6877//5450
f 6877//5450 6878//5450 6879//5450
f 6878//5451 6880//5451 6879//5451
f 6879//5451 6880//5451 6881//5451
f 6880//5109 6882//5109 6881//5109
f 6881//5109 6882//5109 6883//5109
f 6882//5452 6884//5452 6883//5452
f 6883//5452 6884//5452 6885//5452
f 6884//5453 6886//5453 6885//5453
f 6885//5453 6886//5453 6887//5453
f 6886//5454 6888//5454 6887//5454
f 6887//5454 6888//5454 6889//5454
f 6888//5455 6890//5455 6889//5455
f 6889//5455 6890//5455 6891//5455
f 6890//5456 6892//5456 6891//5456
f 6891//5456 6892//5456 6893//5456
f 6892//5457 6894//5457 6893//5457
f 6893//5458 6894//5458 6751//5458
f 6894//5459 6752//5459 6751//5459
f 6638//176 6781//176 6640//176
f 6781//176 6783//176 6640//176
f 6640//176 6783//176 6642//176
f 6783//176 6785//176 6642//176
f 6642//176 6785//176 6644//176
f 6785//176 6787//176 6644//176
f 6644//176 6787//176 6646//176
f 6787//176 6789//176 6646//176
f 6646//176 6789//176 6648//176
f 6789//176 6791//176 6648//176
f 6648//176 6791//176 6650//176
f 6791//176 6793//176 6650//176
f 6650//176 6793//176 6652//176
f 6793//176 6795//176 6652//176
f 6652//176 6795//176 6654//176
f 6795//176 6797//176 6654//176
f 6654//176 6797//176 6656//176
f 6797//176 6799//176 6656//176
f 6656//176 6799//176 6658//176
f 6799//176 6801//176 6658//176
f 6658//176 6801//176 6660//176
f 6801//176 6803//176 6660//176
f 6660//176 6803//176 6662//176
f 6803//176 6805//176 6662//176
f 6662//176 6805//176 6664//176
f 6805//176 6807//176 6664//176
f 6664//176 6807//176 6666//176
f 6807//176 6809//176 6666//176
f 6666//176 6809//176 6668//176
f 6809//176 6811//176 6668//176
f 6668//176 6811//176 6670//176
f 6811//176 6813//176 6670//176
f 6670//176 6813//176 6672//176
f 6813//176 6815//176 6672//176
f 6672//176 6815//176 6674//176
f 6815//176 6817//176 6674//176
f 6674//176 6817//176 6676//176
f 6817//176 6819//176 6676//176
f 6676//176 6819//176 6678//176
f 6819//176 6821//176 6678//176
f 6678//176 6821//176 6680//176
f 6821//176 6823//176 6680//176
f 6680//176 6823//176 6682//176
f 6823//176 6825//176 6682//176
f 6682//176 6825//176 6684//176
f 6825//176 6827//176 6684//176
f 6684//176 6827//176 6686//176
f 6827//176 6829//176 6686//176
f 6686//176 6829//176 6688//176
f 6829//176 6831//176 6688//176
f 6688//176 6831//176 6690//176
f 6831//176 6833//176 6690//176
f 6690//176 6833//176 6692//176
f 6833//176 6835//176 6692//176
f 6692//176 6835//176 6694//176
f 6835//176 6837//176 6694//176
f 6694//176 6837//176 6696//176
f 6837//176 6839//176 6696//176
f 6696//176 6839//176 6698//176
f 6839//176 6841//176 6698//176
f 6698//176 6841//176 6700//176
f 6841//176 6843//176 6700//176
f 6700//176 6843//176 6702//176
f 6843//176 6845//176 6702//176
f 6702//176 6845//176 6704//176
f 6845//176 6847//176 6704//176
f 6704//176 6847//176 6706//176
f 6847//176 6849//176 6706//176
f 6706//176 6849//176 6708//176
f 6849//176 6851//176 6708//176
f 6708//176 6851//176 6710//176
f 6851//176 6853//176 6710//176
f 6710//176 6853//176 6712//176
f 6853//176 6855//176 6712//176
f 6712//176 6855//176 6714//176
f 6855//176 6857//176 6714//176
f 6714//176 6857//176 6716//176
f 6857//176 6859//176 6716//176
f 6716//176 6859//176 6718//176
f 6859//176 6861//176 6718//176
f 6718//176 6861//176 6720//176
f 6861//176 6863//176 6720//176
f 6720//176 6863//176 6722//176
f 6863//176 6865//176 6722//176
f 6722//176 6865//176 6724//176
f 6865//176 6867//176 6724//176
f 6724//176 6867//176 6726//176
f 6867//176 6869//176 6726//176
f 6726//176 6869//176 6728//176
f 6869//176 6871//176 6728//176
f 6728//176 6871//176 6730//176
f 6871//176 6873//176 6730//176
f 6730//176 6873//176 6732//176
f 6873//176 6875//176 6732//176
f 6732//176 6875//176 6734//176
f 6875//176 6877//176 6734//176
f 6734//176 6877//176 6736//176
f 6877//176 6879//176 6736//176
f 6736//176 6879//176 6738//176
f 6879//176 6881//176 6738//176
f 6738//176 6881//176 6740//176
f 6881//176 6883//176 6740//176
f 6740//176 6883//176 6742//176
f 6883//176 6885//176 6742//176
f 6742//176 6885//176 6744//176
f 6885//176 6887//176 6744//176
f 6744//176 6887//176 6746//176
f 6887//176 6889//176 6746//176
f 6746//176 6889//176 6748//176
f 6889//176 6891//176 6748//176
f 6748//176 6891//176 6750//176
f 6891//176 6893//176 6750//176
f 6750//176 6893//176 6608//176
f 6893//176 6751//176 6608//176
f 6608//176 6751//176 6610//176
f 6751//176 6753//176 6610//176
f 6610//176 6753//176 6612//176
f 6753//176 6755//176 6612//176
f 6612//176 6755//176 6614//176
f 6755//176 6757//176 6614//176
f 6614//176 6757//176 6616//176
f 6757//176 6759//176 6616//176
f 6616//176 6759//176 6618//176
f 6759//176 6761//176 6618//176
f 6618//176 6761//176 6620//176
f 6761//176 6763//176 6620//176
f 6620//176 6763//176 6622//176
f 6763//176 6765//176 6622//176
f 6622//176 6765//176 6624//176
f 6765//176 6767//176 6624//176
f 6624//176 6767//176 6626//176
f 6767//176 6769//176 6626//176
f 6626//176 6769//176 6628//176
f 6769//176 6771//176 6628//176
f 6628//176 6771//176 6630//176
f 6771//176 6773//176 6630//176
f 6630//176 6773//176 6632//176
f 6773//176 6775//176 6632//176
f 6632//176 6775//176 6634//176
f 6775//176 6777//176 6634//176
f 6634//176 6777//176 6636//176
f 6777//176 6779//176 6636//176
f 6636//176 6779//176 6638//176
f 6779//176 6781//176 6638//176
f 6641//129 6784//129 6639//129
f 6784//129 6782//129 6639//129
f 6639//129 6782//129 6637//129
f 6782//129 6780//129 6637//129
f 6637//129 6780//129 6635//129
f 6780//129 6778//129 6635//129
f 6635//129 6778//129 6633//129
f 6778//129 6776//129 6633//129
f 6633//129 6776//129 6631//129
f 6776//129 6774//129 6631//129
f 6631//129 6774//129 6629//129
f 6774//129 6772//129 6629//129
f 6629//129 6772//129 6627//129
f 6772//129 6770//129 6627//129
f 6627//129 6770//129 6625//129
f 6770//129 6768//129 6625//129
f 6625//129 6768//129 6623//129
f 6768//129 6766//129 6623//129
f 6623//129 6766//129 6621//129
f 6766//129 6764//129 6621//129
f 6621//129 6764//129 6619//129
f 6764//129 6762//129 6619//129
f 6619//129 6762//129 6617//129
f 6762//129 6760//129 6617//129
f 6617//129 6760//129 6615//129
f 6760//129 6758//129 6615//129
f 6615//129 6758//129 6613//129
f 6758//129 6756//129 6613//129
f 6613//129 6756//129 6611//129
f 6756//129 6754//129 6611//129
f 6611//129 6754//129 6609//129
f 6754//129 6752//129 6609//129
f 6609//129 6752//129 6607//129
f 6752//129 6894//129 6607//129
f 6607//129 6894//129 6749//129
f 6894//129 6892//129 6749//129
f 6749//129 6892//129 6747//129
f 6892//129 6890//129 6747//129
f 6747//129 6890//129 6745//129
f 6890//129 6888//129 6745//129
f 6745//129 6888//129 6743//129
f 6888//129 6886//129 6743//129
f 6743//129 6886//129 6741//129
f 6886//129 6884//129 6741//129
f 6741//129 6884//129 6739//129
f 6884//129 6882//129 6739//129
f 6739//129 6882//129 6737//129
f 6882//129 6880//129 6737//129
f 6737//129 6880//129 6735//129
f 6880//129 6878//129 6735//129
f 6735//129 6878//129 6733//129
f 6878//129 6876//129 6733//129
f 6733//129 6876//129 6731//129
f 6876//129 6874//129 6731//129
f 6731//129 6874//129 6729//129
f 6874//129 6872//129 6729//129
f 6729//129 6872//129 6727//129
f 6872//129 6870//129 6727//129
f 6727//129 6870//129 6725//129
f 6870//129 6868//129 6725//129
f 6725//129 6868//129 6723//129
f 6868//129 6866//129 6723//129
f 6723//129 6866//129 6721//129
f 6866//129 6864//129 6721//129
f 6721//129 6864//129 6719//129
f 6864//129 6862//129 6719//129
f 6719//129 6862//129 6717//129
f 6862//129 6860//129 6717//129
f 6717//129 6860//129 6715//129
f 6860//129 6858//129 6715//129
f 6715//129 6858//129 6713//129
f 6858//129 6856//129 6713//129
f 6713//129 6856//129 6711//129
f 6856//129 6854//129 6711//129
f 6711//129 6854//129 6709//129
f 6854//129 6852//129 6709//129
f 6709//129 6852//129 6707//129
f 6852//129 6850//129 6707//129
f 6707//129 6850//129 6705//129
f 6850//129 6848//129 6705//129
f 6705//129 6848//129 6703//129
f 6848//129 6846//129 6703//129
f 6703//129 6846//129 6701//129
f 6846//129 6844//129 6701//129
f 6701//129 6844//129 6699//129
f 6844//129 6842//129 6699//129
f 6699//129 6842//129 6697//129
f 6842//129 6840//129 6697//129
f 6697//129 6840//129 6695//129
f 6840//129 6838//129 6695//129
f 6695//129 6838//129 6693//129
f 6838//129 6836//129 6693//129
f 6693//129 6836//129 6691//129
f 6836//129 6834//129 6691//129
f 6691//129 6834//129 6689//129
f 6834//129 6832//129 6689//129
f 6689//129 6832//129 6687//129
f 6832//129 6830//129 6687//129
f 6687//129 6830//129 6685//129
f 6830//129 6828//129 6685//129
f 6685//129 6828//129 6683//129
f 6828//129 6826//129 6683//129
f 6683//129 6826//129 6681//129
f 6826//129 6824//129 6681//129
f 6681//129 6824//129 6679//129
f 6824//129 6822//129 6679//129
f 6679//129 6822//129 6677//129
f 6822//129 6820//129 6677//129
f 6677//129 6820//129 6675//129
f 6820//129 6818//129 6675//129
f 6675//129 6818//129 6673//129
f 6818//129 6816//129 6673//129
f 6673//129 6816//129 6671//129
f 6816//129 6814//129 6671//129
f 6671//129 6814//129 6669//129
f 6814//129 6812//129 6669//129
f 6669//129 6812//129 6667//129
f 6812//129 6810//129 6667//129
f 6667//129 6810//129 6665//129
f 6810//129 6808//129 6665//129
f 6665//129 6808//129 6663//129
f 6808//129 6806//129 6663//129
f 6663//129 6806//129 6661//129
f 6806//129 6804//129 6661//129
f 6661//129 6804//129 6659//129
f 6804//129 6802//129 6659//129
f 6659//129 6802//129 6657//129
f 6802//129 6800//129 6657//129
f 6657//129 6800//129 6655//129
f 6800//129 6798//129 6655//129
f 6655//129 6798//129 6653//129
f 6798//129 6796//129 6653//129
f 6653//129 6796//129 6651//129
f 6796//129 6794//129 6651//129
f 6651//129 6794//129 6649//129
f 6794//129 6792//129 6649//129
f 6649//129 6792//129 6647//129
f 6792//129 6790//129 6647//129
f 6647//129 6790//129 6645//129
f 6790//129 6788//129 6645//129
f 6645//129 6788//129 6643//129
f 6788//129 6786//129 6643//129
f 6643//129 6786//129 6641//129
f 6786//129 6784//129 6641//129
f 6895//176 6896//176 6897//176
f 6896//176 6898//176 6897//176
f 6897//176 6898//176 6899//176
f 6900//176 6901//176 6897//176
f 6901//176 6902//176 6897//176
f 6897//176 6902//176 6895//176
f 6903//176 6904//176 6897//176
f 6904//176 6905//176 6897//176
f 6897//176 6905//176 6900//176
f 6906//176 6907//176 6897//176
f 6907//176 6908//176 6897//176
f 6897//176 6908//176 6903//176
f 6909//176 6910//176 6897//176
f 6910//176 6911//176 6897//176
f 6897//176 6911//176 6906//176
f 6912//176 6913//176 6897//176
f 6913//176 6914//176 6897//176
f 6897//176 6914//176 6909//176
f 6915//176 6916//176 6897//176
f 6916//176 6917//176 6897//176
f 6897//176 6917//176 6912//176
f 6918//176 6919//176 6897//176
f 6919//176 6920//176 6897//176
f 6897//176 6920//176 6915//176
f 6921//176 6922//176 6897//176
f 6922//176 6923//176 6897//176
f 6897//176 6923//176 6918//176
f 6924//176 6925//176 6897//176
f 6925//176 6926//176 6897//176
f 6897//176 6926//176 6921//176
f 6927//176 6928//176 6897//176
f 6928//176 6929//176 6897//176
f 6897//176 6929//176 6924//176
f 6930//176 6931//176 6897//176
f 6931//176 6932//176 6897//176
f 6897//176 6932//176 6927//176
f 6933//176 6934//176 6897//176
f 6934//176 6935//176 6897//176
f 6897//176 6935//176 6930//176
f 6936//176 6937//176 6897//176
f 6937//176 6938//176 6897//176
f 6897//176 6938//176 6933//176
f 6939//176 6940//176 6897//176
f 6940//176 6941//176 6897//176
f 6897//176 6941//176 6936//176
f 6942//176 6943//176 6897//176
f 6943//176 6944//176 6897//176
f 6897//176 6944//176 6939//176
f 6945//176 6946//176 6897//176
f 6946//176 6947//176 6897//176
f 6897//176 6947//176 6942//176
f 6948//176 6949//176 6897//176
f 6949//176 6950//176 6897//176
f 6897//176 6950//176 6945//176
f 6951//176 6952//176 6897//176
f 6952//176 6953//176 6897//176
f 6897//176 6953//176 6948//176
f 6954//176 6955//176 6897//176
f 6955//176 6956//176 6897//176
f 6897//176 6956//176 6951//176
f 6957//176 6958//176 6897//176
f 6958//176 6959//176 6897//176
f 6897//176 6959//176 6954//176
f 6960//176 6961//176 6897//176
f 6961//176 6962//176 6897//176
f 6897//176 6962//176 6957//176
f 6963//176 6964//176 6897//176
f 6964//176 6965//176 6897//176
f 6897//176 6965//176 6960//176
f 6899//176 6966//176 6897//176
f 6966//176 6967//176 6897//176
f 6897//176 6967//176 6963//176
f 6898//5333 6643//5333 6899//5333
f 6643//5333 6645//5333 6899//5333
f 6899//5334 6645//5334 6966//5334
f 6645//5334 6647//5334 6966//5334
f 6966//5335 6647//5335 6967//5335
f 6647//5335 6649//5335 6967//5335
f 6967//5336 6649//5336 6963//5336
f 6649//5336 6651//5336 6963//5336
f 6963//5337 6651//5337 6964//5337
f 6651//5337 6653//5337 6964//5337
f 6964//5338 6653//5338 6965//5338
f 6653//5338 6655//5338 6965//5338
f 6965//5339 6655//5339 6960//5339
f 6655//5339 6657//5339 6960//5339
f 6960//5340 6657//5340 6961//5340
f 6657//5340 6659//5340 6961//5340
f 6961//5341 6659//5341 6962//5341
f 6659//5341 6661//5341 6962//5341
f 6962//5342 6661//5342 6957//5342
f 6661//5342 6663//5342 6957//5342
f 6957//5343 6663//5343 6958//5343
f 6663//5343 6665//5343 6958//5343
f 6958//5344 6665//5344 6959//5344
f 6665//5344 6667//5344 6959//5344
f 6959//5345 6667//5345 6954//5345
f 6667//5345 6669//5345 6954//5345
f 6954//5346 6669//5346 6955//5346
f 6669//5346 6671//5346 6955//5346
f 6955//5347 6671//5347 6956//5347
f 6671//5347 6673//5347 6956//5347
f 6956//5348 6673//5348 6951//5348
f 6673//5348 6675//5348 6951//5348
f 6951//5349 6675//5349 6952//5349
f 6675//5349 6677//5349 6952//5349
f 6952//5350 6677//5350 6953//5350
f 6677//5460 6968//5460 6953//5460
f 6953//5461 6968//5461 6948//5461
f 6968//5353 6681//5353 6948//5353
f 6948//5354 6681//5354 6949//5354
f 6681//5354 6683//5354 6949//5354
f 6949//5355 6683//5355 6950//5355
f 6683//5355 6685//5355 6950//5355
f 6950//5356 6685//5356 6945//5356
f 6685//5356 6687//5356 6945//5356
f 6945//5357 6687//5357 6946//5357
f 6687//5357 6689//5357 6946//5357
f 6946//5358 6689//5358 6947//5358
f 6689//5358 6691//5358 6947//5358
f 6947//5359 6691//5359 6942//5359
f 6691//5359 6693//5359 6942//5359
f 6942//5360 6693//5360 6943//5360
f 6693//5360 6695//5360 6943//5360
f 6943//5361 6695//5361 6944//5361
f 6695//5361 6697//5361 6944//5361
f 6944//5362 6697//5362 6939//5362
f 6697//5362 6699//5362 6939//5362
f 6939//5363 6699//5363 6940//5363
f 6699//5363 6701//5363 6940//5363
f 6940//5364 6701//5364 6941//5364
f 6701//5364 6703//5364 6941//5364
f 6941//5365 6703//5365 6936//5365
f 6703//5365 6705//5365 6936//5365
f 6936//5366 6705//5366 6937//5366
f 6705//5366 6707//5366 6937//5366
f 6937//5367 6707//5367 6938//5367
f 6707//5367 6709//5367 6938//5367
f 6938//5368 6709//5368 6933//5368
f 6709//5368 6711//5368 6933//5368
f 6933//5369 6711//5369 6934//5369
f 6711//5369 6713//5369 6934//5369
f 6934//5370 6713//5370 6935//5370
f 6713//5370 6715//5370 6935//5370
f 6935//5371 6715//5371 6930//5371
f 6715//5371 6717//5371 6930//5371
f 6930//5372 6717//5372 6931//5372
f 6717//5372 6719//5372 6931//5372
f 6931//5373 6719//5373 6932//5373
f 6719//5373 6721//5373 6932//5373
f 6932//5374 6721//5374 6927//5374
f 6721//5374 6723//5374 6927//5374
f 6927//5375 6723//5375 6928//5375
f 6723//5375 6725//5375 6928//5375
f 6928//5376 6725//5376 6929//5376
f 6725//5376 6727//5376 6929//5376
f 6929//5377 6727//5377 6924//5377
f 6727//5377 6729//5377 6924//5377
f 6924//5378 6729//5378 6925//5378
f 6729//5378 6731//5378 6925//5378
f 6925//5379 6731//5379 6926//5379
f 6731//5379 6733//5379 6926//5379
f 6926//5380 6733//5380 6921//5380
f 6733//5380 6735//5380 6921//5380
f 6921//5381 6735//5381 6922//5381
f 6735//5381 6737//5381 6922//5381
f 6922//5382 6737//5382 6923//5382
f 6737//5382 6739//5382 6923//5382
f 6923//5383 6739//5383 6918//5383
f 6739//5383 6741//5383 6918//5383
f 6918//5384 6741//5384 6919//5384
f 6741//5384 6743//5384 6919//5384
f 6919//5385 6743//5385 6920//5385
f 6743//5385 6745//5385 6920//5385
f 6920//5386 6745//5386 6915//5386
f 6745//5386 6747//5386 6915//5386
f 6915//5387 6747//5387 6916//5387
f 6747//5387 6749//5387 6916//5387
f 6916//5388 6749//5388 6917//5388
f 6749//5462 6969//5462 6917//5462
f 6917//5463 6969//5463 6912//5463
f 6969//5315 6609//5315 6912//5315
f 6912//5316 6609//5316 6913//5316
f 6609//5316 6611//5316 6913//5316
f 6913//5317 6611//5317 6914//5317
f 6611//5317 6613//5317 6914//5317
f 6914//5318 6613//5318 6909//5318
f 6613//5318 6615//5318 6909//5318
f 6909//5319 6615//5319 6910//5319
f 6615//5319 6617//5319 6910//5319
f 6910//5320 6617//5320 6911//5320
f 6617//5320 6619//5320 6911//5320
f 6911//5321 6619//5321 6906//5321
f 6619//5321 6621//5321 6906//5321
f 6906//5322 6621//5322 6907//5322
f 6621//5322 6623//5322 6907//5322
f 6907//5323 6623//5323 6908//5323
f 6623//5323 6625//5323 6908//5323
f 6908//5324 6625//5324 6903//5324
f 6625//5324 6627//5324 6903//5324
f 6903//5325 6627//5325 6904//5325
f 6627//5325 6629//5325 6904//5325
f 6904//5326 6629//5326 6905//5326
f 6629//5326 6631//5326 6905//5326
f 6905//5327 6631//5327 6900//5327
f 6631//5327 6633//5327 6900//5327
f 6900//5328 6633//5328 6901//5328
f 6633//5328 6635//5328 6901//5328
f 6901//5329 6635//5329 6902//5329
f 6635//5329 6637//5329 6902//5329
f 6902//5330 6637//5330 6895//5330
f 6637//5330 6639//5330 6895//5330
f 6895//5331 6639//5331 6896//5331
f 6639//5331 6641//5331 6896//5331
f 6896//5332 6641//5332 6898//5332
f 6641//5332 6643//5332 6898//5332
f 6713//176 6970//176 6715//176
f 6970//176 6971//176 6715//176
f 6715//176 6971//176 6717//176
f 6971//176 6972//176 6717//176
f 6717//176 6972//176 6719//176
f 6972//176 6973//176 6719//176
f 6719//176 6973//176 6721//176
f 6973//176 6974//176 6721//176
f 6721//176 6974//176 6723//176
f 6974//176 6975//176 6723//176
f 6723//176 6975//176 6725//176
f 6975//176 6976//176 6725//176
f 6725//176 6976//176 6727//176
f 6976//176 6977//176 6727//176
f 6727//176 6977//176 6729//176
f 6977//176 6978//176 6729//176
f 6729//176 6978//176 6731//176
f 6978//176 6979//176 6731//176
f 6731//176 6979//176 6733//176
f 6979//176 6980//176 6733//176
f 6733//176 6980//176 6735//176
f 6980//176 6981//176 6735//176
f 6735//176 6981//176 6737//176
f 6981//176 6982//176 6737//176
f 6737//176 6982//176 6739//176
f 6982//176 6983//176 6739//176
f 6739//176 6983//176 6741//176
f 6983//176 6984//176 6741//176
f 6741//176 6984//176 6743//176
f 6984//176 6985//176 6743//176
f 6743//176 6985//176 6745//176
f 6985//176 6986//176 6745//176
f 6745//176 6986//176 6747//176
f 6986//176 6987//176 6747//176
f 6747//176 6987//176 6749//176
f 6987//176 6988//176 6749//176
f 6749//176 6988//176 6969//176
f 6988//176 6989//176 6969//176
f 6969//176 6989//176 6609//176
f 6989//176 6990//176 6609//176
f 6609//176 6990//176 6611//176
f 6990//176 6991//176 6611//176
f 6611//176 6991//176 6613//176
f 6991//176 6992//176 6613//176
f 6613//176 6992//176 6615//176
f 6992//176 6993//176 6615//176
f 6615//176 6993//176 6617//176
f 6993//176 6994//176 6617//176
f 6617//176 6994//176 6619//176
f 6994//176 6995//176 6619//176
f 6619//176 6995//176 6621//176
f 6995//176 6996//176 6621//176
f 6621//176 6996//176 6623//176
f 6996//176 6997//176 6623//176
f 6623//176 6997//176 6625//176
f 6997//176 6998//176 6625//176
f 6625//176 6998//176 6627//176
f 6998//176 6999//176 6627//176
f 6627//176 6999//176 6629//176
f 6999//176 7000//176 6629//176
f 6629//176 7000//176 6631//176
f 7000//176 7001//176 6631//176
f 6631//176 7001//176 6633//176
f 7001//176 7002//176 6633//176
f 6633//176 7002//176 6635//176
f 7002//176 7003//176 6635//176
f 6635//176 7003//176 6637//176
f 7003//176 7004//176 6637//176
f 6637//176 7004//176 6639//176
f 7004//176 7005//176 6639//176
f 6639//176 7005//176 6641//176
f 7005//176 7006//176 6641//176
f 6641//176 7006//176 6643//176
f 7006//176 7007//176 6643//176
f 6643//176 7007//176 6645//176
f 7007//176 7008//176 6645//176
f 6645//176 7008//176 6647//176
f 7008//176 7009//176 6647//176
f 6647//176 7009//176 6649//176
f 7009//176 7010//176 6649//176
f 6649//176 7010//176 6651//176
f 7010//176 7011//176 6651//176
f 6651//176 7011//176 6653//176
f 7011//176 7012//176 6653//176
f 6653//176 7012//176 6655//176
f 7012//176 7013//176 6655//176
f 6655//176 7013//176 6657//176
f 7013//176 7014//176 6657//176
f 6657//176 7014//176 6659//176
f 7014//176 7015//176 6659//176
f 6659//176 7015//176 6661//176
f 7015//176 7016//176 6661//176
f 6661//176 7016//176 6663//176
f 7016//176 7017//176 6663//176
f 6663//176 7017//176 6665//176
f 7017//176 7018//176 6665//176
f 6665//176 7018//176 6667//176
f 7018//176 7019//176 6667//176
f 6667//176 7019//176 6669//176
f 7019//176 7020//176 6669//176
f 6669//176 7020//176 6671//176
f 7020//176 7021//176 6671//176
f 6671//176 7021//176 6673//176
f 7021//176 7022//176 6673//176
f 6673//176 7022//176 6675//176
f 7022//176 7023//176 6675//176
f 6675//176 7023//176 6677//176
f 7023//176 7024//176 6677//176
f 6677//176 7024//176 6968//176
f 7024//176 7025//176 6968//176
f 6968//176 7025//176 6681//176
f 7025//176 7026//176 6681//176
f 6681//176 7026//176 6683//176
f 7026//176 7027//176 6683//176
f 6683//176 7027//176 6685//176
f 7027//176 7028//176 6685//176
f 6685//176 7028//176 6687//176
f 7028//176 7029//176 6687//176
f 6687//176 7029//176 6689//176
f 7029//176 7030//176 6689//176
f 6689//176 7030//176 6691//176
f 7030//176 7031//176 6691//176
f 6691//176 7031//176 6693//176
f 7031//176 7032//176 6693//176
f 6693//176 7032//176 6695//176
f 7032//176 7033//176 6695//176
f 6695//176 7033//176 6697//176
f 7033//176 7034//176 6697//176
f 6697//176 7034//176 6699//176
f 7034//176 7035//176 6699//176
f 6699//176 7035//176 6701//176
f 7035//176 7036//176 6701//176
f 6701//176 7036//176 6703//176
f 7036//176 7037//176 6703//176
f 6703//176 7037//176 6705//176
f 7037//176 7038//176 6705//176
f 6705//176 7038//176 6707//176
f 7038//176 7039//176 6707//176
f 6707//176 7039//176 6709//176
f 7039//176 7040//176 6709//176
f 6709//176 7040//176 6711//176
f 7040//176 7041//176 6711//176
f 6711//176 7041//176 6713//176
f 7041//176 6970//176 6713//176
f 7007//5464 7042//5464 7008//5464
f 7042//5465 7043//5465 7008//5465
f 7008//5465 7043//5465 7009//5465
f 7043//5466 7044//5466 7009//5466
f 7009//5466 7044//5466 7010//5466
f 7044//5410 7045//5410 7010//5410
f 7010//5410 7045//5410 7011//5410
f 7045//5467 7046//5467 7011//5467
f 7011//5467 7046//5467 7012//5467
f 7046//5468 7047//5468 7012//5468
f 7012//5468 7047//5468 7013//5468
f 7047//5469 7048//5469 7013//5469
f 7013//5469 7048//5469 7014//5469
f 7048//5470 7049//5470 7014//5470
f 7014//5470 7049//5470 7015//5470
f 7049//5471 7050//5471 7015//5471
f 7015//5471 7050//5471 7016//5471
f 7050//5472 7051//5472 7016//5472
f 7016//5472 7051//5472 7017//5472
f 7051//5473 7052//5473 7017//5473
f 7017//5473 7052//5473 7018//5473
f 7052//5474 7053//5474 7018//5474
f 7018//5474 7053//5474 7019//5474
f 7053//5475 7054//5475 7019//5475
f 7019//5475 7054//5475 7020//5475
f 7054//5476 7055//5476 7020//5476
f 7020//5476 7055//5476 7021//5476
f 7055//5477 7056//5477 7021//5477
f 7021//5477 7056//5477 7022//5477
f 7056//5478 7057//5478 7022//5478
f 7022//5478 7057//5478 7023//5478
f 7057//5479 7058//5479 7023//5479
f 7023//5479 7058//5479 7024//5479
f 7058//5480 7059//5480 7024//5480
f 7024//5481 7059//5481 7025//5481
f 7059//5482 7060//5482 7025//5482
f 7025//5483 7060//5483 7026//5483
f 7060//5484 7061//5484 7026//5484
f 7026//5484 7061//5484 7027//5484
f 7061//5485 7062//5485 7027//5485
f 7027//5485 7062//5485 7028//5485
f 7062//5486 7063//5486 7028//5486
f 7028//5486 7063//5486 7029//5486
f 7063//5487 7064//5487 7029//5487
f 7029//5487 7064//5487 7030//5487
f 7064//5488 7065//5488 7030//5488
f 7030//5488 7065//5488 7031//5488
f 7065//5489 7066//5489 7031//5489
f 7031//5489 7066//5489 7032//5489
f 7066//5490 7067//5490 7032//5490
f 7032//5490 7067//5490 7033//5490
f 7067//5491 7068//5491 7033//5491
f 7033//5491 7068//5491 7034//5491
f 7068//5492 7069//5492 7034//5492
f 7034//5492 7069//5492 7035//5492
f 7069//5493 7070//5493 7035//5493
f 7035//5493 7070//5493 7036//5493
f 7070//5494 7071//5494 7036//5494
f 7036//5494 7071//5494 7037//5494
f 7071//5495 7072//5495 7037//5495
f 7037//5495 7072//5495 7038//5495
f 7072//5496 7073//5496 7038//5496
f 7038//5496 7073//5496 7039//5496
f 7073//5437 7074//5437 7039//5437
f 7039//5437 7074//5437 7040//5437
f 7074//5497 7075//5497 7040//5497
f 7040//5497 7075//5497 7041//5497
f 7075//5498 7076//5498 7041//5498
f 7041//5498 7076//5498 6970//5498
f 7076//5499 7077//5499 6970//5499
f 6970//5499 7077//5499 6971//5499
f 7077//5500 7078//5500 6971//5500
f 6971//5500 7078//5500 6972//5500
f 7078//5501 7079//5501 6972//5501
f 6972//5501 7079//5501 6973//5501
f 7079//5502 7080//5502 6973//5502
f 6973//5502 7080//5502 6974//5502
f 7080//5444 7081//5444 6974//5444
f 6974//5444 7081//5444 6975//5444
f 7081//5503 7082//5503 6975//5503
f 6975//5503 7082//5503 6976//5503
f 7082//5504 7083//5504 6976//5504
f 6976//5504 7083//5504 6977//5504
f 7083//5505 7084//5505 6977//5505
f 6977//5505 7084//5505 6978//5505
f 7084//5506 7085//5506 6978//5506
f 6978//5506 7085//5506 6979//5506
f 7085//5507 7086//5507 6979//5507
f 6979//5507 7086//5507 6980//5507
f 7086//5508 7087//5508 6980//5508
f 6980//5508 7087//5508 6981//5508
f 7087//5509 7088//5509 6981//5509
f 6981//5509 7088//5509 6982//5509
f 7088//5510 7089//5510 6982//5510
f 6982//5510 7089//5510 6983//5510
f 7089//5511 7090//5511 6983//5511
f 6983//5511 7090//5511 6984//5511
f 7090//5512 7091//5512 6984//5512
f 6984//5512 7091//5512 6985//5512
f 7091//5513 7092//5513 6985//5513
f 6985//5513 7092//5513 6986//5513
f 7092//5514 7093//5514 6986//5514
f 6986//5514 7093//5514 6987//5514
f 7093//5515 7094//5515 6987//5515
f 6987//5515 7094//5515 6988//5515
f 7094//5516 7095//5516 6988//5516
f 6988//5517 7095//5517 6989//5517
f 7095//5518 7096//5518 6989//5518
f 6989//5519 7096//5519 6990//5519
f 7096//5520 7097//5520 6990//5520
f 6990//5520 7097//5520 6991//5520
f 7097//5521 7098//5521 6991//5521
f 6991//5521 7098//5521 6992//5521
f 7098//5522 7099//5522 6992//5522
f 6992//5522 7099//5522 6993//5522
f 7099//5523 7100//5523 6993//5523
f 6993//5523 7100//5523 6994//5523
f 7100//5524 7101//5524 6994//5524
f 6994//5524 7101//5524 6995//5524
f 7101//5525 7102//5525 6995//5525
f 6995//5525 7102//5525 6996//5525
f 7102//5526 7103//5526 6996//5526
f 6996//5526 7103//5526 6997//5526
f 7103//5527 7104//5527 6997//5527
f 6997//5527 7104//5527 6998//5527
f 7104//5528 7105//5528 6998//5528
f 6998//5528 7105//5528 6999//5528
f 7105//5529 7106//5529 6999//5529
f 6999//5529 7106//5529 7000//5529
f 7106//5530 7107//5530 7000//5530
f 7000//5530 7107//5530 7001//5530
f 7107//5531 7108//5531 7001//5531
f 7001//5531 7108//5531 7002//5531
f 7108//5532 7109//5532 7002//5532
f 7002//5532 7109//5532 7003//5532
f 7109//5403 7110//5403 7003//5403
f 7003//5403 7110//5403 7004//5403
f 7110//5533 7111//5533 7004//5533
f 7004//5533 7111//5533 7005//5533
f 7111//5534 7112//5534 7005//5534
f 7005//5534 7112//5534 7006//5534
f 7112//5535 7113//5535 7006//5535
f 7006//5535 7113//5535 7007//5535
f 7113//5464 7042//5464 7007//5464
f 7076//176 7114//176 7077//176
f 7114//176 7115//176 7077//176
f 7077//176 7115//176 7078//176
f 7115//176 7116//176 7078//176
f 7078//176 7116//176 7079//176
f 7116//176 7117//176 7079//176
f 7079//176 7117//176 7080//176
f 7117//176 7118//176 7080//176
f 7080//176 7118//176 7081//176
f 7118//176 7119//176 7081//176
f 7081//176 7119//176 7082//176
f 7119//176 7120//176 7082//176
f 7082//176 7120//176 7083//176
f 7120//176 7121//176 7083//176
f 7083//176 7121//176 7084//176
f 7121//176 7122//176 7084//176
f 7084//176 7122//176 7085//176
f 7122//176 7123//176 7085//176
f 7085//176 7123//176 7086//176
f 7123//176 7124//176 7086//176
f 7086//176 7124//176 7087//176
f 7124//176 7125//176 7087//176
f 7087//176 7125//176 7088//176
f 7125//176 7126//176 7088//176
f 7088//176 7126//176 7089//176
f 7126//176 7127//176 7089//176
f 7089//176 7127//176 7090//176
f 7127//176 7128//176 7090//176
f 7090//176 7128//176 7091//176
f 7128//176 7129//176 7091//176
f 7091//176 7129//176 7092//176
f 7129//176 7130//176 7092//176
f 7092//176 7130//176 7093//176
f 7130//176 7131//176 7093//176
f 7093//176 7131//176 7094//176
f 7131//176 7132//176 7094//176
f 7094//176 7132//176 7095//176
f 7132//176 7133//176 7095//176
f 7095//176 7133//176 7096//176
f 7133//176 7134//176 7096//176
f 7096//176 7134//176 7097//176
f 7134//176 7135//176 7097//176
f 7097//176 7135//176 7098//176
f 7135//176 7136//176 7098//176
f 7098//176 7136//176 7099//176
f 7136//176 7137//176 7099//176
f 7099//176 7137//176 7100//176
f 7137//176 7138//176 7100//176
f 7100//176 7138//176 7101//176
f 7138//176 7139//176 7101//176
f 7101//176 7139//176 7102//176
f 7139//176 7140//176 7102//176
f 7102//176 7140//176 7103//176
f 7140//176 7141//176 7103//176
f 7103//176 7141//176 7104//176
f 7141//176 7142//176 7104//176
f 7104//176 7142//176 7105//176
f 7142//176 7143//176 7105//176
f 7105//176 7143//176 7106//176
f 7143//176 7144//176 7106//176
f 7106//176 7144//176 7107//176
f 7144//176 7145//176 7107//176
f 7107//176 7145//176 7108//176
f 7145//176 7146//176 7108//176
f 7108//176 7146//176 7109//176
f 7146//176 7147//176 7109//176
f 7109//176 7147//176 7110//176
f 7147//176 7148//176 7110//176
f 7110//176 7148//176 7111//176
f 7148//176 7149//176 7111//176
f 7111//176 7149//176 7112//176
f 7149//176 7150//176 7112//176
f 7112//176 7150//176 7113//176
f 7150//176 7151//176 7113//176
f 7113//176 7151//176 7042//176
f 7151//176 7152//176 7042//176
f 7042//176 7152//176 7043//176
f 7152//176 7153//176 7043//176
f 7043//176 7153//176 7044//176
f 7153//176 7154//176 7044//176
f 7044//176 7154//176 7045//176
f 7154//176 7155//176 7045//176
f 7045//176 7155//176 7046//176
f 7155//176 7156//176 7046//176
f 7046//176 7156//176 7047//176
f 7156//176 7157//176 7047//176
f 7047//176 7157//176 7048//176
f 7157//176 7158//176 7048//176
f 7048//176 7158//176 7049//176
f 7158//176 7159//176 7049//176
f 7049//176 7159//176 7050//176
f 7159//176 7160//176 7050//176
f 7050//176 7160//176 7051//176
f 7160//176 7161//176 7051//176
f 7051//176 7161//176 7052//176
f 7161//176 7162//176 7052//176
f 7052//176 7162//176 7053//176
f 7162//176 7163//176 7053//176
f 7053//176 7163//176 7054//176
f 7163//176 7164//176 7054//176
f 7054//176 7164//176 7055//176
f 7164//176 7165//176 7055//176
f 7055//176 7165//176 7056//176
f 7165//176 7166//176 7056//176
f 7056//176 7166//176 7057//176
f 7166//176 7167//176 7057//176
f 7057//176 7167//176 7058//176
f 7167//176 7168//176 7058//176
f 7058//176 7168//176 7059//176
f 7168//176 7169//176 7059//176
f 7059//176 7169//176 7060//176
f 7169//176 7170//176 7060//176
f 7060//176 7170//176 7061//176
f 7170//176 7171//176 7061//176
f 7061//176 7171//176 7062//176
f 7171//176 7172//176 7062//176
f 7062//176 7172//176 7063//176
f 7172//176 7173//176 7063//176
f 7063//176 7173//176 7064//176
f 7173//176 7174//176 7064//176
f 7064//176 7174//176 7065//176
f 7174//176 7175//176 7065//176
f 7065//176 7175//176 7066//176
f 7175//176 7176//176 7066//176
f 7066//176 7176//176 7067//176
f 7176//176 7177//176 7067//176
f 7067//176 7177//176 7068//176
f 7177//176 7178//176 7068//176
f 7068//176 7178//176 7069//176
f 7178//176 7179//176 7069//176
f 7069//176 7179//176 7070//176
f 7179//176 7180//176 7070//176
f 7070//176 7180//176 7071//176
f 7180//176 7181//176 7071//176
f 7071//176 7181//176 7072//176
f 7181//176 7182//176 7072//176
f 7072//176 7182//176 7073//176
f 7182//176 7183//176 7073//176
f 7073//176 7183//176 7074//176
f 7183//176 7184//176 7074//176
f 7074//176 7184//176 7075//176
f 7184//176 7185//176 7075//176
f 7075//176 7185//176 7076//176
f 7185//176 7114//176 7076//176
f 7151//5536 7186//5536 7152//5536
f 7186//5537 7187//5537 7152//5537
f 7152//5537 7187//5537 7153//5537
f 7187//5538 7188//5538 7153//5538
f 7153//5538 7188//5538 7154//5538
f 7188//5410 7189//5410 7154//5410
f 7154//5410 7189//5410 7155//5410
f 7189//5539 7190//5539 7155//5539
f 7155//5539 7190//5539 7156//5539
f 7190//5540 7191//5540 7156//5540
f 7156//5540 7191//5540 7157//5540
f 7191//5541 7192//5541 7157//5541
f 7157//5541 7192//5541 7158//5541
f 7192//5542 7193//5542 7158//5542
f 7158//5542 7193//5542 7159//5542
f 7193//5543 7194//5543 7159//5543
f 7159//5543 7194//5543 7160//5543
f 7194//5544 7195//5544 7160//5544
f 7160//5544 7195//5544 7161//5544
f 7195//5545 7196//5545 7161//5545
f 7161//5545 7196//5545 7162//5545
f 7196//5546 7197//5546 7162//5546
f 7162//5546 7197//5546 7163//5546
f 7197//5547 7198//5547 7163//5547
f 7163//5547 7198//5547 7164//5547
f 7198//5548 7199//5548 7164//5548
f 7164//5548 7199//5548 7165//5548
f 7199//5549 7200//5549 7165//5549
f 7165//5549 7200//5549 7166//5549
f 7200//5550 7201//5550 7166//5550
f 7166//5550 7201//5550 7167//5550
f 7201//5551 7202//5551 7167//5551
f 7167//5551 7202//5551 7168//5551
f 7202//5552 7203//5552 7168//5552
f 7168//5553 7203//5553 7169//5553
f 7203//5554 7204//5554 7169//5554
f 7169//5555 7204//5555 7170//5555
f 7204//5556 7205//5556 7170//5556
f 7170//5556 7205//5556 7171//5556
f 7205//5557 7206//5557 7171//5557
f 7171//5557 7206//5557 7172//5557
f 7206//5558 7207//5558 7172//5558
f 7172//5558 7207//5558 7173//5558
f 7207//5559 7208//5559 7173//5559
f 7173//5559 7208//5559 7174//5559
f 7208//5560 7209//5560 7174//5560
f 7174//5560 7209//5560 7175//5560
f 7209//5561 7210//5561 7175//5561
f 7175//5561 7210//5561 7176//5561
f 7210//5562 7211//5562 7176//5562
f 7176//5562 7211//5562 7177//5562
f 7211//5563 7212//5563 7177//5563
f 7177//5563 7212//5563 7178//5563
f 7212//5564 7213//5564 7178//5564
f 7178//5564 7213//5564 7179//5564
f 7213//5565 7214//5565 7179//5565
f 7179//5565 7214//5565 7180//5565
f 7214//5566 7215//5566 7180//5566
f 7180//5566 7215//5566 7181//5566
f 7215//5567 7216//5567 7181//5567
f 7181//5567 7216//5567 7182//5567
f 7216//5568 7217//5568 7182//5568
f 7182//5568 7217//5568 7183//5568
f 7217//5437 7218//5437 7183//5437
f 7183//5437 7218//5437 7184//5437
f 7218//5569 7219//5569 7184//5569
f 7184//5569 7219//5569 7185//5569
f 7219//5570 7220//5570 7185//5570
f 7185//5570 7220//5570 7114//5570
f 7220//5571 7221//5571 7114//5571
f 7114//5571 7221//5571 7115//5571
f 7221//5572 7222//5572 7115//5572
f 7115//5572 7222//5572 7116//5572
f 7222//5573 7223//5573 7116//5573
f 7116//5573 7223//5573 7117//5573
f 7223//5574 7224//5574 7117//5574
f 7117//5574 7224//5574 7118//5574
f 7224//5444 7225//5444 7118//5444
f 7118//5444 7225//5444 7119//5444
f 7225//5575 7226//5575 7119//5575
f 7119//5575 7226//5575 7120//5575
f 7226//5576 7227//5576 7120//5576
f 7120//5576 7227//5576 7121//5576
f 7227//5577 7228//5577 7121//5577
f 7121//5577 7228//5577 7122//5577
f 7228//5578 7229//5578 7122//5578
f 7122//5578 7229//5578 7123//5578
f 7229//5579 7230//5579 7123//5579
f 7123//5579 7230//5579 7124//5579
f 7230//5580 7231//5580 7124//5580
f 7124//5580 7231//5580 7125//5580
f 7231//5343 7232//5343 7125//5343
f 7125//5343 7232//5343 7126//5343
f 7232//5581 7233//5581 7126//5581
f 7126//5581 7233//5581 7127//5581
f 7233//5582 7234//5582 7127//5582
f 7127//5582 7234//5582 7128//5582
f 7234//5583 7235//5583 7128//5583
f 7128//5583 7235//5583 7129//5583
f 7235//5584 7236//5584 7129//5584
f 7129//5584 7236//5584 7130//5584
f 7236//5585 7237//5585 7130//5585
f 7130//5585 7237//5585 7131//5585
f 7237//5586 7238//5586 7131//5586
f 7131//5586 7238//5586 7132//5586
f 7238//5587 7239//5587 7132//5587
f 7132//5588 7239//5588 7133//5588
f 7239//5589 7240//5589 7133//5589
f 7133//5590 7240//5590 7134//5590
f 7240//5591 7241//5591 7134//5591
f 7134//5591 7241//5591 7135//5591
f 7241//5592 7242//5592 7135//5592
f 7135//5592 7242//5592 7136//5592
f 7242//5593 7243//5593 7136//5593
f 7136//5593 7243//5593 7137//5593
f 7243//5594 7244//5594 7137//5594
f 7137//5594 7244//5594 7138//5594
f 7244//5595 7245//5595 7138//5595
f 7138//5595 7245//5595 7139//5595
f 7245//5596 7246//5596 7139//5596
f 7139//5596 7246//5596 7140//5596
f 7246//5360 7247//5360 7140//5360
f 7140//5360 7247//5360 7141//5360
f 7247//5597 7248//5597 7141//5597
f 7141//5597 7248//5597 7142//5597
f 7248//5598 7249//5598 7142//5598
f 7142//5598 7249//5598 7143//5598
f 7249//5599 7250//5599 7143//5599
f 7143//5599 7250//5599 7144//5599
f 7250//5600 7251//5600 7144//5600
f 7144//5600 7251//5600 7145//5600
f 7251//5601 7252//5601 7145//5601
f 7145//5601 7252//5601 7146//5601
f 7252//5602 7253//5602 7146//5602
f 7146//5602 7253//5602 7147//5602
f 7253//5403 7254//5403 7147//5403
f 7147//5403 7254//5403 7148//5403
f 7254//5603 7255//5603 7148//5603
f 7148//5603 7255//5603 7149//5603
f 7255//5604 7256//5604 7149//5604
f 7149//5604 7256//5604 7150//5604
f 7256//5605 7257//5605 7150//5605
f 7150//5605 7257//5605 7151//5605
f 7257//5536 7186//5536 7151//5536
f 7258//129 7194//129 7259//129
f 7194//129 7193//129 7259//129
f 7259//129 7193//129 7260//129
f 7193//129 7192//129 7260//129
f 7260//129 7192//129 7261//129
f 7192//129 7191//129 7261//129
f 7261//129 7191//129 7262//129
f 7191//129 7190//129 7262//129
f 7262//129 7190//129 7263//129
f 7190//129 7189//129 7263//129
f 7263//129 7189//129 7264//129
f 7189//129 7188//129 7264//129
f 7264//129 7188//129 7265//129
f 7188//129 7187//129 7265//129
f 7265//129 7187//129 7266//129
f 7187//129 7186//129 7266//129
f 7266//129 7186//129 7267//129
f 7186//129 7257//129 7267//129
f 7267//129 7257//129 7268//129
f 7257//129 7256//129 7268//129
f 7268//129 7256//129 7269//129
f 7256//129 7255//129 7269//129
f 7269//129 7255//129 7270//129
f 7255//129 7254//129 7270//129
f 7270//129 7254//129 7271//129
f 7254//129 7253//129 7271//129
f 7271//129 7253//129 7272//129
f 7253//129 7252//129 7272//129
f 7272//129 7252//129 7273//129
f 7252//129 7251//129 7273//129
f 7273//129 7251//129 7274//129
f 7251//129 7250//129 7274//129
f 7274//129 7250//129 7275//129
f 7250//129 7249//129 7275//129
f 7275//129 7249//129 7276//129
f 7249//129 7248//129 7276//129
f 7276//129 7248//129 7277//129
f 7248//129 7247//129 7277//129
f 7277//129 7247//129 7278//129
f 7247//129 7246//129 7278//129
f 7278//129 7246//129 7279//129
f 7246//129 7245//129 7279//129
f 7279//129 7245//129 7280//129
f 7245//129 7244//129 7280//129
f 7280//129 7244//129 7281//129
f 7244//129 7243//129 7281//129
f 7281//129 7243//129 7282//129
f 7243//129 7242//129 7282//129
f 7282//129 7242//129 7283//129
f 7242//129 7241//129 7283//129
f 7283//129 7241//129 7284//129
f 7241//129 7240//129 7284//129
f 7284//129 7240//129 7285//129
f 7240//129 7239//129 7285//129
f 7285//129 7239//129 7286//129
f 7239//129 7238//129 7286//129
f 7286//129 7238//129 7287//129
f 7238//129 7237//129 7287//129
f 7287//129 7237//129 7288//129
f 7237//129 7236//129 7288//129
f 7288//129 7236//129 7289//129
f 7236//129 7235//129 7289//129
f 7289//129 7235//129 7290//129
f 7235//129 7234//129 7290//129
f 7290//129 7234//129 7291//129
f 7234//129 7233//129 7291//129
f 7291//129 7233//129 7292//129
f 7233//129 7232//129 7292//129
f 7292//129 7232//129 7293//129
f 7232//129 7231//129 7293//129
f 7293//129 7231//129 7294//129
f 7231//129 7230//129 7294//129
f 7294//129 7230//129 7295//129
f 7230//129 7229//129 7295//129
f 7295//129 7229//129 7296//129
f 7229//129 7228//129 7296//129
f 7296//129 7228//129 7297//129
f 7228//129 7227//129 7297//129
f 7297//129 7227//129 7298//129
f 7227//129 7226//129 7298//129
f 7298//129 7226//129 7299//129
f 7226//129 7225//129 7299//129
f 7299//129 7225//129 7300//129
f 7225//129 7224//129 7300//129
f 7300//129 7224//129 7301//129
f 7224//129 7223//129 7301//129
f 7301//129 7223//129 7302//129
f 7223//129 7222//129 7302//129
f 7302//129 7222//129 7303//129
f 7222//129 7221//129 7303//129
f 7303//129 7221//129 7304//129
f 7221//129 7220//129 7304//129
f 7304//129 7220//129 7305//129
f 7220//129 7219//129 7305//129
f 7305//129 7219//129 7306//129
f 7219//129 7218//129 7306//129
f 7306//129 7218//129 7307//129
f 7218//129 7217//129 7307//129
f 7307//129 7217//129 7308//129
f 7217//129 7216//129 7308//129
f 7308//129 7216//129 7309//129
f 7216//129 7215//129 7309//129
f 7309//129 7215//129 7310//129
f 7215//129 7214//129 7310//129
f 7310//129 7214//129 7311//129
f 7214//129 7213//129 7311//129
f 7311//129 7213//129 7312//129
f 7213//129 7212//129 7312//129
f 7312//129 7212//129 7313//129
f 7212//129 7211//129 7313//129
f 7313//129 7211//129 7314//129
f 7211//129 7210//129 7314//129
f 7314//129 7210//129 7315//129
f 7210//129 7209//129 7315//129
f 7315//129 7209//129 7316//129
f 7209//129 7208//129 7316//129
f 7316//129 7208//129 7317//129
f 7208//129 7207//129 7317//129
f 7317//129 7207//129 7318//129
f 7207//129 7206//129 7318//129
f 7318//129 7206//129 7319//129
f 7206//129 7205//129 7319//129
f 7319//129 7205//129 7320//129
f 7205//129 7204//129 7320//129
f 7320//129 7204//129 7321//129
f 7204//129 7203//129 7321//129
f 7321//129 7203//129 7322//129
f 7203//129 7202//129 7322//129
f 7322//129 7202//129 7323//129
f 7202//129 7201//129 7323//129
f 7323//129 7201//129 7324//129
f 7201//129 7200//129 7324//129
f 7324//129 7200//129 7325//129
f 7200//129 7199//129 7325//129
f 7325//129 7199//129 7326//129
f 7199//129 7198//129 7326//129
f 7326//129 7198//129 7327//129
f 7198//129 7197//129 7327//129
f 7327//129 7197//129 7328//129
f 7197//129 7196//129 7328//129
f 7328//129 7196//129 7329//129
f 7196//129 7195//129 7329//129
f 7329//129 7195//129 7258//129
f 7195//129 7194//129 7258//129
f 7330//5464 7331//5464 7332//5464
f 7331//5465 7333//5465 7332//5465
f 7332//5465 7333//5465 7334//5465
f 7333//5466 7335//5466 7334//5466
f 7334//5466 7335//5466 7336//5466
f 7335//5410 7337//5410 7336//5410
f 7336//5410 7337//5410 7338//5410
f 7337//5467 7339//5467 7338//5467
f 7338//5467 7339//5467 7340//5467
f 7339//5468 7341//5468 7340//5468
f 7340//5468 7341//5468 7342//5468
f 7341//5469 7343//5469 7342//5469
f 7342//5469 7343//5469 7344//5469
f 7343//5470 7345//5470 7344//5470
f 7344//5470 7345//5470 7346//5470
f 7345//5471 7347//5471 7346//5471
f 7346//5471 7347//5471 7348//5471
f 7347//5472 7349//5472 7348//5472
f 7348//5472 7349//5472 7350//5472
f 7349//5473 7351//5473 7350//5473
f 7350//5473 7351//5473 7352//5473
f 7351//5474 7353//5474 7352//5474
f 7352//5474 7353//5474 7354//5474
f 7353//5475 7355//5475 7354//5475
f 7354//5475 7355//5475 7356//5475
f 7355//5476 7357//5476 7356//5476
f 7356//5476 7357//5476 7358//5476
f 7357//5477 7359//5477 7358//5477
f 7358//5477 7359//5477 7360//5477
f 7359//5478 7361//5478 7360//5478
f 7360//5478 7361//5478 7362//5478
f 7361//5479 7363//5479 7362//5479
f 7362//5479 7363//5479 7364//5479
f 7363//5480 7365//5480 7364//5480
f 7364//5606 7365//5606 7366//5606
f 7365//5607 7367//5607 7366//5607
f 7366//5483 7367//5483 7368//5483
f 7367//5484 7369//5484 7368//5484
f 7368//5484 7369//5484 7370//5484
f 7369//5485 7371//5485 7370//5485
f 7370//5485 7371//5485 7372//5485
f 7371//5486 7373//5486 7372//5486
f 7372//5486 7373//5486 7374//5486
f 7373//5487 7375//5487 7374//5487
f 7374//5487 7375//5487 7376//5487
f 7375//5488 7377//5488 7376//5488
f 7376//5488 7377//5488 7378//5488
f 7377//5489 7379//5489 7378//5489
f 7378//5489 7379//5489 7380//5489
f 7379//5490 7381//5490 7380//5490
f 7380//5490 7381//5490 7382//5490
f 7381//5491 7383//5491 7382//5491
f 7382//5491 7383//5491 7384//5491
f 7383//5492 7385//5492 7384//5492
f 7384//5492 7385//5492 7386//5492
f 7385//5493 7387//5493 7386//5493
f 7386//5493 7387//5493 7388//5493
f 7387//5494 7389//5494 7388//5494
f 7388//5494 7389//5494 7390//5494
f 7389//5495 7391//5495 7390//5495
f 7390//5495 7391//5495 7392//5495
f 7391//5496 7393//5496 7392//5496
f 7392//5496 7393//5496 7394//5496
f 7393//5437 7395//5437 7394//5437
f 7394//5437 7395//5437 7396//5437
f 7395//5497 7397//5497 7396//5497
f 7396//5497 7397//5497 7398//5497
f 7397//5498 7399//5498 7398//5498
f 7398//5498 7399//5498 7400//5498
f 7399//5499 7401//5499 7400//5499
f 7400//5499 7401//5499 7402//5499
f 7401//5500 7403//5500 7402//5500
f 7402//5500 7403//5500 7404//5500
f 7403//5501 7405//5501 7404//5501
f 7404//5501 7405//5501 7406//5501
f 7405//5502 7407//5502 7406//5502
f 7406//5502 7407//5502 7408//5502
f 7407//5444 7409//5444 7408//5444
f 7408//5444 7409//5444 7410//5444
f 7409//5503 7411//5503 7410//5503
f 7410//5503 7411//5503 7412//5503
f 7411//5504 7413//5504 7412//5504
f 7412//5504 7413//5504 7414//5504
f 7413//5505 7415//5505 7414//5505
f 7414//5505 7415//5505 7416//5505
f 7415//5506 7417//5506 7416//5506
f 7416//5506 7417//5506 7418//5506
f 7417//5507 7419//5507 7418//5507
f 7418//5507 7419//5507 7420//5507
f 7419//5508 7421//5508 7420//5508
f 7420//5508 7421//5508 7422//5508
f 7421//5509 7423//5509 7422//5509
f 7422//5509 7423//5509 7424//5509
f 7423//5510 7425//5510 7424//5510
f 7424//5510 7425//5510 7426//5510
f 7425//5511 7427//5511 7426//5511
f 7426//5511 7427//5511 7428//5511
f 7427//5512 7429//5512 7428//5512
f 7428//5512 7429//5512 7430//5512
f 7429//5513 7431//5513 7430//5513
f 7430//5513 7431//5513 7432//5513
f 7431//5514 7433//5514 7432//5514
f 7432//5514 7433//5514 7434//5514
f 7433//5515 7435//5515 7434//5515
f 7434//5515 7435//5515 7436//5515
f 7435//5516 7437//5516 7436//5516
f 7436//5608 7437//5608 7438//5608
f 7437//5609 7439//5609 7438//5609
f 7438//5519 7439//5519 7440//5519
f 7439//5520 7441//5520 7440//5520
f 7440//5520 7441//5520 7442//5520
f 7441//5521 7443//5521 7442//5521
f 7442//5521 7443//5521 7444//5521
f 7443//5522 7445//5522 7444//5522
f 7444//5522 7445//5522 7446//5522
f 7445//5523 7447//5523 7446//5523
f 7446//5523 7447//5523 7448//5523
f 7447//5524 7449//5524 7448//5524
f 7448//5524 7449//5524 7450//5524
f 7449//5525 7451//5525 7450//5525
f 7450//5525 7451//5525 7452//5525
f 7451//5526 7453//5526 7452//5526
f 7452//5526 7453//5526 7454//5526
f 7453//5527 7455//5527 7454//5527
f 7454//5527 7455//5527 7456//5527
f 7455//5528 7457//5528 7456//5528
f 7456//5528 7457//5528 7458//5528
f 7457//5529 7459//5529 7458//5529
f 7458//5529 7459//5529 7460//5529
f 7459//5530 7461//5530 7460//5530
f 7460//5530 7461//5530 7462//5530
f 7461//5531 7463//5531 7462//5531
f 7462//5531 7463//5531 7464//5531
f 7463//5532 7465//5532 7464//5532
f 7464//5532 7465//5532 7466//5532
f 7465//5403 7467//5403 7466//5403
f 7466//5403 7467//5403 7468//5403
f 7467//5533 7469//5533 7468//5533
f 7468//5533 7469//5533 7470//5533
f 7469//5534 7471//5534 7470//5534
f 7470//5534 7471//5534 7472//5534
f 7471//5535 7473//5535 7472//5535
f 7472//5535 7473//5535 7330//5535
f 7473//5464 7331//5464 7330//5464
f 7333//129 7331//129 7474//129
f 7331//129 7473//129 7474//129
f 7474//129 7473//129 7471//129
f 7339//129 7337//129 7474//129
f 7337//129 7335//129 7474//129
f 7474//129 7335//129 7333//129
f 7345//129 7343//129 7474//129
f 7343//129 7341//129 7474//129
f 7474//129 7341//129 7339//129
f 7351//129 7349//129 7474//129
f 7349//129 7347//129 7474//129
f 7474//129 7347//129 7345//129
f 7357//129 7355//129 7474//129
f 7355//129 7353//129 7474//129
f 7474//129 7353//129 7351//129
f 7363//129 7361//129 7474//129
f 7361//129 7359//129 7474//129
f 7474//129 7359//129 7357//129
f 7369//129 7367//129 7474//129
f 7367//129 7365//129 7474//129
f 7474//129 7365//129 7363//129
f 7375//129 7373//129 7474//129
f 7373//129 7371//129 7474//129
f 7474//129 7371//129 7369//129
f 7381//129 7379//129 7474//129
f 7379//129 7377//129 7474//129
f 7474//129 7377//129 7375//129
f 7387//129 7385//129 7474//129
f 7385//129 7383//129 7474//129
f 7474//129 7383//129 7381//129
f 7393//129 7391//129 7474//129
f 7391//129 7389//129 7474//129
f 7474//129 7389//129 7387//129
f 7399//129 7397//129 7474//129
f 7397//129 7395//129 7474//129
f 7474//129 7395//129 7393//129
f 7405//129 7403//129 7474//129
f 7403//129 7401//129 7474//129
f 7474//129 7401//129 7399//129
f 7411//129 7409//129 7474//129
f 7409//129 7407//129 7474//129
f 7474//129 7407//129 7405//129
f 7417//129 7415//129 7474//129
f 7415//129 7413//129 7474//129
f 7474//129 7413//129 7411//129
f 7423//129 7421//129 7474//129
f 7421//129 7419//129 7474//129
f 7474//129 7419//129 7417//129
f 7429//129 7427//129 7474//129
f 7427//129 7425//129 7474//129
f 7474//129 7425//129 7423//129
f 7435//129 7433//129 7474//129
f 7433//129 7431//129 7474//129
f 7474//129 7431//129 7429//129
f 7441//129 7439//129 7474//129
f 7439//129 7437//129 7474//129
f 7474//129 7437//129 7435//129
f 7447//129 7445//129 7474//129
f 7445//129 7443//129 7474//129
f 7474//129 7443//129 7441//129
f 7453//129 7451//129 7474//129
f 7451//129 7449//129 7474//129
f 7474//129 7449//129 7447//129
f 7459//129 7457//129 7474//129
f 7457//129 7455//129 7474//129
f 7474//129 7455//129 7453//129
f 7465//129 7463//129 7474//129
f 7463//129 7461//129 7474//129
f 7474//129 7461//129 7459//129
f 7471//129 7469//129 7474//129
f 7469//129 7467//129 7474//129
f 7474//129 7467//129 7465//129
f 7475//176 7402//176 7476//176
f 7402//176 7404//176 7476//176
f 7476//176 7404//176 7477//176
f 7404//176 7406//176 7477//176
f 7477//176 7406//176 7478//176
f 7406//176 7408//176 7478//176
f 7478//176 7408//176 7479//176
f 7408//176 7410//176 7479//176
f 7479//176 7410//176 7480//176
f 7410//176 7412//176 7480//176
f 7480//176 7412//176 7481//176
f 7412//176 7414//176 7481//176
f 7481//176 7414//176 7482//176
f 7414//176 7416//176 7482//176
f 7482//176 7416//176 7483//176
f 7416//176 7418//176 7483//176
f 7483//176 7418//176 7484//176
f 7418//176 7420//176 7484//176
f 7484//176 7420//176 7485//176
f 7420//176 7422//176 7485//176
f 7485//176 7422//176 7486//176
f 7422//176 7424//176 7486//176
f 7486//176 7424//176 7487//176
f 7424//176 7426//176 7487//176
f 7487//176 7426//176 7488//176
f 7426//176 7428//176 7488//176
f 7488//176 7428//176 7489//176
f 7428//176 7430//176 7489//176
f 7489//176 7430//176 7490//176
f 7430//176 7432//176 7490//176
f 7490//176 7432//176 7491//176
f 7432//176 7434//176 7491//176
f 7491//176 7434//176 7492//176
f 7434//176 7436//176 7492//176
f 7492//176 7436//176 7493//176
f 7436//176 7438//176 7493//176
f 7493//176 7438//176 7494//176
f 7438//176 7440//176 7494//176
f 7494//176 7440//176 7495//176
f 7440//176 7442//176 7495//176
f 7495//176 7442//176 7496//176
f 7442//176 7444//176 7496//176
f 7496//176 7444//176 7497//176
f 7444//176 7446//176 7497//176
f 7497//176 7446//176 7498//176
f 7446//176 7448//176 7498//176
f 7498//176 7448//176 7499//176
f 7448//176 7450//176 7499//176
f 7499//176 7450//176 7500//176
f 7450//176 7452//176 7500//176
f 7500//176 7452//176 7501//176
f 7452//176 7454//176 7501//176
f 7501//176 7454//176 7502//176
f 7454//176 7456//176 7502//176
f 7502//176 7456//176 7503//176
f 7456//176 7458//176 7503//176
f 7503//176 7458//176 7504//176
f 7458//176 7460//176 7504//176
f 7504//176 7460//176 7505//176
f 7460//176 7462//176 7505//176
f 7505//176 7462//176 7506//176
f 7462//176 7464//176 7506//176
f 7506//176 7464//176 7507//176
f 7464//176 7466//176 7507//176
f 7507//176 7466//176 7508//176
f 7466//176 7468//176 7508//176
f 7508//176 7468//176 7509//176
f 7468//176 7470//176 7509//176
f 7509//176 7470//176 7510//176
f 7470//176 7472//176 7510//176
f 7510//176 7472//176 7511//176
f 7472//176 7330//176 7511//176
f 7511//176 7330//176 7512//176
f 7330//176 7332//176 7512//176
f 7512//176 7332//176 7513//176
f 7332//176 7334//176 7513//176
f 7513//176 7334//176 7514//176
f 7334//176 7336//176 7514//176
f 7514//176 7336//176 7515//176
f 7336//176 7338//176 7515//176
f 7515//176 7338//176 7516//176
f 7338//176 7340//176 7516//176
f 7516//176 7340//176 7517//176
f 7340//176 7342//176 7517//176
f 7517//176 7342//176 7518//176
f 7342//176 7344//176 7518//176
f 7518//176 7344//176 7519//176
f 7344//176 7346//176 7519//176
f 7519//176 7346//176 7520//176
f 7346//176 7348//176 7520//176
f 7520//176 7348//176 7521//176
f 7348//176 7350//176 7521//176
f 7521//176 7350//176 7522//176
f 7350//176 7352//176 7522//176
f 7522//176 7352//176 7523//176
f 7352//176 7354//176 7523//176
f 7523//176 7354//176 7524//176
f 7354//176 7356//176 7524//176
f 7524//176 7356//176 7525//176
f 7356//176 7358//176 7525//176
f 7525//176 7358//176 7526//176
f 7358//176 7360//176 7526//176
f 7526//176 7360//176 7527//176
f 7360//176 7362//176 7527//176
f 7527//176 7362//176 7528//176
f 7362//176 7364//176 7528//176
f 7528//176 7364//176 7529//176
f 7364//176 7366//176 7529//176
f 7529//176 7366//176 7530//176
f 7366//176 7368//176 7530//176
f 7530//176 7368//176 7531//176
f 7368//176 7370//176 7531//176
f 7531//176 7370//176 7532//176
f 7370//176 7372//176 7532//176
f 7532//176 7372//176 7533//176
f 7372//176 7374//176 7533//176
f 7533//176 7374//176 7534//176
f 7374//176 7376//176 7534//176
f 7534//176 7376//176 7535//176
f 7376//176 7378//176 7535//176
f 7535//176 7378//176 7536//176
f 7378//176 7380//176 7536//176
f 7536//176 7380//176 7537//176
f 7380//176 7382//176 7537//176
f 7537//176 7382//176 7538//176
f 7382//176 7384//176 7538//176
f 7538//176 7384//176 7539//176
f 7384//176 7386//176 7539//176
f 7539//176 7386//176 7540//176
f 7386//176 7388//176 7540//176
f 7540//176 7388//176 7541//176
f 7388//176 7390//176 7541//176
f 7541//176 7390//176 7542//176
f 7390//176 7392//176 7542//176
f 7542//176 7392//176 7543//176
f 7392//176 7394//176 7543//176
f 7543//176 7394//176 7544//176
f 7394//176 7396//176 7544//176
f 7544//176 7396//176 7545//176
f 7396//176 7398//176 7545//176
f 7545//176 7398//176 7546//176
f 7398//176 7400//176 7546//176
f 7546//176 7400//176 7475//176
f 7400//176 7402//176 7475//176
f 7547//5610 7512//5610 7548//5610
f 7512//5611 7513//5611 7548//5611
f 7548//5611 7513//5611 7549//5611
f 7513//5612 7514//5612 7549//5612
f 7549//5612 7514//5612 7550//5612
f 7514//5613 7515//5613 7550//5613
f 7550//5613 7515//5613 7551//5613
f 7515//5614 7516//5614 7551//5614
f 7551//5614 7516//5614 7552//5614
f 7516//5615 7517//5615 7552//5615
f 7552//5615 7517//5615 7553//5615
f 7517//5616 7518//5616 7553//5616
f 7553//5616 7518//5616 7554//5616
f 7518//5617 7519//5617 7554//5617
f 7554//5617 7519//5617 7555//5617
f 7519//5618 7520//5618 7555//5618
f 7555//5618 7520//5618 7556//5618
f 7520//5619 7521//5619 7556//5619
f 7556//5619 7521//5619 7557//5619
f 7521//5620 7522//5620 7557//5620
f 7557//5620 7522//5620 7558//5620
f 7522//5621 7523//5621 7558//5621
f 7558//5621 7523//5621 7559//5621
f 7523//5622 7524//5622 7559//5622
f 7559//5622 7524//5622 7560//5622
f 7524//5623 7525//5623 7560//5623
f 7560//5623 7525//5623 7561//5623
f 7525//5624 7526//5624 7561//5624
f 7561//5624 7526//5624 7562//5624
f 7526//5625 7527//5625 7562//5625
f 7562//5625 7527//5625 7563//5625
f 7527//5626 7528//5626 7563//5626
f 7563//5626 7528//5626 7564//5626
f 7528//5627 7529//5627 7564//5627
f 7564//5628 7529//5628 7565//5628
f 7529//5629 7530//5629 7565//5629
f 7565//5630 7530//5630 7566//5630
f 7530//5631 7531//5631 7566//5631
f 7566//5631 7531//5631 7567//5631
f 7531//5632 7532//5632 7567//5632
f 7567//5632 7532//5632 7568//5632
f 7532//5633 7533//5633 7568//5633
f 7568//5633 7533//5633 7569//5633
f 7533//5634 7534//5634 7569//5634
f 7569//5634 7534//5634 7570//5634
f 7534//5635 7535//5635 7570//5635
f 7570//5635 7535//5635 7571//5635
f 7535//5636 7536//5636 7571//5636
f 7571//5636 7536//5636 7572//5636
f 7536//5637 7537//5637 7572//5637
f 7572//5637 7537//5637 7573//5637
f 7537//5638 7538//5638 7573//5638
f 7573//5638 7538//5638 7574//5638
f 7538//5639 7539//5639 7574//5639
f 7574//5639 7539//5639 7575//5639
f 7539//5640 7540//5640 7575//5640
f 7575//5640 7540//5640 7576//5640
f 7540//5641 7541//5641 7576//5641
f 7576//5641 7541//5641 7577//5641
f 7541//5642 7542//5642 7577//5642
f 7577//5642 7542//5642 7578//5642
f 7542//5643 7543//5643 7578//5643
f 7578//5643 7543//5643 7579//5643
f 7543//5644 7544//5644 7579//5644
f 7579//5644 7544//5644 7580//5644
f 7544//5645 7545//5645 7580//5645
f 7580//5645 7545//5645 7581//5645
f 7545//5646 7546//5646 7581//5646
f 7581//5646 7546//5646 7582//5646
f 7546//5647 7475//5647 7582//5647
f 7582//5647 7475//5647 7583//5647
f 7475//5648 7476//5648 7583//5648
f 7583//5648 7476//5648 7584//5648
f 7476//5649 7477//5649 7584//5649
f 7584//5649 7477//5649 7585//5649
f 7477//5650 7478//5650 7585//5650
f 7585//5650 7478//5650 7586//5650
f 7478//5651 7479//5651 7586//5651
f 7586//5651 7479//5651 7587//5651
f 7479//5652 7480//5652 7587//5652
f 7587//5652 7480//5652 7588//5652
f 7480//5653 7481//5653 7588//5653
f 7588//5653 7481//5653 7589//5653
f 7481//5654 7482//5654 7589//5654
f 7589//5654 7482//5654 7590//5654
f 7482//5655 7483//5655 7590//5655
f 7590//5655 7483//5655 7591//5655
f 7483//5656 7484//5656 7591//5656
f 7591//5656 7484//5656 7592//5656
f 7484//5657 7485//5657 7592//5657
f 7592//5657 7485//5657 7593//5657
f 7485//5658 7486//5658 7593//5658
f 7593//5658 7486//5658 7594//5658
f 7486//5659 7487//5659 7594//5659
f 7594//5659 7487//5659 7595//5659
f 7487//5660 7488//5660 7595//5660
f 7595//5660 7488//5660 7596//5660
f 7488//5661 7489//5661 7596//5661
f 7596//5661 7489//5661 7597//5661
f 7489//5662 7490//5662 7597//5662
f 7597//5662 7490//5662 7598//5662
f 7490//5663 7491//5663 7598//5663
f 7598//5663 7491//5663 7599//5663
f 7491//5664 7492//5664 7599//5664
f 7599//5664 7492//5664 7600//5664
f 7492//5665 7493//5665 7600//5665
f 7600//5666 7493//5666 7601//5666
f 7493//5667 7494//5667 7601//5667
f 7601//5668 7494//5668 7602//5668
f 7494//5669 7495//5669 7602//5669
f 7602//5669 7495//5669 7603//5669
f 7495//5670 7496//5670 7603//5670
f 7603//5670 7496//5670 7604//5670
f 7496//5671 7497//5671 7604//5671
f 7604//5671 7497//5671 7605//5671
f 7497//5672 7498//5672 7605//5672
f 7605//5672 7498//5672 7606//5672
f 7498//5673 7499//5673 7606//5673
f 7606//5673 7499//5673 7607//5673
f 7499//5674 7500//5674 7607//5674
f 7607//5674 7500//5674 7608//5674
f 7500//5675 7501//5675 7608//5675
f 7608//5675 7501//5675 7609//5675
f 7501//5676 7502//5676 7609//5676
f 7609//5676 7502//5676 7610//5676
f 7502//5677 7503//5677 7610//5677
f 7610//5677 7503//5677 7611//5677
f 7503//5678 7504//5678 7611//5678
f 7611//5678 7504//5678 7612//5678
f 7504//5679 7505//5679 7612//5679
f 7612//5679 7505//5679 7613//5679
f 7505//5680 7506//5680 7613//5680
f 7613//5680 7506//5680 7614//5680
f 7506//5681 7507//5681 7614//5681
f 7614//5681 7507//5681 7615//5681
f 7507//5682 7508//5682 7615//5682
f 7615//5682 7508//5682 7616//5682
f 7508//5683 7509//5683 7616//5683
f 7616//5683 7509//5683 7617//5683
f 7509//5684 7510//5684 7617//5684
f 7617//5684 7510//5684 7618//5684
f 7510//5685 7511//5685 7618//5685
f 7618//5685 7511//5685 7547//5685
f 7511//5610 7512//5610 7547//5610
f 7583//129 7619//129 7582//129
f 7619//129 7620//129 7582//129
f 7582//129 7620//129 7581//129
f 7620//129 7621//129 7581//129
f 7581//129 7621//129 7580//129
f 7621//129 7622//129 7580//129
f 7580//129 7622//129 7579//129
f 7622//129 7623//129 7579//129
f 7579//129 7623//129 7578//129
f 7623//129 7624//129 7578//129
f 7578//129 7624//129 7577//129
f 7624//129 7625//129 7577//129
f 7577//129 7625//129 7576//129
f 7625//129 7626//129 7576//129
f 7576//129 7626//129 7575//129
f 7626//129 7627//129 7575//129
f 7575//129 7627//129 7574//129
f 7627//129 7628//129 7574//129
f 7574//129 7628//129 7573//129
f 7628//129 7629//129 7573//129
f 7573//129 7629//129 7572//129
f 7629//129 7630//129 7572//129
f 7572//129 7630//129 7571//129
f 7630//129 7631//129 7571//129
f 7571//129 7631//129 7570//129
f 7631//129 7632//129 7570//129
f 7570//129 7632//129 7569//129
f 7632//129 7633//129 7569//129
f 7569//129 7633//129 7568//129
f 7633//129 7634//129 7568//129
f 7568//129 7634//129 7567//129
f 7634//129 7635//129 7567//129
f 7567//129 7635//129 7566//129
f 7635//129 7636//129 7566//129
f 7566//129 7636//129 7565//129
f 7636//129 7637//129 7565//129
f 7565//129 7637//129 7564//129
f 7637//129 7638//129 7564//129
f 7564//129 7638//129 7563//129
f 7638//129 7639//129 7563//129
f 7563//129 7639//129 7562//129
f 7639//129 7640//129 7562//129
f 7562//129 7640//129 7561//129
f 7640//129 7641//129 7561//129
f 7561//129 7641//129 7560//129
f 7641//129 7642//129 7560//129
f 7560//129 7642//129 7559//129
f 7642//129 7643//129 7559//129
f 7559//129 7643//129 7558//129
f 7643//129 7644//129 7558//129
f 7558//129 7644//129 7557//129
f 7644//129 7645//129 7557//129
f 7557//129 7645//129 7556//129
f 7645//129 7646//129 7556//129
f 7556//129 7646//129 7555//129
f 7646//129 7647//129 7555//129
f 7555//129 7647//129 7554//129
f 7647//129 7648//129 7554//129
f 7554//129 7648//129 7553//129
f 7648//129 7649//129 7553//129
f 7553//129 7649//129 7552//129
f 7649//129 7650//129 7552//129
f 7552//129 7650//129 7551//129
f 7650//129 7651//129 7551//129
f 7551//129 7651//129 7550//129
f 7651//129 7652//129 7550//129
f 7550//129 7652//129 7549//129
f 7652//129 7653//129 7549//129
f 7549//129 7653//129 7548//129
f 7653//129 7654//129 7548//129
f 7548//129 7654//129 7547//129
f 7654//129 7655//129 7547//129
f 7547//129 7655//129 7618//129
f 7655//129 7656//129 7618//129
f 7618//129 7656//129 7617//129
f 7656//129 7657//129 7617//129
f 7617//129 7657//129 7616//129
f 7657//129 7658//129 7616//129
f 7616//129 7658//129 7615//129
f 7658//129 7659//129 7615//129
f 7615//129 7659//129 7614//129
f 7659//129 7660//129 7614//129
f 7614//129 7660//129 7613//129
f 7660//129 7661//129 7613//129
f 7613//129 7661//129 7612//129
f 7661//129 7662//129 7612//129
f 7612//129 7662//129 7611//129
f 7662//129 7663//129 7611//129
f 7611//129 7663//129 7610//129
f 7663//129 7664//129 7610//129
f 7610//129 7664//129 7609//129
f 7664//129 7665//129 7609//129
f 7609//129 7665//129 7608//129
f 7665//129 7666//129 7608//129
f 7608//129 7666//129 7607//129
f 7666//129 7667//129 7607//129
f 7607//129 7667//129 7606//129
f 7667//129 7668//129 7606//129
f 7606//129 7668//129 7605//129
f 7668//129 7669//129 7605//129
f 7605//129 7669//129 7604//129
f 7669//129 7670//129 7604//129
f 7604//129 7670//129 7603//129
f 7670//129 7671//129 7603//129
f 7603//129 7671//129 7602//129
f 7671//129 7672//129 7602//129
f 7602//129 7672//129 7601//129
f 7672//129 7673//129 7601//129
f 7601//129 7673//129 7600//129
f 7673//129 7674//129 7600//129
f 7600//129 7674//129 7599//129
f 7674//129 7675//129 7599//129
f 7599//129 7675//129 7598//129
f 7675//129 7676//129 7598//129
f 7598//129 7676//129 7597//129
f 7676//129 7677//129 7597//129
f 7597//129 7677//129 7596//129
f 7677//129 7678//129 7596//129
f 7596//129 7678//129 7595//129
f 7678//129 7679//129 7595//129
f 7595//129 7679//129 7594//129
f 7679//129 7680//129 7594//129
f 7594//129 7680//129 7593//129
f 7680//129 7681//129 7593//129
f 7593//129 7681//129 7592//129
f 7681//129 7682//129 7592//129
f 7592//129 7682//129 7591//129
f 7682//129 7683//129 7591//129
f 7591//129 7683//129 7590//129
f 7683//129 7684//129 7590//129
f 7590//129 7684//129 7589//129
f 7684//129 7685//129 7589//129
f 7589//129 7685//129 7588//129
f 7685//129 7686//129 7588//129
f 7588//129 7686//129 7587//129
f 7686//129 7687//129 7587//129
f 7587//129 7687//129 7586//129
f 7687//129 7688//129 7586//129
f 7586//129 7688//129 7585//129
f 7688//129 7689//129 7585//129
f 7585//129 7689//129 7584//129
f 7689//129 7690//129 7584//129
f 7584//129 7690//129 7583//129
f 7690//129 7619//129 7583//129
f 7267//5464 7654//5464 7266//5464
f 7654//5465 7653//5465 7266//5465
f 7266//5465 7653//5465 7265//5465
f 7653//5466 7652//5466 7265//5466
f 7265//5466 7652//5466 7264//5466
f 7652//5410 7651//5410 7264//5410
f 7264//5410 7651//5410 7263//5410
f 7651//5467 7650//5467 7263//5467
f 7263//5467 7650//5467 7262//5467
f 7650//5468 7649//5468 7262//5468
f 7262//5468 7649//5468 7261//5468
f 7649//5469 7648//5469 7261//5469
f 7261//5469 7648//5469 7260//5469
f 7648//5470 7647//5470 7260//5470
f 7260//5470 7647//5470 7259//5470
f 7647//5471 7646//5471 7259//5471
f 7259//5471 7646//5471 7258//5471
f 7646//5472 7645//5472 7258//5472
f 7258//5472 7645//5472 7329//5472
f 7645//5473 7644//5473 7329//5473
f 7329//5473 7644//5473 7328//5473
f 7644//5474 7643//5474 7328//5474
f 7328//5474 7643//5474 7327//5474
f 7643//5475 7642//5475 7327//5475
f 7327//5475 7642//5475 7326//5475
f 7642//5476 7641//5476 7326//5476
f 7326//5476 7641//5476 7325//5476
f 7641//5477 7640//5477 7325//5477
f 7325//5477 7640//5477 7324//5477
f 7640//5478 7639//5478 7324//5478
f 7324//5478 7639//5478 7323//5478
f 7639//5479 7638//5479 7323//5479
f 7323//5479 7638//5479 7322//5479
f 7638//5480 7637//5480 7322//5480
f 7322//5686 7637//5686 7321//5686
f 7637//5687 7636//5687 7321//5687
f 7321//5483 7636//5483 7320//5483
f 7636//5484 7635//5484 7320//5484
f 7320//5484 7635//5484 7319//5484
f 7635//5485 7634//5485 7319//5485
f 7319//5485 7634//5485 7318//5485
f 7634//5486 7633//5486 7318//5486
f 7318//5486 7633//5486 7317//5486
f 7633//5487 7632//5487 7317//5487
f 7317//5487 7632//5487 7316//5487
f 7632//5488 7631//5488 7316//5488
f 7316//5488 7631//5488 7315//5488
f 7631//5489 7630//5489 7315//5489
f 7315//5489 7630//5489 7314//5489
f 7630//5490 7629//5490 7314//5490
f 7314//5490 7629//5490 7313//5490
f 7629//5491 7628//5491 7313//5491
f 7313//5491 7628//5491 7312//5491
f 7628//5492 7627//5492 7312//5492
f 7312//5492 7627//5492 7311//5492
f 7627//5493 7626//5493 7311//5493
f 7311//5493 7626//5493 7310//5493
f 7626//5494 7625//5494 7310//5494
f 7310//5494 7625//5494 7309//5494
f 7625//5495 7624//5495 7309//5495
f 7309//5495 7624//5495 7308//5495
f 7624//5496 7623//5496 7308//5496
f 7308//5496 7623//5496 7307//5496
f 7623//5437 7622//5437 7307//5437
f 7307//5437 7622//5437 7306//5437
f 7622//5497 7621//5497 7306//5497
f 7306//5497 7621//5497 7305//5497
f 7621//5498 7620//5498 7305//5498
f 7305//5498 7620//5498 7304//5498
f 7620//5499 7619//5499 7304//5499
f 7304//5499 7619//5499 7303//5499
f 7619//5500 7690//5500 7303//5500
f 7303//5500 7690//5500 7302//5500
f 7690//5501 7689//5501 7302//5501
f 7302//5501 7689//5501 7301//5501
f 7689//5502 7688//5502 7301//5502
f 7301//5502 7688//5502 7300//5502
f 7688//5444 7687//5444 7300//5444
f 7300//5444 7687//5444 7299//5444
f 7687//5503 7686//5503 7299//5503
f 7299//5503 7686//5503 7298//5503
f 7686//5504 7685//5504 7298//5504
f 7298//5504 7685//5504 7297//5504
f 7685//5505 7684//5505 7297//5505
f 7297//5505 7684//5505 7296//5505
f 7684//5506 7683//5506 7296//5506
f 7296//5506 7683//5506 7295//5506
f 7683//5507 7682//5507 7295//5507
f 7295//5507 7682//5507 7294//5507
f 7682//5508 7681//5508 7294//5508
f 7294//5508 7681//5508 7293//5508
f 7681//5509 7680//5509 7293//5509
f 7293//5509 7680//5509 7292//5509
f 7680//5510 7679//5510 7292//5510
f 7292//5510 7679//5510 7291//5510
f 7679//5511 7678//5511 7291//5511
f 7291//5511 7678//5511 7290//5511
f 7678//5512 7677//5512 7290//5512
f 7290//5512 7677//5512 7289//5512
f 7677//5513 7676//5513 7289//5513
f 7289//5513 7676//5513 7288//5513
f 7676//5514 7675//5514 7288//5514
f 7288//5514 7675//5514 7287//5514
f 7675//5515 7674//5515 7287//5515
f 7287//5515 7674//5515 7286//5515
f 7674//5516 7673//5516 7286//5516
f 7286//5688 7673//5688 7285//5688
f 7673//5689 7672//5689 7285//5689
f 7285//5519 7672//5519 7284//5519
f 7672//5520 7671//5520 7284//5520
f 7284//5520 7671//5520 7283//5520
f 7671//5521 7670//5521 7283//5521
f 7283//5521 7670//5521 7282//5521
f 7670//5522 7669//5522 7282//5522
f 7282//5522 7669//5522 7281//5522
f 7669//5523 7668//5523 7281//5523
f 7281//5523 7668//5523 7280//5523
f 7668//5524 7667//5524 7280//5524
f 7280//5524 7667//5524 7279//5524
f 7667//5525 7666//5525 7279//5525
f 7279//5525 7666//5525 7278//5525
f 7666//5526 7665//5526 7278//5526
f 7278//5526 7665//5526 7277//5526
f 7665//5527 7664//5527 7277//5527
f 7277//5527 7664//5527 7276//5527
f 7664//5528 7663//5528 7276//5528
f 7276//5528 7663//5528 7275//5528
f 7663//5529 7662//5529 7275//5529
f 7275//5529 7662//5529 7274//5529
f 7662//5530 7661//5530 7274//5530
f 7274//5530 7661//5530 7273//5530
f 7661//5531 7660//5531 7273//5531
f 7273//5531 7660//5531 7272//5531
f 7660//5532 7659//5532 7272//5532
f 7272//5532 7659//5532 7271//5532
f 7659//5403 7658//5403 7271//5403
f 7271//5403 7658//5403 7270//5403
f 7658//5533 7657//5533 7270//5533
f 7270//5533 7657//5533 7269//5533
f 7657//5534 7656//5534 7269//5534
f 7269//5534 7656//5534 7268//5534
f 7656//5535 7655//5535 7268//5535
f 7268//5535 7655//5535 7267//5535
f 7655//5464 7654//5464 7267//5464
# Vertices: 7690, normals: 5689, texture coordinates: 0, faces: 15572

