# File generated by ImageToStl.com - Free Image and 3D model conversion tools

o obj1
v -0.09642834 -0.10149565 0.49557748
v -0.09591281 -0.10106923 0.50395083
v -0.085605 -0.09968469 0.4948189
v -0.07820188 -0.09810583 0.50270945
v -0.08580139 -0.09984713 0.49162906
v -0.07942932 -0.09912112 0.48277301
v -0.09662473 -0.1016581 0.49238765
v -0.09714026 -0.10208452 0.48401436
v -0.09351056 -0.12046156 0.49193054
v -0.09355723 -0.12021969 0.49184215
v -0.09110624 -0.13754624 0.48544878
v -0.09385452 -0.11844012 0.4918488
v -0.0938889 -0.11819686 0.49193898
v -0.09392039 -0.11796205 0.4920502
v -0.09373677 -0.11920189 0.49171028
v -0.09377816 -0.11894456 0.491734
v -0.09381752 -0.11868999 0.49178028
v -0.09324268 -0.1216694 0.49286914
v -0.09328416 -0.12150502 0.49266973
v -0.09332736 -0.12132393 0.49248579
v -0.09337194 -0.12112749 0.49231872
v -0.09341756 -0.12091719 0.49216974
v -0.09346389 -0.12069466 0.49204004
v -0.09360354 -0.11997087 0.49177551
v -0.09364912 -0.11971701 0.49173111
v -0.09369364 -0.11946003 0.49170932
v -0.09394877 -0.11773749 0.49218157
v -0.09397379 -0.11752487 0.49233213
v -0.09399528 -0.11732582 0.49250069
v -0.09403308 -0.11688919 0.49300376
v -0.09402703 -0.11697438 0.4928866
v -0.09401307 -0.11714186 0.49268597
v -0.09059072 -0.13711981 0.4938221
v -0.09318238 -0.12188873 0.49320599
v -0.09320324 -0.1218158 0.49308243
v -0.07121855 -0.10099461 0.50844574
v -0.06660743 -0.12809399 0.50954193
v -0.07117624 -0.10117597 0.50861645
v -0.06662967 -0.12789601 0.50969726
v -0.07021596 -0.10560185 0.51175171
v -0.07054178 -0.10403665 0.5108394
v -0.06829669 -0.11610097 0.51407087
v -0.06722669 -0.12316967 0.51246232
v -0.0674685 -0.12145872 0.51309675
v -0.06772878 -0.11970133 0.51357853
v -0.0708627 -0.10255761 0.50979167
v -0.06680567 -0.1264006 0.51075608
v -0.06700518 -0.12482116 0.51168013
v -0.06800554 -0.11791086 0.51390409
v -0.06923379 -0.11069248 0.51361209
v -0.06891315 -0.11247799 0.51392436
v -0.06859999 -0.1142854 0.51407766
v -0.06955946 -0.10894247 0.51314336
v -0.06988768 -0.10724128 0.51252162
v -0.08623836 -0.12901248 0.50277185
v -0.08587799 -0.13113034 0.50285751
v -0.08605961 -0.12897448 0.50275892
v -0.08551624 -0.13105342 0.50283134
v -0.0858849 -0.12892102 0.50274545
v -0.08516266 -0.13094524 0.50280404
v -0.08571556 -0.12885252 0.5027315
v -0.08481995 -0.1308066 0.50277591
v -0.08555288 -0.12876949 0.50271726
v -0.08449071 -0.13063855 0.50274706
v -0.08539809 -0.12867256 0.50270277
v -0.08417745 -0.1304424 0.50271779
v -0.08525238 -0.12856248 0.50268823
v -0.08388256 -0.13021961 0.50268829
v -0.08511685 -0.12844008 0.50267363
v -0.08360827 -0.12997189 0.50265878
v -0.08499253 -0.12830628 0.5026592
v -0.08335668 -0.12970114 0.50262952
v -0.08488037 -0.12816213 0.50264496
v -0.0831297 -0.12940939 0.50260067
v -0.08478124 -0.12800871 0.50263101
v -0.08292905 -0.12909888 0.50257248
v -0.08469586 -0.12784718 0.50261754
v -0.08275627 -0.12877198 0.50254524
v -0.0846249 -0.12767877 0.5026046
v -0.08261267 -0.12843116 0.50251901
v -0.08456891 -0.12750477 0.50259227
v -0.08249934 -0.12807901 0.5024941
v -0.0845283 -0.1273265 0.5025807
v -0.08241715 -0.12771824 0.50247067
v -0.08450337 -0.12714532 0.50256991
v -0.08236671 -0.12735157 0.50244892
v -0.08449434 -0.12696262 0.50256008
v -0.08234843 -0.12698178 0.50242895
v -0.08450125 -0.12677975 0.5025512
v -0.08236242 -0.12661172 0.50241095
v -0.08452407 -0.12659815 0.50254333
v -0.08240859 -0.12624419 0.50239509
v -0.08456261 -0.12641917 0.50253659
v -0.08248659 -0.12588197 0.50238144
v -0.08461658 -0.12624419 0.50253099
v -0.08259583 -0.12552784 0.50237012
v -0.08468557 -0.12607454 0.50252664
v -0.08273546 -0.12518449 0.50236124
v -0.08476906 -0.1259115 0.50252348
v -0.08290442 -0.12485453 0.50235486
v -0.08486642 -0.12575631 0.50252157
v -0.08310144 -0.12454047 0.50235099
v -0.08497689 -0.12561017 0.50252092
v -0.08332502 -0.1242447 0.50234967
v -0.08509964 -0.12547417 0.50252151
v -0.08357345 -0.12396947 0.50235093
v -0.08523373 -0.12534936 0.50252342
v -0.08384483 -0.12371688 0.5023548
v -0.08537816 -0.12523669 0.50252658
v -0.0841371 -0.12348885 0.50236118
v -0.0855318 -0.12513702 0.50253099
v -0.08444806 -0.12328712 0.50237006
v -0.08569351 -0.12505108 0.50253654
v -0.08477531 -0.12311321 0.50238132
v -0.08586203 -0.12497956 0.50254327
v -0.08511638 -0.12296846 0.50239497
v -0.0860361 -0.12492298 0.50255114
v -0.08546866 -0.12285396 0.50241083
v -0.08621439 -0.12488178 0.50256002
v -0.08582949 -0.12277059 0.50242877
v -0.08639554 -0.12485629 0.50256985
v -0.0861961 -0.12271898 0.50244874
v -0.08657818 -0.12484667 0.50258064
v -0.08656572 -0.12269953 0.50247049
v -0.0867609 -0.12485302 0.50259221
v -0.08693552 -0.12271237 0.50249392
v -0.08694233 -0.12487528 0.50260448
v -0.08730269 -0.12275743 0.50251883
v -0.08712108 -0.12491328 0.50261742
v -0.08766445 -0.12283434 0.502545
v -0.08729579 -0.12496674 0.50263089
v -0.08801802 -0.12294253 0.5025723
v -0.08746513 -0.12503524 0.50264484
v -0.08836073 -0.12308117 0.50260043
v -0.08762781 -0.12511829 0.50265908
v -0.08868998 -0.12324921 0.50262928
v -0.0877826 -0.1252152 0.50267357
v -0.08900324 -0.12344537 0.50265855
v -0.08792831 -0.12532529 0.50268811
v -0.08929813 -0.12366816 0.50268805
v -0.08806384 -0.12544769 0.50270271
v -0.08957242 -0.12391587 0.50271755
v -0.08818816 -0.12558147 0.50271714
v -0.08982401 -0.12418663 0.50274682
v -0.08830031 -0.12572563 0.50273138
v -0.090051 -0.12447837 0.50277567
v -0.08839945 -0.12587905 0.50274533
v -0.09025164 -0.12478888 0.50280386
v -0.08848483 -0.12604059 0.5027588
v -0.09042442 -0.12511578 0.5028311
v -0.08855578 -0.12620899 0.50277174
v -0.09056802 -0.1254566 0.50285733
v -0.08861178 -0.12638299 0.50278407
v -0.09068134 -0.12580875 0.50288224
v -0.08865239 -0.12656125 0.50279564
v -0.09076354 -0.12616953 0.50290567
v -0.08867732 -0.12674244 0.50280643
v -0.09081397 -0.12653621 0.50292742
v -0.08868635 -0.12692516 0.50281626
v -0.09083226 -0.12690598 0.50294739
v -0.08867943 -0.12710801 0.50282514
v -0.09081826 -0.12727603 0.50296539
v -0.08865662 -0.12728961 0.50283301
v -0.09077209 -0.12764357 0.50298125
v -0.08861808 -0.12746859 0.50283974
v -0.09069409 -0.12800579 0.50299489
v -0.08856411 -0.12764357 0.50284535
v -0.09058487 -0.12835991 0.50300622
v -0.08849511 -0.12781322 0.5028497
v -0.09044524 -0.12870327 0.5030151
v -0.08841162 -0.12797627 0.50285286
v -0.09027626 -0.12903322 0.50302148
v -0.08831427 -0.12813145 0.50285476
v -0.09007924 -0.12934729 0.50302535
v -0.0882038 -0.12827758 0.50285542
v -0.08985567 -0.12964305 0.50302666
v -0.08808105 -0.12841359 0.50285476
v -0.08960725 -0.12991829 0.50302541
v -0.08794695 -0.1285384 0.50285292
v -0.08933586 -0.13017088 0.50302154
v -0.08780253 -0.12865107 0.50284976
v -0.08904358 -0.13039891 0.50301516
v -0.08764888 -0.12875076 0.50284535
v -0.08873263 -0.13060065 0.50300628
v -0.08748718 -0.12883668 0.5028398
v -0.08840537 -0.13077454 0.50299501
v -0.08731865 -0.1289082 0.50283307
v -0.08806431 -0.13091931 0.50298136
v -0.08714458 -0.12896478 0.5028252
v -0.08771202 -0.13103379 0.50296551
v -0.08696629 -0.12900597 0.50281632
v -0.0873512 -0.13111717 0.50294757
v -0.08678515 -0.12903148 0.50280648
v -0.08698458 -0.13116878 0.5029276
v -0.08660251 -0.12904109 0.5027957
v -0.08661497 -0.13118823 0.50290585
v -0.08641978 -0.12903474 0.50278413
v -0.08624517 -0.13117538 0.50288242
v -0.07551137 -0.12693261 0.50200546
v -0.07625701 -0.1289437 0.50215381
v -0.07533729 -0.12698917 0.50199765
v -0.07590473 -0.1290582 0.50213796
v -0.07515901 -0.12703037 0.50198877
v -0.0755439 -0.12914157 0.50211996
v -0.07497785 -0.12705587 0.50197893
v -0.07517729 -0.12919317 0.50210005
v -0.07479522 -0.12706548 0.50196815
v -0.07480768 -0.12921263 0.50207829
v -0.0746125 -0.12705913 0.50195658
v -0.07443788 -0.12919977 0.50205487
v -0.07443107 -0.12703687 0.5019443
v -0.0740707 -0.12915473 0.50202996
v -0.07425232 -0.12699887 0.50193137
v -0.07370895 -0.12907781 0.50200379
v -0.07407761 -0.12694541 0.50191784
v -0.07335537 -0.12896962 0.50197649
v -0.07390827 -0.12687691 0.50190395
v -0.07301266 -0.12883098 0.5019483
v -0.07374559 -0.12679388 0.50188971
v -0.07268342 -0.12866294 0.50191951
v -0.0735908 -0.12669694 0.50187522
v -0.07237016 -0.12846678 0.50189024
v -0.07344509 -0.12658687 0.50186068
v -0.07207526 -0.128244 0.50186074
v -0.07330956 -0.12646447 0.50184608
v -0.07180098 -0.1279963 0.50183123
v -0.07318524 -0.12633069 0.50183159
v -0.07154939 -0.12772553 0.50180191
v -0.07307308 -0.12618653 0.50181735
v -0.0713224 -0.12743379 0.50177312
v -0.07297394 -0.1260331 0.50180346
v -0.07112176 -0.12712328 0.50174493
v -0.07288857 -0.12587157 0.50178999
v -0.07094898 -0.12679636 0.50171763
v -0.07281762 -0.12570317 0.50177705
v -0.07080538 -0.12645555 0.50169146
v -0.07276162 -0.12552917 0.50176471
v -0.07069205 -0.12610342 0.50166655
v -0.072721 -0.12535089 0.50175315
v -0.07060985 -0.12574263 0.50164312
v -0.07269608 -0.12516972 0.50174236
v -0.07055942 -0.12537596 0.50162131
v -0.07268704 -0.12498701 0.50173253
v -0.07054114 -0.12500618 0.5016014
v -0.07269396 -0.12480415 0.50172365
v -0.07055513 -0.12463612 0.5015834
v -0.07271678 -0.12462255 0.50171578
v -0.07060131 -0.12426858 0.50156754
v -0.07275531 -0.12444357 0.50170904
v -0.0706793 -0.12390637 0.50155389
v -0.07280929 -0.12426859 0.50170344
v -0.07078853 -0.12355224 0.50154257
v -0.07287829 -0.12409893 0.50169909
v -0.07092816 -0.12320889 0.50153369
v -0.07296178 -0.12393589 0.50169593
v -0.07109713 -0.12287892 0.50152725
v -0.07305913 -0.12378071 0.50169396
v -0.07129415 -0.12256487 0.50152344
v -0.0731696 -0.12363456 0.50169337
v -0.07151773 -0.12226909 0.50152212
v -0.07329234 -0.12349857 0.50169396
v -0.07176615 -0.12199387 0.50152338
v -0.07342645 -0.12337376 0.50169587
v -0.07203753 -0.12174128 0.50152725
v -0.07357086 -0.12326109 0.50169903
v -0.07232982 -0.12151325 0.50153363
v -0.07372451 -0.12316141 0.50170344
v -0.07264077 -0.12131152 0.50154251
v -0.07388622 -0.12307548 0.50170898
v -0.07296802 -0.1211376 0.50155377
v -0.07405474 -0.12300395 0.50171572
v -0.07330909 -0.12099285 0.50156742
v -0.07422882 -0.12294737 0.50172359
v -0.07366138 -0.12087836 0.50158328
v -0.0744071 -0.12290618 0.50173247
v -0.0740222 -0.12079499 0.50160122
v -0.07458825 -0.12288068 0.5017423
v -0.07438881 -0.12074338 0.50162119
v -0.07477088 -0.12287106 0.50175303
v -0.07475843 -0.12072393 0.50164294
v -0.07495361 -0.12287741 0.50176466
v -0.07512823 -0.12073677 0.50166637
v -0.07513504 -0.12289967 0.50177693
v -0.0754954 -0.12078182 0.50169128
v -0.07531378 -0.12293768 0.50178987
v -0.07585716 -0.12085874 0.50171745
v -0.07548849 -0.12299114 0.50180334
v -0.07621073 -0.12096693 0.50174475
v -0.07565784 -0.12305965 0.50181729
v -0.07655344 -0.12110557 0.50177288
v -0.07582052 -0.12314267 0.50183153
v -0.07688268 -0.12127361 0.50180173
v -0.07597531 -0.1232396 0.50184596
v -0.07719594 -0.12146977 0.501831
v -0.07612102 -0.12334968 0.50186056
v -0.07749084 -0.12169255 0.5018605
v -0.07625655 -0.12347208 0.50187516
v -0.07776513 -0.12194026 0.50189
v -0.07638086 -0.12360587 0.50188959
v -0.07801672 -0.12221102 0.50191927
v -0.07649302 -0.12375002 0.50190383
v -0.0782437 -0.12250277 0.50194812
v -0.07659216 -0.12390345 0.50191778
v -0.07844435 -0.12281327 0.50197625
v -0.07667754 -0.12406498 0.50193125
v -0.07861713 -0.12314018 0.50200355
v -0.07674849 -0.12423339 0.50194418
v -0.07876073 -0.123481 0.50202978
v -0.07680449 -0.12440739 0.50195652
v -0.07887406 -0.12383314 0.50205469
v -0.0768451 -0.12458565 0.50196809
v -0.07895625 -0.12419392 0.50207812
v -0.07687002 -0.12476683 0.50197881
v -0.07900668 -0.12456059 0.50209987
v -0.07687906 -0.12494954 0.50198871
v -0.07902497 -0.12493037 0.50211984
v -0.07687214 -0.1251324 0.50199759
v -0.07901097 -0.12530044 0.50213784
v -0.07684933 -0.12531401 0.50200546
v -0.0789648 -0.12566797 0.50215369
v -0.07681078 -0.12549298 0.50201219
v -0.07888681 -0.12603018 0.50216734
v -0.07675681 -0.12566796 0.50201774
v -0.07877757 -0.1263843 0.50217867
v -0.07668782 -0.12583762 0.50202215
v -0.07863794 -0.12672766 0.50218755
v -0.07660433 -0.12600066 0.50202531
v -0.07846897 -0.12705763 0.50219393
v -0.07650698 -0.12615584 0.50202721
v -0.07827196 -0.12737168 0.5021978
v -0.07639651 -0.12630199 0.50202787
v -0.07804838 -0.12766746 0.50219911
v -0.07627375 -0.12643798 0.50202721
v -0.07779995 -0.12794268 0.5021978
v -0.07613966 -0.12656279 0.50202531
v -0.07752857 -0.12819527 0.50219399
v -0.07599524 -0.12667547 0.50202221
v -0.07723629 -0.1284233 0.50218761
v -0.07584159 -0.12677515 0.5020178
v -0.07692534 -0.12862504 0.50217873
v -0.07567989 -0.12686108 0.50201219
v -0.07659809 -0.12879895 0.50216746
v -0.09445575 -0.10872699 0.48418733
v -0.0941182 -0.10844779 0.48966986
v -0.0937853 -0.11266718 0.48434672
v -0.09344775 -0.11238798 0.48982924
v -0.0913825 -0.10618659 0.48386875
v -0.09104495 -0.10590739 0.48935127
v -0.09243655 -0.10946496 0.48961812
v -0.09246147 -0.10964613 0.48962891
v -0.08834677 -0.10932287 0.48935911
v -0.08840074 -0.10914789 0.48935351
v -0.08730125 -0.10730717 0.48919207
v -0.08846974 -0.10897823 0.48934913
v -0.08855323 -0.10881519 0.48934597
v -0.08865058 -0.10866001 0.48934406
v -0.08876105 -0.10851386 0.4893434
v -0.09247051 -0.10982884 0.48963875
v -0.0924636 -0.1100117 0.48964766
v -0.09244078 -0.1101933 0.48965549
v -0.09240224 -0.11037228 0.48966223
v -0.08830823 -0.10950185 0.48936585
v -0.08663081 -0.11124736 0.48935145
v -0.08828542 -0.10968345 0.48937368
v -0.0888838 -0.10837787 0.48934403
v -0.0890179 -0.10825306 0.48934594
v -0.08916232 -0.10814039 0.4893491
v -0.09234827 -0.11054727 0.4896678
v -0.09227927 -0.11071692 0.48967221
v -0.09219579 -0.11087996 0.48967537
v -0.09209843 -0.11103515 0.48967728
v -0.09198796 -0.11118129 0.48967794
v -0.09186521 -0.11131728 0.48967728
v -0.08877669 -0.11120999 0.48948169
v -0.08866454 -0.11106583 0.48946744
v -0.08856539 -0.1109124 0.48945352
v -0.08848002 -0.11075087 0.48944002
v -0.08840907 -0.11058246 0.48942709
v -0.08835307 -0.11040847 0.48941478
v -0.08831245 -0.1102302 0.48940319
v -0.08828753 -0.11004902 0.48939243
v -0.0882785 -0.10986631 0.48938257
v -0.08931597 -0.10804071 0.48935348
v -0.08947767 -0.10795478 0.48935905
v -0.0896462 -0.10788325 0.48936579
v -0.08982027 -0.10782668 0.48937362
v -0.09218361 -0.10878275 0.48956782
v -0.09226899 -0.10894428 0.48958132
v -0.09020395 -0.11193844 0.48960665
v -0.09002252 -0.11191618 0.48959434
v -0.08970406 -0.11378777 0.48967004
v -0.08984377 -0.11187817 0.48958141
v -0.09090523 -0.10781698 0.48943993
v -0.09107995 -0.10787044 0.48945341
v -0.09124929 -0.10793895 0.48946732
v -0.091848 -0.10835138 0.4895252
v -0.09197231 -0.10848517 0.48953965
v -0.09208447 -0.10862932 0.4895539
v -0.09233995 -0.10911269 0.48959425
v -0.09239594 -0.10928669 0.48960656
v -0.09173112 -0.1114421 0.4896754
v -0.09158669 -0.11155476 0.48967224
v -0.09143305 -0.11165445 0.48966786
v -0.08966906 -0.11182471 0.48956794
v -0.08949972 -0.11175621 0.48955402
v -0.08933704 -0.11167318 0.48953977
v -0.09141197 -0.10802197 0.48948157
v -0.09156676 -0.1081189 0.48949602
v -0.09171247 -0.10822898 0.48951063
v -0.09127134 -0.11174038 0.48966226
v -0.09110282 -0.11181191 0.48965555
v -0.09092875 -0.11186848 0.48964772
v -0.09075046 -0.11190967 0.48963884
v -0.0905693 -0.11193518 0.48962897
v -0.09038667 -0.11194479 0.48961821
v -0.08918225 -0.11157625 0.48952529
v -0.08903654 -0.11146617 0.48951072
v -0.08890101 -0.11134377 0.48949614
v -0.08999855 -0.10778549 0.48938251
v -0.0901797 -0.10775998 0.48939237
v -0.09036234 -0.10775037 0.4894031
v -0.09054506 -0.10775672 0.48941469
v -0.09072649 -0.10777897 0.489427
v -0.07229529 -0.12740691 0.48130232
v -0.07180651 -0.12700261 0.48924112
v -0.07296573 -0.12346672 0.48114294
v -0.07247695 -0.12306242 0.48908174
v -0.07521731 -0.12982222 0.48407719
v -0.07487976 -0.12954302 0.48955971
v -0.07433014 -0.12908886 0.48398522
v -0.078961 -0.12842244 0.48423639
v -0.07862345 -0.12814324 0.48971891
v -0.07963145 -0.12448224 0.48407701
v -0.0792939 -0.12420304 0.48955953
v -0.0765582 -0.12194184 0.48375842
v -0.07622065 -0.12166264 0.48924094
v -0.07547749 -0.12234592 0.48371246
v -0.07752397 -0.12630251 0.48955747
v -0.07745498 -0.12647218 0.48956186
v -0.07393675 -0.12426912 0.48923305
v -0.07382628 -0.12441526 0.4892337
v -0.07372893 -0.12457044 0.48923561
v -0.07499596 -0.12358193 0.48926327
v -0.07517426 -0.12354074 0.48927215
v -0.07716366 -0.12693654 0.48956758
v -0.07704091 -0.12707253 0.48956695
v -0.07407671 -0.12709902 0.48938578
v -0.07395239 -0.12696524 0.48937133
v -0.07384024 -0.12682109 0.48935708
v -0.07374109 -0.12666765 0.48934317
v -0.0734542 -0.12562156 0.48927224
v -0.07346112 -0.12543871 0.48926333
v -0.07352247 -0.12507813 0.48924875
v -0.07357644 -0.12490314 0.48924318
v -0.07364544 -0.12473349 0.48923877
v -0.07625565 -0.12362569 0.48934308
v -0.07642499 -0.1236942 0.48935696
v -0.07737149 -0.12663521 0.48956501
v -0.07727413 -0.12679039 0.48956692
v -0.07690682 -0.12719734 0.48956504
v -0.07676239 -0.12731002 0.48956189
v -0.07660875 -0.1274097 0.4895575
v -0.07592615 -0.12766492 0.48952848
v -0.07574501 -0.12769042 0.48951861
v -0.07348393 -0.1252571 0.48925549
v -0.0753554 -0.12351523 0.48928201
v -0.07553804 -0.12350562 0.48929277
v -0.07572076 -0.12351197 0.48930433
v -0.07751565 -0.12486794 0.48948389
v -0.07757164 -0.12504193 0.4894962
v -0.07764621 -0.1255841 0.48952842
v -0.0776393 -0.12576695 0.4895373
v -0.07761648 -0.12594856 0.48954514
v -0.07757794 -0.12612754 0.48955187
v -0.0740595 -0.12413312 0.4892337
v -0.0741936 -0.12400831 0.48923558
v -0.07433802 -0.12389564 0.48923874
v -0.07590219 -0.12353423 0.48931664
v -0.07608094 -0.12357223 0.48932958
v -0.07761225 -0.12522021 0.48950779
v -0.07763717 -0.12540139 0.48951855
v -0.07365572 -0.12650612 0.4893297
v -0.07358477 -0.12633772 0.48931673
v -0.07352877 -0.12616372 0.48930442
v -0.07348815 -0.12598544 0.48929286
v -0.07346323 -0.12580428 0.4892821
v -0.07726017 -0.12438457 0.48944357
v -0.07714802 -0.12424042 0.48942932
v -0.0770237 -0.12410663 0.48941484
v -0.07735931 -0.124538 0.48945749
v -0.07744469 -0.12469953 0.48947096
v -0.07644704 -0.12749563 0.48955193
v -0.07627852 -0.12756716 0.4895452
v -0.07610445 -0.12762372 0.48953736
v -0.07556237 -0.12770003 0.48950788
v -0.07537965 -0.12769368 0.48949629
v -0.07519822 -0.12767144 0.48948398
v -0.07501947 -0.12763342 0.48947105
v -0.07484476 -0.12757997 0.48945758
v -0.07467542 -0.12751146 0.48944366
v -0.07449166 -0.12379596 0.48924312
v -0.07465336 -0.12371003 0.48924872
v -0.0748219 -0.1236385 0.48925543
v -0.07451274 -0.12742843 0.48942941
v -0.07435795 -0.12733151 0.48941496
v -0.07421224 -0.12722142 0.48940039
v -0.07658767 -0.12377723 0.48937121
v -0.07674246 -0.12387415 0.48938569
v -0.07688817 -0.12398423 0.48940027
v -0.0870246 -0.13179782 0.48490474
v -0.08668705 -0.13151862 0.49038726
v -0.08395135 -0.12925743 0.48458615
v -0.0836138 -0.12897822 0.49006867
v -0.09076829 -0.13039804 0.48506394
v -0.09043074 -0.13011883 0.49054646
v -0.09143874 -0.12645786 0.48490456
v -0.09110119 -0.12617865 0.49038708
v -0.08836549 -0.12391745 0.48458597
v -0.08802794 -0.12363824 0.4900685
v -0.08462179 -0.12531723 0.48442677
v -0.08428425 -0.12503803 0.48990929
v -0.08944447 -0.12737699 0.4903461
v -0.0894535 -0.12755971 0.49035597
v -0.08944659 -0.12774256 0.49036485
v -0.08942378 -0.12792416 0.49037269
v -0.08856969 -0.12928562 0.49038944
v -0.08841604 -0.12938531 0.49038506
v -0.08938523 -0.12810314 0.49037945
v -0.08933126 -0.12827812 0.49038503
v -0.08926226 -0.12844777 0.49038944
v -0.08788823 -0.12554784 0.49015716
v -0.08806293 -0.12560129 0.49017063
v -0.08823228 -0.12566981 0.49018455
v -0.08895531 -0.12621602 0.49025688
v -0.08906747 -0.12636018 0.49027112
v -0.08917878 -0.12861082 0.4903926
v -0.08908142 -0.128766 0.4903945
v -0.08897095 -0.12891215 0.49039513
v -0.08680326 -0.12555753 0.49009085
v -0.08698154 -0.12551634 0.49009973
v -0.0871627 -0.12549084 0.49010956
v -0.08734532 -0.12548122 0.49012032
v -0.08883099 -0.12608224 0.49024239
v -0.0888482 -0.12904814 0.4903945
v -0.0887141 -0.12917295 0.4903926
v -0.08614531 -0.12587124 0.49006632
v -0.08629896 -0.12577157 0.4900707
v -0.08646066 -0.12568563 0.49007627
v -0.08662918 -0.12561411 0.49008301
v -0.08752805 -0.12548757 0.49013188
v -0.08770948 -0.12550983 0.49014419
v -0.08839496 -0.12575284 0.49019879
v -0.08854975 -0.12584975 0.49021325
v -0.08869546 -0.12595984 0.49022782
v -0.08773345 -0.12964053 0.49035603
v -0.08755229 -0.12966603 0.49034619
v -0.08736967 -0.12967564 0.49033543
v -0.0891666 -0.12651362 0.49028504
v -0.08925198 -0.12667514 0.49029851
v -0.08932293 -0.12684354 0.49031147
v -0.08937893 -0.12701754 0.49032378
v -0.08941954 -0.12719581 0.49033535
v -0.08718694 -0.12966929 0.49032384
v -0.08700551 -0.12964703 0.49031156
v -0.08682676 -0.12960903 0.4902986
v -0.08575968 -0.12894084 0.49019888
v -0.08564753 -0.12879668 0.49018463
v -0.08553622 -0.12654606 0.49006316
v -0.08563357 -0.12639086 0.49006125
v -0.08574404 -0.12624472 0.49006063
v -0.08825433 -0.12947123 0.49037948
v -0.08808581 -0.12954275 0.49037275
v -0.08791173 -0.12959933 0.49036491
v -0.08665206 -0.12955557 0.49028513
v -0.08648271 -0.12948707 0.49027121
v -0.08632003 -0.12940404 0.49025697
v -0.08616524 -0.12930711 0.49024251
v -0.08601953 -0.12919703 0.49022794
v -0.085884 -0.12907463 0.49021336
v -0.08554839 -0.12864326 0.49017072
v -0.08546301 -0.12848173 0.49015725
v -0.08539206 -0.12831332 0.49014428
v -0.08533606 -0.12813932 0.49013197
v -0.08529545 -0.12796105 0.49012041
v -0.08527052 -0.12777987 0.49010965
v -0.08526149 -0.12759717 0.49009979
v -0.08526841 -0.12741432 0.49009091
v -0.08529122 -0.1272327 0.49008307
v -0.08532976 -0.12705372 0.4900763
v -0.08586679 -0.12610872 0.49006125
v -0.08600089 -0.12598392 0.49006316
v -0.08538374 -0.12687875 0.49007073
v -0.08545273 -0.12670909 0.49006632
v -0.08197801 -0.11069158 0.48351917
v -0.08164046 -0.11041237 0.48900169
v -0.07823431 -0.11209136 0.48335996
v -0.07789677 -0.11181216 0.48884249
v -0.08264846 -0.10675139 0.48335978
v -0.08231091 -0.10647219 0.48884231
v -0.0795752 -0.10421099 0.4830412
v -0.07923766 -0.10393178 0.48852372
v -0.07914715 -0.09871038 0.48235977
v -0.0784945 -0.10461507 0.48299524
v -0.07896969 -0.09878854 0.48217797
v -0.07298784 -0.13490844 0.48382398
v -0.0733953 -0.13458283 0.48420742
v -0.07284373 -0.13479058 0.48363426
v -0.07318246 -0.10261907 0.47654742
v -0.06857134 -0.12971844 0.47764358
v -0.07598274 -0.10573586 0.48042572
v -0.07531229 -0.10967605 0.4805851
v -0.07734714 -0.11135802 0.48326799
v -0.07736967 -0.0995869 0.48056075
v -0.07583456 -0.10052442 0.47904897
v -0.07437408 -0.10159487 0.4776521
v -0.06937256 -0.1309886 0.4788411
v -0.07041617 -0.13236813 0.48033705
v -0.07157563 -0.13363823 0.48193812
v -0.07878551 -0.09822678 0.48303616
v -0.07776665 -0.09687876 0.4853487
v -0.07809168 -0.09730592 0.48452973
v -0.07710057 -0.09648611 0.5006277
v -0.07844606 -0.09777495 0.48373014
v -0.07735152 -0.0968696 0.50150794
v -0.07760069 -0.09724674 0.50228035
v -0.07787383 -0.09765715 0.50304139
v -0.07688085 -0.09614606 0.4997361
v -0.07669278 -0.09585011 0.49883494
v -0.07747158 -0.0964943 0.48618546
v -0.07653674 -0.09559881 0.49792591
v -0.07720705 -0.09615327 0.48703843
v -0.07697355 -0.09585631 0.48790598
v -0.07641299 -0.09539264 0.49701074
v -0.07677153 -0.095604 0.48878649
v -0.0763218 -0.09523199 0.49609116
v -0.07626332 -0.09511718 0.49516892
v -0.07660136 -0.0953968 0.48967823
v -0.07646339 -0.09523512 0.49057952
v -0.07623766 -0.09504841 0.49424583
v -0.07624489 -0.09502582 0.49332356
v -0.07635786 -0.09511927 0.49148867
v -0.07628498 -0.09504946 0.49240392
v -0.07131103 -0.13421078 0.5037756
v -0.07171452 -0.13385521 0.50450557
v -0.07216787 -0.13356754 0.50414389
v -0.07094101 -0.13454391 0.50303191
v -0.07249586 -0.13519081 0.48453134
v -0.07203555 -0.13544926 0.48525405
v -0.07056577 -0.13489087 0.50218111
v -0.07155689 -0.13571067 0.48608321
v -0.07112001 -0.13594085 0.48692876
v -0.07023421 -0.13520816 0.50131613
v -0.06994694 -0.13549519 0.50043857
v -0.07072575 -0.13613936 0.48778909
v -0.07037485 -0.13630584 0.4886626
v -0.06970454 -0.1357514 0.49955007
v -0.070068 -0.13643996 0.48954761
v -0.06950745 -0.1359763 0.49865234
v -0.06919137 -0.13645925 0.4959209
v -0.06925061 -0.13633056 0.49683601
v -0.0694171 -0.13664594 0.49225459
v -0.06935604 -0.13616948 0.49774706
v -0.06980578 -0.13654147 0.4904424
v -0.06958867 -0.13661018 0.49134532
v -0.06917841 -0.13655527 0.49500343
v -0.06929138 -0.13664871 0.49316853
v -0.06921177 -0.13661847 0.4940854
v -0.07154901 -0.13371965 0.50466335
v -0.07241174 -0.12112207 0.50526249
v -0.07208401 -0.12130993 0.50552613
v -0.07433736 -0.10980523 0.50480473
v -0.0740936 -0.10949961 0.50504839
v -0.06875142 -0.13099112 0.50737649
v -0.07132035 -0.12753609 0.50552195
v -0.07159 -0.12782177 0.50525796
v -0.07009012 -0.13240948 0.50606614
v -0.07577405 -0.10323223 0.50426334
v -0.07416981 -0.09914741 0.50608844
v -0.07613431 -0.10310336 0.50396526
v -0.07588416 -0.09835815 0.5046888
v -0.07650678 -0.10300556 0.50365329
v -0.07333141 -0.10608947 0.50607246
v -0.07329611 -0.10627121 0.50608361
v -0.07035809 -0.12364068 0.50677109
v -0.0703144 -0.12382033 0.50678968
v -0.0702791 -0.12400207 0.50680083
v -0.07025225 -0.12418555 0.50680447
v -0.0733751 -0.10590982 0.50605386
v -0.07275704 -0.1209631 0.50498056
v -0.07460701 -0.11009092 0.5045408
v -0.0731173 -0.12083422 0.50468248
v -0.07188348 -0.12808536 0.5049758
v -0.07219855 -0.12832484 0.50467747
v -0.07767497 -0.09771762 0.50320703
v -0.07326926 -0.10645469 0.50608724
v -0.07325093 -0.10663957 0.50608337
v -0.07324114 -0.10682549 0.50607198
v -0.07023392 -0.12437043 0.50680059
v -0.07022413 -0.12455634 0.50678921
v -0.07022289 -0.12474295 0.50677031
v -0.07298402 -0.12877102 0.50394988
v -0.07288438 -0.12872466 0.50404108
v -0.07253284 -0.12853839 0.50436527
v -0.07688863 -0.10293958 0.50332981
v -0.0772776 -0.10290589 0.50299668
v -0.07738572 -0.10290235 0.50290352
v -0.0735556 -0.1053868 0.50595349
v -0.0734873 -0.10555815 0.50599432
v -0.0734271 -0.1057326 0.50602776
v -0.07061484 -0.12294973 0.50662261
v -0.07053859 -0.12311766 0.50667071
v -0.07047029 -0.123289 0.50671154
v -0.07041009 -0.12346346 0.50674498
v -0.07023022 -0.12492988 0.50674403
v -0.07024611 -0.1251168 0.50671029
v -0.07027051 -0.12530333 0.50666922
v -0.07380766 -0.10489457 0.50578791
v -0.07371593 -0.10505469 0.5058502
v -0.07363185 -0.10521887 0.50590545
v -0.0732399 -0.10701209 0.50605315
v -0.07324723 -0.10719903 0.5060268
v -0.07326312 -0.10738594 0.50599307
v -0.07088988 -0.12246967 0.50643587
v -0.07079066 -0.12262543 0.50650513
v -0.07069892 -0.12278555 0.50656742
v -0.07332039 -0.10775827 0.50590372
v -0.07328752 -0.10757247 0.50595206
v -0.07590139 -0.11099381 0.50332385
v -0.07600103 -0.11104017 0.50323266
v -0.07436872 -0.1206332 0.50362068
v -0.07030338 -0.12548913 0.50662094
v -0.07034466 -0.12567385 0.50656545
v -0.07039429 -0.12585711 0.50650293
v -0.074127 -0.10444156 0.50555986
v -0.0740134 -0.10458771 0.50564259
v -0.07390688 -0.10473881 0.50571865
v -0.07336167 -0.10794298 0.50584823
v -0.07341129 -0.10812625 0.5057857
v -0.07346915 -0.10830773 0.50571626
v -0.07490049 -0.11035451 0.50425857
v -0.07521556 -0.11059399 0.50396025
v -0.07348977 -0.12073641 0.50437051
v -0.07554985 -0.11080753 0.5036481
v -0.07387162 -0.12067043 0.50404704
v -0.07426059 -0.12063675 0.50371391
v -0.07123046 -0.12203149 0.50618786
v -0.07110999 -0.12217242 0.50627708
v -0.07099639 -0.12231857 0.50635982
v -0.07353513 -0.10848708 0.50563997
v -0.07360911 -0.10866396 0.50555706
v -0.07369095 -0.10883802 0.50546759
v -0.0716308 -0.12164269 0.50588286
v -0.07149111 -0.12176637 0.50599056
v -0.07135759 -0.12189606 0.50609225
v -0.07045214 -0.1260386 0.50643349
v -0.07051812 -0.12621795 0.50635719
v -0.06754122 -0.12947381 0.50858623
v -0.0705921 -0.12639481 0.50627422
v -0.07067394 -0.12656887 0.50618482
v -0.07464781 -0.10391183 0.50516564
v -0.07450812 -0.10403552 0.50527334
v -0.07254273 -0.10008007 0.50739723
v -0.0743746 -0.1041652 0.50537509
v -0.07424748 -0.10430063 0.50547063
v -0.0737805 -0.10900894 0.50537181
v -0.07387759 -0.10917638 0.50526989
v -0.07177635 -0.12152524 0.50576943
v -0.07076349 -0.1267398 0.50608903
v -0.07086058 -0.12690724 0.50598711
v -0.07107659 -0.12723047 0.50576556
v -0.07542875 -0.10339122 0.50454527
v -0.07510102 -0.10357907 0.5048089
v -0.07479336 -0.10379439 0.50505221
v -0.08005705 -0.13228975 0.49613777
v -0.08025344 -0.1324522 0.49294794
v -0.07957098 -0.13514639 0.49625331
v -0.07976737 -0.13530885 0.49306348
v -0.08511892 -0.10254132 0.49493444
v -0.08531531 -0.10270377 0.49174461
v -0.0876388 -0.10758638 0.48370954
v -0.09004161 -0.11406697 0.48418751
v -0.08696835 -0.11152657 0.48386893
v -0.07711355 -0.12832177 0.50418127
v -0.07740583 -0.12809375 0.50418764
v -0.0898788 -0.13653095 0.50538522
v -0.07767721 -0.12784116 0.50419146
v -0.07792564 -0.12756592 0.50419277
v -0.07613427 -0.12884216 0.50414747
v -0.07647534 -0.12869741 0.50416106
v -0.0768026 -0.12852351 0.50417238
v -0.0735862 -0.12897629 0.50399739
v -0.07323263 -0.1288681 0.50397015
v -0.07838967 -0.10294944 0.50296772
v -0.07802249 -0.10290439 0.5029428
v -0.07765269 -0.10289154 0.50291938
v -0.08828263 -0.13067302 0.50498867
v -0.08860988 -0.13049911 0.50499994
v -0.0822944 -0.1276167 0.50446433
v -0.0823766 -0.12797749 0.50448775
v -0.08575525 -0.1310288 0.50485116
v -0.08612242 -0.13107386 0.50487608
v -0.07944771 -0.10327318 0.50304931
v -0.079105 -0.10313454 0.50302118
v -0.07875142 -0.10302635 0.50299388
v -0.07394796 -0.12905321 0.50402361
v -0.07431513 -0.12909825 0.50404853
v -0.07468493 -0.1291111 0.50407189
v -0.07505455 -0.12909165 0.50409371
v -0.07542116 -0.12904003 0.50411361
v -0.07578199 -0.12895666 0.50413162
v -0.08248992 -0.12832962 0.50451267
v -0.08263353 -0.12867045 0.50453883
v -0.0828063 -0.12899736 0.50456613
v -0.08722845 -0.13101564 0.50494117
v -0.08758928 -0.13093227 0.50495917
v -0.08794156 -0.13081777 0.50497502
v -0.08892084 -0.13029738 0.50500882
v -0.08921312 -0.13006935 0.50501519
v -0.0894845 -0.12981676 0.50501901
v -0.07875131 -0.12373161 0.50404835
v -0.07863798 -0.12337948 0.50402343
v -0.08707172 -0.11261 0.50399423
v -0.08973292 -0.12954153 0.50502032
v -0.0899565 -0.12924576 0.50501901
v -0.09015352 -0.1289317 0.50501513
v -0.09317053 -0.11120085 0.50429791
v -0.0933395 -0.11087088 0.50429153
v -0.08649223 -0.13108671 0.5048995
v -0.08686184 -0.13106725 0.50492126
v -0.0905586 -0.12570722 0.5048759
v -0.09044527 -0.12535508 0.50485098
v -0.09024546 -0.11328478 0.504224
v -0.08224397 -0.12725003 0.50444251
v -0.07814921 -0.12727016 0.50419146
v -0.08222568 -0.12688026 0.50442261
v -0.07834623 -0.12695609 0.50418758
v -0.07851519 -0.12662613 0.50418121
v -0.08524269 -0.1091494 0.50370538
v -0.08136324 -0.10922524 0.50347036
v -0.08153221 -0.10889528 0.50346398
v -0.08469721 -0.13070506 0.5047695
v -0.08503992 -0.1308437 0.5047977
v -0.0853935 -0.1309519 0.50482494
v -0.07764238 -0.12183873 0.50388366
v -0.0773681 -0.12159102 0.50385416
v -0.07770194 -0.11138024 0.50335473
v -0.0770732 -0.12136824 0.50382465
v -0.07675994 -0.12117208 0.50379539
v -0.0764307 -0.12100404 0.50376654
v -0.07608799 -0.1208654 0.5037384
v -0.07573441 -0.12075721 0.5037111
v -0.07624964 -0.11113724 0.50325292
v -0.07660321 -0.11124543 0.50328022
v -0.07463568 -0.1206224 0.5036366
v -0.07500549 -0.12063524 0.50366002
v -0.0906408 -0.126068 0.50489932
v -0.09060629 -0.11320141 0.50424194
v -0.09095857 -0.11308692 0.5042578
v -0.09070951 -0.12680444 0.50494105
v -0.09223013 -0.11233849 0.50429797
v -0.09250151 -0.1120859 0.50430185
v -0.07888394 -0.12445907 0.50409353
v -0.0829787 -0.12443894 0.50434464
v -0.08278168 -0.12475301 0.50434846
v -0.09271827 -0.10635424 0.50402325
v -0.09246668 -0.10608348 0.50399399
v -0.08525669 -0.10877934 0.50368738
v -0.08300695 -0.12930787 0.50459433
v -0.08323393 -0.1295996 0.50462312
v -0.08348552 -0.12987037 0.50465244
v -0.07879899 -0.11122581 0.50341439
v -0.07915128 -0.11111131 0.50343025
v -0.08042283 -0.11036289 0.50347042
v -0.08069422 -0.1101103 0.50347424
v -0.08531141 -0.10988585 0.50374711
v -0.08094265 -0.10983507 0.50347555
v -0.08116622 -0.1095393 0.50347424
v -0.08526098 -0.10951918 0.50372535
v -0.08539361 -0.11024663 0.50377053
v -0.08550693 -0.11059877 0.50379544
v -0.08565053 -0.11093959 0.50382167
v -0.08625094 -0.11186875 0.50390595
v -0.08650253 -0.11213951 0.50393522
v -0.08677682 -0.11238723 0.50396472
v -0.09032249 -0.12860173 0.50500876
v -0.09046212 -0.12825839 0.50499988
v -0.09057135 -0.12790425 0.50498855
v -0.09274993 -0.11181068 0.5043031
v -0.09297351 -0.1115149 0.50430179
v -0.08261271 -0.12508297 0.50435489
v -0.08247308 -0.12542632 0.50436378
v -0.07890222 -0.12482884 0.5041135
v -0.08236385 -0.12578045 0.5043751
v -0.07865483 -0.12628278 0.50417233
v -0.07876406 -0.12592866 0.504161
v -0.08223968 -0.12651019 0.5044046
v -0.09371253 -0.10944365 0.50424182
v -0.09372652 -0.10907359 0.50422382
v -0.09370824 -0.10870381 0.50420386
v -0.09365781 -0.10833714 0.5041821
v -0.0921924 -0.10583577 0.50396448
v -0.0918975 -0.10561299 0.50393498
v -0.09158424 -0.10541683 0.50390571
v -0.08909037 -0.1048866 0.50372517
v -0.08872376 -0.10493821 0.5037052
v -0.08836293 -0.10502158 0.50368726
v -0.08801065 -0.10513607 0.50367141
v -0.08766958 -0.10528082 0.50365776
v -0.08734232 -0.10545474 0.50364649
v -0.08703137 -0.10565647 0.50363761
v -0.08673909 -0.1058845 0.50363123
v -0.08646771 -0.10613709 0.50362736
v -0.08621928 -0.10641231 0.50362611
v -0.08375981 -0.13011807 0.50468194
v -0.08405471 -0.13034086 0.50471145
v -0.08436797 -0.13053702 0.50474072
v -0.07537266 -0.12068029 0.50368494
v -0.07696497 -0.11132234 0.50330639
v -0.07733214 -0.1113674 0.5033313
v -0.07849438 -0.12303865 0.50399721
v -0.07832161 -0.12271174 0.50396991
v -0.07812096 -0.12240124 0.50394177
v -0.07949235 -0.11096656 0.5034439
v -0.0798196 -0.11079265 0.50345516
v -0.08013055 -0.11059092 0.50346404
v -0.08582331 -0.1112665 0.50384891
v -0.08602396 -0.111577 0.5038771
v -0.09069123 -0.12643467 0.50492108
v -0.09030168 -0.12501426 0.50482476
v -0.09012889 -0.12468735 0.50479746
v -0.08992825 -0.12437684 0.50476933
v -0.09357561 -0.10797636 0.50415868
v -0.09346228 -0.10762423 0.50413376
v -0.09331869 -0.1072834 0.50410753
v -0.091255 -0.10524879 0.50387686
v -0.09091229 -0.10511015 0.50384873
v -0.09055871 -0.10500196 0.50382143
v -0.08176832 -0.10600076 0.50333112
v -0.08599571 -0.10670809 0.50362742
v -0.08185051 -0.10636154 0.50335455
v -0.08579869 -0.10702215 0.50363129
v -0.08970127 -0.1240851 0.50474048
v -0.08944967 -0.12381434 0.50471121
v -0.08917539 -0.12356663 0.50468171
v -0.09193785 -0.11256652 0.50429159
v -0.09069552 -0.12717451 0.50495905
v -0.09162689 -0.11276826 0.50428271
v -0.09129964 -0.11294217 0.50427145
v -0.08228585 -0.12614267 0.50438869
v -0.07884206 -0.12556644 0.50414735
v -0.07888823 -0.1251989 0.5041315
v -0.09347913 -0.11052753 0.50428265
v -0.09358836 -0.1101734 0.50427133
v -0.09366636 -0.10981119 0.50425768
v -0.0931459 -0.10695649 0.5040803
v -0.09294526 -0.10664599 0.5040521
v -0.09019696 -0.10492504 0.50379527
v -0.08982978 -0.10487999 0.50377035
v -0.08945999 -0.10486715 0.50374693
v -0.07977695 -0.10344122 0.50307816
v -0.08562972 -0.10735211 0.50363767
v -0.08549009 -0.10769546 0.50364655
v -0.08190095 -0.10672821 0.50337631
v -0.081655 -0.10564861 0.50330621
v -0.08151139 -0.1053078 0.50327998
v -0.08133861 -0.10498089 0.50325274
v -0.08113797 -0.10467038 0.50322455
v -0.08091099 -0.10437863 0.5031957
v -0.08065939 -0.10410788 0.50316644
v -0.0803851 -0.10386016 0.50313693
v -0.08009021 -0.10363738 0.50310743
v -0.07789397 -0.1221095 0.50391293
v -0.07807156 -0.11136079 0.50337648
v -0.07843817 -0.11130918 0.50339639
v -0.08888049 -0.12334384 0.5046522
v -0.08856723 -0.12314768 0.50462294
v -0.08987885 -0.11333639 0.50420403
v -0.09064935 -0.12754205 0.5049749
v -0.08913943 -0.113343 0.50415885
v -0.08950923 -0.11335585 0.50418228
v -0.0875417 -0.12273281 0.50453866
v -0.08432531 -0.12318559 0.50436372
v -0.08401436 -0.12338732 0.50435483
v -0.08771422 -0.1129742 0.50405234
v -0.08372208 -0.12361535 0.50434846
v -0.0834507 -0.12386794 0.50434458
v -0.08320227 -0.12414318 0.50434333
v -0.08738498 -0.11280616 0.50402349
v -0.07883351 -0.12409239 0.50407177
v -0.08167183 -0.10855193 0.5034551
v -0.08178107 -0.10819779 0.50344378
v -0.08530286 -0.1084118 0.50367153
v -0.08185907 -0.10783558 0.50343013
v -0.08538086 -0.10804959 0.50365788
v -0.08190524 -0.10746805 0.50341427
v -0.08191923 -0.10709798 0.50339627
v -0.08789528 -0.122841 0.50456595
v -0.08823799 -0.12297964 0.50459409
v -0.08877226 -0.11329795 0.50413394
v -0.08717995 -0.1226559 0.50451249
v -0.0884105 -0.11322103 0.50410777
v -0.08681277 -0.12261084 0.50448757
v -0.08805693 -0.11311284 0.50408047
v -0.08644298 -0.122598 0.50446415
v -0.08607336 -0.12261745 0.50444239
v -0.08570675 -0.12266906 0.50442243
v -0.08534592 -0.12275244 0.50440449
v -0.08499364 -0.12286693 0.50438863
v -0.08465257 -0.12301169 0.50437498
v -0.088895 -0.11339948 0.50214028
v -0.08853325 -0.11332256 0.50211412
v -0.08817967 -0.11321437 0.50208682
v -0.08783696 -0.11307573 0.50205868
v -0.08750772 -0.11290769 0.50202984
v -0.08719446 -0.11271153 0.50200057
v -0.08689956 -0.11248875 0.50197107
v -0.08662528 -0.11224104 0.50194156
v -0.08637369 -0.11197028 0.5019123
v -0.0861467 -0.11167853 0.50188345
v -0.08594606 -0.11136803 0.50185525
v -0.08577327 -0.11104112 0.50182801
v -0.08562968 -0.11070029 0.50180179
v -0.08551635 -0.11034816 0.50177687
v -0.08543415 -0.10998738 0.50175345
v -0.08538372 -0.10962071 0.50173169
v -0.08536544 -0.10925093 0.50171173
v -0.08537943 -0.10888087 0.50169373
v -0.0854256 -0.10851333 0.50167787
v -0.0855036 -0.10815112 0.50166422
v -0.08561283 -0.10779699 0.5016529
v -0.08575246 -0.10745364 0.50164402
v -0.08592143 -0.10712367 0.50163764
v -0.08611845 -0.10680962 0.50163376
v -0.08634203 -0.10651384 0.50163245
v -0.08659045 -0.10623862 0.50163376
v -0.08686183 -0.10598603 0.50163758
v -0.08715412 -0.105758 0.50164396
v -0.08746507 -0.10555626 0.50165284
v -0.08779232 -0.10538235 0.5016641
v -0.08813339 -0.1052376 0.50167775
v -0.08848568 -0.10512311 0.50169361
v -0.0888465 -0.10503974 0.50171161
v -0.08921311 -0.10498813 0.50173151
v -0.08958273 -0.10496867 0.50175327
v -0.08995253 -0.10498152 0.5017767
v -0.0903197 -0.10502657 0.50180161
v -0.09068146 -0.10510349 0.50182778
v -0.09103503 -0.10521168 0.50185508
v -0.09137774 -0.10535032 0.50188327
v -0.09170698 -0.10551836 0.50191206
v -0.09202024 -0.10571451 0.50194132
v -0.09231514 -0.10593729 0.50197083
v -0.09258943 -0.10618501 0.50200033
v -0.09284102 -0.10645577 0.50202966
v -0.093068 -0.10674752 0.50205845
v -0.09326865 -0.10705802 0.50208664
v -0.09344143 -0.10738493 0.50211394
v -0.09358503 -0.10772575 0.5021401
v -0.09369835 -0.10807789 0.50216502
v -0.09378055 -0.10843867 0.50218844
v -0.09383098 -0.10880534 0.50221026
v -0.09384927 -0.10917512 0.50223017
v -0.09383527 -0.10954518 0.50224817
v -0.0937891 -0.10991272 0.50226402
v -0.0937111 -0.11027493 0.50227767
v -0.09360188 -0.11062906 0.502289
v -0.09346224 -0.11097241 0.50229788
v -0.09329327 -0.11130237 0.50230432
v -0.09309626 -0.11161643 0.50230813
v -0.09287268 -0.11191221 0.50230944
v -0.09262425 -0.11218743 0.50230819
v -0.09235287 -0.11244002 0.50230432
v -0.09206059 -0.11266805 0.50229794
v -0.09174964 -0.11286978 0.50228906
v -0.09142239 -0.1130437 0.50227779
v -0.09108131 -0.11318845 0.50226414
v -0.09072903 -0.11330294 0.50224829
v -0.0903682 -0.11338631 0.50223035
v -0.09000159 -0.11343792 0.50221038
v -0.08963198 -0.11345737 0.50218862
v -0.08926218 -0.11344453 0.5021652
v -0.07505454 -0.10401043 0.50081003
v -0.07478316 -0.10426302 0.50080615
v -0.07453474 -0.10453824 0.5008049
v -0.07431116 -0.10483401 0.50080621
v -0.07411414 -0.10514807 0.50081009
v -0.07394517 -0.10547803 0.50081646
v -0.07380554 -0.10582139 0.50082535
v -0.07369631 -0.10617551 0.50083667
v -0.07361832 -0.10653772 0.50085032
v -0.07357214 -0.10690526 0.50086617
v -0.07355814 -0.10727532 0.50088418
v -0.07357644 -0.1076451 0.50090414
v -0.07362686 -0.10801177 0.5009259
v -0.07370906 -0.10837255 0.50094932
v -0.07382239 -0.10872469 0.50097424
v -0.07396599 -0.10906551 0.50100046
v -0.07413877 -0.10939242 0.5010277
v -0.07433941 -0.10970293 0.5010559
v -0.07456639 -0.10999467 0.50108474
v -0.07481799 -0.11026543 0.50111401
v -0.07509227 -0.11051314 0.50114352
v -0.07538717 -0.11073593 0.50117302
v -0.07570043 -0.11093209 0.50120229
v -0.07602967 -0.11110013 0.50123113
v -0.07534683 -0.10378239 0.5008164
v -0.07565778 -0.10358065 0.50082529
v -0.07598503 -0.10340675 0.50083655
v -0.0763261 -0.103262 0.5008502
v -0.07667839 -0.1031475 0.50086606
v -0.0770392 -0.10306413 0.500884
v -0.07740582 -0.10301252 0.50090396
v -0.07777543 -0.10299307 0.50092572
v -0.07814524 -0.10300592 0.50094914
v -0.07851241 -0.10305097 0.50097406
v -0.07887416 -0.10312788 0.50100023
v -0.07922774 -0.10323607 0.50102752
v -0.07957046 -0.10337471 0.50105566
v -0.07989969 -0.10354275 0.50108451
v -0.08021295 -0.10373891 0.50111377
v -0.08050784 -0.10396169 0.50114328
v -0.08078214 -0.10420941 0.50117278
v -0.08103373 -0.10448016 0.50120205
v -0.08126071 -0.1047719 0.5012309
v -0.08146136 -0.10508242 0.50125909
v -0.08163413 -0.10540932 0.50128633
v -0.08177774 -0.10575014 0.50131255
v -0.08189107 -0.10610229 0.50133747
v -0.08197325 -0.10646307 0.50136089
v -0.08202369 -0.10682974 0.50138265
v -0.08204198 -0.10719951 0.50140262
v -0.08202798 -0.10756958 0.50142062
v -0.08198181 -0.10793711 0.50143647
v -0.08190382 -0.10829932 0.50145012
v -0.08179458 -0.10865346 0.50146145
v -0.08165495 -0.1089968 0.50147033
v -0.08148598 -0.10932676 0.50147671
v -0.08128896 -0.10964083 0.50148058
v -0.08106539 -0.10993659 0.50148189
v -0.08081696 -0.11021183 0.50148064
v -0.08054557 -0.11046442 0.50147676
v -0.0802533 -0.11069245 0.50147039
v -0.07994235 -0.11089418 0.50146151
v -0.07961509 -0.11106808 0.50145024
v -0.07927402 -0.11121284 0.50143659
v -0.07892174 -0.11132734 0.50142074
v -0.07856091 -0.11141071 0.5014028
v -0.0781943 -0.11146232 0.50138283
v -0.07782469 -0.11148177 0.50136107
v -0.07745489 -0.11146893 0.50133765
v -0.07708772 -0.11142387 0.50131273
v -0.07672596 -0.11134696 0.50128657
v -0.07637238 -0.11123877 0.50125927
v -0.08065418 -0.10767053 0.48880133
v -0.08066322 -0.10785324 0.48881119
v -0.08062927 -0.10748935 0.48879057
v -0.0806563 -0.1080361 0.48882008
v -0.08063349 -0.1082177 0.48882794
v -0.08059495 -0.10839668 0.48883468
v -0.08054098 -0.10857166 0.48884025
v -0.0769694 -0.10923438 0.48865411
v -0.07685725 -0.10909022 0.48863986
v -0.07482352 -0.10927176 0.4885239
v -0.0767581 -0.10893679 0.48862594
v -0.07549396 -0.10533157 0.48836452
v -0.07659345 -0.10717229 0.48852596
v -0.07666244 -0.10700263 0.48852158
v -0.07647121 -0.1078907 0.48855501
v -0.07647812 -0.10770785 0.48854613
v -0.07650094 -0.10752624 0.4885383
v -0.07653948 -0.10734726 0.48853153
v -0.07674593 -0.10683959 0.48851839
v -0.07684328 -0.10668441 0.48851648
v -0.07695376 -0.10653826 0.48851585
v -0.08037633 -0.10680715 0.48874027
v -0.0804617 -0.10696868 0.48875374
v -0.08004071 -0.10637578 0.48869762
v -0.08016503 -0.10650957 0.4887121
v -0.08027718 -0.10665372 0.48872635
v -0.08053266 -0.10713708 0.4887667
v -0.08058865 -0.10731108 0.48877901
v -0.07912146 -0.10989287 0.48882014
v -0.07894316 -0.10993407 0.48881125
v -0.07839666 -0.10996284 0.4887791
v -0.07821523 -0.10994057 0.48876679
v -0.07803648 -0.10990257 0.48875386
v -0.07667273 -0.10877527 0.48861247
v -0.07660177 -0.10860686 0.48859954
v -0.07654577 -0.10843286 0.48858723
v -0.07707651 -0.10640226 0.48851648
v -0.07721061 -0.10627746 0.48851839
v -0.07735503 -0.10616478 0.48852155
v -0.07909795 -0.10584138 0.48861238
v -0.07927266 -0.10589483 0.48862585
v -0.07944199 -0.10596334 0.48863977
v -0.07960468 -0.10604637 0.48865402
v -0.07975946 -0.1061433 0.48866847
v -0.07990518 -0.10625338 0.48868304
v -0.08047199 -0.10874131 0.48884466
v -0.08038849 -0.10890435 0.48884782
v -0.08029114 -0.10905954 0.48884973
v -0.08018067 -0.10920569 0.48885036
v -0.08005792 -0.10934168 0.48884973
v -0.07992382 -0.10946649 0.48884782
v -0.07929552 -0.1098363 0.48882797
v -0.07946405 -0.10976477 0.48883471
v -0.07876202 -0.10995957 0.48880142
v -0.07857938 -0.10996918 0.48879066
v -0.07650516 -0.1082546 0.48857564
v -0.07648025 -0.10807341 0.48856488
v -0.0797794 -0.10957916 0.48884469
v -0.07962576 -0.10967884 0.48884028
v -0.07786177 -0.10984911 0.48874035
v -0.07769243 -0.1097806 0.48872644
v -0.07752975 -0.10969757 0.48871219
v -0.07750867 -0.1060651 0.48852593
v -0.07767037 -0.10597917 0.4885315
v -0.07783891 -0.10590765 0.48853824
v -0.07801297 -0.10585107 0.48854607
v -0.07819127 -0.10580987 0.48855495
v -0.07837241 -0.10578438 0.48856479
v -0.07855505 -0.10577476 0.48857555
v -0.07873777 -0.10578111 0.48858714
v -0.07891919 -0.10580337 0.48859942
v -0.07737496 -0.10960065 0.48869774
v -0.07722925 -0.10949057 0.48868316
v -0.07709372 -0.10936817 0.48866859
v -0.07310956 -0.12494744 0.49533612
v -0.0731481 -0.12476846 0.49532938
v -0.07320207 -0.12459348 0.49532378
v -0.07327107 -0.12442382 0.4953194
v -0.07335456 -0.12426078 0.49531624
v -0.07345191 -0.1241056 0.49531433
v -0.07356238 -0.12395945 0.49531367
v -0.07368513 -0.12382346 0.4953143
v -0.07381923 -0.12369865 0.49531621
v -0.07396365 -0.12358598 0.49531937
v -0.0741173 -0.1234863 0.49532375
v -0.074279 -0.12340037 0.49532932
v -0.07444752 -0.12332884 0.49533606
v -0.0746216 -0.12327226 0.49534389
v -0.07479988 -0.12323107 0.49535277
v -0.07498103 -0.12320557 0.49536264
v -0.07516366 -0.12319596 0.4953734
v -0.07534639 -0.12320231 0.49538496
v -0.07552782 -0.12322456 0.49539727
v -0.07570656 -0.12326257 0.4954102
v -0.07588127 -0.12331603 0.49542367
v -0.07605062 -0.12338454 0.49543759
v -0.0762133 -0.12346756 0.49545184
v -0.07636809 -0.12356449 0.49546632
v -0.0765138 -0.12367457 0.4954809
v -0.07664933 -0.12379697 0.49549547
v -0.07677364 -0.12393076 0.49550992
v -0.0768858 -0.12407491 0.49552417
v -0.07698494 -0.12422834 0.49553809
v -0.07707032 -0.12438987 0.49555159
v -0.07714128 -0.12455828 0.49556452
v -0.07719727 -0.12473228 0.49557683
v -0.07723788 -0.12491054 0.49558842
v -0.0772628 -0.12509172 0.49559918
v -0.07727184 -0.12527443 0.49560905
v -0.07726493 -0.12545729 0.49561793
v -0.07724211 -0.1256389 0.49562576
v -0.07720357 -0.12581787 0.4956325
v -0.0771496 -0.12599285 0.4956381
v -0.0770806 -0.12616251 0.49564248
v -0.07699712 -0.12632555 0.49564564
v -0.07689976 -0.12648073 0.49564755
v -0.07678929 -0.12662688 0.49564821
v -0.07666654 -0.12676287 0.49564758
v -0.07653245 -0.12688768 0.49564567
v -0.07638802 -0.12700036 0.49564251
v -0.07623438 -0.12710004 0.49563813
v -0.07607267 -0.12718597 0.49563256
v -0.07590415 -0.1272575 0.49562582
v -0.07573007 -0.12731406 0.49561799
v -0.07555179 -0.12735526 0.4956091
v -0.07537063 -0.12738076 0.49559924
v -0.075188 -0.12739037 0.49558848
v -0.07500528 -0.12738402 0.49557692
v -0.07482385 -0.12736176 0.49556461
v -0.0746451 -0.12732376 0.49555168
v -0.07447039 -0.12727031 0.4955382
v -0.07430105 -0.1272018 0.49552429
v -0.07413837 -0.12711877 0.49551004
v -0.07398358 -0.12702185 0.49549556
v -0.07383787 -0.12691176 0.49548098
v -0.07370234 -0.12678936 0.49546641
v -0.07357802 -0.12665558 0.49545196
v -0.07346587 -0.12651142 0.49543771
v -0.07336672 -0.12635799 0.49542379
v -0.07328135 -0.12619646 0.49541029
v -0.0732104 -0.12602806 0.49539736
v -0.0731544 -0.12585406 0.49538505
v -0.07311378 -0.12567578 0.49537346
v -0.07308886 -0.12549461 0.4953627
v -0.07307982 -0.1253119 0.49535283
v -0.07308675 -0.12512904 0.49534395
v -0.08491685 -0.12692304 0.49616367
v -0.08495539 -0.12674406 0.49615693
v -0.08500936 -0.12656908 0.49615136
v -0.08507836 -0.12639943 0.49614695
v -0.08516185 -0.12623639 0.49614379
v -0.0852592 -0.1260812 0.49614188
v -0.08536967 -0.12593506 0.49614125
v -0.08549242 -0.12579906 0.49614188
v -0.08562652 -0.12567426 0.49614376
v -0.08577093 -0.12556158 0.49614692
v -0.08592459 -0.12546191 0.4961513
v -0.08608629 -0.12537597 0.4961569
v -0.08625481 -0.12530445 0.49616364
v -0.08642889 -0.12524787 0.49617144
v -0.08660717 -0.12520668 0.49618033
v -0.08678833 -0.12518117 0.49619019
v -0.08697096 -0.12517156 0.49620095
v -0.08715368 -0.1251779 0.49621251
v -0.08733511 -0.12520017 0.49622482
v -0.08751386 -0.12523818 0.49623775
v -0.08768857 -0.12529163 0.49625126
v -0.08785791 -0.12536015 0.49626514
v -0.08802059 -0.12544318 0.49627939
v -0.08817538 -0.12554009 0.49629387
v -0.08832109 -0.12565018 0.49630845
v -0.08845662 -0.12577258 0.49632302
v -0.08858094 -0.12590636 0.4963375
v -0.0886931 -0.12605052 0.49635175
v -0.08879223 -0.12620394 0.49636567
v -0.08887761 -0.12636548 0.49637914
v -0.08894856 -0.12653388 0.49639207
v -0.08900456 -0.12670788 0.49640438
v -0.08904517 -0.12688614 0.49641597
v -0.0890701 -0.12706733 0.49642673
v -0.08907913 -0.12725005 0.4964366
v -0.08907222 -0.1274329 0.49644548
v -0.0890494 -0.1276145 0.49645332
v -0.08901086 -0.12779348 0.49646005
v -0.08895689 -0.12796846 0.49646565
v -0.08888789 -0.12813811 0.49647003
v -0.0888044 -0.12830116 0.49647319
v -0.08870705 -0.12845634 0.4964751
v -0.08859658 -0.12860249 0.49647576
v -0.08847383 -0.12873848 0.49647513
v -0.08833973 -0.12886329 0.49647322
v -0.08819532 -0.12897596 0.49647006
v -0.08804166 -0.12907565 0.49646568
v -0.08787996 -0.12916157 0.49646011
v -0.08771144 -0.12923309 0.49645337
v -0.08753736 -0.12928967 0.49644554
v -0.08735908 -0.12933087 0.49643666
v -0.08717792 -0.12935637 0.49642679
v -0.0869953 -0.12936598 0.49641606
v -0.08681257 -0.12935963 0.49640447
v -0.08663114 -0.12933737 0.49639216
v -0.08645239 -0.12929937 0.49637923
v -0.08627769 -0.12924591 0.49636576
v -0.08610834 -0.12917741 0.49635184
v -0.08594566 -0.12909438 0.49633759
v -0.08579087 -0.12899745 0.49632314
v -0.08564516 -0.12888737 0.49630857
v -0.08550963 -0.12876497 0.49629396
v -0.08538532 -0.12863117 0.49627951
v -0.08527315 -0.12848702 0.49626526
v -0.08517402 -0.1283336 0.49625134
v -0.08508864 -0.12817207 0.49623787
v -0.08501769 -0.12800366 0.49622491
v -0.08496169 -0.12782966 0.4962126
v -0.08492108 -0.12765139 0.49620104
v -0.08489615 -0.12747021 0.49619028
v -0.08488712 -0.12728751 0.49618042
v -0.08489404 -0.12710464 0.49617153
v -0.08793386 -0.10919219 0.49544647
v -0.08754107 -0.1088673 0.50182611
v -0.0879724 -0.10901321 0.49543971
v -0.08757962 -0.10868832 0.50181937
v -0.08802637 -0.10883823 0.49543414
v -0.08763359 -0.10851334 0.50181383
v -0.08809537 -0.10866857 0.49542975
v -0.08770258 -0.10834368 0.50180942
v -0.08817886 -0.10850553 0.49542657
v -0.08778607 -0.10818064 0.50180626
v -0.08827621 -0.10835035 0.49542466
v -0.08788343 -0.10802545 0.50180435
v -0.08838668 -0.1082042 0.49542403
v -0.0879939 -0.10787931 0.5018037
v -0.08850943 -0.10806821 0.49542466
v -0.08811665 -0.10774332 0.50180435
v -0.08864353 -0.1079434 0.49542657
v -0.08825074 -0.10761851 0.50180626
v -0.08878795 -0.10783073 0.49542972
v -0.08839516 -0.10750584 0.50180936
v -0.0889416 -0.10773104 0.49543411
v -0.08854881 -0.10740615 0.50181377
v -0.0891033 -0.10764512 0.49543968
v -0.08871052 -0.10732023 0.50181937
v -0.08927182 -0.10757359 0.49544641
v -0.08887904 -0.1072487 0.50182611
v -0.0894459 -0.10751701 0.49545425
v -0.08905311 -0.10719212 0.50183392
v -0.08962418 -0.10747582 0.49546313
v -0.0892314 -0.10715093 0.5018428
v -0.08980533 -0.10745032 0.49547297
v -0.08941256 -0.10712543 0.50185263
v -0.08998796 -0.10744071 0.49548373
v -0.08959518 -0.10711581 0.50186342
v -0.09017069 -0.10744706 0.49549532
v -0.08977791 -0.10712216 0.50187498
v -0.09035212 -0.10746931 0.4955076
v -0.08995934 -0.10714442 0.50188726
v -0.09053086 -0.10750732 0.49552056
v -0.09013809 -0.10718243 0.5019002
v -0.09070557 -0.10756078 0.49553403
v -0.09031279 -0.10723589 0.50191373
v -0.09087492 -0.10762928 0.49554795
v -0.09048214 -0.10730439 0.50192761
v -0.0910376 -0.10771231 0.4955622
v -0.09064481 -0.10738742 0.50194186
v -0.09119239 -0.10780924 0.49557665
v -0.09079961 -0.10748435 0.50195634
v -0.0913381 -0.10791932 0.49559122
v -0.09094532 -0.10759443 0.50197089
v -0.09147363 -0.10804172 0.4956058
v -0.09108085 -0.10771683 0.50198549
v -0.09159794 -0.10817551 0.49562028
v -0.09120516 -0.10785062 0.50199997
v -0.09171011 -0.10831966 0.49563453
v -0.09131732 -0.10799477 0.50201422
v -0.09180924 -0.10847309 0.49564844
v -0.09141646 -0.1081482 0.50202811
v -0.09189462 -0.10863462 0.49566191
v -0.09150184 -0.10830973 0.50204158
v -0.09196557 -0.10880303 0.49567488
v -0.09157279 -0.10847814 0.50205451
v -0.09202157 -0.10897703 0.49568719
v -0.09162879 -0.10865214 0.50206685
v -0.09206218 -0.10915529 0.49569875
v -0.0916694 -0.1088304 0.50207841
v -0.0920871 -0.10933647 0.49570951
v -0.09169433 -0.10901158 0.5020892
v -0.09209614 -0.10951918 0.49571937
v -0.09170336 -0.10919429 0.50209904
v -0.09208923 -0.10970204 0.49572825
v -0.09169644 -0.10937715 0.50210792
v -0.09206641 -0.10988364 0.49573612
v -0.09167363 -0.10955875 0.50211579
v -0.09202787 -0.11006262 0.49574286
v -0.09163509 -0.10973773 0.50212252
v -0.0919739 -0.11023761 0.49574843
v -0.09158111 -0.10991271 0.50212812
v -0.0919049 -0.11040726 0.49575284
v -0.09151212 -0.11008237 0.50213248
v -0.09182141 -0.1105703 0.495756
v -0.09142863 -0.11024541 0.50213563
v -0.09172406 -0.11072548 0.49575791
v -0.09133128 -0.11040059 0.50213754
v -0.09161359 -0.11087163 0.49575853
v -0.09122081 -0.11054674 0.5021382
v -0.09149084 -0.11100762 0.49575791
v -0.09109806 -0.11068273 0.5021376
v -0.09135674 -0.11113243 0.495756
v -0.09096396 -0.11080754 0.50213569
v -0.09121232 -0.1112451 0.49575287
v -0.09081954 -0.11092021 0.50213253
v -0.09105868 -0.11134478 0.49574849
v -0.09066589 -0.11101989 0.50212812
v -0.09089697 -0.11143072 0.49574289
v -0.09050419 -0.11110582 0.50212258
v -0.09072845 -0.11150224 0.49573615
v -0.09033566 -0.11117735 0.50211585
v -0.09055437 -0.11155882 0.49572831
v -0.09016159 -0.11123393 0.50210798
v -0.09037609 -0.11160001 0.49571943
v -0.08998331 -0.11127512 0.5020991
v -0.09019493 -0.11162551 0.4957096
v -0.08980215 -0.11130062 0.50208926
v -0.0900123 -0.11163513 0.49569884
v -0.08961952 -0.11131024 0.50207853
v -0.08982958 -0.11162878 0.49568728
v -0.08943679 -0.11130389 0.50206691
v -0.08964815 -0.11160652 0.49567497
v -0.08925537 -0.11128163 0.50205463
v -0.0894694 -0.11156851 0.49566203
v -0.08907662 -0.11124362 0.5020417
v -0.08929469 -0.11151505 0.49564853
v -0.08890191 -0.11119016 0.50202823
v -0.08912535 -0.11144654 0.49563462
v -0.08873257 -0.11112165 0.50201428
v -0.08896267 -0.11136352 0.49562037
v -0.08856989 -0.11103863 0.50200003
v -0.08880788 -0.11126659 0.49560592
v -0.0884151 -0.1109417 0.50198561
v -0.08866217 -0.11115651 0.49559134
v -0.08826939 -0.11083162 0.50197101
v -0.08852664 -0.11103411 0.49557677
v -0.08813386 -0.11070922 0.5019564
v -0.08840232 -0.11090032 0.49556229
v -0.08800954 -0.11057543 0.50194198
v -0.08829017 -0.11075617 0.49554804
v -0.08789738 -0.11043128 0.50192773
v -0.08819102 -0.11060274 0.49553412
v -0.08779825 -0.11027785 0.50191379
v -0.08810565 -0.11044121 0.49552065
v -0.08771287 -0.11011632 0.50190032
v -0.0880347 -0.1102728 0.49550772
v -0.08764191 -0.10994791 0.50188738
v -0.0879787 -0.1100988 0.49549541
v -0.08758592 -0.10977391 0.50187504
v -0.08793809 -0.10992054 0.49548382
v -0.08754531 -0.10959565 0.50186348
v -0.08791316 -0.10973936 0.49547306
v -0.08752038 -0.10941447 0.50185275
v -0.08790413 -0.10955665 0.49546319
v -0.08751135 -0.10923176 0.50184286
v -0.08791105 -0.10937379 0.49545431
v -0.08751826 -0.1090489 0.50183398
v -0.07612657 -0.10721658 0.49461889
v -0.07573379 -0.10689169 0.50099856
v -0.07616511 -0.1070376 0.49461216
v -0.07577232 -0.10671271 0.50099182
v -0.07621908 -0.10686263 0.49460658
v -0.07582629 -0.10653773 0.50098622
v -0.07628807 -0.10669297 0.49460217
v -0.07589529 -0.10636807 0.50098187
v -0.07637157 -0.10652993 0.49459901
v -0.07597879 -0.10620504 0.50097871
v -0.07646891 -0.10637474 0.49459711
v -0.07607614 -0.10604985 0.5009768
v -0.07657938 -0.1062286 0.49459648
v -0.0761866 -0.10590371 0.50097615
v -0.07670214 -0.1060926 0.49459711
v -0.07630935 -0.10576771 0.50097674
v -0.07683624 -0.1059678 0.49459901
v -0.07644346 -0.1056429 0.50097865
v -0.07698066 -0.10585512 0.49460214
v -0.07658787 -0.10553023 0.50098181
v -0.0771343 -0.10575544 0.49460655
v -0.07674152 -0.10543055 0.50098622
v -0.077296 -0.10566951 0.49461213
v -0.07690322 -0.10534462 0.50099176
v -0.07746454 -0.10559799 0.49461886
v -0.07707175 -0.10527309 0.5009985
v -0.0776386 -0.10554141 0.4946267
v -0.07724582 -0.10521652 0.50100636
v -0.07781689 -0.10550021 0.49463558
v -0.07742411 -0.10517532 0.50101525
v -0.07799804 -0.10547472 0.49464542
v -0.07760526 -0.10514982 0.50102508
v -0.07818068 -0.1054651 0.49465618
v -0.07778789 -0.10514021 0.50103587
v -0.0783634 -0.10547145 0.49466774
v -0.07797062 -0.10514656 0.50104743
v -0.07854483 -0.10549371 0.49468005
v -0.07815205 -0.10516882 0.50105971
v -0.07872357 -0.10553171 0.49469298
v -0.07833079 -0.10520682 0.50107265
v -0.07889829 -0.10558517 0.49470648
v -0.0785055 -0.10526028 0.50108612
v -0.07906763 -0.10565368 0.4947204
v -0.07867485 -0.10532878 0.50110006
v -0.07923031 -0.10573671 0.49473464
v -0.07883753 -0.10541182 0.50111431
v -0.07938509 -0.10583363 0.4947491
v -0.07899231 -0.10550874 0.50112879
v -0.07953081 -0.10594372 0.49476367
v -0.07913803 -0.10561883 0.50114334
v -0.07966634 -0.10606612 0.49477825
v -0.07927356 -0.10574123 0.50115794
v -0.07979065 -0.10619991 0.49479273
v -0.07939787 -0.10587501 0.50117236
v -0.07990281 -0.10634406 0.49480698
v -0.07951003 -0.10601917 0.50118661
v -0.08000195 -0.10649748 0.49482089
v -0.07960917 -0.10617259 0.50120056
v -0.08008733 -0.10665902 0.49483436
v -0.07969455 -0.10633413 0.50121403
v -0.08015829 -0.10682742 0.4948473
v -0.0797655 -0.10650253 0.50122696
v -0.08021428 -0.10700142 0.49485961
v -0.0798215 -0.10667653 0.5012393
v -0.08025489 -0.10717969 0.4948712
v -0.07986211 -0.1068548 0.50125086
v -0.08027981 -0.10736087 0.49488196
v -0.07988703 -0.10703598 0.50126165
v -0.08028885 -0.10754358 0.49489182
v -0.07989607 -0.10721869 0.50127149
v -0.08028194 -0.10772643 0.4949007
v -0.07988915 -0.10740154 0.50128037
v -0.08025912 -0.10790804 0.49490854
v -0.07986633 -0.10758315 0.50128824
v -0.08022058 -0.10808702 0.49491531
v -0.0798278 -0.10776213 0.50129497
v -0.08016661 -0.108262 0.49492088
v -0.07977382 -0.10793711 0.50130057
v -0.08009762 -0.10843165 0.49492526
v -0.07970483 -0.10810676 0.50130492
v -0.08001412 -0.10859469 0.49492845
v -0.07962134 -0.1082698 0.50130808
v -0.07991677 -0.10874987 0.49493036
v -0.07952399 -0.10842498 0.50130999
v -0.0798063 -0.10889602 0.49493098
v -0.07941352 -0.10857113 0.50131065
v -0.07968355 -0.10903202 0.49493036
v -0.07929076 -0.10870712 0.50131005
v -0.07954945 -0.10915682 0.49492845
v -0.07915667 -0.10883193 0.50130814
v -0.07940503 -0.1092695 0.49492529
v -0.07901224 -0.10894461 0.50130498
v -0.07925139 -0.10936918 0.49492091
v -0.0788586 -0.10904429 0.50130057
v -0.07908968 -0.10945511 0.49491534
v -0.0786969 -0.10913022 0.50129503
v -0.07892115 -0.10952663 0.4949086
v -0.07852837 -0.10920174 0.50128829
v -0.07874709 -0.10958321 0.49490076
v -0.0783543 -0.10925832 0.50128043
v -0.07856879 -0.10962441 0.49489188
v -0.07817601 -0.10929951 0.50127155
v -0.07838764 -0.1096499 0.49488205
v -0.07799486 -0.10932501 0.50126171
v -0.07820501 -0.10965952 0.49487129
v -0.07781223 -0.10933463 0.50125092
v -0.07802229 -0.10965317 0.4948597
v -0.07762951 -0.10932828 0.50123936
v -0.07784086 -0.10963091 0.49484742
v -0.07744808 -0.10930602 0.50122708
v -0.07766211 -0.10959291 0.49483445
v -0.07726933 -0.10926802 0.50121415
v -0.0774874 -0.10953945 0.49482098
v -0.07709462 -0.10921456 0.50120068
v -0.07731806 -0.10947094 0.49480706
v -0.07692528 -0.10914605 0.50118673
v -0.07715538 -0.10938791 0.49479282
v -0.07676259 -0.10906302 0.50117248
v -0.07700059 -0.10929099 0.49477836
v -0.07660781 -0.1089661 0.501158
v -0.07685488 -0.1091809 0.49476379
v -0.0764621 -0.10885601 0.50114346
v -0.07671934 -0.10905851 0.49474922
v -0.07632656 -0.10873362 0.50112885
v -0.07659503 -0.10892472 0.49473473
v -0.07620225 -0.10859983 0.50111443
v -0.07648288 -0.10878056 0.49472049
v -0.07609009 -0.10845567 0.50110018
v -0.07638373 -0.10862713 0.49470657
v -0.07599095 -0.10830224 0.50108624
v -0.07629836 -0.1084656 0.4946931
v -0.07590558 -0.10814071 0.50107276
v -0.0762274 -0.1082972 0.49468014
v -0.07583462 -0.10797231 0.50105983
v -0.07617141 -0.1081232 0.49466783
v -0.07577863 -0.10779831 0.50104749
v -0.07613079 -0.10794494 0.49465626
v -0.07573801 -0.10762004 0.50103593
v -0.07610587 -0.10776375 0.49464551
v -0.07571309 -0.10743886 0.50102514
v -0.07609684 -0.10758104 0.49463564
v -0.07570405 -0.10725615 0.50101531
v -0.07610375 -0.10739818 0.49462676
v -0.07571097 -0.10707329 0.50100642
v -0.0698493 -0.11674345 0.49038491
v -0.06980366 -0.1169628 0.49051258
v -0.07027432 -0.11424565 0.49028388
v -0.07030537 -0.11401423 0.49039331
v -0.07023994 -0.11448891 0.49019367
v -0.07020293 -0.11473878 0.49012518
v -0.07016359 -0.11499335 0.49007887
v -0.06998895 -0.11601966 0.49012038
v -0.06994265 -0.11626848 0.49018705
v -0.06989598 -0.11651035 0.49027544
v -0.07012219 -0.11525068 0.49005517
v -0.07007907 -0.11550882 0.49005422
v -0.07003454 -0.1157658 0.49007601
v -0.09364712 -0.11748798 0.49708089
v -0.0936015 -0.11769827 0.49722984
v -0.09320155 -0.11992548 0.4976193
v -0.09324089 -0.11967091 0.49766558
v -0.09328229 -0.11941358 0.49768931
v -0.09355517 -0.11792082 0.49735957
v -0.0935085 -0.11815391 0.49746904
v -0.09346183 -0.11839578 0.49755743
v -0.09341553 -0.1186446 0.49762407
v -0.09336994 -0.11889847 0.49766847
v -0.09332541 -0.11915544 0.49769026
v -0.09316454 -0.12017535 0.49755079
v -0.09313016 -0.12041861 0.4974606
v -0.09309866 -0.12065341 0.49734938
v -0.09377638 -0.11694607 0.49653047
v -0.0937349 -0.11711045 0.49672985
v -0.09369171 -0.11729154 0.49691379
v -0.0930703 -0.12087798 0.49721801
v -0.09304527 -0.1210906 0.49706745
v -0.09302378 -0.12128965 0.49689889
v -0.09383669 -0.11672674 0.49619359
v -0.09381583 -0.11679967 0.49631715
v -0.09298599 -0.12172628 0.49639583
v -0.09039433 -0.13695736 0.49701193
v -0.09299203 -0.12164109 0.49651298
v -0.09300599 -0.12147361 0.49671361
v -0.07242569 -0.10054707 0.49084121
v -0.0722293 -0.10038462 0.49403104
v -0.09123399 -0.10787476 0.49237236
v -0.09138878 -0.10797168 0.49238682
v -0.09153449 -0.10808177 0.49240139
v -0.09072725 -0.10766976 0.49233073
v -0.09054851 -0.10763176 0.49231777
v -0.0703201 -0.11292151 0.49134174
v -0.07649475 -0.10862805 0.49150327
v -0.07658012 -0.10878958 0.49151674
v -0.08946822 -0.10773604 0.49225658
v -0.08929969 -0.10780756 0.49224985
v -0.08913799 -0.10789349 0.49224427
v -0.08898434 -0.10799317 0.49223989
v -0.07630014 -0.10756063 0.49143693
v -0.07632296 -0.10737903 0.49142906
v -0.07629323 -0.10774349 0.49144581
v -0.07630227 -0.1079262 0.49145567
v -0.07632718 -0.10810738 0.49146643
v -0.07667927 -0.10894301 0.49153066
v -0.07679142 -0.10908716 0.4915449
v -0.07691574 -0.10922095 0.49155936
v -0.09229253 -0.10968163 0.49252954
v -0.09228349 -0.10949892 0.49251968
v -0.09225857 -0.10931774 0.49250892
v -0.09036709 -0.1076095 0.49230549
v -0.09018436 -0.10760316 0.49229389
v -0.09000172 -0.10761277 0.49228314
v -0.0763678 -0.10828564 0.491478
v -0.07642379 -0.10845964 0.4914903
v -0.09107131 -0.10779173 0.49235812
v -0.09090197 -0.10772322 0.4923442
v -0.08982057 -0.10763826 0.4922733
v -0.08964229 -0.10767946 0.49226442
v -0.07858404 -0.10981235 0.49169222
v -0.07876518 -0.10978685 0.49170205
v -0.08810052 -0.10971909 0.49227336
v -0.08011316 -0.10891232 0.49174052
v -0.08021051 -0.10875714 0.49173859
v -0.08029401 -0.1085941 0.49173543
v -0.080363 -0.10842444 0.49173105
v -0.08041697 -0.10824946 0.49172544
v -0.07689853 -0.10625505 0.49140728
v -0.07677578 -0.10639104 0.49140665
v -0.07705127 -0.10934335 0.49157396
v -0.07719699 -0.10945343 0.49158853
v -0.07735177 -0.10955036 0.49160299
v -0.07751445 -0.10963339 0.49161723
v -0.07768379 -0.10970189 0.49163115
v -0.0778585 -0.10975535 0.49164462
v -0.09155314 -0.11129487 0.49256617
v -0.09140871 -0.11140755 0.49256304
v -0.09125507 -0.11150723 0.49255863
v -0.09192045 -0.11088793 0.49256808
v -0.09201781 -0.11073274 0.49256617
v -0.0921013 -0.11056971 0.49256301
v -0.09217029 -0.11040005 0.4925586
v -0.09222426 -0.11022507 0.49255303
v -0.0922628 -0.11004609 0.49254629
v -0.09228562 -0.10986449 0.49253842
v -0.09221796 -0.10913947 0.49249735
v -0.09216197 -0.10896547 0.49248505
v -0.09209101 -0.10879707 0.49247208
v -0.0766653 -0.10653719 0.49140728
v -0.07656796 -0.10669237 0.49140918
v -0.07648446 -0.10685541 0.49141234
v -0.07641547 -0.10702507 0.49141675
v -0.0763615 -0.10720005 0.49142233
v -0.08949108 -0.1116775 0.4924587
v -0.08966579 -0.11173096 0.4924722
v -0.09075077 -0.11172126 0.49253848
v -0.09092484 -0.11166469 0.49254632
v -0.09109336 -0.11159316 0.49255306
v -0.09168723 -0.11117007 0.49256808
v -0.09180998 -0.11103407 0.4925687
v -0.09200563 -0.10863554 0.49245861
v -0.0919065 -0.10848211 0.49244469
v -0.09179433 -0.10833795 0.49243045
v -0.09167002 -0.10820416 0.49241596
v -0.07894348 -0.10974566 0.49171093
v -0.07911754 -0.10968908 0.49171877
v -0.07928608 -0.10961755 0.4917255
v -0.07944778 -0.10953163 0.49173108
v -0.07960142 -0.10943194 0.49173546
v -0.07974584 -0.10931927 0.49173862
v -0.0884726 -0.1085128 0.49223483
v -0.08837525 -0.10866798 0.49223673
v -0.08829176 -0.10883102 0.49223992
v -0.08822276 -0.10900068 0.4922443
v -0.0800992 -0.1065065 0.49161714
v -0.07998705 -0.10636235 0.4916029
v -0.07766093 -0.10576043 0.49142903
v -0.07749239 -0.10583196 0.4914223
v -0.07733069 -0.10591789 0.49141669
v -0.08817509 -0.11026125 0.49230555
v -0.08823109 -0.11043525 0.49231786
v -0.08830204 -0.11060365 0.49233082
v -0.08838741 -0.11076519 0.49234429
v -0.08984454 -0.11176896 0.49248514
v -0.09002597 -0.11179122 0.49249744
v -0.09020869 -0.11179757 0.49250901
v -0.07987994 -0.10919446 0.49174052
v -0.08000269 -0.10905847 0.49174115
v -0.08048524 -0.10770603 0.49170199
v -0.0804762 -0.10752331 0.49169213
v -0.07717705 -0.10601757 0.49141231
v -0.07703263 -0.10613024 0.49140918
v -0.08848656 -0.11091861 0.49235821
v -0.08859871 -0.11106277 0.49237245
v -0.08872303 -0.11119656 0.49238694
v -0.08915906 -0.11152596 0.49243054
v -0.08932174 -0.11160899 0.49244478
v -0.09039132 -0.11178796 0.49251977
v -0.09057248 -0.11176246 0.4925296
v -0.08045129 -0.10734213 0.49168137
v -0.08041067 -0.10716387 0.49166977
v -0.08035468 -0.10698987 0.49165747
v -0.07958148 -0.10599608 0.49155927
v -0.0794267 -0.10589916 0.49154481
v -0.07891997 -0.10569416 0.49150315
v -0.07874122 -0.10565615 0.49149022
v -0.07803725 -0.10979336 0.49165756
v -0.07821868 -0.10981562 0.49166986
v -0.0784014 -0.10982197 0.49168146
v -0.08885856 -0.11131895 0.49240151
v -0.08900427 -0.11142904 0.49241608
v -0.08883992 -0.10810585 0.49223673
v -0.08870582 -0.10823066 0.49223483
v -0.08858307 -0.10836665 0.4922342
v -0.08028372 -0.10682146 0.49164453
v -0.08019835 -0.10665993 0.49163106
v -0.07909468 -0.10574762 0.49151665
v -0.08810955 -0.1099018 0.49228323
v -0.08813448 -0.11008298 0.49229398
v -0.08047833 -0.10788888 0.49171087
v -0.08816879 -0.10917565 0.49224988
v -0.08045551 -0.10807049 0.49171871
v -0.08813025 -0.10935463 0.49225664
v -0.08810744 -0.10953624 0.49226448
v -0.07926401 -0.10581613 0.49153057
v -0.07986273 -0.10622856 0.49158841
v -0.0797272 -0.10610616 0.49157384
v -0.07855979 -0.10563389 0.49147791
v -0.07837707 -0.10562754 0.49146634
v -0.07819443 -0.10563716 0.49145558
v -0.07801329 -0.10566266 0.49144572
v -0.07783499 -0.10570385 0.49143687
v -0.06716742 -0.13013306 0.49523437
v -0.06736381 -0.1302955 0.49204451
v -0.07012371 -0.11275907 0.49453157
v -0.06104165 -0.09948025 0.50790614
v -0.06134544 -0.09820653 0.50661242
v -0.06241834 -0.09437096 0.50046128
v -0.06217567 -0.09512533 0.50212276
v -0.06163717 -0.09705044 0.50521004
v -0.06191462 -0.09602076 0.50370967
v -0.06264078 -0.0937634 0.49873802
v -0.0628413 -0.09330728 0.496966
v -0.06301837 -0.09300606 0.49515873
v -0.06317064 -0.09286203 0.49332997
v -0.06339636 -0.09304874 0.48966369
v -0.06329696 -0.09287629 0.49149361
v -0.0634681 -0.09337806 0.48785406
v -0.06351161 -0.09386174 0.48607853
v -0.06352658 -0.0944961 0.48435062
v -0.06351288 -0.09527632 0.48268348
v -0.06347062 -0.09619645 0.48108977
v -0.06317678 -0.09972133 0.47686732
v -0.06330193 -0.09842745 0.47817057
v -0.06340013 -0.0972495 0.47958165
v -0.07316022 -0.10281704 0.47639206
v -0.06302563 -0.10112131 0.47568175
v -0.06284963 -0.10261671 0.47462294
v -0.07298423 -0.10431243 0.47533324
v -0.06265012 -0.10419617 0.47369891
v -0.07278471 -0.1058919 0.47440922
v -0.06242862 -0.10584766 0.47291669
v -0.07256321 -0.10754339 0.47362703
v -0.0621868 -0.10755861 0.47228229
v -0.07232139 -0.10925434 0.4729926
v -0.06192653 -0.109316 0.47180048
v -0.07206111 -0.11101173 0.47251078
v -0.06164976 -0.11110646 0.47147495
v -0.07178435 -0.11280219 0.47218525
v -0.06135862 -0.11291636 0.47130814
v -0.07149321 -0.11461209 0.47201848
v -0.06105531 -0.11473192 0.47130138
v -0.0711899 -0.11642765 0.47201172
v -0.06074214 -0.11653934 0.47145471
v -0.07087674 -0.11823507 0.47216502
v -0.06042151 -0.11832484 0.47176692
v -0.0705561 -0.12002057 0.47247723
v -0.06009584 -0.12007485 0.47223565
v -0.07023043 -0.12177058 0.47294599
v -0.05976762 -0.12177604 0.47285739
v -0.06990221 -0.12347177 0.47356769
v -0.05943935 -0.12341548 0.47362733
v -0.06957394 -0.12511121 0.47433764
v -0.05911351 -0.12498067 0.47453964
v -0.06924811 -0.1266764 0.47524995
v -0.05879261 -0.12645972 0.47558737
v -0.0689272 -0.12815544 0.47629771
v -0.05847906 -0.12784135 0.47676256
v -0.06861366 -0.12953708 0.4774729
v -0.05710237 -0.13295063 0.48420739
v -0.05734504 -0.13219626 0.48254597
v -0.05817527 -0.12911506 0.47805628
v -0.05788354 -0.13027115 0.47945866
v -0.05760609 -0.13130084 0.48095903
v -0.05687993 -0.13355818 0.48593068
v -0.05667942 -0.13401431 0.4877027
v -0.05650235 -0.13431554 0.48950997
v -0.05635007 -0.13445957 0.49133873
v -0.05612434 -0.13427286 0.49500504
v -0.05622375 -0.13444529 0.49317509
v -0.05605261 -0.13394354 0.49681464
v -0.0560091 -0.13345987 0.49859017
v -0.05599413 -0.13282549 0.50031811
v -0.05600783 -0.13204528 0.50198525
v -0.05605009 -0.13112514 0.50357896
v -0.05634393 -0.12760027 0.50780141
v -0.05621878 -0.12889415 0.5064981
v -0.05612059 -0.13007209 0.50508708
v -0.06072811 -0.10086188 0.5090813
v -0.0604072 -0.10234092 0.51012909
v -0.06008136 -0.10390612 0.5110414
v -0.05975309 -0.10554555 0.51181132
v -0.05942487 -0.10724674 0.51243305
v -0.0590992 -0.10899676 0.51290178
v -0.05877857 -0.11078226 0.51321399
v -0.0584654 -0.11258967 0.5133673
v -0.05816209 -0.11440524 0.51336056
v -0.05787095 -0.11621513 0.51319379
v -0.05759419 -0.1180056 0.51286823
v -0.05733391 -0.11976299 0.51238644
v -0.0570921 -0.12147394 0.51175201
v -0.05687059 -0.12312543 0.51096982
v -0.05667108 -0.12470488 0.51004577
v -0.05649508 -0.12620029 0.50898695
v -0.05403854 -0.11950497 0.49476725
v -0.0515664 -0.13208464 0.50000775
v -0.05404368 -0.11972294 0.49417353
v -0.05158136 -0.13271901 0.49827984
v -0.05405863 -0.11988913 0.49356344
v -0.05162488 -0.13320269 0.49650431
v -0.05408328 -0.12000228 0.49294168
v -0.05169661 -0.133532 0.49469471
v -0.05411744 -0.12006154 0.49231291
v -0.05179602 -0.13370445 0.49286476
v -0.05416084 -0.12006644 0.49168193
v -0.05192234 -0.13371871 0.4910284
v -0.05421316 -0.12001695 0.49105355
v -0.05207461 -0.13357468 0.48919964
v -0.054274 -0.11991345 0.49043259
v -0.05225168 -0.13327347 0.48739237
v -0.0543429 -0.11975673 0.4898237
v -0.0524522 -0.13281734 0.48562035
v -0.05441933 -0.11954797 0.48923159
v -0.05267464 -0.13220978 0.48389706
v -0.05450271 -0.11928877 0.48866072
v -0.05291731 -0.13145542 0.48223564
v -0.05459241 -0.1189811 0.48811543
v -0.05317836 -0.13055998 0.4806487
v -0.05468774 -0.11862729 0.48759991
v -0.0534558 -0.12953031 0.47914833
v -0.05478798 -0.11823006 0.48711804
v -0.05374753 -0.1283742 0.47774595
v -0.05489236 -0.11779241 0.48667353
v -0.05405133 -0.1271005 0.47645223
v -0.0550001 -0.11731768 0.48626971
v -0.05436487 -0.12571886 0.47527704
v -0.05511037 -0.11680947 0.48590973
v -0.05468578 -0.12423982 0.47422931
v -0.05522232 -0.11627167 0.48559624
v -0.05501162 -0.12267463 0.473317
v -0.05533512 -0.11570836 0.48533168
v -0.05533989 -0.1210352 0.47254705
v -0.0554479 -0.11512382 0.48511806
v -0.05566811 -0.119334 0.47192532
v -0.0555598 -0.11452252 0.48495701
v -0.05599378 -0.11758399 0.47145659
v -0.05566997 -0.11390901 0.48484972
v -0.05631441 -0.11579848 0.47114435
v -0.05577757 -0.11328799 0.48479706
v -0.05662758 -0.11399107 0.47099105
v -0.05588179 -0.11266416 0.48479939
v -0.05693088 -0.11217551 0.47099781
v -0.05598183 -0.11204227 0.48485669
v -0.05722203 -0.11036561 0.47116458
v -0.05607692 -0.11142707 0.48496854
v -0.05749879 -0.10857515 0.47149014
v -0.05616635 -0.11082322 0.48513409
v -0.05775907 -0.10681775 0.47197196
v -0.05624944 -0.11023533 0.48535207
v -0.05800088 -0.10510681 0.47260636
v -0.05632555 -0.10966788 0.48562086
v -0.05822239 -0.10345531 0.47338858
v -0.0563941 -0.10912517 0.48593834
v -0.0584219 -0.10187586 0.4743126
v -0.05645458 -0.10861135 0.48630217
v -0.0585979 -0.10038045 0.47537142
v -0.05650651 -0.10813032 0.48670951
v -0.05874905 -0.09898048 0.47655699
v -0.05654951 -0.10768574 0.48715732
v -0.0588742 -0.0976866 0.47786024
v -0.05658325 -0.10728099 0.48764217
v -0.05897239 -0.09650865 0.47927132
v -0.05660748 -0.10691916 0.48816037
v -0.05904289 -0.0954556 0.48077944
v -0.05662199 -0.106603 0.48870796
v -0.05908515 -0.09453546 0.48237315
v -0.0566267 -0.10633492 0.48928079
v -0.05909884 -0.09375525 0.48404029
v -0.05662156 -0.10611695 0.48987451
v -0.05908388 -0.09312089 0.4857682
v -0.05660661 -0.10595076 0.4904846
v -0.05904036 -0.0926372 0.48754373
v -0.05658196 -0.10583761 0.49110636
v -0.05896863 -0.09230789 0.48935333
v -0.05654781 -0.10577835 0.49173513
v -0.05886923 -0.09213544 0.49118328
v -0.0565044 -0.10577345 0.49236611
v -0.05874291 -0.09212118 0.49301964
v -0.05645208 -0.10582294 0.49299449
v -0.05859063 -0.0922652 0.4948484
v -0.05639124 -0.10592644 0.49361545
v -0.05841356 -0.09256643 0.49665567
v -0.05632234 -0.10608316 0.49422434
v -0.05821304 -0.09302256 0.49842769
v -0.05624591 -0.10629192 0.49481645
v -0.0579906 -0.09363011 0.50015098
v -0.05616253 -0.10655113 0.49538732
v -0.05774793 -0.09438448 0.5018124
v -0.05607283 -0.1068588 0.49593261
v -0.05748688 -0.0952799 0.50339937
v -0.0559775 -0.1072126 0.49644813
v -0.05720944 -0.09630959 0.50489974
v -0.05587726 -0.10760983 0.49693
v -0.05691771 -0.09746568 0.50630206
v -0.05577288 -0.10804748 0.4973745
v -0.05661391 -0.09873939 0.50759578
v -0.05566514 -0.10852221 0.49777833
v -0.05630037 -0.10012103 0.508771
v -0.05555488 -0.10903042 0.49813831
v -0.05597946 -0.10160007 0.50981873
v -0.05544292 -0.10956822 0.4984518
v -0.05565363 -0.10316526 0.51073104
v -0.05533012 -0.11013153 0.49871635
v -0.05532536 -0.10480469 0.51150101
v -0.05521735 -0.11071607 0.49892998
v -0.05499713 -0.10650589 0.51212269
v -0.05510545 -0.11131737 0.49909103
v -0.05467147 -0.1082559 0.51259148
v -0.05499528 -0.11193088 0.49919832
v -0.05435083 -0.11004141 0.51290369
v -0.05488767 -0.11255191 0.49925098
v -0.05403767 -0.11184882 0.51305699
v -0.05478346 -0.11317573 0.49924865
v -0.05373436 -0.11366438 0.5130502
v -0.05468342 -0.11379762 0.49919134
v -0.05344322 -0.11547428 0.51288342
v -0.05458832 -0.11441283 0.4990795
v -0.05316645 -0.11726474 0.51255792
v -0.05449889 -0.11501667 0.49891394
v -0.05290617 -0.11902214 0.51207608
v -0.0544158 -0.11560456 0.49869597
v -0.05266436 -0.12073309 0.51144165
v -0.05433969 -0.11617201 0.49842718
v -0.05244286 -0.12238458 0.51065946
v -0.05427114 -0.11671472 0.4981097
v -0.05224334 -0.12396403 0.50973547
v -0.05421067 -0.11722854 0.49774587
v -0.05206734 -0.12545943 0.50867665
v -0.05415873 -0.11770957 0.49733853
v -0.05191619 -0.12685941 0.50749105
v -0.05411573 -0.11815415 0.49689072
v -0.05179105 -0.12815329 0.5061878
v -0.05408199 -0.1185589 0.49640587
v -0.05169285 -0.12933125 0.50477672
v -0.05405777 -0.11892073 0.49588767
v -0.05162235 -0.1303843 0.5032686
v -0.05404325 -0.11923689 0.49534008
v -0.0515801 -0.13130443 0.50167489
v -0.05347998 -0.11119899 0.48921403
v -0.05348042 -0.11119561 0.48921582
v -0.05337585 -0.11003322 0.49348274
v -0.05341297 -0.10990591 0.49325711
v -0.07013996 -0.11270469 0.4944295
v -0.05344747 -0.10979865 0.49302089
v -0.07017446 -0.11259743 0.49419326
v -0.05347909 -0.10971227 0.49277589
v -0.07020609 -0.11251105 0.49394825
v -0.0535076 -0.10964742 0.49252394
v -0.0702346 -0.1124462 0.4936963
v -0.05353278 -0.1096046 0.49226698
v -0.07025978 -0.11240337 0.49343935
v -0.05355443 -0.10958412 0.49200696
v -0.07028143 -0.11238289 0.49317932
v -0.05357239 -0.10958614 0.49174586
v -0.07029939 -0.11238492 0.49291825
v -0.05358652 -0.10961066 0.49148569
v -0.07031352 -0.11240944 0.49265805
v -0.05359672 -0.10965749 0.4912284
v -0.07032372 -0.11245626 0.49240077
v -0.05360291 -0.10972626 0.49097595
v -0.0703299 -0.11252503 0.49214834
v -0.05360504 -0.10981645 0.49073029
v -0.07033204 -0.11261522 0.49190265
v -0.05360309 -0.10992738 0.49049324
v -0.07033009 -0.11272615 0.4916656
v -0.05359708 -0.1100582 0.49026665
v -0.07032408 -0.11285698 0.49143901
v -0.05358706 -0.11020793 0.49005222
v -0.0694694 -0.11792105 0.49154398
v -0.05255206 -0.11487465 0.4936786
v -0.05256601 -0.11470716 0.4938792
v -0.05258381 -0.1145232 0.49406451
v -0.0526053 -0.11432415 0.49423307
v -0.05263032 -0.11411154 0.4943836
v -0.05265869 -0.11388697 0.494515
v -0.05269018 -0.11365216 0.49462619
v -0.05272457 -0.1134089 0.49471641
v -0.05276157 -0.11315903 0.49478492
v -0.05280092 -0.11290447 0.4948312
v -0.05284232 -0.11264713 0.49485493
v -0.05288544 -0.112389 0.49485588
v -0.05292997 -0.11213202 0.49483407
v -0.05297555 -0.11187816 0.49478969
v -0.05302186 -0.11162934 0.49472305
v -0.05306852 -0.11138746 0.49463463
v -0.0531152 -0.11115437 0.49452516
v -0.05316152 -0.11093183 0.49439546
v -0.05320715 -0.11072154 0.49424648
v -0.05325173 -0.11052509 0.49407941
v -0.05329492 -0.110344 0.49389547
v -0.0533364 -0.11017963 0.49369606
v -0.0535731 -0.11037541 0.48985159
v -0.05355531 -0.11055937 0.48966631
v -0.05353381 -0.11075842 0.48949772
v -0.05350879 -0.11097104 0.48934719
v -0.05297827 -0.11414756 0.4893333
v -0.05297759 -0.11415075 0.48933536
v -0.05293196 -0.11436104 0.48948431
v -0.05288738 -0.11455748 0.48965141
v -0.05284419 -0.11473858 0.48983535
v -0.05280271 -0.11490295 0.49003473
v -0.05276326 -0.11504935 0.49024805
v -0.06927301 -0.11775861 0.49473381
v -0.06926902 -0.11782315 0.49463654
v -0.05254203 -0.11502437 0.49346417
v -0.06926302 -0.11795397 0.49440995
v -0.05253602 -0.1151552 0.49323756
v -0.06926107 -0.1180649 0.4941729
v -0.05253407 -0.11526613 0.49300054
v -0.0692632 -0.11815509 0.49392724
v -0.0525362 -0.11535632 0.49275485
v -0.06926939 -0.11822386 0.49367478
v -0.05254239 -0.11542509 0.49250242
v -0.06927959 -0.11827069 0.4934175
v -0.05255259 -0.11547191 0.49224511
v -0.06929372 -0.11829521 0.49315733
v -0.05256672 -0.11549643 0.49198493
v -0.06931168 -0.11829723 0.49289623
v -0.05258468 -0.11549846 0.49172384
v -0.06933333 -0.11827675 0.4926362
v -0.05260633 -0.11547798 0.49146384
v -0.06935851 -0.11823393 0.49237925
v -0.05263151 -0.11543515 0.49120688
v -0.06938701 -0.11816908 0.4921273
v -0.05266002 -0.1153703 0.49095494
v -0.06941864 -0.11808269 0.49188229
v -0.05269165 -0.11528392 0.4907099
v -0.06945314 -0.11797544 0.49164605
v -0.05272615 -0.11517666 0.49047369
v -0.05361872 -0.11228549 0.48464075
v -0.05371876 -0.11166361 0.48469806
v -0.05381386 -0.11104841 0.48480994
v -0.05318483 -0.11474517 0.48495945
v -0.05329673 -0.11414386 0.4847984
v -0.0534069 -0.11353036 0.48469111
v -0.05351451 -0.11290933 0.48463842
v -0.05295926 -0.11589301 0.48543763
v -0.05307205 -0.11532971 0.48517308
v -0.05390329 -0.11044456 0.48497549
v -0.05398637 -0.10985668 0.48519346
v -0.05406249 -0.10928922 0.48546222
v -0.05413104 -0.10874652 0.48577973
v -0.05419151 -0.10823269 0.48614353
v -0.05424345 -0.10775166 0.4865509
v -0.05428645 -0.10730708 0.48699871
v -0.05432019 -0.10690234 0.48748356
v -0.05434441 -0.10654051 0.48800173
v -0.05435893 -0.10622434 0.48854935
v -0.05436364 -0.10595626 0.48912218
v -0.0543585 -0.10573829 0.4897159
v -0.05434354 -0.1055721 0.49032596
v -0.0543189 -0.10545895 0.49094775
v -0.05428474 -0.10539969 0.49157652
v -0.05424134 -0.1053948 0.4922075
v -0.05418902 -0.10544428 0.49283588
v -0.05412817 -0.10554778 0.49345684
v -0.05405927 -0.10570451 0.49406573
v -0.05398285 -0.10591327 0.49465784
v -0.05389946 -0.10617246 0.49522871
v -0.05380977 -0.10648014 0.495774
v -0.05371444 -0.10683393 0.49628952
v -0.0536142 -0.10723117 0.49677137
v -0.05350981 -0.10766882 0.4972159
v -0.05340208 -0.10814355 0.49761969
v -0.05329181 -0.10865176 0.4979797
v -0.05317986 -0.10918956 0.49829319
v -0.05306706 -0.10975287 0.49855772
v -0.05295428 -0.11033741 0.49877134
v -0.05284238 -0.11093871 0.49893242
v -0.05273221 -0.11155222 0.49903968
v -0.05262461 -0.11217324 0.49909237
v -0.05252039 -0.11279708 0.49909005
v -0.05242036 -0.11341897 0.49903274
v -0.05232526 -0.11403417 0.49892089
v -0.05223583 -0.11463802 0.49875534
v -0.05215274 -0.1152259 0.49853733
v -0.05207663 -0.11579335 0.49826857
v -0.05200808 -0.11633606 0.49795109
v -0.0519476 -0.11684988 0.49758726
v -0.05189567 -0.11733092 0.4971799
v -0.05185267 -0.11777549 0.49673212
v -0.05181893 -0.11818024 0.49624726
v -0.0517947 -0.11854207 0.49572906
v -0.05178018 -0.11885823 0.49518147
v -0.05177548 -0.11912631 0.49460864
v -0.05178062 -0.11934429 0.49401492
v -0.05179557 -0.11951048 0.49340484
v -0.05182022 -0.11962363 0.49278304
v -0.05185437 -0.11968289 0.49215427
v -0.05189778 -0.11968778 0.4915233
v -0.0519501 -0.11963829 0.49089494
v -0.05201094 -0.1195348 0.49027395
v -0.05207984 -0.11937807 0.48966509
v -0.05215627 -0.11916931 0.48907298
v -0.05223965 -0.11891011 0.48850209
v -0.05232935 -0.11860244 0.48795682
v -0.05242468 -0.11824864 0.4874413
v -0.05252492 -0.1178514 0.48695943
v -0.0526293 -0.11741375 0.48651493
v -0.05273703 -0.11693902 0.4861111
v -0.0528473 -0.11643082 0.48575109
v -0.04723075 -0.09397011 0.47160065
v -0.04721472 -0.09407838 0.47157097
v -0.04736643 -0.09422194 0.46906373
v -0.04719767 -0.0941887 0.47155091
v -0.04717973 -0.0943002 0.47154066
v -0.04719689 -0.09332269 0.47362939
v -0.04721399 -0.09325925 0.47353694
v -0.04801301 -0.08646556 0.47835514
v -0.04729915 -0.09306551 0.47278431
v -0.04730528 -0.09307613 0.47267157
v -0.04773308 -0.09064715 0.47236645
v -0.0473097 -0.09309643 0.47256008
v -0.04731238 -0.09312622 0.47245067
v -0.04712199 -0.09463343 0.47156891
v -0.04713287 -0.09620637 0.46765867
v -0.04714175 -0.09452342 0.47154969
v -0.04716104 -0.09441207 0.47154024
v -0.04795694 -0.08768659 0.47624028
v -0.04723007 -0.09320407 0.47343919
v -0.04724502 -0.0931576 0.47333682
v -0.04786339 -0.089084 0.47423896
v -0.04725873 -0.09312017 0.47323063
v -0.04727108 -0.09309206 0.47312146
v -0.04728199 -0.0930735 0.47301012
v -0.04729137 -0.09306463 0.47289744
v -0.0473133 -0.09316531 0.47234422
v -0.04731246 -0.09321338 0.47224149
v -0.04756701 -0.09236415 0.47063699
v -0.04730985 -0.09327007 0.47214329
v -0.04730551 -0.09333495 0.4720504
v -0.04729946 -0.09340753 0.47196347
v -0.04729175 -0.09348724 0.47188315
v -0.04728244 -0.0935735 0.4718101
v -0.04657418 -0.10049388 0.46539447
v -0.04686812 -0.09830233 0.46643248
v -0.0470414 -0.0950435 0.47173974
v -0.046726 -0.09497891 0.47639406
v -0.04691686 -0.09482745 0.47403246
v -0.04693176 -0.09472204 0.47407153
v -0.04727159 -0.09366563 0.47174487
v -0.0472593 -0.09376294 0.47168794
v -0.04724566 -0.09386469 0.47163975
v -0.04710193 -0.09474125 0.47159779
v -0.04708171 -0.09484606 0.47163609
v -0.04706148 -0.09494707 0.47168353
v -0.04714088 -0.09355751 0.47386789
v -0.04785839 -0.08350953 0.48761794
v -0.04712111 -0.09364864 0.47393245
v -0.04772649 -0.08328069 0.49004632
v -0.04710104 -0.09374508 0.47398865
v -0.04686306 -0.09528462 0.47370875
v -0.04687077 -0.0952049 0.47378904
v -0.04659551 -0.09632798 0.47503522
v -0.04688008 -0.09511865 0.47386208
v -0.04689093 -0.09502652 0.47392732
v -0.04690322 -0.0949292 0.47398424
v -0.0469478 -0.09461376 0.47410122
v -0.04696485 -0.09450345 0.47412127
v -0.04682838 -0.09375072 0.47786531
v -0.04698279 -0.09439193 0.47413155
v -0.04702163 -0.09513463 0.47180429
v -0.04700232 -0.09521975 0.47187671
v -0.04625329 -0.10276433 0.46455258
v -0.0469836 -0.09529823 0.4719564
v -0.0459079 -0.10509641 0.46391323
v -0.04696563 -0.09536946 0.4720428
v -0.04554063 -0.10747238 0.46348122
v -0.04694853 -0.0954329 0.47213525
v -0.04515427 -0.10987414 0.46325991
v -0.04690379 -0.09557198 0.47244155
v -0.04689144 -0.09560008 0.47255075
v -0.04475178 -0.11228342 0.46325094
v -0.04717892 -0.09339391 0.47371578
v -0.04803119 -0.0854302 0.48056746
v -0.0471602 -0.09347239 0.4737955
v -0.04801133 -0.08458839 0.48286042
v -0.04795359 -0.08394654 0.48521656
v -0.0469175 -0.09553455 0.4723354
v -0.04685014 -0.09556592 0.47322154
v -0.04684922 -0.09552684 0.47332799
v -0.04643792 -0.09778767 0.47379908
v -0.04672081 -0.08919097 0.4902854
v -0.04682446 -0.08937078 0.48837739
v -0.04689925 -0.08971414 0.48649058
v -0.04694462 -0.09021845 0.48463932
v -0.04693245 -0.09548807 0.47223303
v -0.04687115 -0.09562752 0.47277477
v -0.04686336 -0.09562664 0.4728879
v -0.04625441 -0.09934686 0.47269508
v -0.04685724 -0.09561601 0.47300065
v -0.04685282 -0.09559572 0.47311214
v -0.04700147 -0.09428008 0.47413197
v -0.04702077 -0.09416872 0.47412252
v -0.04690188 -0.09265275 0.47943777
v -0.04704053 -0.09405871 0.4741033
v -0.04706059 -0.09395089 0.47407442
v -0.04529192 -0.1063319 0.46975225
v -0.04500335 -0.10819873 0.46941283
v -0.04469979 -0.11008583 0.46923891
v -0.04696022 -0.09087987 0.48283771
v -0.04694594 -0.09169337 0.48109946
v -0.04708081 -0.09384608 0.4740361
v -0.04685006 -0.09547877 0.47343069
v -0.04685266 -0.09542207 0.47352889
v -0.04685701 -0.09535719 0.47362182
v -0.04688053 -0.09561864 0.47266209
v -0.04604638 -0.10099369 0.47173166
v -0.04581543 -0.10271562 0.47091609
v -0.04556331 -0.10449955 0.4702546
v -0.04078721 -0.12925449 0.47930145
v -0.04107551 -0.12910677 0.4755407
v -0.04109481 -0.12899542 0.47553125
v -0.04113463 -0.12877758 0.47548315
v -0.04115485 -0.12867278 0.47544485
v -0.04107649 -0.12818088 0.4777371
v -0.04131906 -0.12798429 0.47474554
v -0.04133276 -0.12794685 0.47463939
v -0.04169741 -0.12564743 0.47492599
v -0.04111456 -0.1288854 0.47551203
v -0.04260738 -0.12380663 0.46633747
v -0.04135647 -0.12840019 0.47321886
v -0.04134563 -0.12849233 0.47315362
v -0.040262 -0.13097465 0.48268837
v -0.0410058 -0.12954873 0.47548029
v -0.04102183 -0.12944046 0.47550997
v -0.04217499 -0.12588365 0.46754813
v -0.04123508 -0.12923875 0.47294897
v -0.04121578 -0.12935011 0.47295842
v -0.04133306 -0.12967981 0.470498
v -0.04119603 -0.12946013 0.47297764
v -0.04117597 -0.12956794 0.47300652
v -0.04051502 -0.13018811 0.48095608
v -0.04103889 -0.12933014 0.47553003
v -0.04105682 -0.12921862 0.47554028
v -0.04123424 -0.12829907 0.47520423
v -0.04125295 -0.1282206 0.47512454
v -0.04138066 -0.12697548 0.47627491
v -0.04127093 -0.12814938 0.47503814
v -0.04128802 -0.12808594 0.47494569
v -0.0413041 -0.12803076 0.47484791
v -0.04134512 -0.12791875 0.47453019
v -0.04135602 -0.1279002 0.47441885
v -0.04202433 -0.12420686 0.47370067
v -0.04136541 -0.12789132 0.47430617
v -0.04137319 -0.1278922 0.47419304
v -0.04137931 -0.12790282 0.47408029
v -0.04235893 -0.12266473 0.47260824
v -0.04133334 -0.12858963 0.47309667
v -0.04131969 -0.12869139 0.47304848
v -0.04174914 -0.12784638 0.4689385
v -0.04130479 -0.1287968 0.47300941
v -0.04128876 -0.12890507 0.47297972
v -0.0412717 -0.12901539 0.47295967
v -0.04125376 -0.12912689 0.47294939
v -0.04117507 -0.12857176 0.47539741
v -0.04119515 -0.12847532 0.4753412
v -0.04121492 -0.1283842 0.47527665
v -0.04438355 -0.11197884 0.46923187
v -0.04405703 -0.11386334 0.46939173
v -0.04372272 -0.11572501 0.46971726
v -0.04338316 -0.11754967 0.47020599
v -0.04304094 -0.11932342 0.47085422
v -0.04269866 -0.12103278 0.47165701
v -0.04137954 -0.12816164 0.47345912
v -0.04433621 -0.11468188 0.46345437
v -0.04138389 -0.12809676 0.47355205
v -0.04136578 -0.12831393 0.4732919
v -0.043043 -0.12163107 0.46531576
v -0.0413735 -0.12823422 0.47337219
v -0.04347856 -0.11937357 0.46449074
v -0.04391072 -0.11705127 0.46386871
v -0.04138373 -0.12792312 0.4739688
v -0.04138641 -0.12795292 0.4738594
v -0.04138733 -0.127992 0.47375295
v -0.04138649 -0.12804008 0.47365025
v -0.04115574 -0.12967275 0.47304484
v -0.04113552 -0.12977377 0.47309226
v -0.04092992 -0.13137005 0.47221479
v -0.04111544 -0.12987019 0.47314849
v -0.04109567 -0.12996133 0.47321305
v -0.04017462 -0.13427061 0.47606677
v -0.04092417 -0.13039261 0.47463027
v -0.04092325 -0.13035353 0.47473672
v -0.03950618 -0.1364599 0.48037741
v -0.0398282 -0.13545886 0.47817266
v -0.0409267 -0.13024877 0.47493762
v -0.04003008 -0.13160811 0.48448518
v -0.03982101 -0.1320837 0.48633277
v -0.0409909 -0.12965414 0.47544119
v -0.03850786 -0.13846229 0.48984078
v -0.04092409 -0.13030545 0.47483945
v -0.04094518 -0.1304542 0.4741835
v -0.0409374 -0.13045332 0.47429663
v -0.0405428 -0.1329042 0.47407576
v -0.04093127 -0.13044269 0.47440937
v -0.04092686 -0.13042241 0.47452086
v -0.04107635 -0.13004644 0.47328544
v -0.04105764 -0.13012493 0.47336516
v -0.04103966 -0.13019615 0.47345155
v -0.04102257 -0.13025959 0.473544
v -0.04100648 -0.13031475 0.47364175
v -0.04099153 -0.13036123 0.47374412
v -0.04097783 -0.13039868 0.47385031
v -0.04096547 -0.13042676 0.47395948
v -0.04095456 -0.13044533 0.47407082
v -0.04093104 -0.13018389 0.47503054
v -0.04093709 -0.13011131 0.47511747
v -0.039211 -0.13726614 0.48266423
v -0.0409448 -0.13003159 0.47519779
v -0.03894491 -0.13787143 0.48501572
v -0.04095412 -0.12994534 0.47527084
v -0.03870993 -0.13827115 0.487414
v -0.04096496 -0.1298532 0.47533607
v -0.04097725 -0.1297559 0.475393
v -0.03914985 -0.12689659 0.50829148
v -0.03913496 -0.12700202 0.50825244
v -0.03934072 -0.12674513 0.50592989
v -0.03920366 -0.12643942 0.5086152
v -0.03919595 -0.12651914 0.50853491
v -0.03947121 -0.12539606 0.50728875
v -0.03900613 -0.12777315 0.50824958
v -0.03898591 -0.12787797 0.50828785
v -0.03916483 -0.1290713 0.50288618
v -0.03921658 -0.12615813 0.5091024
v -0.0392175 -0.12619722 0.50899595
v -0.0396288 -0.12393638 0.50852489
v -0.03908393 -0.12733211 0.50819242
v -0.03923834 -0.12797333 0.50445867
v -0.03910187 -0.1272206 0.50820267
v -0.03911892 -0.12711029 0.50822276
v -0.03918664 -0.12660541 0.50846189
v -0.03917579 -0.12669754 0.50839663
v -0.0391635 -0.12679484 0.5083397
v -0.0391221 -0.13150559 0.49768463
v -0.03910649 -0.13084418 0.49948624
v -0.03912077 -0.13003068 0.50122452
v -0.03906524 -0.12744397 0.508192
v -0.03904595 -0.12755533 0.50820142
v -0.03902619 -0.12766534 0.50822067
v -0.03894472 -0.12709062 0.51075506
v -0.03893385 -0.12551768 0.51466531
v -0.03892497 -0.12720062 0.51077425
v -0.03870029 -0.12750211 0.51326025
v -0.03890568 -0.12731197 0.51078373
v -0.03888699 -0.12742384 0.51078331
v -0.03919557 -0.12609653 0.5095492
v -0.03920335 -0.12609741 0.50943607
v -0.03981231 -0.12237719 0.50962889
v -0.03920948 -0.12610804 0.5093233
v -0.0392139 -0.12612833 0.50921184
v -0.03963638 -0.13239777 0.48821715
v -0.03947761 -0.13254794 0.4901239
v -0.03834023 -0.13844335 0.49227765
v -0.03934591 -0.13253307 0.49203858
v -0.03820832 -0.13821451 0.494706
v -0.03892583 -0.12816654 0.50845605
v -0.03890652 -0.12825166 0.50852847
v -0.03805539 -0.13713565 0.49946353
v -0.03883596 -0.12775394 0.51072329
v -0.038852 -0.12764567 0.51075298
v -0.03886905 -0.12753536 0.51077306
v -0.03921666 -0.12624528 0.50889325
v -0.03921406 -0.12630197 0.50879508
v -0.03920971 -0.12636685 0.50870216
v -0.03803553 -0.13629384 0.50175649
v -0.0388878 -0.12833013 0.50860816
v -0.03805371 -0.1352585 0.50396883
v -0.03833364 -0.13107689 0.50995749
v -0.03877535 -0.12865941 0.50942653
v -0.03876757 -0.12865853 0.50953966
v -0.03876121 -0.12838911 0.51027358
v -0.03876726 -0.12831652 0.51036048
v -0.03849971 -0.12935989 0.51168698
v -0.03877497 -0.1282368 0.51044083
v -0.03878428 -0.12815055 0.51051384
v -0.03879512 -0.12805842 0.51057911
v -0.03880742 -0.1279611 0.51063603
v -0.03882106 -0.12785935 0.51068419
v -0.03949254 -0.12123017 0.51692951
v -0.0391986 -0.12342172 0.51589149
v -0.03902531 -0.12668054 0.51058424
v -0.03924226 -0.13235328 0.49394658
v -0.03916747 -0.13200991 0.49583337
v -0.03886983 -0.12840137 0.50869459
v -0.03885273 -0.1284648 0.50878704
v -0.03810978 -0.13403746 0.50608367
v -0.03878473 -0.12865055 0.50931382
v -0.03820333 -0.13264005 0.50808501
v -0.03879564 -0.12863198 0.50920248
v -0.03876144 -0.12864791 0.50965238
v -0.03875702 -0.12862763 0.5097639
v -0.03875434 -0.12859783 0.50987327
v -0.03896479 -0.12698279 0.51072615
v -0.03898501 -0.12687798 0.51068789
v -0.03900524 -0.12677698 0.51064044
v -0.03811313 -0.13777751 0.49710739
v -0.03894561 -0.12807541 0.5083915
v -0.03896568 -0.12797898 0.50833529
v -0.03911819 -0.12629114 0.5101887
v -0.03913427 -0.12623598 0.51009095
v -0.04131494 -0.10944062 0.51907301
v -0.03914922 -0.1261895 0.50998855
v -0.03918619 -0.12610541 0.50966185
v -0.04002034 -0.12073036 0.51059228
v -0.03917528 -0.12612396 0.50977319
v -0.04025129 -0.11900843 0.51140785
v -0.04050341 -0.1172245 0.51206934
v -0.0407748 -0.11539214 0.51257169
v -0.04106336 -0.11352532 0.51291114
v -0.03916293 -0.12615207 0.50988239
v -0.03883665 -0.12851997 0.50888479
v -0.0388217 -0.12856644 0.50898713
v -0.03880799 -0.12860388 0.50909334
v -0.03875342 -0.12855874 0.50997972
v -0.03875426 -0.12851067 0.51008248
v -0.03875687 -0.12845398 0.51018065
v -0.03904508 -0.12658942 0.51051968
v -0.0390644 -0.12650429 0.51044726
v -0.03981343 -0.11895972 0.51777136
v -0.03908312 -0.12642582 0.51036757
v -0.04015882 -0.11662763 0.51841074
v -0.03910109 -0.12635459 0.51028115
v -0.04052609 -0.11425167 0.51884276
v -0.04091245 -0.1118499 0.51906407
v -0.04508947 -0.09196816 0.50693095
v -0.04507582 -0.09206991 0.50688279
v -0.04527951 -0.09246957 0.50302249
v -0.04499121 -0.09261728 0.50678325
v -0.04497191 -0.09272864 0.50679272
v -0.04493209 -0.09294646 0.50684083
v -0.04491187 -0.09305128 0.50687909
v -0.04499023 -0.09354316 0.50458688
v -0.04512154 -0.09126984 0.50814044
v -0.04512932 -0.09127072 0.50802732
v -0.04552392 -0.08881984 0.50824821
v -0.04513545 -0.09128135 0.5079146
v -0.0458921 -0.08745344 0.50625718
v -0.04513986 -0.09130163 0.50780308
v -0.04510176 -0.09187084 0.50698787
v -0.04495216 -0.09283864 0.50681192
v -0.04471024 -0.09332386 0.50910509
v -0.04472109 -0.09323172 0.50917035
v -0.04345934 -0.09791742 0.5159865
v -0.04504415 -0.09146446 0.50877994
v -0.04506024 -0.09140929 0.50868219
v -0.04513679 -0.090354 0.51010919
v -0.04481295 -0.09259715 0.50937456
v -0.04483164 -0.09248529 0.50937498
v -0.04473365 -0.09204423 0.51182598
v -0.04514255 -0.09133144 0.50769371
v -0.04514347 -0.09137052 0.50758725
v -0.04623852 -0.08626519 0.50415128
v -0.04514262 -0.09141859 0.5074845
v -0.04514002 -0.09147529 0.50738633
v -0.04656054 -0.08526414 0.50194657
v -0.04485093 -0.09237394 0.50936556
v -0.04487069 -0.09226393 0.50934631
v -0.04489075 -0.0921561 0.50931746
v -0.04513568 -0.09154017 0.5072934
v -0.04512963 -0.09161273 0.5072065
v -0.04685572 -0.0844579 0.49965975
v -0.04512192 -0.09169246 0.50712615
v -0.04712181 -0.08385262 0.49730825
v -0.0451126 -0.09177871 0.50705314
v -0.04735678 -0.08345289 0.49490997
v -0.04755886 -0.08326177 0.49248317
v -0.04497105 -0.09176273 0.50911093
v -0.04499037 -0.0916776 0.50903851
v -0.04507519 -0.09136281 0.50857985
v -0.04508889 -0.09132538 0.50847363
v -0.04506092 -0.09217532 0.50684369
v -0.04580471 -0.0907494 0.49963558
v -0.04504488 -0.0922836 0.506814
v -0.04555169 -0.09153594 0.50136787
v -0.04502783 -0.0923939 0.50679392
v -0.0450099 -0.09250542 0.50678366
v -0.04603664 -0.09011593 0.4978388
v -0.04624571 -0.08964035 0.4959912
v -0.04643033 -0.08932628 0.49410683
v -0.04658911 -0.0891761 0.49220005
v -0.04389172 -0.09584039 0.51477581
v -0.04500908 -0.09159913 0.50895882
v -0.04502706 -0.09152789 0.50887239
v -0.04510124 -0.09129728 0.5083645
v -0.04511216 -0.09127872 0.50825316
v -0.04483248 -0.09342497 0.50711972
v -0.04481377 -0.09350345 0.50719941
v -0.04468606 -0.09474857 0.50604904
v -0.04470094 -0.09341011 0.50903207
v -0.04302372 -0.10009298 0.51700819
v -0.04469322 -0.09348983 0.50895178
v -0.04258816 -0.10235048 0.51783323
v -0.04468717 -0.09356241 0.50886482
v -0.04479502 -0.09270866 0.50936431
v -0.04431758 -0.09387768 0.51338547
v -0.04477796 -0.09281898 0.50934422
v -0.04491098 -0.09205129 0.50927913
v -0.0449312 -0.09195028 0.50923169
v -0.04495128 -0.09185385 0.50917548
v -0.04489165 -0.09315228 0.50692654
v -0.04487157 -0.09324872 0.50698274
v -0.0448518 -0.09333985 0.5070473
v -0.04473338 -0.09313441 0.50922728
v -0.04474703 -0.09303267 0.5092755
v -0.04476193 -0.09292725 0.50931454
v -0.04136693 -0.11163822 0.51308507
v -0.04168317 -0.10974521 0.5130921
v -0.04173051 -0.10704216 0.51886958
v -0.04436931 -0.09607662 0.50739795
v -0.04474766 -0.09373976 0.50757843
v -0.04473396 -0.09377719 0.50768459
v -0.0447216 -0.09380529 0.50779378
v -0.0447107 -0.09382385 0.50790513
v -0.04404239 -0.09751718 0.5086233
v -0.04470131 -0.09383272 0.50801778
v -0.04302578 -0.10240063 0.51146972
v -0.04336806 -0.10069127 0.51066697
v -0.04468299 -0.09380093 0.50835514
v -0.04370779 -0.09905931 0.50971574
v -0.04468741 -0.09382122 0.50824368
v -0.04469353 -0.09383184 0.50813091
v -0.0446803 -0.09377113 0.50846457
v -0.04467938 -0.09373205 0.50857103
v -0.04268356 -0.10417438 0.51211798
v -0.04479579 -0.09357467 0.50728583
v -0.0447787 -0.09363811 0.50737828
v -0.04476262 -0.09369328 0.50747603
v -0.04200969 -0.10786071 0.51293224
v -0.042344 -0.10599904 0.51260668
v -0.042156 -0.10467277 0.51845527
v -0.04468283 -0.09362729 0.5087719
v -0.04468023 -0.09368398 0.50867373
v -0.05569179 -0.12978157 0.51189852
v -0.05567172 -0.12988938 0.51192743
v -0.05566084 -0.12831646 0.51583767
v -0.0557914 -0.12930307 0.51161963
v -0.05577208 -0.12938818 0.51169205
v -0.05621954 -0.12402894 0.51810187
v -0.05542729 -0.13030088 0.51443261
v -0.05565197 -0.1299994 0.51194668
v -0.05563267 -0.13011076 0.5119561
v -0.05552212 -0.13085718 0.51175147
v -0.05551128 -0.13094932 0.51168621
v -0.05522671 -0.13215867 0.51285934
v -0.05550196 -0.13103558 0.51161319
v -0.05549426 -0.1311153 0.5115329
v -0.05548041 -0.13135751 0.51115215
v -0.05548134 -0.13139659 0.51104563
v -0.05506063 -0.13387567 0.51112986
v -0.05548402 -0.13142639 0.51093626
v -0.05548844 -0.13144669 0.5108248
v -0.05549456 -0.13145731 0.51071203
v -0.05550234 -0.13145819 0.5105989
v -0.05493033 -0.13543881 0.50925738
v -0.05551172 -0.13144931 0.51048625
v -0.0559256 -0.12622049 0.51706386
v -0.05561398 -0.13022262 0.51195568
v -0.05559605 -0.13033412 0.51194543
v -0.055579 -0.13044444 0.51192534
v -0.0547807 -0.13805726 0.5051412
v -0.05483678 -0.13683623 0.50725609
v -0.05556364 -0.13131875 0.51005715
v -0.05591363 -0.12940417 0.50963426
v -0.05592295 -0.12931792 0.50970727
v -0.05556296 -0.13055271 0.51189566
v -0.05554806 -0.13065813 0.51185656
v -0.05553441 -0.13075988 0.5118084
v -0.05552264 -0.13143076 0.51037484
v -0.05553499 -0.13140266 0.51026571
v -0.05554869 -0.13136522 0.51015949
v -0.05557973 -0.13126357 0.5099594
v -0.05559682 -0.13120013 0.50986695
v -0.05476253 -0.13909262 0.50292885
v -0.0556148 -0.13112891 0.50978053
v -0.05478239 -0.13993444 0.50063592
v -0.05563352 -0.13105044 0.50970083
v -0.05484013 -0.14057629 0.49827978
v -0.05565283 -0.13096531 0.50962842
v -0.05493532 -0.14101329 0.49587837
v -0.05579224 -0.13024274 0.50936437
v -0.05577295 -0.13035411 0.50937378
v -0.05575319 -0.13046411 0.50939304
v -0.05573313 -0.13057193 0.50942194
v -0.0557129 -0.13067675 0.50946021
v -0.05575231 -0.12947932 0.5117566
v -0.05573224 -0.12957574 0.51181281
v -0.05571201 -0.12967676 0.51186025
v -0.05548821 -0.13118787 0.51144594
v -0.05548386 -0.13125275 0.51135302
v -0.05548126 -0.13130943 0.51125485
v -0.0556726 -0.13087419 0.50956386
v -0.05569268 -0.13077775 0.50950766
v -0.05581093 -0.13013089 0.50936478
v -0.05582887 -0.13001937 0.50937504
v -0.05584592 -0.12990905 0.50939512
v -0.05586195 -0.12980078 0.50942481
v -0.05587685 -0.12969537 0.50946391
v -0.0558905 -0.12959363 0.50951207
v -0.05590279 -0.12949631 0.50956899
v -0.05594365 -0.12904406 0.51006562
v -0.0559445 -0.12899598 0.51016837
v -0.05594357 -0.1289569 0.51027483
v -0.0559409 -0.1289271 0.5103842
v -0.05804193 -0.1122394 0.52024537
v -0.05588992 -0.12895085 0.51105475
v -0.05590228 -0.12892275 0.51094562
v -0.05593647 -0.12890682 0.51049566
v -0.05593035 -0.12889619 0.51060843
v -0.05592257 -0.12889531 0.51072156
v -0.05591319 -0.12890418 0.51083428
v -0.05587622 -0.12898828 0.51116097
v -0.05586127 -0.12903476 0.51126331
v -0.05763944 -0.11464868 0.52023643
v -0.05584518 -0.12908992 0.51136106
v -0.05593066 -0.1292382 0.50978756
v -0.05593671 -0.12916562 0.50987452
v -0.05594105 -0.12910074 0.50996745
v -0.05581012 -0.12922458 0.51153994
v -0.05654043 -0.12175849 0.51894373
v -0.05582809 -0.12915336 0.51145351
v -0.05688582 -0.11942641 0.51958311
v -0.05725309 -0.11705044 0.52001512
v -0.06152279 -0.09637345 0.5084582
v -0.06154076 -0.09630222 0.50837183
v -0.06163797 -0.09485006 0.5104515
v -0.06161775 -0.09495488 0.51048982
v -0.06146065 -0.094843 0.51299834
v -0.06159769 -0.0950627 0.51051867
v -0.06157793 -0.09517271 0.51053792
v -0.0614486 -0.09660406 0.50896615
v -0.06146095 -0.09657596 0.50885695
v -0.06147466 -0.09653853 0.5087508
v -0.06148961 -0.09649205 0.5086484
v -0.06150569 -0.09643689 0.50855064
v -0.06167915 -0.09563742 0.50798428
v -0.06165909 -0.09574524 0.50801319
v -0.06163887 -0.09585005 0.50805151
v -0.06161864 -0.09595106 0.5080989
v -0.06445348 -0.08607946 0.49121869
v -0.06143769 -0.09662262 0.50907749
v -0.06142831 -0.0966315 0.50919014
v -0.06169891 -0.09552741 0.50796509
v -0.0617182 -0.09541605 0.50795561
v -0.06173689 -0.09530419 0.50795603
v -0.06018634 -0.1007162 0.51715887
v -0.06061872 -0.09863916 0.51594818
v -0.06146038 -0.09593318 0.51039964
v -0.06155948 -0.09622374 0.50829208
v -0.0615788 -0.09613862 0.50821972
v -0.06159857 -0.09604749 0.50815517
v -0.06175483 -0.09519268 0.50796634
v -0.06177188 -0.09508237 0.50798637
v -0.06178792 -0.09497409 0.50801605
v -0.06182875 -0.09466962 0.50816029
v -0.06428585 -0.08606054 0.49365553
v -0.06181647 -0.09476693 0.50810331
v -0.06180282 -0.09486868 0.50805515
v -0.06155864 -0.09528407 0.51054734
v -0.06153995 -0.09539592 0.51054692
v -0.06104457 -0.09667645 0.51455784
v -0.06152201 -0.09550744 0.51053667
v -0.06150496 -0.09561775 0.51051664
v -0.06148892 -0.09572602 0.51048696
v -0.06147403 -0.09583144 0.51044786
v -0.06140638 -0.09653082 0.50974339
v -0.06328753 -0.08806291 0.50311893
v -0.06358272 -0.08725668 0.50083214
v -0.06184891 -0.09449123 0.50829858
v -0.06185631 -0.0940695 0.50919968
v -0.06184853 -0.09406862 0.50931281
v -0.06225092 -0.09161861 0.50942057
v -0.06183915 -0.09407749 0.50942552
v -0.06182824 -0.09409605 0.50953686
v -0.06181589 -0.09412415 0.50964606
v -0.06180218 -0.09416158 0.50975221
v -0.06186379 -0.09315277 0.51128155
v -0.06178723 -0.09420806 0.50985456
v -0.06177115 -0.09426323 0.50995237
v -0.06175406 -0.09432667 0.51004481
v -0.06173608 -0.0943979 0.51013118
v -0.06171736 -0.09447637 0.51021087
v -0.06141417 -0.09636118 0.51003718
v -0.06140983 -0.09642606 0.50994432
v -0.06140722 -0.09648275 0.50984609
v -0.0614073 -0.0965699 0.50963694
v -0.06140998 -0.09659971 0.5095275
v -0.0614144 -0.09661999 0.50941604
v -0.06142053 -0.09663062 0.50930327
v -0.06296551 -0.08906396 0.50532371
v -0.06186962 -0.09421737 0.50865692
v -0.06261909 -0.09025221 0.5074296
v -0.06187046 -0.0941693 0.50875962
v -0.06144809 -0.0960305 0.51034272
v -0.06143724 -0.09612263 0.51027751
v -0.05975071 -0.10289175 0.51818061
v -0.06142793 -0.09620889 0.51020443
v -0.05931516 -0.10514925 0.5190056
v -0.06142022 -0.09628861 0.51012415
v -0.05888299 -0.10747154 0.51962763
v -0.0584575 -0.10984094 0.52004194
v -0.0618396 -0.09457748 0.5082255
v -0.06384881 -0.08665139 0.49848062
v -0.06408378 -0.08625166 0.49608234
v -0.06185662 -0.09441151 0.50837886
v -0.06186267 -0.09433894 0.50846577
v -0.06186702 -0.09427406 0.50855869
v -0.06186954 -0.09413021 0.50886607
v -0.06186686 -0.09410041 0.50897545
v -0.06186244 -0.09408012 0.50908697
v -0.06169805 -0.0945615 0.51028329
v -0.06167828 -0.09465262 0.51034784
v -0.0616582 -0.09474906 0.51040405
v -0.06382892 -0.09754002 0.47277015
v -0.06384899 -0.0974322 0.47274128
v -0.06385987 -0.09900514 0.46883103
v -0.06409343 -0.09702072 0.47023612
v -0.06386875 -0.0973222 0.47272205
v -0.06388804 -0.09721084 0.47271261
v -0.06370978 -0.09719072 0.47530392
v -0.06369185 -0.09730222 0.47529367
v -0.06360707 -0.09791742 0.47503448
v -0.06359776 -0.09800368 0.47496143
v -0.06359512 -0.1011011 0.46760485
v -0.06378847 -0.09774584 0.4728559
v -0.0638087 -0.09764484 0.47280848
v -0.06399807 -0.09589083 0.47429383
v -0.06398572 -0.09591894 0.47440302
v -0.06459039 -0.09188277 0.47541133
v -0.06367479 -0.09741253 0.47527361
v -0.06365876 -0.09752081 0.4752439
v -0.06468393 -0.09048536 0.47741264
v -0.06390673 -0.09709898 0.47271302
v -0.06392466 -0.09698747 0.47272331
v -0.06394172 -0.09687716 0.47274336
v -0.06378759 -0.09674967 0.47524679
v -0.06376752 -0.09685749 0.47527567
v -0.06374776 -0.0969675 0.47529489
v -0.06372847 -0.09707885 0.47530434
v -0.06364386 -0.09762622 0.47520483
v -0.06363022 -0.09772798 0.47515664
v -0.06361792 -0.09782529 0.47509971
v -0.06395775 -0.09676888 0.47277305
v -0.06397265 -0.09666347 0.47281212
v -0.064294 -0.09516293 0.47180936
v -0.06398629 -0.09656172 0.47286031
v -0.06399859 -0.0964644 0.47291726
v -0.06400944 -0.09637227 0.4729825
v -0.06401875 -0.09628601 0.47305554
v -0.06402646 -0.0962063 0.47313583
v -0.06397202 -0.09595637 0.47450918
v -0.06395707 -0.09600285 0.47461155
v -0.06474001 -0.08926433 0.4795275
v -0.06359006 -0.09808339 0.47488111
v -0.06358401 -0.09815597 0.47479418
v -0.06357966 -0.09822085 0.47470126
v -0.06357706 -0.09827754 0.47460309
v -0.06357621 -0.09832561 0.47450036
v -0.06357714 -0.0983647 0.4743939
v -0.06357981 -0.09839449 0.4742845
v -0.06358424 -0.09841479 0.47417301
v -0.06359036 -0.09842541 0.47406027
v -0.06359814 -0.09842629 0.47394714
v -0.06360752 -0.09841742 0.47383446
v -0.06361844 -0.09839886 0.47372311
v -0.06147877 -0.1150822 0.4644233
v -0.06363079 -0.09837075 0.47361395
v -0.06364449 -0.09833332 0.47350776
v -0.06365944 -0.09828684 0.47340539
v -0.06188127 -0.11267292 0.46443227
v -0.06367553 -0.09823167 0.47330764
v -0.06226762 -0.11027116 0.46465361
v -0.06394098 -0.09605802 0.47470933
v -0.06392389 -0.09612146 0.47480178
v -0.06475818 -0.08822897 0.48173982
v -0.06390592 -0.09619269 0.47488818
v -0.06473833 -0.08738716 0.48403281
v -0.06388719 -0.09627116 0.47496787
v -0.06468058 -0.08674531 0.48638895
v -0.06386788 -0.09635629 0.47504029
v -0.0645854 -0.0863083 0.48879033
v -0.06384811 -0.09644742 0.47510484
v -0.06382804 -0.09654385 0.47516105
v -0.06380781 -0.09664486 0.47520849
v -0.06263489 -0.10789519 0.4650856
v -0.06369262 -0.09816823 0.47321519
v -0.06298029 -0.1055631 0.46572497
v -0.06371059 -0.098097 0.4731288
v -0.06330118 -0.10329265 0.46656686
v -0.06372932 -0.09801853 0.47304907
v -0.06374863 -0.0979334 0.47297668
v -0.0637684 -0.09784228 0.4729121
v -0.06403251 -0.09613372 0.47322276
v -0.06403685 -0.09606884 0.47331569
v -0.06446008 -0.09344593 0.47353882
v -0.06403945 -0.09601215 0.47341388
v -0.0640403 -0.09596408 0.47351658
v -0.06403937 -0.095925 0.47362304
v -0.0640367 -0.0958952 0.47373244
v -0.06403227 -0.09587491 0.47384393
v -0.06402615 -0.09586428 0.47395667
v -0.06401837 -0.0958634 0.4740698
v -0.06400899 -0.09587228 0.47418249
v -0.0578218 -0.13179418 0.47670364
v -0.05780251 -0.13190554 0.47671309
v -0.0580924 -0.1306901 0.47547856
v -0.05808302 -0.13069896 0.47559121
v -0.05788274 -0.13247153 0.47421721
v -0.05790296 -0.13236672 0.47417891
v -0.05806006 -0.13247859 0.47167039
v -0.05792303 -0.13225889 0.47415003
v -0.05794278 -0.13214889 0.47413078
v -0.0579987 -0.13181417 0.47413203
v -0.05847614 -0.13064514 0.47011089
v -0.05798076 -0.13192567 0.47412175
v -0.05796207 -0.13203754 0.47412133
v -0.05506723 -0.14124213 0.49345002
v -0.05765025 -0.13315231 0.47590911
v -0.05690162 -0.13706939 0.47723913
v -0.05765109 -0.13310423 0.47601181
v -0.0565552 -0.13825764 0.47934502
v -0.0576537 -0.13304754 0.47611001
v -0.05766439 -0.1332521 0.47546902
v -0.05767218 -0.13325298 0.47535586
v -0.05726979 -0.13570298 0.47524813
v -0.05768156 -0.1332441 0.47524321
v -0.05769247 -0.13322555 0.47513184
v -0.05801575 -0.13170385 0.47415209
v -0.05803179 -0.13159557 0.47418177
v -0.05890199 -0.12868243 0.4687205
v -0.05765804 -0.13298266 0.47620293
v -0.05623318 -0.13925868 0.48154977
v -0.05766409 -0.13291009 0.47628987
v -0.05765117 -0.13319138 0.47580263
v -0.05765385 -0.13322118 0.47569326
v -0.05765827 -0.13324147 0.47558177
v -0.05770482 -0.13319744 0.47502267
v -0.05771853 -0.13316001 0.47491649
v -0.05765692 -0.13416882 0.47338715
v -0.05773348 -0.13311353 0.47481415
v -0.05774956 -0.13305837 0.47471637
v -0.05776666 -0.13299492 0.47462392
v -0.05778463 -0.13292369 0.47453752
v -0.05780335 -0.13284522 0.4744578
v -0.05804668 -0.13149016 0.47422087
v -0.05806033 -0.13138841 0.47426906
v -0.05933437 -0.12660539 0.46750987
v -0.05811089 -0.13089554 0.47472441
v -0.05811349 -0.13083884 0.47482261
v -0.05807211 -0.13071753 0.47570258
v -0.05805976 -0.13074563 0.47581175
v -0.05778382 -0.1320174 0.47671267
v -0.05776588 -0.13212891 0.47670239
v -0.05774883 -0.13223922 0.47668234
v -0.05773279 -0.13234749 0.47665265
v -0.05771789 -0.13245292 0.47661355
v -0.05770425 -0.13255467 0.47656536
v -0.05523486 -0.14126106 0.49101317
v -0.05769195 -0.13265198 0.47650844
v -0.05782267 -0.13276009 0.47438541
v -0.05784244 -0.13266897 0.47432086
v -0.05786251 -0.13257253 0.47426465
v -0.05804605 -0.13078307 0.47591794
v -0.0580311 -0.13082954 0.47602028
v -0.05801502 -0.13088471 0.47611806
v -0.05799792 -0.13094816 0.4762105
v -0.05797995 -0.13101938 0.4762969
v -0.05796123 -0.13109785 0.47637662
v -0.05794191 -0.13118298 0.47644901
v -0.05792214 -0.1312741 0.47651356
v -0.05790207 -0.13137054 0.47656977
v -0.05788184 -0.13147154 0.47661722
v -0.05786162 -0.13157636 0.47665551
v -0.05784155 -0.13168418 0.47668439
v -0.0576718 -0.13283037 0.47637016
v -0.05593799 -0.14006492 0.48383659
v -0.05768111 -0.13274412 0.4764432
v -0.0556719 -0.14067021 0.48618808
v -0.05543693 -0.14106993 0.48858637
v -0.05810654 -0.13096042 0.47463149
v -0.05811433 -0.13079077 0.47492531
v -0.05811341 -0.13075168 0.47503179
v -0.05807262 -0.13129109 0.47432598
v -0.05808347 -0.13119896 0.47439122
v -0.05977 -0.12442984 0.46648812
v -0.05809278 -0.13111271 0.47446427
v -0.06020555 -0.12217234 0.46566311
v -0.05810049 -0.13103299 0.47454455
v -0.06063772 -0.11985005 0.46504107
v -0.0610632 -0.11748066 0.46462676
v -0.05811073 -0.13072188 0.47514117
v -0.05810631 -0.1307016 0.47525266
v -0.05810019 -0.13069098 0.4753654
v -0.04418684 -0.1308499 0.49949053
v -0.0440262 -0.13166735 0.49983105
v -0.04420181 -0.13148426 0.49776262
v -0.0440418 -0.13232876 0.49802944
v -0.04424532 -0.13196793 0.49598709
v -0.04408717 -0.13283308 0.49617818
v -0.04431706 -0.13229725 0.49417746
v -0.04416196 -0.13317643 0.49429139
v -0.04441646 -0.1324697 0.49234754
v -0.04426561 -0.13335624 0.49238339
v -0.04454278 -0.13248396 0.49051118
v -0.04439732 -0.13337111 0.49046871
v -0.04469505 -0.13233994 0.48868242
v -0.04455609 -0.13322094 0.48856196
v -0.04487212 -0.13203871 0.48687515
v -0.04474071 -0.13290687 0.48667759
v -0.04507264 -0.13158259 0.48510313
v -0.04494978 -0.13243128 0.48482999
v -0.04529508 -0.13097502 0.48337984
v -0.04518171 -0.13179782 0.48303318
v -0.04553775 -0.13022067 0.48171842
v -0.04543473 -0.13101128 0.48130089
v -0.0457988 -0.12932524 0.48013148
v -0.04570691 -0.13007766 0.47964627
v -0.04607625 -0.12829556 0.47863111
v -0.04599619 -0.12900405 0.47808191
v -0.04636798 -0.12713945 0.47722873
v -0.04630037 -0.12779865 0.47661972
v -0.04667177 -0.12586574 0.47593501
v -0.04661712 -0.1264706 0.47527081
v -0.04698531 -0.12448411 0.47475982
v -0.04694404 -0.12503004 0.47404549
v -0.04730622 -0.12300507 0.47371209
v -0.04727864 -0.1234879 0.47295305
v -0.04763206 -0.12143987 0.47279975
v -0.04761836 -0.12185595 0.47200182
v -0.04796033 -0.11980044 0.47202981
v -0.04796064 -0.12014659 0.47119904
v -0.04828855 -0.11809924 0.4714081
v -0.04830286 -0.11837283 0.47055081
v -0.04861422 -0.11634924 0.47093937
v -0.04864242 -0.11654818 0.47006208
v -0.04893485 -0.11456373 0.47062713
v -0.04897673 -0.11468651 0.46973655
v -0.04924802 -0.11275632 0.47047383
v -0.04930325 -0.11280201 0.46957669
v -0.04955132 -0.11094075 0.47048059
v -0.0496195 -0.110909 0.46958375
v -0.04984247 -0.10913085 0.47064736
v -0.04992306 -0.1090219 0.46975765
v -0.05011923 -0.1073404 0.4709729
v -0.05021163 -0.10715507 0.47009706
v -0.05037951 -0.105583 0.47145471
v -0.05048301 -0.10532272 0.47059941
v -0.05062132 -0.10387205 0.47208914
v -0.05073513 -0.10353879 0.47126091
v -0.05084283 -0.10222057 0.47287133
v -0.05096609 -0.10181686 0.47207648
v -0.05104234 -0.10064111 0.47379538
v -0.05117411 -0.10017003 0.4730399
v -0.05121834 -0.0991457 0.4748542
v -0.05135762 -0.09861084 0.47414389
v -0.05136949 -0.09774573 0.47603977
v -0.05151521 -0.09715115 0.47538003
v -0.05149464 -0.09645185 0.47734302
v -0.0516457 -0.09580208 0.47673887
v -0.05159283 -0.0952739 0.4787541
v -0.05174809 -0.09457389 0.47821015
v -0.05166333 -0.09422085 0.48026222
v -0.05182159 -0.09347592 0.47978258
v -0.05170559 -0.09330072 0.48185593
v -0.05186565 -0.09251654 0.48144427
v -0.05171929 -0.0925205 0.48352307
v -0.05187993 -0.09170304 0.48318252
v -0.05170432 -0.09188613 0.48525098
v -0.05186433 -0.09104162 0.48498413
v -0.05166081 -0.09140245 0.48702651
v -0.05181896 -0.09053731 0.48683539
v -0.05158907 -0.09107313 0.48883611
v -0.05174416 -0.09019395 0.48872221
v -0.05148967 -0.09090069 0.49066606
v -0.05164052 -0.09001414 0.49063021
v -0.05136335 -0.09088643 0.49250242
v -0.05150881 -0.08999927 0.49254486
v -0.05121107 -0.09103046 0.49433118
v -0.05135004 -0.09014945 0.49445164
v -0.051034 -0.09133168 0.49613845
v -0.05116542 -0.09046352 0.49633601
v -0.05083349 -0.0917878 0.49791047
v -0.05095635 -0.0909391 0.49818361
v -0.05061105 -0.09239536 0.49963376
v -0.05072442 -0.09157257 0.49998039
v -0.05036838 -0.09314972 0.50129521
v -0.0504714 -0.09235911 0.50171268
v -0.05010733 -0.09404515 0.50288212
v -0.05019921 -0.09329274 0.5033673
v -0.04982988 -0.09507483 0.50438249
v -0.04990993 -0.09436633 0.50493169
v -0.04953815 -0.09623093 0.50578487
v -0.04960576 -0.09557174 0.50639391
v -0.04923436 -0.09750464 0.50707859
v -0.04928901 -0.09689979 0.50774276
v -0.04892081 -0.09888627 0.50825375
v -0.04896209 -0.09834035 0.50896811
v -0.0485999 -0.10036532 0.50930154
v -0.0486275 -0.09988248 0.51006055
v -0.04827407 -0.10193051 0.51021385
v -0.04828776 -0.10151444 0.51101178
v -0.0479458 -0.10356995 0.51098377
v -0.04794549 -0.10322379 0.51181453
v -0.04761758 -0.10527114 0.5116055
v -0.04760327 -0.10499755 0.51246279
v -0.04729191 -0.10702115 0.51207423
v -0.04726371 -0.10682221 0.51295149
v -0.04697127 -0.10880665 0.51238644
v -0.0469294 -0.10868387 0.51327705
v -0.04665811 -0.11061407 0.51253974
v -0.04660287 -0.11056838 0.51343691
v -0.0463548 -0.11242963 0.51253301
v -0.04628663 -0.11246139 0.51342988
v -0.04606366 -0.11423953 0.51236624
v -0.04598307 -0.11434849 0.51325595
v -0.04578689 -0.11602999 0.51204067
v -0.0456945 -0.11621531 0.51291651
v -0.04552662 -0.11778738 0.51155889
v -0.04542312 -0.11804766 0.51241416
v -0.0452848 -0.11949833 0.51092446
v -0.04517099 -0.11983159 0.51175267
v -0.0450633 -0.12114982 0.51014227
v -0.04494004 -0.12155353 0.51093709
v -0.04486379 -0.12272928 0.50921822
v -0.04473202 -0.12320036 0.5099737
v -0.04468779 -0.12422469 0.5081594
v -0.04454851 -0.12475955 0.50886971
v -0.04453664 -0.12562466 0.50697386
v -0.04439091 -0.12621923 0.50763357
v -0.04441149 -0.12691854 0.50567055
v -0.04426042 -0.1275683 0.5062747
v -0.04431329 -0.12809649 0.50425953
v -0.04415804 -0.1287965 0.50480348
v -0.0442428 -0.12914954 0.50275135
v -0.04408454 -0.12989447 0.50323099
v -0.04420054 -0.13006967 0.5011577
v -0.04404048 -0.13085385 0.50156933
v -0.08662528 -0.12541032 0.49298161
v -0.0864512 -0.1254669 0.49297377
v -0.07520167 -0.12754647 0.49238709
v -0.07538439 -0.12755282 0.49239865
v -0.08511747 -0.12781385 0.49301121
v -0.08515808 -0.12799211 0.49302277
v -0.08680356 -0.12536912 0.49299049
v -0.07556703 -0.12754321 0.49240941
v -0.08508351 -0.12744994 0.49299058
v -0.07574818 -0.1275177 0.49241927
v -0.07517742 -0.12336802 0.49217281
v -0.07499628 -0.12339352 0.49216294
v -0.07328314 -0.12529148 0.49215412
v -0.07327622 -0.12547435 0.492163
v -0.07328526 -0.12565705 0.49217287
v -0.07331017 -0.12583824 0.49218363
v -0.07389873 -0.12695181 0.49227658
v -0.07403426 -0.12707421 0.49229115
v -0.07417997 -0.12718429 0.49230573
v -0.07433476 -0.12728122 0.49232021
v -0.07484149 -0.12748621 0.49236184
v -0.07502024 -0.12752421 0.49237478
v -0.08509254 -0.12763266 0.49300045
v -0.08521408 -0.12816611 0.49303508
v -0.08528503 -0.12833451 0.49304801
v -0.08537041 -0.12849604 0.49306151
v -0.08737431 -0.12951881 0.49323696
v -0.08719169 -0.12952843 0.49322623
v -0.08700896 -0.12952209 0.49321464
v -0.08755547 -0.12949331 0.49324682
v -0.08773375 -0.12945212 0.4932557
v -0.08790783 -0.12939554 0.49326354
v -0.07592647 -0.12747651 0.49242815
v -0.07610054 -0.12741993 0.49243599
v -0.07626906 -0.12734841 0.49244273
v -0.07590296 -0.12342501 0.49222037
v -0.07572421 -0.12338701 0.49220744
v -0.07347774 -0.12635891 0.49222046
v -0.07356311 -0.12652044 0.49223396
v -0.07449745 -0.12736425 0.49233446
v -0.07466678 -0.12743275 0.49234837
v -0.0880543 -0.12552258 0.49307531
v -0.08788496 -0.12545408 0.49306142
v -0.08771025 -0.12540062 0.49304792
v -0.0875315 -0.12536262 0.49303499
v -0.08735007 -0.12534036 0.49302268
v -0.08716734 -0.12533401 0.49301112
v -0.08698472 -0.12534362 0.49300036
v -0.0736483 -0.12426805 0.4921245
v -0.07355095 -0.12442323 0.49212641
v -0.07346746 -0.12458627 0.49212956
v -0.07335079 -0.1260165 0.49219522
v -0.07340679 -0.1261905 0.49220753
v -0.08807635 -0.12932402 0.49327028
v -0.08823806 -0.12923808 0.49327585
v -0.08839171 -0.12913841 0.49328023
v -0.08853613 -0.12902573 0.49328339
v -0.08867022 -0.12890093 0.4932853
v -0.08879297 -0.12876493 0.49328592
v -0.08612098 -0.12562434 0.49296147
v -0.08596733 -0.12572403 0.49295709
v -0.07733767 -0.12472072 0.49237469
v -0.08582291 -0.1258367 0.49295393
v -0.08568881 -0.12596151 0.49295205
v -0.07746823 -0.12543689 0.49241921
v -0.07745919 -0.12525417 0.49240935
v -0.08515178 -0.12690651 0.4929671
v -0.07726671 -0.12455232 0.49236175
v -0.08628268 -0.12553842 0.49296707
v -0.07447539 -0.12356281 0.49213949
v -0.07431369 -0.12364874 0.49213392
v -0.07416004 -0.12374842 0.49212953
v -0.07401562 -0.1238611 0.49212638
v -0.07388152 -0.12398591 0.49212447
v -0.07375877 -0.1241219 0.49212384
v -0.07339846 -0.12475593 0.49213395
v -0.07334449 -0.1249309 0.49213955
v -0.07330595 -0.12510988 0.49214628
v -0.07366226 -0.12667386 0.49224788
v -0.07377441 -0.12681802 0.49226213
v -0.08546955 -0.12864947 0.49307543
v -0.0855817 -0.12879363 0.49308968
v -0.08570602 -0.12892741 0.49310413
v -0.08584155 -0.12904981 0.4931187
v -0.08890344 -0.12861878 0.49328527
v -0.0890008 -0.1284636 0.49328336
v -0.08908428 -0.12830056 0.4932802
v -0.089074 -0.12652792 0.49318931
v -0.08898862 -0.12636639 0.49317583
v -0.08888949 -0.12621297 0.49316192
v -0.08556606 -0.1260975 0.49295139
v -0.08545559 -0.12624365 0.49295205
v -0.08535824 -0.12639883 0.49295396
v -0.08527475 -0.12656188 0.49295712
v -0.08520576 -0.12673153 0.49296153
v -0.07739367 -0.12489472 0.492387
v -0.07743427 -0.12507299 0.49239859
v -0.07643077 -0.12726249 0.4924483
v -0.07658441 -0.1271628 0.49245268
v -0.07672884 -0.12705013 0.49245584
v -0.07686293 -0.12692532 0.49245772
v -0.07698568 -0.12678932 0.49245837
v -0.08509043 -0.12726709 0.49298167
v -0.07718134 -0.12439079 0.49234825
v -0.07708219 -0.12423736 0.49233434
v -0.07697004 -0.1240932 0.49232009
v -0.07554279 -0.12336475 0.49219513
v -0.07536006 -0.12335841 0.49218357
v -0.07481799 -0.12343471 0.49215406
v -0.07464392 -0.12349129 0.49214622
v -0.08598726 -0.1291599 0.49313331
v -0.08614205 -0.12925681 0.49314776
v -0.08630473 -0.12933984 0.49316201
v -0.08915328 -0.1281309 0.49327582
v -0.08920725 -0.12795593 0.49327022
v -0.0892458 -0.12777695 0.49326348
v -0.08926861 -0.12759534 0.49325565
v -0.08927552 -0.12741248 0.49324676
v -0.08926649 -0.12722978 0.4932369
v -0.08924156 -0.1270486 0.49322614
v -0.08877733 -0.12606882 0.49314764
v -0.08865301 -0.12593502 0.49313319
v -0.08851748 -0.12581262 0.49311861
v -0.08837177 -0.12570255 0.49310404
v -0.08821698 -0.12560561 0.49308956
v -0.08647408 -0.12940836 0.49317592
v -0.08664878 -0.12946181 0.49318939
v -0.08682753 -0.12949982 0.49320233
v -0.08920095 -0.12687033 0.49321455
v -0.08914496 -0.12669633 0.49320224
v -0.07709615 -0.12664318 0.49245772
v -0.07719351 -0.126488 0.49245581
v -0.077277 -0.12632495 0.49245265
v -0.07734599 -0.1261553 0.49244827
v -0.07739996 -0.12598032 0.49244267
v -0.08511324 -0.12708549 0.49297383
v -0.0774385 -0.12580134 0.49243593
v -0.07746132 -0.12561974 0.49242809
v -0.07684572 -0.12395941 0.49230564
v -0.07671019 -0.12383702 0.49229106
v -0.07656448 -0.12372693 0.49227649
v -0.07640969 -0.12363001 0.49226201
v -0.07624701 -0.12354698 0.49224776
v -0.07607767 -0.12347847 0.49223384
v -0.01856395 -0.08589876 0.49386266
v -0.01869537 -0.0850306 0.49406022
v -0.01874102 -0.08559754 0.49205539
v -0.01887999 -0.08471653 0.49217585
v -0.0188933 -0.08545351 0.49022663
v -0.01903876 -0.08456636 0.49026909
v -0.01901962 -0.08546778 0.48839027
v -0.01917047 -0.08458123 0.48835441
v -0.01911902 -0.08564022 0.48656034
v -0.01927411 -0.08476103 0.48644641
v -0.01919075 -0.08596954 0.48475072
v -0.0193489 -0.0851044 0.48455963
v -0.01923427 -0.08645321 0.48297518
v -0.01939427 -0.08560871 0.48270836
v -0.01924923 -0.08708758 0.48124728
v -0.01940988 -0.08627013 0.48090675
v -0.01923554 -0.0878678 0.47958013
v -0.0193956 -0.08708362 0.47916847
v -0.01919328 -0.08878794 0.47798643
v -0.01935154 -0.08804301 0.47750682
v -0.01912278 -0.08984099 0.47647831
v -0.01927803 -0.08914097 0.47593436
v -0.01902459 -0.09101893 0.47506723
v -0.01917565 -0.09036916 0.47446311
v -0.01889944 -0.09231281 0.47376397
v -0.01904516 -0.09171824 0.47310424
v -0.01874829 -0.09371278 0.47257841
v -0.01888757 -0.09317793 0.4718681
v -0.01857229 -0.09520819 0.47151959
v -0.01870406 -0.09473712 0.47076413
v -0.01837278 -0.09678765 0.47059557
v -0.01849604 -0.09638394 0.46980068
v -0.01815127 -0.09843913 0.46981335
v -0.01826508 -0.09810588 0.46898511
v -0.01790946 -0.10015009 0.46917894
v -0.01801296 -0.09988981 0.46832365
v -0.01764918 -0.10190748 0.46869713
v -0.01774158 -0.10172216 0.46782127
v -0.01737242 -0.10369794 0.4683716
v -0.01745301 -0.10358899 0.46748185
v -0.01708127 -0.10550784 0.4682048
v -0.01714944 -0.10547609 0.46730796
v -0.01677797 -0.10732341 0.46819803
v -0.0168332 -0.1073691 0.46730089
v -0.0164648 -0.10913081 0.46835136
v -0.01650668 -0.1092536 0.46746075
v -0.01614417 -0.11091632 0.46866357
v -0.01617237 -0.11111526 0.46778628
v -0.0158185 -0.11266633 0.46913233
v -0.01583281 -0.11293992 0.46827504
v -0.01549028 -0.11436753 0.46975404
v -0.01549059 -0.11471368 0.46892327
v -0.015162 -0.11600696 0.47052398
v -0.01514831 -0.11642303 0.46972606
v -0.01483617 -0.11757215 0.47143629
v -0.01480858 -0.11805499 0.47067729
v -0.01451526 -0.1190512 0.47248402
v -0.01447398 -0.11959712 0.47176972
v -0.01420172 -0.12043283 0.47365925
v -0.01414707 -0.12103769 0.47299504
v -0.01389793 -0.12170655 0.47495294
v -0.01383032 -0.12236573 0.47434393
v -0.0136062 -0.12286264 0.47635531
v -0.01352614 -0.12357114 0.47580612
v -0.01332875 -0.12389232 0.47785568
v -0.01323686 -0.12464474 0.47737047
v -0.0130677 -0.12478775 0.47944263
v -0.01296468 -0.12557836 0.4790251
v -0.01282503 -0.12554212 0.48110405
v -0.01271166 -0.1263649 0.48075742
v -0.01260259 -0.12614967 0.48282734
v -0.01247973 -0.12699838 0.4825542
v -0.01240207 -0.12660579 0.48459935
v -0.01227066 -0.12747395 0.48440179
v -0.012225 -0.12690702 0.48640662
v -0.01208604 -0.12778802 0.48628616
v -0.01207273 -0.12705104 0.48823538
v -0.01192727 -0.1279382 0.48819295
v -0.01194641 -0.12703678 0.49007174
v -0.01179556 -0.12792332 0.4901076
v -0.011847 -0.12686434 0.4919017
v -0.01169191 -0.12774353 0.4920156
v -0.01177527 -0.12653501 0.49371129
v -0.01161712 -0.12740016 0.49390242
v -0.01173176 -0.12605134 0.49548683
v -0.01157175 -0.12689584 0.49575368
v -0.01171679 -0.12541698 0.49721473
v -0.01155615 -0.12623443 0.49755529
v -0.01173049 -0.12463676 0.49888188
v -0.01157043 -0.12542093 0.49929354
v -0.01177275 -0.12371662 0.50047559
v -0.01161449 -0.12446155 0.50095522
v -0.01184324 -0.12266357 0.5019837
v -0.01168799 -0.12336358 0.50252765
v -0.01194144 -0.12148563 0.50339478
v -0.01179037 -0.12213539 0.50399894
v -0.01206659 -0.12019175 0.50469804
v -0.01192086 -0.12078632 0.5053578
v -0.01221773 -0.11879177 0.50588363
v -0.01207846 -0.11932663 0.50659388
v -0.01239374 -0.11729637 0.50694245
v -0.01226197 -0.11776744 0.50769788
v -0.01259325 -0.11571691 0.50786644
v -0.01246999 -0.11612061 0.50866133
v -0.01281475 -0.11406542 0.50864863
v -0.01270094 -0.11439868 0.5094769
v -0.01305657 -0.11235447 0.50928307
v -0.01295307 -0.11261475 0.51013839
v -0.01331684 -0.11059707 0.50976491
v -0.01322445 -0.1107824 0.51064074
v -0.01359361 -0.10880662 0.51009041
v -0.01351302 -0.10891557 0.51098019
v -0.01388475 -0.10699672 0.51025724
v -0.01381658 -0.10702847 0.51115406
v -0.01418806 -0.10518115 0.51026398
v -0.01413282 -0.10513546 0.51116115
v -0.01450122 -0.10337374 0.51011068
v -0.01445935 -0.10325096 0.51100129
v -0.01482186 -0.10158823 0.50979847
v -0.01479366 -0.1013893 0.51067573
v -0.01514752 -0.09983823 0.50932968
v -0.01513322 -0.09956464 0.51018697
v -0.01547575 -0.09813703 0.508708
v -0.01547544 -0.09779088 0.50953877
v -0.01580402 -0.0964976 0.50793803
v -0.01581771 -0.09608153 0.50873595
v -0.01612985 -0.09493241 0.50702572
v -0.01615744 -0.09444956 0.50778472
v -0.01645076 -0.09345336 0.50597799
v -0.01649204 -0.09290744 0.50669229
v -0.01676431 -0.09207173 0.50480276
v -0.01681896 -0.09146687 0.505467
v -0.0170681 -0.09079801 0.5035091
v -0.01713571 -0.09013883 0.50411808
v -0.01735983 -0.08964192 0.50210673
v -0.01743988 -0.08893342 0.50265592
v -0.01763728 -0.08861224 0.50060636
v -0.01772916 -0.08785982 0.50109154
v -0.01789832 -0.08771681 0.49901941
v -0.01800135 -0.08692619 0.49943691
v -0.01814099 -0.08696245 0.49735796
v -0.01825437 -0.08613966 0.49770463
v -0.01836343 -0.08635489 0.49563468
v -0.01848629 -0.08550619 0.49590781
v -0.0070267 -0.12621361 0.48972693
v -0.0069273 -0.12604117 0.49155688
v -0.00685557 -0.12571186 0.49336648
v -0.00681205 -0.12522817 0.49514201
v -0.00679709 -0.12459381 0.49686992
v -0.00681078 -0.12381359 0.49853706
v -0.00685304 -0.12289345 0.50013077
v -0.00692354 -0.12184041 0.50163889
v -0.00702173 -0.12066246 0.50304997
v -0.00714688 -0.11936858 0.50435323
v -0.00729803 -0.1179686 0.50553882
v -0.00747403 -0.1164732 0.50659764
v -0.00767354 -0.11489374 0.50752163
v -0.00789505 -0.11324225 0.50830382
v -0.00813686 -0.1115313 0.50893825
v -0.00839714 -0.1097739 0.5094201
v -0.0086739 -0.10798345 0.5097456
v -0.00896505 -0.10617355 0.50991237
v -0.00926835 -0.10435799 0.50991917
v -0.00958152 -0.10255057 0.50976586
v -0.00990215 -0.10076506 0.50945365
v -0.01022782 -0.09901506 0.50898486
v -0.01055604 -0.09731386 0.50836319
v -0.01088432 -0.09567443 0.50759321
v -0.01121015 -0.09410924 0.50668091
v -0.01153106 -0.09263019 0.50563318
v -0.0118446 -0.09124856 0.50445795
v -0.0121484 -0.08997484 0.50316429
v -0.01244012 -0.08881875 0.50176191
v -0.01271757 -0.08778907 0.50026155
v -0.01297862 -0.08689364 0.49867457
v -0.01322129 -0.08613928 0.49701315
v -0.01344373 -0.08553172 0.49528986
v -0.01364425 -0.08507559 0.49351785
v -0.01382132 -0.08477437 0.49171057
v -0.01397359 -0.08463034 0.48988181
v -0.01409991 -0.08464461 0.48804545
v -0.01419932 -0.08481705 0.48621553
v -0.01427105 -0.08514637 0.48440591
v -0.01431456 -0.08563005 0.48263037
v -0.01432953 -0.08626441 0.48090246
v -0.01431583 -0.08704463 0.47923532
v -0.01427357 -0.08796477 0.47764161
v -0.01420308 -0.08901782 0.4761335
v -0.01410488 -0.09019576 0.47472242
v -0.01397973 -0.09148965 0.47341916
v -0.01382858 -0.09288962 0.47223359
v -0.01365258 -0.09438502 0.47117478
v -0.01345307 -0.09596448 0.47025076
v -0.01323157 -0.09761597 0.46946853
v -0.01298976 -0.09932692 0.46883413
v -0.01272948 -0.10108431 0.46835232
v -0.01245271 -0.10287477 0.46802676
v -0.01216157 -0.10468467 0.46785998
v -0.01185826 -0.10650024 0.46785322
v -0.0115451 -0.10830765 0.46800655
v -0.01122446 -0.11009315 0.46831876
v -0.0108988 -0.11184316 0.46878749
v -0.01057058 -0.11354436 0.46940923
v -0.0102423 -0.11518379 0.47017917
v -0.00991647 -0.11674898 0.47109148
v -0.00959556 -0.11822803 0.47213921
v -0.00928201 -0.11960966 0.4733144
v -0.00897822 -0.12088338 0.47460812
v -0.00868649 -0.12203947 0.4760105
v -0.00840904 -0.12306915 0.47751087
v -0.00814799 -0.12396458 0.47909781
v -0.00790533 -0.12471894 0.48075923
v -0.00768289 -0.1253265 0.48248252
v -0.00748237 -0.12578262 0.48425454
v -0.0073053 -0.12608385 0.48606181
v -0.00715302 -0.12622787 0.48789057
v -0.01570959 -0.13465679 0.49069148
v -0.00573827 -0.13278161 0.49243021
v -0.01557768 -0.13442793 0.49311987
v -0.00564308 -0.1323446 0.49483162
v -0.01548249 -0.13399093 0.49552125
v -0.00558534 -0.13170275 0.49718776
v -0.01542475 -0.13334908 0.49787739
v -0.00556548 -0.13086094 0.49948072
v -0.01540489 -0.13250728 0.50017035
v -0.00558366 -0.12982558 0.50169307
v -0.01542307 -0.13147192 0.5023827
v -0.00563973 -0.12860455 0.5038079
v -0.01547914 -0.13025089 0.50449753
v -0.00573328 -0.12720713 0.50580919
v -0.01557269 -0.12885347 0.50649887
v -0.00586359 -0.12564398 0.50768173
v -0.01570299 -0.12729031 0.50837135
v -0.00602966 -0.12392697 0.50941116
v -0.01586907 -0.12557331 0.51010078
v -0.00623024 -0.12206919 0.51098442
v -0.01606965 -0.12371553 0.51167405
v -0.00646379 -0.12008477 0.51238948
v -0.0163032 -0.12173111 0.51307917
v -0.00672855 -0.11798881 0.51361573
v -0.01656796 -0.11963514 0.51430535
v -0.00702249 -0.11579726 0.51465368
v -0.0168619 -0.1174436 0.51534331
v -0.00734338 -0.11352681 0.5154956
v -0.01718279 -0.11517314 0.51618522
v -0.00768877 -0.11119471 0.51613498
v -0.01752818 -0.11284105 0.5168246
v -0.00805604 -0.10881875 0.51656693
v -0.01789545 -0.11046509 0.51725656
v -0.00844239 -0.10641699 0.51678824
v -0.0182818 -0.10806333 0.51747793
v -0.00884489 -0.10400771 0.51679724
v -0.0186843 -0.10565405 0.51748687
v -0.00926046 -0.10160924 0.51659381
v -0.01909987 -0.10325558 0.51728344
v -0.00968595 -0.09923986 0.5161795
v -0.01952535 -0.1008862 0.51686913
v -0.01011811 -0.09691757 0.51555747
v -0.01995752 -0.09856391 0.51624709
v -0.01055366 -0.09466006 0.51473242
v -0.02039307 -0.0963064 0.51542205
v -0.01098929 -0.09248451 0.51371068
v -0.0208287 -0.09413085 0.5144003
v -0.01142167 -0.09040748 0.51250005
v -0.02126108 -0.09205382 0.51318967
v -0.01184753 -0.08844477 0.51110965
v -0.02168694 -0.0900911 0.51179928
v -0.0122636 -0.08661132 0.50955015
v -0.02210301 -0.08825766 0.51023978
v -0.01266674 -0.08492108 0.50783342
v -0.02250615 -0.08656742 0.50852305
v -0.01305387 -0.08338693 0.50597245
v -0.02289328 -0.08503326 0.50666207
v -0.01342204 -0.08202052 0.50398141
v -0.02326145 -0.08366686 0.50467104
v -0.01376846 -0.08083227 0.50187552
v -0.02360787 -0.08247861 0.50256515
v -0.01409049 -0.07983123 0.49967077
v -0.0239299 -0.08147756 0.50036043
v -0.01438567 -0.07902499 0.49738395
v -0.02422508 -0.08067133 0.49807358
v -0.01465176 -0.07841971 0.49503246
v -0.02449117 -0.08006604 0.49572209
v -0.01488673 -0.07801998 0.49263418
v -0.02472614 -0.07966632 0.4933238
v -0.0150888 -0.07782885 0.49020737
v -0.02492821 -0.07947519 0.49089703
v -0.01525643 -0.07784778 0.48777053
v -0.02509584 -0.07949412 0.48846015
v -0.01538834 -0.07807662 0.48534217
v -0.02522775 -0.07972296 0.4860318
v -0.01548353 -0.07851362 0.48294079
v -0.02532294 -0.08015996 0.48363042
v -0.01554128 -0.07915547 0.48058462
v -0.02538069 -0.08080181 0.48127428
v -0.01556114 -0.07999729 0.47829166
v -0.02540055 -0.08164362 0.47898132
v -0.01554296 -0.08103264 0.47607934
v -0.02538237 -0.08267898 0.47676897
v -0.01548688 -0.08225367 0.47396448
v -0.02532629 -0.08390001 0.47465411
v -0.01539334 -0.08365109 0.47196317
v -0.02523275 -0.08529742 0.47265282
v -0.01526303 -0.08521424 0.47009066
v -0.02510244 -0.08686058 0.47078031
v -0.01509696 -0.08693124 0.4683612
v -0.02493636 -0.08857758 0.46905085
v -0.01489638 -0.08878902 0.46678796
v -0.02473579 -0.09043536 0.46747759
v -0.01466282 -0.09077345 0.46538287
v -0.02450223 -0.09241979 0.46607253
v -0.01439807 -0.09286941 0.46415669
v -0.02423748 -0.09451575 0.46484631
v -0.01410413 -0.09506096 0.4631187
v -0.02394354 -0.0967073 0.46380833
v -0.01378324 -0.09733142 0.46227682
v -0.02362265 -0.09897775 0.46296644
v -0.01343784 -0.0996635 0.46163744
v -0.02327725 -0.10130984 0.46232706
v -0.01307057 -0.10203946 0.46120545
v -0.02290998 -0.1036858 0.46189508
v -0.01268422 -0.10444123 0.46098411
v -0.02252363 -0.10608757 0.46167374
v -0.01228173 -0.10685051 0.46097514
v -0.02212114 -0.10849684 0.46166477
v -0.01186616 -0.10924897 0.4611786
v -0.02170557 -0.11089531 0.46186823
v -0.01144067 -0.11161836 0.46159291
v -0.02128008 -0.1132647 0.46228254
v -0.0110085 -0.11394065 0.46221495
v -0.02084791 -0.11558699 0.46290457
v -0.01057295 -0.11619816 0.46303996
v -0.02041236 -0.1178445 0.46372959
v -0.01013733 -0.11837371 0.46406171
v -0.01997674 -0.12002005 0.46475133
v -0.00970494 -0.12045074 0.46527234
v -0.01954435 -0.12209708 0.46596199
v -0.00927909 -0.12241346 0.4666627
v -0.0191185 -0.12405979 0.46735236
v -0.00886301 -0.1242469 0.46822223
v -0.01870242 -0.12589324 0.46891186
v -0.00845987 -0.12593713 0.46993899
v -0.01829928 -0.12758347 0.47062862
v -0.00807275 -0.1274713 0.47179997
v -0.01791216 -0.12911764 0.4724896
v -0.00770457 -0.12883769 0.47379097
v -0.01754398 -0.13048403 0.4744806
v -0.00735815 -0.13002594 0.47589687
v -0.01719756 -0.13167228 0.47658649
v -0.00703613 -0.131027 0.47810161
v -0.01687554 -0.13267334 0.47879124
v -0.00674095 -0.13183323 0.48038843
v -0.01658036 -0.13347957 0.48107806
v -0.00647486 -0.13243851 0.48273993
v -0.01631427 -0.13408485 0.48342955
v -0.00623988 -0.13283825 0.48513821
v -0.01607929 -0.13448457 0.48582783
v -0.00603781 -0.13302937 0.48756501
v -0.01587722 -0.13467571 0.48825464
v -0.00587018 -0.13301045 0.49000186
v -0.00647467 -0.12165771 0.50847924
v -0.00645492 -0.12176771 0.50849849
v -0.00643562 -0.12187907 0.50850797
v -0.00641694 -0.12199093 0.50850755
v -0.00674385 -0.12069541 0.50693601
v -0.00674653 -0.12072521 0.50682664
v -0.00673361 -0.12100651 0.50633943
v -0.0067259 -0.12108623 0.50625914
v -0.00655526 -0.12124763 0.50830841
v -0.006744 -0.12086906 0.50651926
v -0.00673966 -0.12093394 0.50642633
v -0.00671659 -0.12117249 0.50618607
v -0.00670574 -0.12126462 0.50612086
v -0.00669345 -0.12136193 0.50606394
v -0.0066798 -0.12146369 0.50601572
v -0.00655614 -0.12223242 0.50594491
v -0.0065759 -0.12212241 0.50592566
v -0.00649474 -0.12154988 0.50845039
v -0.00651496 -0.12144507 0.50841206
v -0.00653519 -0.12134406 0.50836462
v -0.00674745 -0.1207643 0.50672019
v -0.00674661 -0.12081237 0.50661749
v -0.00663182 -0.12178768 0.50592691
v -0.00664887 -0.12167738 0.50594693
v -0.0066649 -0.1215691 0.50597662
v -0.00661388 -0.1218992 0.5059166
v -0.00659519 -0.12201106 0.50591618
v -0.00636591 -0.12232102 0.50844753
v -0.00638195 -0.12221275 0.50847721
v -0.006399 -0.12210244 0.50849724
v -0.00670523 -0.12069105 0.50749743
v -0.00669287 -0.12071916 0.50760663
v -0.00667917 -0.12075659 0.50771278
v -0.00671614 -0.12067249 0.50738609
v -0.00672552 -0.12066362 0.50727344
v -0.0067333 -0.1206645 0.50716025
v -0.00673943 -0.12067512 0.50704753
v -0.00641775 -0.12289722 0.5063324
v -0.00629721 -0.12288361 0.50808471
v -0.00630492 -0.12280389 0.508165
v -0.00633737 -0.12252819 0.50836021
v -0.00635101 -0.12242644 0.50840843
v -0.00653608 -0.12234024 0.50597376
v -0.00651586 -0.12244505 0.50601208
v -0.00649563 -0.12254606 0.50605953
v -0.00647556 -0.12264249 0.50611573
v -0.00645578 -0.12273362 0.50618029
v -0.00629116 -0.12295619 0.50799781
v -0.00631423 -0.12271763 0.50823808
v -0.00632507 -0.1226255 0.50830328
v -0.00657503 -0.12115651 0.50824386
v -0.00659435 -0.12107138 0.5081715
v -0.00661307 -0.12099291 0.50809175
v -0.00663104 -0.12092167 0.50800538
v -0.00664814 -0.12085824 0.50791293
v -0.00666422 -0.12080307 0.50781512
v -0.00643647 -0.12281875 0.50625265
v -0.00639977 -0.12296845 0.50641876
v -0.00638268 -0.12303189 0.50651121
v -0.00633794 -0.12317096 0.50681752
v -0.00635165 -0.12313353 0.50671136
v -0.0063666 -0.12308706 0.50660902
v -0.00628429 -0.12316491 0.50759751
v -0.00628337 -0.12312583 0.50770396
v -0.00628421 -0.12307776 0.50780666
v -0.00628681 -0.12302107 0.50790489
v -0.00629751 -0.12322562 0.5072639
v -0.00629139 -0.123215 0.50737661
v -0.00628697 -0.12319471 0.50748813
v -0.00632559 -0.12319907 0.50692672
v -0.00631468 -0.12321763 0.50703806
v -0.0063053 -0.1232265 0.50715071
v -0.0088187 -0.12347216 0.47070393
v -0.00880165 -0.12358247 0.47068387
v -0.00888642 -0.12296727 0.47094306
v -0.00887558 -0.12305941 0.47087783
v -0.00878371 -0.12369398 0.47067359
v -0.00876503 -0.12380584 0.47067317
v -0.00866457 -0.12334467 0.47320735
v -0.00868479 -0.12323986 0.47316906
v -0.00870502 -0.12313885 0.47312161
v -0.00872509 -0.12304242 0.47306541
v -0.00874573 -0.1239172 0.47068262
v -0.00872598 -0.12402721 0.47070187
v -0.00870591 -0.12413502 0.47073075
v -0.00890949 -0.12272873 0.47118333
v -0.00891384 -0.12266385 0.47127625
v -0.00891644 -0.12260716 0.47137445
v -0.00874487 -0.12295129 0.47300085
v -0.00876419 -0.12286617 0.47292846
v -0.0087829 -0.12278769 0.47284874
v -0.00886328 -0.12315672 0.4708209
v -0.00884964 -0.12325847 0.47077271
v -0.00883474 -0.12336388 0.47073361
v -0.00864451 -0.12345249 0.47323623
v -0.00862475 -0.1235625 0.47325549
v -0.008849 -0.12255137 0.47246978
v -0.00886271 -0.12251394 0.47236359
v -0.00887506 -0.12248584 0.47225443
v -0.00888597 -0.12246728 0.47214305
v -0.00889535 -0.12245841 0.4720304
v -0.00890314 -0.12245928 0.47191724
v -0.00890926 -0.12246991 0.4718045
v -0.00889573 -0.12288102 0.47101611
v -0.00890344 -0.1228013 0.4710964
v -0.00845404 -0.12487254 0.47256365
v -0.00845665 -0.12481585 0.47266185
v -0.00853575 -0.12411582 0.47320449
v -0.00855178 -0.12400754 0.47323418
v -0.00868569 -0.12423984 0.47076905
v -0.00866546 -0.12434085 0.47081649
v -0.00864539 -0.12443728 0.4708727
v -0.00862562 -0.12452841 0.47093725
v -0.0086063 -0.12461353 0.47100964
v -0.00858758 -0.12469201 0.47108936
v -0.00856961 -0.12476324 0.47117576
v -0.00855251 -0.12482668 0.47126821
v -0.00853643 -0.12488185 0.47136599
v -0.00852148 -0.12492833 0.47146833
v -0.00850778 -0.12496576 0.47157452
v -0.00856883 -0.12389722 0.47325423
v -0.00858677 -0.12378571 0.47326452
v -0.00860546 -0.12367386 0.47326493
v -0.00849491 -0.12442029 0.47306028
v -0.0085072 -0.12432298 0.4731172
v -0.00852085 -0.12422123 0.47316539
v -0.00880088 -0.12271646 0.47276235
v -0.00881797 -0.12265302 0.4726699
v -0.00883405 -0.12259785 0.47257212
v -0.00891368 -0.1224902 0.47169301
v -0.00891636 -0.12252 0.47158363
v -0.00891728 -0.12255909 0.47147715
v -0.0084532 -0.12492061 0.47246096
v -0.00845412 -0.1249597 0.47235447
v -0.00846099 -0.12475097 0.47275478
v -0.00846704 -0.1246784 0.47284171
v -0.00847475 -0.12459868 0.472922
v -0.00848406 -0.12451243 0.47299504
v -0.00849542 -0.12499386 0.47168368
v -0.00848451 -0.12501241 0.47179505
v -0.00847513 -0.12502129 0.47190771
v -0.00846735 -0.12502041 0.47202086
v -0.00846122 -0.12500979 0.47213361
v -0.0084568 -0.12498949 0.4722451
v -0.01465194 -0.08920052 0.46929312
v -0.0146717 -0.08909051 0.4692739
v -0.01469099 -0.08897915 0.46926445
v -0.01470968 -0.08886729 0.46926486
v -0.0147607 -0.08853719 0.46932489
v -0.01474467 -0.08864547 0.4692952
v -0.01472762 -0.08875578 0.46927515
v -0.01480103 -0.08765915 0.47084567
v -0.01481194 -0.08764059 0.47073433
v -0.0148291 -0.0876326 0.47050852
v -0.01483523 -0.08764322 0.47039577
v -0.01483965 -0.08766351 0.47028428
v -0.01484233 -0.08769331 0.47017488
v -0.01474393 -0.08782633 0.47126117
v -0.01483546 -0.08790204 0.4697746
v -0.01482941 -0.08797461 0.46968767
v -0.0148217 -0.08805433 0.46960738
v -0.01481239 -0.08814058 0.46953434
v -0.01480154 -0.08823272 0.4694691
v -0.01478925 -0.08833003 0.46941215
v -0.0147756 -0.08843178 0.46936396
v -0.01442087 -0.0895936 0.47165155
v -0.01443317 -0.08949628 0.47170848
v -0.01444681 -0.08939454 0.47175667
v -0.01446171 -0.08928912 0.47179574
v -0.01447775 -0.08918085 0.47182545
v -0.0144948 -0.08907054 0.47184551
v -0.01482132 -0.08763172 0.47062165
v -0.01484325 -0.0877324 0.47006842
v -0.0148424 -0.08778047 0.46996573
v -0.0148398 -0.08783716 0.46986753
v -0.01457135 -0.08961059 0.46946394
v -0.01459054 -0.08851798 0.47179863
v -0.01461076 -0.08841316 0.47176033
v -0.01476002 -0.08777116 0.47116339
v -0.01477497 -0.08772469 0.47106102
v -0.01478867 -0.08768725 0.47095487
v -0.01463188 -0.08930834 0.469322
v -0.01461165 -0.08941315 0.46936032
v -0.01459143 -0.08951416 0.46940774
v -0.01444745 -0.09010163 0.4700596
v -0.01443374 -0.09013906 0.47016579
v -0.01439301 -0.08985171 0.47143295
v -0.01440072 -0.08977199 0.47151327
v -0.01441003 -0.08968573 0.47158632
v -0.01463098 -0.08831216 0.47171289
v -0.01465106 -0.08821572 0.47165668
v -0.01467083 -0.0881246 0.47159213
v -0.01469015 -0.08803947 0.47151971
v -0.01470887 -0.087961 0.47144002
v -0.01472684 -0.08788977 0.47135359
v -0.01455158 -0.08970172 0.4695285
v -0.01453227 -0.08978684 0.46960092
v -0.01451355 -0.08986532 0.46968064
v -0.01449557 -0.08993655 0.46976703
v -0.01447848 -0.08999999 0.46985945
v -0.0144624 -0.09005515 0.46995723
v -0.01437917 -0.09009393 0.4710522
v -0.01438001 -0.09004585 0.47115493
v -0.01438261 -0.08998916 0.4712531
v -0.01438696 -0.08992428 0.47134602
v -0.01451274 -0.08895902 0.47185576
v -0.01453142 -0.08884717 0.47185618
v -0.01455072 -0.08873581 0.47184673
v -0.01457047 -0.0886258 0.47182751
v -0.01439331 -0.09019372 0.47061211
v -0.01440109 -0.0901946 0.47049898
v -0.01441048 -0.09018572 0.4703863
v -0.01442139 -0.09016716 0.47027496
v -0.01438719 -0.09018309 0.47072485
v -0.01438277 -0.09016281 0.47083634
v -0.01438009 -0.090133 0.47094575
v -0.01224019 -0.08789095 0.50682932
v -0.01225104 -0.08779881 0.50689459
v -0.01246204 -0.08751355 0.504565
v -0.01244182 -0.08761837 0.50460333
v -0.01248211 -0.08740573 0.50453615
v -0.01250186 -0.08729572 0.5045169
v -0.01242159 -0.08771937 0.50465077
v -0.01240152 -0.08781581 0.50470698
v -0.01229188 -0.08749434 0.50703877
v -0.01227698 -0.08759975 0.50699967
v -0.01226333 -0.0877015 0.50695151
v -0.01236159 -0.08705238 0.50709921
v -0.01238088 -0.08694102 0.50708973
v -0.01240064 -0.08683101 0.50707054
v -0.0124207 -0.08672319 0.50704163
v -0.0125741 -0.08603154 0.50650418
v -0.01259018 -0.08597638 0.50640643
v -0.01265957 -0.08617982 0.50493068
v -0.01265186 -0.08625954 0.50485039
v -0.01264255 -0.08634579 0.50477737
v -0.01263171 -0.08643793 0.5047121
v -0.01230791 -0.08738606 0.50706846
v -0.01232496 -0.08727574 0.50708854
v -0.0123429 -0.08716424 0.50709879
v -0.01238175 -0.08790693 0.50477153
v -0.01236243 -0.08799206 0.50484395
v -0.01234371 -0.08807053 0.50492364
v -0.01266981 -0.08586872 0.50552732
v -0.01266539 -0.08584844 0.50563878
v -0.01265927 -0.08583781 0.50575155
v -0.01267249 -0.08589853 0.50541788
v -0.01267342 -0.0859376 0.50531143
v -0.01267257 -0.08598568 0.50520873
v -0.01266997 -0.08604237 0.50511056
v -0.01266562 -0.08610725 0.50501764
v -0.01232574 -0.08814175 0.50501007
v -0.01230865 -0.0882052 0.50510252
v -0.01229256 -0.08826037 0.50520027
v -0.01227761 -0.08830684 0.50530261
v -0.01224064 -0.08839094 0.5056293
v -0.01225155 -0.08837238 0.50551796
v -0.01226391 -0.08834428 0.50540882
v -0.012501 -0.08632981 0.50683516
v -0.01252032 -0.08624469 0.50676274
v -0.01260514 -0.0859299 0.50630403
v -0.01261884 -0.08589247 0.50619787
v -0.01263119 -0.08586437 0.50608867
v -0.01223126 -0.08839981 0.50574201
v -0.01222348 -0.08839893 0.50585514
v -0.01221735 -0.08838831 0.50596786
v -0.01221293 -0.08836802 0.50607938
v -0.01221025 -0.08833822 0.50618875
v -0.01220933 -0.08829913 0.5062952
v -0.01244093 -0.08661838 0.50700337
v -0.01246115 -0.08651737 0.50695592
v -0.01248123 -0.08642094 0.50689971
v -0.01253903 -0.08616621 0.50668305
v -0.01255701 -0.08609498 0.50659662
v -0.0126421 -0.08584581 0.50597733
v -0.01265149 -0.08583693 0.50586468
v -0.01261942 -0.08653525 0.50465518
v -0.01260577 -0.08663699 0.50460696
v -0.01221712 -0.08812949 0.50658906
v -0.01221278 -0.08819437 0.50649613
v -0.01221018 -0.08825106 0.50639796
v -0.01223088 -0.0879772 0.50675631
v -0.01222317 -0.08805692 0.50667596
v -0.01259087 -0.08674241 0.50456792
v -0.01257483 -0.08685068 0.50453824
v -0.01255778 -0.08696099 0.50451815
v -0.01253984 -0.08707251 0.5045079
v -0.01252116 -0.08718436 0.50450748
v -0.01613692 -0.12487196 0.50795352
v -0.0161308 -0.12486134 0.50806624
v -0.01612638 -0.12484105 0.50817776
v -0.0161237 -0.12481125 0.50828713
v -0.01612278 -0.12477216 0.50839359
v -0.01612362 -0.12472409 0.50849628
v -0.01612622 -0.1246674 0.50859451
v -0.01613057 -0.12460252 0.50868744
v -0.01613662 -0.12452995 0.50877434
v -0.01614433 -0.12445023 0.50885463
v -0.01615364 -0.12436397 0.5089277
v -0.01616448 -0.12427184 0.50899291
v -0.01617678 -0.12417453 0.50904983
v -0.01619042 -0.12407278 0.50909805
v -0.01620532 -0.12396736 0.50913715
v -0.01622136 -0.12385909 0.50916684
v -0.01623841 -0.12374877 0.50918686
v -0.01625635 -0.12363727 0.50919718
v -0.01627503 -0.1235254 0.50919759
v -0.01629433 -0.12341405 0.50918812
v -0.01631408 -0.12330404 0.50916892
v -0.01633415 -0.12319622 0.50914001
v -0.01635437 -0.12309141 0.50910169
v -0.0163746 -0.1229904 0.50905424
v -0.01639467 -0.12289397 0.50899804
v -0.01641444 -0.12280284 0.50893348
v -0.01643376 -0.12271772 0.50886112
v -0.01645248 -0.12263924 0.50878137
v -0.01647045 -0.12256801 0.50869501
v -0.01648754 -0.12250457 0.50860256
v -0.01650363 -0.12244941 0.50850481
v -0.01651858 -0.12240293 0.50840241
v -0.01653229 -0.1223655 0.50829625
v -0.01654464 -0.12233739 0.50818706
v -0.01655555 -0.12231883 0.50807571
v -0.01656493 -0.12230996 0.50796306
v -0.01657271 -0.12231084 0.50784993
v -0.01657884 -0.12232146 0.50773716
v -0.01658326 -0.12234175 0.50762564
v -0.01658594 -0.12237155 0.50751626
v -0.01658686 -0.12241063 0.50740981
v -0.01658602 -0.1224587 0.50730711
v -0.01658341 -0.1225154 0.50720888
v -0.01657907 -0.12258027 0.50711602
v -0.01657302 -0.12265285 0.50702906
v -0.01656531 -0.12273257 0.50694877
v -0.016556 -0.12281882 0.50687569
v -0.01654515 -0.12291096 0.50681049
v -0.01653286 -0.12300827 0.50675356
v -0.01651921 -0.12311002 0.50670534
v -0.01650431 -0.12321544 0.50666624
v -0.01648828 -0.12332371 0.50663656
v -0.01647123 -0.12343402 0.50661653
v -0.01645329 -0.12354553 0.50660628
v -0.0164346 -0.12365739 0.50660586
v -0.01641531 -0.12376875 0.50661528
v -0.01639555 -0.12387875 0.50663453
v -0.01637549 -0.12398658 0.50666338
v -0.01635526 -0.12409139 0.50670171
v -0.01633504 -0.1241924 0.50674915
v -0.01631496 -0.12428883 0.50680536
v -0.01629519 -0.12437996 0.50686991
v -0.01627588 -0.12446509 0.50694233
v -0.01625716 -0.12454356 0.50702202
v -0.01623918 -0.12461478 0.50710839
v -0.01622209 -0.12467822 0.50720084
v -0.01620601 -0.1247334 0.50729865
v -0.01619106 -0.12477987 0.50740099
v -0.01617735 -0.1248173 0.50750715
v -0.016165 -0.12484541 0.50761634
v -0.01615409 -0.12486397 0.50772768
v -0.01614471 -0.12487284 0.50784034
v -0.01830676 -0.12666675 0.47271049
v -0.01830063 -0.12665613 0.47282323
v -0.01829621 -0.12663583 0.47293472
v -0.01829353 -0.12660603 0.47304413
v -0.01829261 -0.12656695 0.47315058
v -0.01829345 -0.12651888 0.47325328
v -0.01829606 -0.12646219 0.47335148
v -0.0183004 -0.12639731 0.4734444
v -0.01830645 -0.12632473 0.47353134
v -0.01831416 -0.12624502 0.47361162
v -0.01832347 -0.12615876 0.47368467
v -0.01833432 -0.12606663 0.47374991
v -0.01834661 -0.12596932 0.47380683
v -0.01836026 -0.12586756 0.47385502
v -0.01837515 -0.12576215 0.47389412
v -0.01839119 -0.12565388 0.4739238
v -0.01840824 -0.12554356 0.47394386
v -0.01842618 -0.12543206 0.47395414
v -0.01844487 -0.1253202 0.47395456
v -0.01846416 -0.12520884 0.47394511
v -0.01848392 -0.12509882 0.47392586
v -0.01850398 -0.12499101 0.47389698
v -0.0185242 -0.12488619 0.47385868
v -0.01854443 -0.12478518 0.47381124
v -0.0185645 -0.12468875 0.47375503
v -0.01858428 -0.12459763 0.47369048
v -0.01860359 -0.1245125 0.47361809
v -0.01862231 -0.12443403 0.47353837
v -0.01864029 -0.1243628 0.47345197
v -0.01865738 -0.12429936 0.47335953
v -0.01867346 -0.12424419 0.47326177
v -0.01868841 -0.12419771 0.4731594
v -0.01870212 -0.12416028 0.47305322
v -0.01871447 -0.12413218 0.47294405
v -0.01872538 -0.12411362 0.47283271
v -0.01873476 -0.12410475 0.47272003
v -0.01874255 -0.12410562 0.4726069
v -0.01874867 -0.12411625 0.47249416
v -0.01875309 -0.12413654 0.47238263
v -0.01875577 -0.12416634 0.47227326
v -0.01875669 -0.12420543 0.47216681
v -0.01875585 -0.1242535 0.47206408
v -0.01875325 -0.12431019 0.47196588
v -0.0187489 -0.12437507 0.47187299
v -0.01874285 -0.12444764 0.47178602
v -0.01873514 -0.12452736 0.47170573
v -0.01872583 -0.12461361 0.47163269
v -0.01871499 -0.12470575 0.47156745
v -0.01870269 -0.12480306 0.47151053
v -0.01868905 -0.12490481 0.47146234
v -0.01867415 -0.12501022 0.47142324
v -0.01865811 -0.12511849 0.47139356
v -0.01864106 -0.12522881 0.4713735
v -0.01862312 -0.12534033 0.47136322
v -0.01860444 -0.12545218 0.4713628
v -0.01858514 -0.12556353 0.47137225
v -0.01856539 -0.12567355 0.4713915
v -0.01854532 -0.12578137 0.47142038
v -0.0185251 -0.12588617 0.47145867
v -0.01850487 -0.12598719 0.47150612
v -0.0184848 -0.12608363 0.47156233
v -0.01846503 -0.12617475 0.47162688
v -0.01844571 -0.12625986 0.4716993
v -0.01842699 -0.12633835 0.47177899
v -0.01840902 -0.12640958 0.47186539
v -0.01839192 -0.12647301 0.47195783
v -0.01837584 -0.12652819 0.47205561
v -0.01836089 -0.12657467 0.47215798
v -0.01834719 -0.1266121 0.47226414
v -0.01833483 -0.1266402 0.47237334
v -0.01832392 -0.12665875 0.47248468
v -0.01831454 -0.12666763 0.47259733
v -0.02206289 -0.09004527 0.50654477
v -0.02205676 -0.09003465 0.50665754
v -0.02205234 -0.09001435 0.506769
v -0.02204966 -0.08998456 0.50687838
v -0.02204874 -0.08994547 0.50698483
v -0.02204959 -0.0898974 0.50708759
v -0.02205219 -0.08984071 0.50718576
v -0.02205653 -0.08977583 0.50727868
v -0.02206258 -0.08970325 0.50736564
v -0.02207029 -0.08962354 0.50744593
v -0.0220796 -0.08953729 0.50751895
v -0.02209045 -0.08944515 0.50758421
v -0.02210274 -0.08934784 0.50764114
v -0.02211639 -0.08924609 0.5076893
v -0.02213129 -0.08914068 0.5077284
v -0.02214732 -0.0890324 0.50775808
v -0.02216437 -0.08892208 0.50777817
v -0.02218231 -0.08881057 0.50778842
v -0.022201 -0.08869871 0.50778884
v -0.02222029 -0.08858736 0.50777942
v -0.02224005 -0.08847735 0.50776017
v -0.02226011 -0.08836953 0.50773126
v -0.02228034 -0.08826472 0.50769299
v -0.02230056 -0.08816371 0.50764555
v -0.02232064 -0.08806728 0.50758934
v -0.02234041 -0.08797615 0.50752479
v -0.02235973 -0.08789103 0.50745237
v -0.02237844 -0.08781255 0.50737268
v -0.02239642 -0.08774132 0.50728625
v -0.02241351 -0.08767788 0.5071938
v -0.02242959 -0.08762271 0.50709605
v -0.02244454 -0.08757623 0.50699371
v -0.02245825 -0.0875388 0.5068875
v -0.0224706 -0.0875107 0.50677836
v -0.02248151 -0.08749214 0.50666696
v -0.02249089 -0.08748326 0.50655431
v -0.02249868 -0.08748414 0.50644118
v -0.0225048 -0.08749477 0.5063284
v -0.02250922 -0.08751506 0.50621694
v -0.0225119 -0.08754486 0.50610757
v -0.02251283 -0.08758394 0.50600106
v -0.02251198 -0.08763202 0.50589836
v -0.02250938 -0.08768871 0.50580019
v -0.02250503 -0.08775359 0.50570726
v -0.02249898 -0.08782616 0.5056203
v -0.02249127 -0.08790588 0.50554001
v -0.02248196 -0.08799213 0.505467
v -0.02247112 -0.08808427 0.50540173
v -0.02245883 -0.08818158 0.50534481
v -0.02244518 -0.08828333 0.50529665
v -0.02243028 -0.08838874 0.50525755
v -0.02241424 -0.08849702 0.50522786
v -0.02239719 -0.08860733 0.50520778
v -0.02237925 -0.08871884 0.50519753
v -0.02236057 -0.0888307 0.50519711
v -0.02234127 -0.08894206 0.50520653
v -0.02232152 -0.08905207 0.50522578
v -0.02230145 -0.08915988 0.50525469
v -0.02228123 -0.0892647 0.50529295
v -0.022261 -0.08936571 0.5053404
v -0.02224093 -0.08946214 0.5053966
v -0.02222116 -0.08955327 0.50546116
v -0.02220184 -0.08963839 0.50553358
v -0.02218312 -0.08971687 0.50561327
v -0.02216515 -0.08978809 0.50569969
v -0.02214806 -0.08985154 0.50579214
v -0.02213197 -0.08990671 0.50588989
v -0.02211702 -0.08995318 0.50599223
v -0.02210332 -0.08999062 0.50609845
v -0.02209096 -0.09001872 0.50620759
v -0.02208005 -0.09003728 0.50631893
v -0.02207067 -0.09004615 0.50643164
v -0.02423272 -0.09184006 0.47130173
v -0.0242266 -0.09182943 0.47141448
v -0.02422218 -0.09180915 0.471526
v -0.0242195 -0.09177934 0.47163537
v -0.02421857 -0.09174026 0.47174183
v -0.02421942 -0.09169219 0.47184455
v -0.02422202 -0.0916355 0.47194275
v -0.02422637 -0.09157062 0.47203565
v -0.02423242 -0.09149805 0.47212261
v -0.02424013 -0.09141833 0.4722029
v -0.02424944 -0.09133207 0.47227594
v -0.02426028 -0.09123994 0.47234118
v -0.02427257 -0.09114262 0.4723981
v -0.02428622 -0.09104087 0.47244629
v -0.02430112 -0.09093546 0.47248539
v -0.02431716 -0.09082718 0.47251508
v -0.02433421 -0.09071687 0.47253513
v -0.02435215 -0.09060536 0.47254542
v -0.02437083 -0.0904935 0.4725458
v -0.02439013 -0.09038214 0.47253639
v -0.02440988 -0.09027214 0.47251713
v -0.02442995 -0.09016432 0.47248825
v -0.02445017 -0.0900595 0.47244996
v -0.02447039 -0.0899585 0.47240251
v -0.02449047 -0.08986206 0.47234631
v -0.02451024 -0.08977094 0.47228175
v -0.02452956 -0.08968581 0.47220933
v -0.02454828 -0.08960734 0.47212964
v -0.02456625 -0.08953611 0.47204325
v -0.02458334 -0.08947267 0.4719508
v -0.02459943 -0.0894175 0.47185302
v -0.02461438 -0.08937103 0.47175065
v -0.02462808 -0.08933359 0.47164449
v -0.02464044 -0.08930549 0.4715353
v -0.02465135 -0.08928693 0.47142395
v -0.02466073 -0.08927806 0.4713113
v -0.02466851 -0.08927894 0.47119814
v -0.02467464 -0.08928956 0.4710854
v -0.02467906 -0.08930985 0.47097391
v -0.02468174 -0.08933965 0.4708645
v -0.02468266 -0.08937873 0.47075805
v -0.02468181 -0.0894268 0.47065535
v -0.02467921 -0.08948349 0.47055715
v -0.02467487 -0.08954837 0.47046423
v -0.02466882 -0.08962095 0.4703773
v -0.02466111 -0.08970067 0.47029701
v -0.0246518 -0.08978692 0.47022396
v -0.02464095 -0.08987906 0.47015873
v -0.02462866 -0.08997637 0.4701018
v -0.02461501 -0.09007812 0.47005361
v -0.02460011 -0.09018353 0.47001451
v -0.02458408 -0.09029181 0.46998483
v -0.02456702 -0.09040212 0.46996477
v -0.02454909 -0.09051363 0.46995449
v -0.0245304 -0.09062549 0.46995407
v -0.02451111 -0.09073684 0.46996352
v -0.02449135 -0.09084685 0.46998277
v -0.02447129 -0.09095468 0.47001165
v -0.02445106 -0.09105949 0.47004995
v -0.02443084 -0.0911605 0.47009739
v -0.02441076 -0.09125693 0.4701536
v -0.02439099 -0.09134805 0.47021815
v -0.02437167 -0.09143318 0.47029054
v -0.02435296 -0.09151165 0.47037026
v -0.02433498 -0.09158288 0.47045666
v -0.02431789 -0.09164632 0.47054911
v -0.02430181 -0.09170149 0.47064686
v -0.02428686 -0.09174797 0.47074923
v -0.02427315 -0.0917854 0.47085541
v -0.0242608 -0.0918135 0.47096458
v -0.02424989 -0.09183206 0.47107592
v -0.0242405 -0.09184094 0.4711886
v -0.02396487 -0.09254141 0.47344905
v -0.02293266 -0.10071298 0.46866846
v -0.02318479 -0.09892905 0.46932992
v -0.02341574 -0.09720711 0.47014549
v -0.02362376 -0.09556029 0.47110894
v -0.02266128 -0.10254533 0.46816608
v -0.02380727 -0.0940011 0.47221291
v -0.02409536 -0.09119233 0.47480792
v -0.02206915 -0.10629926 0.46765277
v -0.02237271 -0.10441215 0.46782666
v -0.02426861 -0.08592757 0.48490444
v -0.02419382 -0.0855842 0.48679122
v -0.02419774 -0.08996414 0.47627917
v -0.02431398 -0.08643188 0.48305318
v -0.02427124 -0.08886617 0.47785163
v -0.0243153 -0.08790679 0.47951329
v -0.02432958 -0.0870933 0.48125157
v -0.01844585 -0.12439431 0.47615093
v -0.01815657 -0.12546791 0.47771528
v -0.01875002 -0.1231889 0.47468874
v -0.01788438 -0.12640153 0.47936991
v -0.01763136 -0.12718807 0.48110223
v -0.02175291 -0.10819227 0.4676457
v -0.02142639 -0.11007677 0.46780556
v -0.01684697 -0.12876137 0.48853776
v -0.01700574 -0.12861119 0.48663098
v -0.01719036 -0.12829712 0.48474661
v -0.01739943 -0.12782155 0.48289901
v -0.01906677 -0.12186085 0.47333986
v -0.01939369 -0.12042029 0.47211453
v -0.0204103 -0.11553685 0.46926808
v -0.02075252 -0.11376309 0.46861985
v -0.02109207 -0.11193843 0.4681311
v -0.02006802 -0.1172462 0.47007087
v -0.01972829 -0.11887816 0.4710221
v -0.01660769 -0.12418675 0.50287247
v -0.01671008 -0.12295856 0.50434375
v -0.01653419 -0.12528472 0.50130004
v -0.01649013 -0.1262441 0.49963835
v -0.01684057 -0.12160949 0.50570261
v -0.01649145 -0.12771901 0.49609849
v -0.01653682 -0.12822333 0.49424723
v -0.01661162 -0.1285667 0.49236041
v -0.01671526 -0.12874649 0.49045241
v -0.01699816 -0.1201498 0.50693876
v -0.01647585 -0.1270576 0.4979001
v -0.01718167 -0.11859061 0.50804269
v -0.01814415 -0.11160557 0.51098555
v -0.01787277 -0.11343792 0.51048321
v -0.01762065 -0.11522185 0.50982171
v -0.01738969 -0.11694378 0.50900614
v -0.01873628 -0.10785164 0.51149887
v -0.01843272 -0.10973874 0.511325
v -0.02235959 -0.08975659 0.50300074
v -0.02173866 -0.09229004 0.50581181
v -0.02141174 -0.09373061 0.5070371
v -0.02205542 -0.090962 0.5044629
v -0.02409017 -0.0854044 0.48869923
v -0.02395846 -0.08538953 0.49061391
v -0.02379969 -0.0855397 0.49252069
v -0.02292105 -0.08774936 0.49978173
v -0.02264887 -0.08868299 0.50143635
v -0.02361507 -0.08585377 0.49440503
v -0.023406 -0.08632936 0.49625263
v -0.02317407 -0.08696283 0.49804944
v -0.02005292 -0.10038781 0.51053178
v -0.01971336 -0.10221247 0.51102054
v -0.01937905 -0.10407413 0.5113461
v -0.01905253 -0.10595863 0.51150596
v -0.02107715 -0.09527273 0.50812954
v -0.02073742 -0.09690469 0.50908077
v -0.02039514 -0.09861405 0.50988358
v -0.04656997 -0.09007752 0.49032125
v -0.02393932 -0.08629094 0.48873511
v -0.04644364 -0.09006326 0.49215758
v -0.023813 -0.08627668 0.49057144
v -0.04629137 -0.09020729 0.49398637
v -0.02366073 -0.08642071 0.4924002
v -0.0461143 -0.09050851 0.49579364
v -0.02348366 -0.08672193 0.49420747
v -0.04591378 -0.09096463 0.49756566
v -0.02328314 -0.08717806 0.49597949
v -0.04569134 -0.09157219 0.49928895
v -0.0230607 -0.08778561 0.49770278
v -0.04544867 -0.09232655 0.5009504
v -0.02281803 -0.08853997 0.49936423
v -0.04518762 -0.09322198 0.50253731
v -0.02255698 -0.08943541 0.50095117
v -0.04491018 -0.09425166 0.50403768
v -0.02227953 -0.09046509 0.50245154
v -0.04461845 -0.09540776 0.50544006
v -0.02198781 -0.09162118 0.50385392
v -0.04431465 -0.09668148 0.50673378
v -0.02168401 -0.0928949 0.50514758
v -0.04400111 -0.0980631 0.50790894
v -0.02137047 -0.09427653 0.5063228
v -0.0436802 -0.09954215 0.50895667
v -0.02104956 -0.09575558 0.50737053
v -0.04335437 -0.10110734 0.50986904
v -0.02072372 -0.09732077 0.50828284
v -0.04302609 -0.10274678 0.51063895
v -0.02039545 -0.0989602 0.50905281
v -0.04269787 -0.10444797 0.51126069
v -0.02006723 -0.1006614 0.50967449
v -0.0423722 -0.10619798 0.51172942
v -0.01974156 -0.1024114 0.51014328
v -0.04205157 -0.10798348 0.51204163
v -0.01942093 -0.10419691 0.51045549
v -0.04173841 -0.1097909 0.51219493
v -0.01910776 -0.10600432 0.51060879
v -0.0414351 -0.11160646 0.5121882
v -0.01880446 -0.10781989 0.51060206
v -0.04114395 -0.11341636 0.51202142
v -0.01851331 -0.10962979 0.51043522
v -0.04086719 -0.11520682 0.51169586
v -0.01823655 -0.11142024 0.51010972
v -0.04060691 -0.11696421 0.51121408
v -0.01797627 -0.11317763 0.50962788
v -0.0403651 -0.11867516 0.51057965
v -0.01773446 -0.11488859 0.50899351
v -0.04014359 -0.12032665 0.50979745
v -0.01751295 -0.11654007 0.50821126
v -0.03994408 -0.12190611 0.5088734
v -0.01731344 -0.11811954 0.50728726
v -0.03976808 -0.12340152 0.50781459
v -0.01713744 -0.11961494 0.50622845
v -0.03961693 -0.12480149 0.50662905
v -0.01698629 -0.12101491 0.50504285
v -0.03949178 -0.12609537 0.50532573
v -0.01686114 -0.1223088 0.5037396
v -0.03939359 -0.12727332 0.50391465
v -0.01676295 -0.12348674 0.50232852
v -0.03932309 -0.12832637 0.50240654
v -0.01669245 -0.12453979 0.5008204
v -0.03928084 -0.1292465 0.50081289
v -0.01665019 -0.12545992 0.49922672
v -0.03926714 -0.13002673 0.49914572
v -0.0166365 -0.12624015 0.49755955
v -0.0392821 -0.13066109 0.49741781
v -0.01665146 -0.12687451 0.49583164
v -0.03932562 -0.13114476 0.49564227
v -0.01669498 -0.12735818 0.49405614
v -0.03939735 -0.13147408 0.49383265
v -0.01676671 -0.1276875 0.49224651
v -0.03949675 -0.13164653 0.49200273
v -0.01686611 -0.12785995 0.49041656
v -0.03962307 -0.13166079 0.49016637
v -0.01699243 -0.12787421 0.48858023
v -0.03977535 -0.13151677 0.48833761
v -0.01714471 -0.12773019 0.48675144
v -0.03995242 -0.13121554 0.48653033
v -0.01732178 -0.12742896 0.48494416
v -0.04015294 -0.13075942 0.48475832
v -0.0175223 -0.12697284 0.48317215
v -0.04037538 -0.13015185 0.48303503
v -0.01774473 -0.12636529 0.48144886
v -0.04061805 -0.1293975 0.48137358
v -0.0179874 -0.12561092 0.47978744
v -0.0408791 -0.12850207 0.47978666
v -0.01824846 -0.12471549 0.4782005
v -0.04115654 -0.12747239 0.4782863
v -0.0185259 -0.12368581 0.47670013
v -0.04144827 -0.12631629 0.47688392
v -0.01881763 -0.12252972 0.47529775
v -0.04175207 -0.12504257 0.4755902
v -0.01912142 -0.121256 0.47400406
v -0.04206561 -0.12366094 0.474415
v -0.01943497 -0.11987437 0.47282887
v -0.04238652 -0.1221819 0.47336727
v -0.01975588 -0.11839532 0.4717811
v -0.04271235 -0.1206167 0.47245494
v -0.02008171 -0.11683013 0.4708688
v -0.04304063 -0.11897727 0.47168499
v -0.02040998 -0.11519069 0.47009885
v -0.04336885 -0.11727608 0.47106329
v -0.0207382 -0.1134895 0.46947715
v -0.04369451 -0.11552607 0.47059456
v -0.02106387 -0.11173949 0.46900839
v -0.04401515 -0.11374056 0.47028232
v -0.02138451 -0.10995398 0.46869618
v -0.04432831 -0.11193315 0.47012901
v -0.02169767 -0.10814657 0.46854284
v -0.04463162 -0.11011758 0.47013578
v -0.02200098 -0.10633101 0.46854961
v -0.04492277 -0.10830769 0.47030255
v -0.02229212 -0.10452111 0.46871641
v -0.04519953 -0.10651723 0.47062808
v -0.02256889 -0.10273065 0.46904194
v -0.04545981 -0.10475983 0.4711099
v -0.02282917 -0.10097326 0.46952376
v -0.04570162 -0.10304888 0.47174433
v -0.02307098 -0.0992623 0.47015816
v -0.04592312 -0.1013974 0.47252652
v -0.02329248 -0.09761082 0.47094038
v -0.04612264 -0.09981794 0.47345054
v -0.02349199 -0.09603136 0.4718644
v -0.04629864 -0.09832253 0.47450939
v -0.02366799 -0.09453595 0.47292322
v -0.04644979 -0.09692256 0.47569492
v -0.02381914 -0.09313598 0.47410879
v -0.04657494 -0.09562868 0.47699821
v -0.02394429 -0.0918421 0.47541207
v -0.04667313 -0.09445073 0.47840929
v -0.02404249 -0.09066415 0.47682312
v -0.04674362 -0.09339768 0.47991741
v -0.02411298 -0.08961111 0.47833124
v -0.04678588 -0.09247755 0.48151112
v -0.02415524 -0.08869097 0.47992495
v -0.04679958 -0.09169733 0.48317826
v -0.02416894 -0.08791075 0.48159209
v -0.04678462 -0.09106296 0.48490617
v -0.02415397 -0.08727638 0.48332
v -0.0467411 -0.09057928 0.48668167
v -0.02411046 -0.08679271 0.48509553
v -0.04666937 -0.09024996 0.4884913
v -0.02403873 -0.08646339 0.48690516
vn -0.16761 0.98505 -0.03984
vn -0.16761 0.98505 -0.03985
vn -0.16761 0.98505 -0.03984
vn -0.16761 0.98505 -0.03985
vn -0.16761 0.98505 -0.03985
vn -0.16761 0.98505 -0.03985
vn -0.98394 -0.16464 0.06899
vn -0.98394 -0.16462 0.06899
vn -0.98394 -0.16464 0.06896
vn -0.98394 -0.16464 0.06896
vn -0.98394 -0.16464 0.06894
vn -0.98394 -0.16464 0.06896
vn -0.98394 -0.16463 0.06896
vn -0.98394 -0.16464 0.06898
vn -0.98394 -0.16463 0.06896
vn -0.98394 -0.16463 0.06896
vn -0.98394 -0.16464 0.06898
vn -0.98394 -0.16462 0.06893
vn -0.98394 -0.16464 0.06898
vn -0.98395 -0.16462 0.06893
vn -0.98394 -0.16463 0.06896
vn -0.98394 -0.16463 0.06896
vn -0.98394 -0.16463 0.06898
vn -0.98394 -0.16464 0.06895
vn -0.98394 -0.16463 0.06898
vn -0.98394 -0.16464 0.06895
vn -0.98394 -0.16463 0.06897
vn -0.98394 -0.16463 0.06896
vn -0.98394 -0.16464 0.06896
vn -0.98394 -0.16463 0.06897
vn -0.98394 -0.16463 0.06896
vn -0.98394 -0.16463 0.06896
vn -0.98394 -0.16463 0.06895
vn -0.98394 -0.16463 0.06897
vn -0.98394 -0.16463 0.06896
vn -0.98394 -0.16464 0.06896
vn -0.98394 -0.16463 0.06896
vn -0.98394 -0.16463 0.06896
vn -0.98394 -0.16463 0.06896
vn -0.98394 -0.16463 0.06897
vn -0.98394 -0.16463 0.06896
vn -0.98394 -0.16463 0.06896
vn -0.98394 -0.16463 0.06897
vn -0.98394 -0.16463 0.06897
vn -0.98394 -0.16463 0.06896
vn -0.98394 -0.16463 0.06895
vn -0.98394 -0.16463 0.06896
vn -0.98394 -0.16463 0.06899
vn -0.98394 -0.16463 0.06896
vn -0.98394 -0.16463 0.06896
vn 0.06134 0.05075 0.99683
vn 0.06131 0.05075 0.99683
vn 0.06133 0.05075 0.99683
vn 0.06143 0.05077 0.99682
vn 0.06155 0.05081 0.99681
vn 0.0613 0.05075 0.99683
vn 0.06137 0.05078 0.99682
vn 0.06142 0.0508 0.99682
vn 0.06145 0.05082 0.99682
vn 0.06134 0.05076 0.99683
vn 0.06121 0.05068 0.99684
vn 0.06138 0.05077 0.99682
vn 0.06148 0.05085 0.99681
vn 0.06137 0.05078 0.99682
vn 0.06119 0.05061 0.99684
vn 0.06135 0.05074 0.99683
vn 0.06137 0.05076 0.99682
vn 0.0614 0.05079 0.99682
vn 0.06148 0.0509 0.99681
vn 0.06141 0.05082 0.99682
vn 0.06135 0.05071 0.99683
vn 0.06131 0.05066 0.99683
vn 0.06134 0.05071 0.99683
vn 0.06141 0.05083 0.99682
vn 0.06144 0.05091 0.99681
vn 0.06137 0.05078 0.99682
vn 0.06135 0.05068 0.99683
vn 0.06137 0.05074 0.99682
vn 0.0614 0.05091 0.99681
vn 0.06134 0.05071 0.99683
vn 0.06134 0.05062 0.99683
vn 0.06137 0.05079 0.99682
vn 0.06137 0.05073 0.99683
vn 0.06137 0.05081 0.99682
vn 0.06137 0.0509 0.99682
vn 0.06137 0.05071 0.99683
vn 0.06136 0.05073 0.99683
vn 0.06136 0.05078 0.99682
vn 0.06134 0.05084 0.99682
vn 0.06135 0.0508 0.99682
vn 0.06144 0.05055 0.99683
vn 0.06139 0.05075 0.99682
vn 0.06138 0.05075 0.99682
vn 0.0614 0.05071 0.99682
vn 0.06137 0.05075 0.99682
vn 0.06136 0.05079 0.99682
vn 0.06133 0.05083 0.99682
vn 0.06135 0.0508 0.99682
vn 0.06125 0.05091 0.99682
vn 0.06132 0.05081 0.99682
vn 0.0614 0.05073 0.99682
vn 0.06142 0.0507 0.99682
vn 0.06139 0.05074 0.99682
vn 0.06136 0.05077 0.99682
vn 0.06149 0.05067 0.99682
vn 0.06139 0.05075 0.99682
vn 0.0612 0.05087 0.99683
vn 0.06131 0.05079 0.99683
vn 0.06138 0.05076 0.99682
vn 0.06142 0.05073 0.99682
vn 0.06153 0.05069 0.99682
vn 0.06136 0.05077 0.99682
vn 0.06138 0.05076 0.99682
vn 0.0613 0.05079 0.99683
vn 0.06127 0.0508 0.99683
vn 0.06144 0.05075 0.99682
vn 0.06155 0.05074 0.99681
vn 0.06135 0.05078 0.99682
vn 0.06132 0.05078 0.99683
vn 0.06138 0.05078 0.99682
vn 0.06124 0.05076 0.99683
vn 0.06141 0.05076 0.99682
vn 0.06134 0.05075 0.99683
vn 0.06131 0.05075 0.99683
vn 0.06133 0.05075 0.99683
vn 0.06143 0.05077 0.99682
vn 0.06155 0.05081 0.99681
vn 0.0613 0.05075 0.99683
vn 0.06137 0.05078 0.99682
vn 0.06142 0.0508 0.99682
vn 0.06145 0.05082 0.99682
vn 0.06134 0.05076 0.99683
vn 0.06121 0.05067 0.99684
vn 0.06138 0.05077 0.99682
vn 0.06148 0.05086 0.99681
vn 0.06137 0.05078 0.99682
vn 0.0612 0.05061 0.99684
vn 0.06135 0.05074 0.99683
vn 0.06137 0.05076 0.99682
vn 0.0614 0.0508 0.99682
vn 0.06147 0.05089 0.99681
vn 0.06134 0.0507 0.99683
vn 0.06131 0.05066 0.99683
vn 0.06134 0.05072 0.99683
vn 0.06141 0.05083 0.99682
vn 0.06144 0.05091 0.99681
vn 0.06137 0.05078 0.99682
vn 0.06135 0.05068 0.99683
vn 0.06137 0.05074 0.99682
vn 0.0614 0.05091 0.99681
vn 0.06134 0.05071 0.99683
vn 0.06134 0.05062 0.99683
vn 0.06137 0.05079 0.99682
vn 0.06137 0.05074 0.99682
vn 0.06137 0.05081 0.99682
vn 0.06135 0.0508 0.99682
vn 0.06144 0.05055 0.99683
vn 0.06139 0.05075 0.99682
vn 0.06139 0.05075 0.99682
vn 0.0614 0.05071 0.99682
vn 0.06137 0.05075 0.99682
vn 0.06136 0.05079 0.99682
vn 0.06133 0.05083 0.99682
vn 0.06135 0.05079 0.99682
vn 0.06146 0.05067 0.99682
vn 0.06134 0.05083 0.99682
vn 0.06119 0.05098 0.99682
vn 0.06142 0.0507 0.99682
vn 0.06139 0.05074 0.99682
vn 0.06136 0.05077 0.99682
vn 0.06149 0.05067 0.99682
vn 0.0614 0.05075 0.99682
vn 0.0612 0.05087 0.99683
vn 0.0613 0.05079 0.99683
vn 0.06138 0.05076 0.99682
vn 0.06143 0.05073 0.99682
vn 0.06153 0.05069 0.99682
vn 0.06136 0.05077 0.99682
vn 0.06138 0.05077 0.99682
vn 0.0613 0.05079 0.99683
vn 0.06127 0.0508 0.99683
vn 0.06144 0.05075 0.99682
vn 0.06135 0.05078 0.99682
vn 0.06132 0.05078 0.99683
vn 0.06138 0.05078 0.99682
vn 0.06124 0.05076 0.99683
vn 0.06141 0.05076 0.99682
vn 0.06123 0.05083 0.99683
vn 0.06136 0.05077 0.99682
vn 0.06139 0.05076 0.99682
vn 0.06145 0.05074 0.99682
vn 0.06126 0.05077 0.99683
vn 0.06128 0.05077 0.99683
vn 0.06156 0.05074 0.99681
vn 0.06135 0.05078 0.99682
vn 0.06132 0.05078 0.99683
vn 0.06138 0.05078 0.99682
vn 0.06123 0.05076 0.99683
vn 0.06134 0.05075 0.99683
vn 0.06131 0.05075 0.99683
vn 0.06164 0.05083 0.9968
vn 0.06142 0.0508 0.99682
vn 0.06123 0.05073 0.99683
vn 0.06146 0.05079 0.99682
vn 0.06138 0.05076 0.99682
vn 0.06128 0.05072 0.99683
vn 0.06145 0.05082 0.99682
vn 0.06134 0.05076 0.99683
vn 0.06121 0.05068 0.99684
vn 0.06138 0.05077 0.99682
vn 0.06137 0.05078 0.99682
vn 0.06143 0.05084 0.99682
vn 0.06145 0.05086 0.99681
vn 0.06137 0.05076 0.99682
vn 0.06129 0.05068 0.99683
vn 0.06126 0.05064 0.99684
vn 0.06141 0.05082 0.99682
vn 0.06135 0.05071 0.99683
vn 0.0614 0.05079 0.99682
vn 0.06137 0.05071 0.99683
vn 0.06135 0.05068 0.99683
vn 0.06144 0.05091 0.99681
vn 0.06137 0.05078 0.99682
vn 0.06135 0.05068 0.99683
vn 0.06137 0.05074 0.99682
vn 0.0614 0.05091 0.99681
vn 0.06139 0.05086 0.99682
vn 0.06136 0.05062 0.99683
vn 0.06137 0.05063 0.99683
vn 0.06137 0.05074 0.99682
vn 0.06137 0.05081 0.99682
vn 0.06137 0.0509 0.99682
vn 0.06137 0.05071 0.99683
vn 0.06136 0.05072 0.99683
vn 0.06136 0.05078 0.99682
vn 0.06134 0.05084 0.99682
vn 0.06135 0.0508 0.99682
vn 0.06144 0.05055 0.99683
vn 0.06139 0.05075 0.99682
vn 0.06135 0.05086 0.99682
vn 0.06124 0.05105 0.99682
vn 0.06143 0.05064 0.99683
vn 0.06149 0.05055 0.99683
vn 0.06135 0.05079 0.99682
vn 0.06125 0.05092 0.99682
vn 0.06132 0.05082 0.99682
vn 0.0614 0.05074 0.99682
vn 0.06142 0.0507 0.99682
vn 0.06139 0.05073 0.99682
vn 0.06136 0.05077 0.99682
vn 0.06149 0.05067 0.99682
vn 0.0614 0.05075 0.99682
vn 0.0612 0.05087 0.99683
vn 0.06131 0.05079 0.99683
vn 0.06138 0.05076 0.99682
vn 0.06142 0.05073 0.99682
vn 0.06153 0.05069 0.99682
vn 0.06136 0.05077 0.99682
vn 0.06139 0.05076 0.99682
vn 0.0613 0.05079 0.99683
vn 0.06127 0.0508 0.99683
vn 0.06144 0.05075 0.99682
vn 0.06123 0.05077 0.99683
vn 0.06134 0.05075 0.99683
vn 0.06164 0.05075 0.99681
vn 0.06138 0.05078 0.99682
vn 0.06154 0.05081 0.99681
vn 0.0613 0.05075 0.99683
vn 0.06137 0.05078 0.99682
vn 0.06142 0.0508 0.99682
vn 0.06117 0.05066 0.99684
vn 0.06135 0.05074 0.99683
vn 0.06149 0.05084 0.99681
vn 0.06138 0.05077 0.99682
vn 0.06148 0.05085 0.99681
vn 0.06137 0.05078 0.99682
vn 0.0612 0.05061 0.99684
vn 0.06147 0.05089 0.99681
vn 0.06131 0.0507 0.99683
vn 0.06132 0.05072 0.99683
vn 0.06138 0.0508 0.99682
vn 0.06134 0.05072 0.99683
vn 0.06137 0.05074 0.99682
vn 0.06134 0.05059 0.99683
vn 0.06137 0.0507 0.99683
vn 0.06139 0.05094 0.99681
vn 0.06137 0.05079 0.99682
vn 0.06137 0.05074 0.99682
vn 0.06137 0.05081 0.99682
vn 0.06137 0.05089 0.99682
vn 0.06136 0.05073 0.99683
vn 0.06136 0.05078 0.99682
vn 0.06142 0.05052 0.99683
vn 0.06137 0.05081 0.99682
vn 0.06136 0.05086 0.99682
vn 0.06139 0.05075 0.99682
vn 0.06138 0.05075 0.99682
vn 0.0614 0.05071 0.99682
vn 0.06137 0.05075 0.99682
vn 0.06136 0.05079 0.99682
vn 0.06133 0.05083 0.99682
vn 0.06145 0.05067 0.99682
vn 0.06143 0.0507 0.99682
vn 0.0614 0.05073 0.99682
vn 0.06132 0.05083 0.99682
vn 0.06116 0.05097 0.99683
vn 0.06136 0.05077 0.99682
vn 0.06149 0.05067 0.99682
vn 0.06148 0.0507 0.99682
vn 0.06132 0.05082 0.99682
vn 0.06139 0.05078 0.99682
vn 0.06143 0.05076 0.99682
vn 0.98394 0.16463 -0.06896
vn 0.63713 -0.77076 3E-05
vn -0.06146 -0.0509 -0.99681
vn -0.06128 -0.05082 -0.99683
vn -0.06144 -0.05073 -0.99682
vn -0.0614 -0.05076 -0.99682
vn -0.06139 -0.05076 -0.99682
vn -0.06133 -0.05083 -0.99682
vn -0.06126 -0.05063 -0.99684
vn -0.06149 -0.0509 -0.99681
vn -0.06136 -0.05076 -0.99682
vn -0.06141 -0.05074 -0.99682
vn -0.06141 -0.05074 -0.99682
vn -0.06143 -0.05074 -0.99682
vn -0.06138 -0.05077 -0.99682
vn -0.06134 -0.05073 -0.99683
vn -0.06135 -0.05079 -0.99682
vn -0.0614 -0.05073 -0.99682
vn -0.06139 -0.05074 -0.99682
vn -0.06147 -0.05071 -0.99682
vn -0.06126 -0.05083 -0.99683
vn -0.06138 -0.05075 -0.99682
vn -0.06138 -0.05076 -0.99682
vn -0.06131 -0.05082 -0.99682
vn -0.06145 -0.05066 -0.99682
vn -0.06138 -0.05075 -0.99682
vn -0.06138 -0.05076 -0.99682
vn -0.0614 -0.05086 -0.99682
vn -0.06136 -0.05071 -0.99683
vn -0.06138 -0.05076 -0.99682
vn -0.06141 -0.05083 -0.99682
vn -0.06136 -0.05075 -0.99682
vn -0.06139 -0.05078 -0.99682
vn -0.06135 -0.05074 -0.99683
vn -0.06137 -0.05079 -0.99682
vn -0.06136 -0.05082 -0.99682
vn -0.06137 -0.05077 -0.99682
vn -0.06139 -0.05078 -0.99682
vn -0.06139 -0.05078 -0.99682
vn -0.06139 -0.05087 -0.99682
vn -0.0614 -0.05076 -0.99682
vn -0.06134 -0.05075 -0.99683
vn -0.06132 -0.05077 -0.99683
vn -0.06139 -0.05077 -0.99682
vn -0.06137 -0.05067 -0.99683
vn -0.06137 -0.05076 -0.99682
vn -0.06137 -0.05077 -0.99682
vn -0.06134 -0.05071 -0.99683
vn -0.06137 -0.05077 -0.99682
vn -0.06133 -0.05069 -0.99683
vn -0.0613 -0.05087 -0.99682
vn -0.06138 -0.05073 -0.99682
vn -0.06136 -0.05077 -0.99682
vn -0.06133 -0.05075 -0.99683
vn -0.0614 -0.05075 -0.99682
vn -0.06138 -0.05075 -0.99682
vn -0.06138 -0.05077 -0.99682
vn -0.06128 -0.05079 -0.99683
vn -0.06137 -0.05076 -0.99682
vn -0.06134 -0.05105 -0.99681
vn -0.06136 -0.05074 -0.99683
vn -0.06143 -0.0506 -0.99683
vn -0.06131 -0.05099 -0.99682
vn -0.06137 -0.05075 -0.99682
vn -0.06138 -0.05076 -0.99682
vn -0.06138 -0.05076 -0.99682
vn -0.06143 -0.05079 -0.99682
vn -0.06139 -0.05077 -0.99682
vn -0.06132 -0.05074 -0.99683
vn -0.06151 -0.05073 -0.99682
vn -0.06134 -0.05077 -0.99682
vn -0.06137 -0.05076 -0.99682
vn -0.06138 -0.05072 -0.99682
vn -0.06138 -0.05066 -0.99683
vn -0.06139 -0.05078 -0.99682
vn -0.06143 -0.05081 -0.99682
vn -0.06123 -0.05071 -0.99683
vn -0.06148 -0.0508 -0.99681
vn -0.0614 -0.05078 -0.99682
vn -0.06134 -0.05077 -0.99683
vn -0.98394 -0.16463 0.06896
vn -0.98394 -0.16463 0.06896
vn -0.63713 0.77076 -2E-05
vn -0.63713 0.77076 -2E-05
vn -0.63712 0.77076 -3E-05
vn 0.34681 0.93539 -0.06899
vn 0.98394 0.16463 -0.06896
vn 0.63713 -0.77076 3E-05
vn 0.63713 -0.77076 3E-05
vn -0.34681 -0.93539 0.06899
vn -0.34681 -0.93539 0.06899
vn -0.34681 -0.93539 0.06899
vn -0.06144 -0.05072 -0.99682
vn -0.06131 -0.05082 -0.99682
vn -0.06138 -0.05076 -0.99682
vn -0.06135 -0.05079 -0.99682
vn -0.06137 -0.05067 -0.99683
vn -0.06137 -0.05076 -0.99682
vn -0.06137 -0.05076 -0.99682
vn -0.06149 -0.0509 -0.99681
vn -0.06147 -0.05071 -0.99682
vn -0.06127 -0.05083 -0.99683
vn -0.06138 -0.05075 -0.99682
vn -0.06121 -0.05077 -0.99683
vn -0.0614 -0.05076 -0.99682
vn -0.06139 -0.05077 -0.99682
vn -0.06133 -0.05083 -0.99682
vn -0.0614 -0.05073 -0.99682
vn -0.06139 -0.05074 -0.99682
vn -0.06137 -0.05079 -0.99682
vn -0.06143 -0.05081 -0.99682
vn -0.06136 -0.05076 -0.99682
vn -0.06141 -0.05074 -0.99682
vn -0.06141 -0.05074 -0.99682
vn -0.06143 -0.05079 -0.99682
vn -0.06139 -0.05077 -0.99682
vn -0.06138 -0.05076 -0.99682
vn -0.06134 -0.05073 -0.99683
vn -0.06138 -0.05077 -0.99682
vn -0.06143 -0.05074 -0.99682
vn -0.06128 -0.05082 -0.99683
vn -0.06145 -0.05066 -0.99682
vn -0.0613 -0.05087 -0.99682
vn -0.06138 -0.05073 -0.99682
vn -0.0614 -0.05076 -0.99682
vn -0.06134 -0.05075 -0.99683
vn -0.06149 -0.05077 -0.99682
vn -0.06141 -0.05083 -0.99682
vn -0.06136 -0.05075 -0.99682
vn -0.06139 -0.05078 -0.99682
vn -0.06136 -0.0507 -0.99683
vn -0.0614 -0.05087 -0.99682
vn -0.06136 -0.05076 -0.99682
vn -0.06133 -0.05069 -0.99683
vn -0.06137 -0.05075 -0.99682
vn -0.06139 -0.05078 -0.99682
vn -0.06137 -0.05076 -0.99682
vn -0.06137 -0.05089 -0.99682
vn -0.06136 -0.0507 -0.99683
vn -0.06136 -0.05071 -0.99683
vn -0.06136 -0.05082 -0.99682
vn -0.06138 -0.05075 -0.99682
vn -0.06137 -0.05077 -0.99682
vn -0.06139 -0.05078 -0.99682
vn -0.06139 -0.05078 -0.99682
vn -0.06123 -0.05071 -0.99683
vn -0.06148 -0.0508 -0.99681
vn -0.0614 -0.05078 -0.99682
vn -0.06133 -0.05077 -0.99683
vn -0.06133 -0.05077 -0.99683
vn -0.06138 -0.05077 -0.99682
vn -0.06136 -0.05077 -0.99682
vn -0.06143 -0.05059 -0.99683
vn -0.06137 -0.05077 -0.99682
vn -0.06113 -0.05058 -0.99685
vn -0.06138 -0.05077 -0.99682
vn -0.06128 -0.05079 -0.99683
vn -0.06137 -0.05076 -0.99682
vn -0.06138 -0.05072 -0.99683
vn -0.06135 -0.051 -0.99681
vn -0.06138 -0.05075 -0.99682
vn -0.06151 -0.05073 -0.99682
vn -0.06137 -0.05076 -0.99682
vn -0.06138 -0.05072 -0.99682
vn -0.06138 -0.05072 -0.99682
vn -0.63712 0.77076 -3E-05
vn 0.98394 0.16463 -0.06896
vn 0.63713 -0.77076 2E-05
vn -0.34681 -0.93539 0.06899
vn -0.98394 -0.16463 0.06896
vn -0.06139 -0.05078 -0.99682
vn -0.06134 -0.05073 -0.99683
vn -0.06138 -0.05077 -0.99682
vn -0.06137 -0.05078 -0.99682
vn -0.06119 -0.05086 -0.99683
vn -0.06126 -0.05083 -0.99683
vn -0.06137 -0.05076 -0.99682
vn -0.06139 -0.05075 -0.99682
vn -0.06137 -0.05076 -0.99682
vn -0.06143 -0.0507 -0.99682
vn -0.06139 -0.05078 -0.99682
vn -0.06125 -0.05071 -0.99683
vn -0.0614 -0.05077 -0.99682
vn -0.06137 -0.05089 -0.99682
vn -0.06135 -0.05079 -0.99682
vn -0.0614 -0.05073 -0.99682
vn -0.06139 -0.05074 -0.99682
vn -0.06137 -0.05079 -0.99682
vn -0.06136 -0.05081 -0.99682
vn -0.06139 -0.05078 -0.99682
vn -0.06139 -0.05078 -0.99682
vn -0.06132 -0.05074 -0.99683
vn -0.0614 -0.05076 -0.99682
vn -0.0615 -0.05078 -0.99681
vn -0.06138 -0.05077 -0.99682
vn -0.06129 -0.05078 -0.99683
vn -0.06137 -0.05076 -0.99682
vn -0.06138 -0.05072 -0.99683
vn -0.06125 -0.05071 -0.99683
vn -0.06139 -0.05077 -0.99682
vn -0.06137 -0.05077 -0.99682
vn -0.0614 -0.05087 -0.99682
vn -0.06136 -0.05076 -0.99682
vn -0.06133 -0.05069 -0.99683
vn -0.06136 -0.05075 -0.99682
vn -0.06148 -0.0508 -0.99681
vn -0.06124 -0.05074 -0.99683
vn -0.0615 -0.05078 -0.99681
vn -0.06137 -0.05076 -0.99682
vn -0.06138 -0.05075 -0.99682
vn -0.06143 -0.0507 -0.99682
vn -0.06136 -0.05082 -0.99682
vn -0.06139 -0.05078 -0.99682
vn -0.06132 -0.05077 -0.99683
vn -0.06139 -0.05077 -0.99682
vn -0.06138 -0.05077 -0.99682
vn -0.06128 -0.05079 -0.99683
vn -0.06134 -0.05077 -0.99682
vn -0.06137 -0.05076 -0.99682
vn -0.06137 -0.05089 -0.99682
vn -0.06137 -0.05077 -0.99682
vn -0.0614 -0.05086 -0.99682
vn -0.06136 -0.05076 -0.99682
vn -0.06133 -0.05069 -0.99683
vn -0.06135 -0.05074 -0.99683
vn -0.06138 -0.05077 -0.99682
vn -0.06144 -0.05074 -0.99682
vn -0.06119 -0.05086 -0.99683
vn -0.06135 -0.05079 -0.99682
vn -0.06139 -0.05073 -0.99682
vn -0.06139 -0.05074 -0.99682
vn -0.06147 -0.05071 -0.99682
vn -0.06127 -0.05083 -0.99683
vn -0.06138 -0.05075 -0.99682
vn -0.73915 -0.15231 -0.65609
vn -0.73916 -0.15231 -0.65608
vn -0.73915 -0.15236 -0.65609
vn -0.73914 -0.15231 -0.6561
vn -0.73915 -0.15231 -0.6561
vn -0.73915 -0.15231 -0.65609
vn -0.73915 -0.15231 -0.6561
vn -0.73915 -0.15231 -0.6561
vn -0.73915 -0.15231 -0.6561
vn -0.73915 -0.15231 -0.65609
vn -0.73915 -0.15231 -0.6561
vn -0.73915 -0.15231 -0.6561
vn -0.73915 -0.15231 -0.6561
vn -0.73915 -0.15231 -0.65609
vn -0.73915 -0.15231 -0.6561
vn -0.73915 -0.15231 -0.65609
vn -0.73915 -0.15231 -0.6561
vn -0.73915 -0.15231 -0.6561
vn -0.73915 -0.15231 -0.6561
vn -0.73915 -0.15231 -0.65609
vn -0.81427 0.58012 0.0206
vn -0.81427 0.58012 0.02059
vn -0.81427 0.58012 0.02059
vn -0.81427 0.58013 0.02059
vn -0.81428 0.58011 0.02059
vn -0.81427 0.58011 0.02059
vn -0.81427 0.58013 0.02059
vn -0.81427 0.58012 0.02059
vn -0.81427 0.58012 0.02059
vn -0.81427 0.58012 0.02059
vn -0.81426 0.58013 0.02059
vn -0.81427 0.58013 0.02059
vn -0.81428 0.58011 0.02059
vn -0.81427 0.58012 0.02059
vn -0.81427 0.58012 0.02059
vn -0.81426 0.58014 0.02059
vn -0.81427 0.58012 0.02059
vn -0.81428 0.5801 0.02059
vn -0.81427 0.58012 0.02059
vn -0.81426 0.58013 0.02059
vn -0.81426 0.58013 0.02059
vn -0.81427 0.58011 0.02059
vn -0.81428 0.5801 0.02059
vn -0.81425 0.58014 0.02058
vn -0.81432 0.58005 0.02059
vn -0.57723 -0.81295 0.07693
vn -0.57722 -0.81295 0.07696
vn -0.57723 -0.81295 0.07694
vn -0.57723 -0.81295 0.07694
vn -0.57723 -0.81295 0.07694
vn -0.57723 -0.81295 0.07694
vn -0.57723 -0.81295 0.07694
vn -0.57725 -0.81294 0.07694
vn -0.57723 -0.81295 0.07694
vn -0.57724 -0.81294 0.07694
vn -0.57723 -0.81295 0.07694
vn -0.57722 -0.81296 0.07694
vn -0.57722 -0.81295 0.07694
vn -0.57724 -0.81294 0.07694
vn -0.57724 -0.81294 0.07694
vn -0.57723 -0.81295 0.07694
vn -0.57729 -0.8129 0.07694
vn -0.57721 -0.81296 0.07694
vn -0.57723 -0.81295 0.07694
vn -0.57723 -0.81295 0.07694
vn -0.57725 -0.81293 0.07694
vn -0.57721 -0.81297 0.07694
vn -0.5772 -0.81297 0.07694
vn -0.5773 -0.8129 0.07694
vn -0.57723 -0.81295 0.07694
vn -0.65237 -0.0806 0.7536
vn -0.65237 -0.08052 0.75361
vn -0.65236 -0.08052 0.75362
vn -0.6524 -0.08059 0.75358
vn -0.65235 -0.08052 0.75363
vn -0.65236 -0.08051 0.75362
vn -0.65235 -0.08052 0.75363
vn -0.65236 -0.08052 0.75362
vn -0.65238 -0.0805 0.7536
vn -0.65246 -0.08067 0.75352
vn -0.65234 -0.08049 0.75364
vn -0.65235 -0.08051 0.75363
vn -0.65225 -0.0806 0.75371
vn -0.65237 -0.08052 0.75361
vn -0.65235 -0.08052 0.75363
vn -0.65236 -0.08052 0.75362
vn -0.65232 -0.0805 0.75366
vn -0.65235 -0.08052 0.75363
vn -0.65235 -0.08052 0.75363
vn -0.65229 -0.08066 0.75367
vn -0.65236 -0.08051 0.75362
vn -0.65239 -0.08049 0.7536
vn -0.65238 -0.0805 0.75361
vn -0.65234 -0.08049 0.75364
vn -0.65234 -0.0805 0.75364
vn -0.65241 -0.08063 0.75356
vn -0.65233 -0.08051 0.75364
vn -0.65236 -0.08052 0.75362
vn -0.65234 -0.08051 0.75364
vn -0.65239 -0.08052 0.75359
vn -0.65234 -0.08053 0.75364
vn -0.65236 -0.08052 0.75362
vn -0.65238 -0.08052 0.7536
vn -0.65235 -0.08052 0.75363
vn -0.65215 -0.08047 0.75381
vn -0.65239 -0.08048 0.75359
vn -0.65225 -0.08061 0.75371
vn -0.65246 -0.08043 0.75354
vn -0.65255 -0.08051 0.75345
vn -0.65245 -0.08051 0.75354
vn -0.65235 -0.08052 0.75363
vn -0.65252 -0.08075 0.75346
vn -0.65222 -0.08033 0.75376
vn -0.6523 -0.0804 0.75369
vn -0.65238 -0.08058 0.7536
vn -0.65238 -0.08058 0.7536
vn -0.65233 -0.08054 0.75365
vn -0.65238 -0.08048 0.7536
vn -0.65228 -0.08059 0.75368
vn -0.65256 -0.08037 0.75346
vn -0.65213 -0.08066 0.75381
vn -0.65219 -0.08062 0.75376
vn -0.65242 -0.08051 0.75357
vn -0.6523 -0.08052 0.75367
vn -0.6521 -0.08053 0.75384
vn -0.65265 -0.08054 0.75336
vn -0.6519 -0.08049 0.75402
vn -0.65233 -0.08051 0.75364
vn -0.65232 -0.08043 0.75366
vn -0.65238 -0.08059 0.7536
vn -0.65235 -0.08049 0.75363
vn -0.65238 -0.08048 0.75361
vn -0.65235 -0.08052 0.75363
vn -0.65239 -0.08047 0.7536
vn -0.65251 -0.08053 0.75349
vn -0.65231 -0.08051 0.75367
vn -0.65219 -0.0805 0.75377
vn -0.65239 -0.08052 0.7536
vn -0.65235 -0.08052 0.75363
vn -0.65236 -0.08052 0.75362
vn -0.65232 -0.08051 0.75366
vn -0.65234 -0.08052 0.75364
vn -0.6524 -0.08053 0.75358
vn -0.65238 -0.08052 0.7536
vn -0.65238 -0.08052 0.7536
vn -0.65235 -0.08052 0.75363
vn -0.6524 -0.08051 0.75359
vn -0.65235 -0.08052 0.75363
vn -0.65244 -0.08052 0.75355
vn -0.65225 -0.0805 0.75372
vn -0.65245 -0.08053 0.75354
vn -0.65237 -0.08051 0.75361
vn -0.65223 -0.08053 0.75373
vn -0.65245 -0.08051 0.75354
vn -0.65233 -0.08042 0.75366
vn -0.65237 -0.08057 0.75361
vn -0.65235 -0.08051 0.75363
vn -0.65242 -0.08062 0.75356
vn -0.6523 -0.08041 0.75368
vn -0.65237 -0.0805 0.75361
vn -0.6524 -0.08048 0.75359
vn -0.65235 -0.08052 0.75363
vn -0.65231 -0.08058 0.75366
vn -0.65234 -0.08054 0.75364
vn -0.65239 -0.08052 0.75359
vn -0.65233 -0.08051 0.75365
vn -0.65231 -0.08051 0.75367
vn -0.65236 -0.08052 0.75362
vn -0.65235 -0.08052 0.75363
vn -0.6523 -0.08052 0.75367
vn -0.65237 -0.08054 0.75361
vn -0.65235 -0.08049 0.75363
vn -0.65236 -0.08053 0.75362
vn -0.65238 -0.08055 0.7536
vn -0.6523 -0.08047 0.75367
vn -0.65237 -0.08051 0.75361
vn -0.65237 -0.08051 0.75361
vn -0.65236 -0.08051 0.75362
vn -0.65235 -0.08052 0.75363
vn -0.65231 -0.08056 0.75366
vn -0.98394 -0.16463 0.06896
vn -0.98394 -0.16463 0.06896
vn -0.06137 -0.05076 -0.99682
vn -0.06137 -0.05076 -0.99682
vn -0.06137 -0.05076 -0.99682
vn -0.06137 -0.05076 -0.99682
vn -0.06138 -0.05076 -0.99682
vn -0.06139 -0.05077 -0.99682
vn -0.06137 -0.05076 -0.99682
vn -0.06137 -0.05076 -0.99682
vn -0.06137 -0.05076 -0.99682
vn -0.06137 -0.05077 -0.99682
vn -0.06137 -0.05076 -0.99682
vn -0.06137 -0.05076 -0.99682
vn -0.06137 -0.05076 -0.99682
vn -0.06137 -0.05076 -0.99682
vn -0.06137 -0.05076 -0.99682
vn -0.06137 -0.05077 -0.99682
vn -0.06137 -0.05076 -0.99682
vn -0.06137 -0.05076 -0.99682
vn -0.06137 -0.05076 -0.99682
vn -0.06138 -0.05076 -0.99682
vn -0.06139 -0.05077 -0.99682
vn -0.06137 -0.05076 -0.99682
vn -0.06137 -0.05076 -0.99682
vn -0.06137 -0.05076 -0.99682
vn -0.06137 -0.05076 -0.99682
vn -0.06137 -0.05076 -0.99682
vn -0.06137 -0.05077 -0.99682
vn -0.06137 -0.05076 -0.99682
vn -0.06137 -0.05076 -0.99682
vn 0.06136 0.05077 0.99682
vn 0.06132 0.05083 0.99682
vn 0.06142 0.05069 0.99682
vn 0.06131 0.05087 0.99682
vn 0.06142 0.05068 0.99682
vn 0.06139 0.05074 0.99682
vn 0.06127 0.05074 0.99683
vn 0.06143 0.05077 0.99682
vn 0.06141 0.05077 0.99682
vn 0.06138 0.05077 0.99682
vn 0.06125 0.05076 0.99683
vn 0.0613 0.05078 0.99683
vn 0.06137 0.05074 0.99682
vn 0.06141 0.05073 0.99682
vn 0.06128 0.05079 0.99683
vn 0.06143 0.05076 0.99682
vn 0.06131 0.05078 0.99683
vn 0.06146 0.0508 0.99682
vn 0.06141 0.05078 0.99682
vn 0.06122 0.05068 0.99684
vn 0.06151 0.05085 0.99681
vn 0.06127 0.05069 0.99683
vn 0.06137 0.05077 0.99682
vn 0.06143 0.05065 0.99683
vn 0.06137 0.05077 0.99682
vn 0.06137 0.05078 0.99682
vn 0.06139 0.05066 0.99683
vn 0.06135 0.05082 0.99682
vn 0.06145 0.05073 0.99682
vn 0.06136 0.05076 0.99682
vn 0.06143 0.05074 0.99682
vn 0.0614 0.05076 0.99682
vn 0.06136 0.05076 0.99682
vn 0.06127 0.05077 0.99683
vn 0.06138 0.05077 0.99682
vn 0.0615 0.05076 0.99682
vn 0.06131 0.05076 0.99683
vn 0.06131 0.05076 0.99683
vn 0.06156 0.05079 0.99681
vn 0.06138 0.05075 0.99682
vn 0.06135 0.05077 0.99682
vn 0.06128 0.05081 0.99683
vn 0.06141 0.05076 0.99682
vn 0.06137 0.05086 0.99682
vn 0.06137 0.05081 0.99682
vn 0.06137 0.05063 0.99683
vn 0.06138 0.0508 0.99682
vn 0.06138 0.0507 0.99683
vn 0.06138 0.0507 0.99683
vn 0.06152 0.05063 0.99682
vn 0.06122 0.05089 0.99683
vn 0.06149 0.05067 0.99682
vn 0.06138 0.05076 0.99682
vn 0.06138 0.05076 0.99682
vn 0.06134 0.05076 0.99683
vn 0.06143 0.05077 0.99682
vn 0.0613 0.05075 0.99683
vn 0.06143 0.05077 0.99682
vn 0.06143 0.05077 0.99682
vn 0.06143 0.05077 0.99682
vn 0.06148 0.05078 0.99682
vn 0.06138 0.05076 0.99682
vn 0.06126 0.05077 0.99683
vn 0.06136 0.05076 0.99682
vn 0.06149 0.05077 0.99682
vn 0.06138 0.05061 0.99683
vn 0.06135 0.05074 0.99683
vn 0.06137 0.05081 0.99682
vn 0.06133 0.05087 0.99682
vn 0.06144 0.05057 0.99683
vn 0.06126 0.05104 0.99682
vn 0.06136 0.05077 0.99682
vn 0.06138 0.0509 0.99682
vn 0.06137 0.05065 0.99683
vn 0.06137 0.05081 0.99682
vn 0.06138 0.0508 0.99682
vn 0.06138 0.05079 0.99682
vn 0.06138 0.0507 0.99683
vn 0.06137 0.05074 0.99682
vn 0.06137 0.05078 0.99682
vn 0.06137 0.05085 0.99682
vn 0.06139 0.0507 0.99683
vn 0.06137 0.05077 0.99682
vn 0.06137 0.05078 0.99682
vn 0.06152 0.05077 0.99681
vn 0.06142 0.05076 0.99682
vn 0.06118 0.05075 0.99684
vn 0.06125 0.05075 0.99683
vn 0.0613 0.05076 0.99683
vn 0.0613 0.05076 0.99683
vn 0.06136 0.05087 0.99682
vn 0.06138 0.05075 0.99682
vn 0.06137 0.05079 0.99682
vn 0.06137 0.05081 0.99682
vn 0.06138 0.05074 0.99682
vn 0.06137 0.05081 0.99682
vn 0.06137 0.05081 0.99682
vn 0.06158 0.05081 0.99681
vn 0.06148 0.05079 0.99682
vn 0.06124 0.05072 0.99683
vn 0.06138 0.05076 0.99682
vn 0.06138 0.05076 0.99682
vn 0.06135 0.05074 0.99683
vn 0.06143 0.05068 0.99682
vn 0.06131 0.05085 0.99682
vn 0.06137 0.05078 0.99682
vn 0.06141 0.05071 0.99682
vn 0.06132 0.05083 0.99682
vn 0.06139 0.05074 0.99682
vn 0.06137 0.05078 0.99682
vn 0.06143 0.05071 0.99682
vn 0.06132 0.05082 0.99682
vn 0.06137 0.05078 0.99682
vn 0.06136 0.05079 0.99682
vn 0.06138 0.05075 0.99682
vn 0.0613 0.05082 0.99682
vn 0.06115 0.05096 0.99683
vn 0.06141 0.05077 0.99682
vn 0.06131 0.05076 0.99683
vn 0.06131 0.05076 0.99683
vn 0.06141 0.05077 0.99682
vn 0.06138 0.05076 0.99682
vn 0.06156 0.05077 0.99681
vn 0.06145 0.05076 0.99682
vn 0.06122 0.05076 0.99683
vn 0.06144 0.05077 0.99682
vn 0.06129 0.05076 0.99683
vn 0.06137 0.05077 0.99682
vn 0.06138 0.05073 0.99682
vn 0.06137 0.05078 0.99682
vn 0.06139 0.05061 0.99683
vn 0.06135 0.05086 0.99682
vn 0.06136 0.05083 0.99682
vn 0.06129 0.05077 0.99683
vn 0.06344 0.05068 0.9967
vn 0.06081 0.05078 0.99686
vn 0.06158 0.05076 0.99681
vn 0.06145 0.05076 0.99682
vn 0.06122 0.05076 0.99683
vn 0.06133 0.05075 0.99683
vn 0.06139 0.05077 0.99682
vn 0.06148 0.0508 0.99681
vn 0.06141 0.0508 0.99682
vn 0.06132 0.0507 0.99683
vn 0.06141 0.05081 0.99682
vn 0.06138 0.05074 0.99682
vn 0.06137 0.0508 0.99682
vn 0.06144 0.05076 0.99682
vn 0.06133 0.05076 0.99683
vn 0.06138 0.05076 0.99682
vn 0.06141 0.05077 0.99682
vn 0.0629 0.05086 0.99672
vn 0.06129 0.05076 0.99683
vn 0.06144 0.05077 0.99682
vn 0.06135 0.05087 0.99682
vn 0.06136 0.05078 0.99682
vn 0.06139 0.05062 0.99683
vn 0.06138 0.05071 0.99683
vn 0.06137 0.05081 0.99682
vn 0.06145 0.05077 0.99682
vn 0.06111 0.05073 0.99684
vn 0.0614 0.05077 0.99682
vn 0.06186 0.05088 0.99679
vn 0.061 0.05067 0.99685
vn 0.06123 0.0507 0.99684
vn 0.06145 0.0508 0.99682
vn 0.06142 0.05078 0.99682
vn 0.06133 0.05069 0.99683
vn 0.0614 0.05081 0.99682
vn 0.06138 0.05076 0.99682
vn 0.06138 0.05075 0.99682
vn 0.06135 0.05081 0.99682
vn 0.06135 0.05079 0.99682
vn 0.06137 0.05077 0.99682
vn 0.06144 0.05075 0.99682
vn 0.06139 0.0507 0.99683
vn 0.06138 0.05074 0.99682
vn 0.06139 0.0507 0.99683
vn 0.06137 0.05078 0.99682
vn 0.06135 0.05086 0.99682
vn 0.06143 0.05059 0.99683
vn 0.06133 0.05088 0.99682
vn 0.06134 0.05084 0.99682
vn 0.06142 0.05067 0.99682
vn 0.06137 0.05077 0.99682
vn 0.06136 0.05079 0.99682
vn 0.06156 0.05042 0.99683
vn 0.06132 0.05076 0.99683
vn 0.06135 0.05076 0.99682
vn 0.06144 0.05076 0.99682
vn 0.06128 0.05077 0.99683
vn 0.06146 0.05077 0.99682
vn 0.06138 0.05076 0.99682
vn 0.06134 0.05076 0.99683
vn 0.06144 0.05077 0.99682
vn 0.06123 0.05075 0.99683
vn 0.06268 0.05087 0.99674
vn 0.06111 0.05074 0.99684
vn 0.06136 0.05076 0.99682
vn 0.06141 0.05078 0.99682
vn 0.06135 0.05076 0.99683
vn 0.06153 0.05082 0.99681
vn 0.06118 0.05068 0.99684
vn 0.06124 0.05071 0.99683
vn 0.06142 0.05079 0.99682
vn 0.06138 0.05077 0.99682
vn 0.06135 0.05075 0.99683
vn 0.0613 0.05071 0.99683
vn 0.06135 0.05075 0.99683
vn 0.06137 0.05074 0.99682
vn 0.06137 0.05081 0.99682
vn 0.06138 0.05078 0.99682
vn 0.06137 0.0508 0.99682
vn 0.06137 0.05081 0.99682
vn 0.06137 0.05079 0.99682
vn 0.06135 0.05076 0.99682
vn 0.06141 0.05077 0.99682
vn 0.06143 0.05077 0.99682
vn 0.06138 0.05077 0.99682
vn 0.06134 0.05076 0.99683
vn 0.06144 0.05077 0.99682
vn 0.06129 0.05074 0.99683
vn 0.06136 0.05076 0.99682
vn 0.06145 0.05078 0.99682
vn 0.06127 0.05073 0.99683
vn -0.21037 0.97693 -0.0368
vn -0.21037 0.97693 -0.0368
vn -0.29461 0.95513 -0.0305
vn -0.29461 0.95513 -0.0305
vn -0.3766 0.92607 -0.02398
vn -0.45573 0.88995 -0.01726
vn -0.53139 0.84706 -0.01042
vn -0.603 0.79773 -0.0035
vn -0.67004 0.74232 0.00345
vn -0.67003 0.74233 0.00345
vn -0.73197 0.68126 0.01037
vn -0.78832 0.61503 0.01722
vn -0.83867 0.54411 0.02393
vn -0.88264 0.46906 0.03046
vn -0.88265 0.46904 0.03045
vn -0.91991 0.3904 0.03675
vn -0.9199 0.39042 0.03676
vn -0.95016 0.30882 0.04277
vn -0.95017 0.3088 0.04277
vn -0.97318 0.22486 0.04846
vn -0.9888 0.13919 0.05379
vn -0.9969 0.05246 0.0587
vn -0.99689 0.05248 0.05871
vn -0.9974 -0.03464 0.06317
vn -0.9974 -0.03466 0.06317
vn -0.99032 -0.12151 0.06716
vn -0.97569 -0.20745 0.07063
vn -0.95365 -0.2918 0.07357
vn -0.95365 -0.29178 0.07358
vn -0.92434 -0.37394 0.07595
vn -0.888 -0.45322 0.07775
vn -0.88799 -0.45324 0.07775
vn -0.8449 -0.52907 0.07896
vn -0.8449 -0.52906 0.07896
vn -0.79537 -0.60088 0.07957
vn -0.79538 -0.60086 0.07957
vn -0.73978 -0.66813 0.07957
vn -0.73979 -0.66812 0.07958
vn -0.67859 -0.73026 0.07897
vn -0.67857 -0.73028 0.07897
vn -0.6122 -0.78687 0.07776
vn -0.61221 -0.78686 0.07777
vn -0.54116 -0.83748 0.07597
vn -0.46603 -0.8817 0.07359
vn -0.46602 -0.88171 0.07359
vn -0.3873 -0.91924 0.07066
vn -0.30565 -0.94977 0.06719
vn -0.30565 -0.94977 0.06719
vn -0.22169 -0.97307 0.0632
vn -0.22169 -0.97307 0.06321
vn -0.13603 -0.98896 0.05874
vn -0.13602 -0.98896 0.05874
vn -0.04932 -0.99733 0.05383
vn 0.03774 -0.99811 0.04851
vn 0.03774 -0.99811 0.04851
vn 0.12454 -0.99129 0.04281
vn 0.12454 -0.99129 0.04282
vn 0.21037 -0.97693 0.0368
vn 0.21037 -0.97693 0.0368
vn 0.29461 -0.95513 0.0305
vn 0.29461 -0.95513 0.0305
vn 0.3766 -0.92606 0.02398
vn 0.3766 -0.92607 0.02398
vn 0.45573 -0.88995 0.01726
vn 0.45573 -0.88995 0.01726
vn 0.53139 -0.84706 0.01042
vn 0.603 -0.79773 0.0035
vn 0.67003 -0.74233 -0.00345
vn 0.67004 -0.74232 -0.00345
vn 0.73196 -0.68126 -0.01037
vn 0.73197 -0.68126 -0.01037
vn 0.78832 -0.61503 -0.01722
vn 0.78832 -0.61503 -0.01722
vn 0.83867 -0.54411 -0.02393
vn 0.88265 -0.46904 -0.03046
vn 0.88264 -0.46906 -0.03045
vn 0.9199 -0.39042 -0.03675
vn 0.91991 -0.3904 -0.03676
vn 0.95017 -0.3088 -0.04278
vn 0.95016 -0.30882 -0.04277
vn 0.97318 -0.22486 -0.04846
vn 0.9888 -0.1392 -0.05379
vn 0.9888 -0.13919 -0.05379
vn 0.9969 -0.05247 -0.0587
vn 0.9969 -0.05246 -0.05871
vn 0.9974 0.03466 -0.06317
vn 0.9974 0.03464 -0.06317
vn 0.99032 0.12151 -0.06716
vn 0.97569 0.20745 -0.07063
vn 0.95365 0.29178 -0.07357
vn 0.95365 0.2918 -0.07358
vn 0.92434 0.37394 -0.07595
vn 0.888 0.45323 -0.07775
vn 0.888 0.45322 -0.07775
vn 0.8449 0.52906 -0.07896
vn 0.8449 0.52907 -0.07896
vn 0.79537 0.60088 -0.07957
vn 0.73979 0.66812 -0.07957
vn 0.67857 0.73028 -0.07897
vn 0.67858 0.73027 -0.07897
vn 0.61221 0.78687 -0.07776
vn 0.54116 0.83748 -0.07597
vn 0.54115 0.83749 -0.07597
vn 0.46603 0.8817 -0.07359
vn 0.3873 0.91924 -0.07066
vn 0.3873 0.91924 -0.07066
vn 0.30565 0.94977 -0.06719
vn 0.22169 0.97307 -0.0632
vn 0.13602 0.98896 -0.05874
vn 0.04932 0.99733 -0.05383
vn 0.04932 0.99733 -0.05383
vn -0.03774 0.99811 -0.04851
vn -0.12454 0.99129 -0.04281
vn -0.12454 0.99129 -0.04282
vn -0.67852 -0.73022 0.07989
vn -0.73974 -0.66807 0.08045
vn -0.72501 -0.68414 0.07948
vn -0.69438 -0.71524 0.07918
vn -0.79532 -0.60083 0.08042
vn -0.78201 -0.61815 0.07963
vn -0.75424 -0.65176 0.07963
vn -0.84485 -0.52901 0.07978
vn -0.8331 -0.54743 0.07917
vn -0.80835 -0.58332 0.07947
vn -0.88795 -0.45319 0.07855
vn -0.87785 -0.47253 0.07811
vn -0.8563 -0.51045 0.07872
vn -0.92429 -0.3739 0.07674
vn -0.91591 -0.39404 0.07646
vn -0.89773 -0.43371 0.07736
vn -0.9536 -0.29177 0.07435
vn -0.94699 -0.31256 0.07422
vn -0.93233 -0.35366 0.07541
vn -0.97565 -0.20739 0.0714
vn -0.97087 -0.22872 0.07142
vn -0.95985 -0.27089 0.07289
vn -0.99027 -0.12149 0.06793
vn -0.98736 -0.14311 0.06808
vn -0.98005 -0.18608 0.06982
vn -0.99735 -0.0346 0.06394
vn -0.99634 -0.0564 0.06421
vn -0.9928 -0.09985 0.06621
vn -0.99685 0.05252 0.05949
vn -0.99773 0.03069 0.05987
vn -0.99799 -0.01288 0.0621
vn -0.98876 0.13921 0.05459
vn -0.99153 0.1176 0.05506
vn -0.99558 0.07423 0.05752
vn -0.97313 0.2249 0.04928
vn -0.97779 0.20357 0.04983
vn -0.9856 0.16072 0.0525
vn -0.95011 0.30887 0.04362
vn -0.9566 0.28803 0.04423
vn -0.96811 0.24606 0.04707
vn -0.91985 0.39047 0.03763
vn -0.92815 0.37024 0.03829
vn -0.94327 0.32946 0.0413
vn -0.87269 0.48731 0.03072
vn -0.8926 0.4497 0.03206
vn -0.91124 0.41038 0.03521
vn -0.88265 0.46904 0.03046
vn -0.83868 0.5441 0.02393
vn -0.83868 0.5441 0.02393
vn -0.78832 0.61503 0.01721
vn -0.78831 0.61504 0.01721
vn -0.73197 0.68126 0.01037
vn -0.73196 0.68127 0.01037
vn -0.67003 0.74233 0.00345
vn -0.67003 0.74232 0.00345
vn -0.60301 0.79773 -0.0035
vn -0.60302 0.79772 -0.0035
vn -0.53139 0.84706 -0.01042
vn -0.53138 0.84707 -0.01042
vn -0.45574 0.88995 -0.01726
vn -0.45566 0.88999 -0.01729
vn -0.66244 -0.74497 0.07872
vn -0.61219 -0.78687 0.07776
vn -0.6122 -0.78687 0.07776
vn -0.54116 -0.83748 0.07597
vn -0.54117 -0.83747 0.07597
vn -0.46603 -0.8817 0.07359
vn -0.46601 -0.88171 0.07359
vn -0.3873 -0.91924 0.07066
vn -0.3873 -0.91924 0.07066
vn -0.30567 -0.94977 0.06719
vn -0.30567 -0.94976 0.06719
vn -0.22168 -0.97307 0.0632
vn -0.22168 -0.97307 0.0632
vn -0.13595 -0.98897 0.05874
vn -0.13602 -0.98896 0.05873
vn -0.08059 -0.99519 0.05565
vn -0.04922 -0.99725 0.05544
vn -0.03723 -0.99789 0.05311
vn 0.12454 -0.99129 0.04282
vn 0.29461 -0.95513 0.0305
vn 0.37659 -0.92607 0.02398
vn 0.3766 -0.92607 0.02397
vn 0.45574 -0.88995 0.01726
vn 0.73196 -0.68127 -0.01037
vn 0.73195 -0.68128 -0.01037
vn 0.78832 -0.61503 -0.01721
vn 0.78832 -0.61502 -0.01722
vn 0.83868 -0.5441 -0.02393
vn 0.83867 -0.54411 -0.02392
vn 0.88265 -0.46904 -0.03045
vn 0.9199 -0.39042 -0.03675
vn 0.95016 -0.30882 -0.04277
vn 0.95017 -0.3088 -0.04278
vn 0.97319 -0.22484 -0.04847
vn 0.9888 -0.13919 -0.05379
vn 0.9969 -0.05248 -0.0587
vn 0.9757 0.20743 -0.07063
vn 0.97569 0.20745 -0.07064
vn 0.92434 0.37394 -0.07595
vn 0.92435 0.37392 -0.07595
vn 0.888 0.45323 -0.07775
vn 0.88799 0.45324 -0.07775
vn 0.84491 0.52905 -0.07896
vn 0.8449 0.52906 -0.07896
vn 0.79537 0.60088 -0.07957
vn 0.79538 0.60087 -0.07957
vn 0.7398 0.66811 -0.07957
vn 0.73979 0.66812 -0.07957
vn 0.67857 0.73028 -0.07897
vn 0.67858 0.73027 -0.07897
vn 0.46601 0.88171 -0.07359
vn 0.46601 0.88172 -0.07359
vn 0.38731 0.91924 -0.07066
vn 0.38732 0.91923 -0.07066
vn 0.22168 0.97307 -0.0632
vn 0.13602 0.98896 -0.05874
vn 0.13603 0.98896 -0.05874
vn -0.12454 0.99129 -0.04281
vn -0.36523 0.93064 -0.02265
vn -0.40544 0.91387 -0.02158
vn -0.67852 -0.73022 0.07989
vn -0.73974 -0.66807 0.08045
vn -0.72501 -0.68414 0.07948
vn -0.69436 -0.71526 0.07918
vn -0.78203 -0.61813 0.07963
vn -0.75422 -0.65178 0.07963
vn -0.84484 -0.52904 0.07978
vn -0.83311 -0.54741 0.07917
vn -0.88796 -0.45316 0.07855
vn -0.87785 -0.47253 0.07811
vn -0.85628 -0.51047 0.07871
vn -0.91592 -0.39402 0.07646
vn -0.89772 -0.43373 0.07736
vn -0.9536 -0.29176 0.07435
vn -0.97565 -0.20739 0.0714
vn -0.97087 -0.22872 0.07142
vn -0.95985 -0.27089 0.07289
vn -0.98736 -0.14311 0.06808
vn -0.98005 -0.18608 0.06982
vn -0.99735 -0.0346 0.06394
vn -0.99634 -0.0564 0.06421
vn -0.9928 -0.09985 0.06621
vn -0.99685 0.05249 0.05949
vn -0.99773 0.03071 0.05987
vn -0.99799 -0.0129 0.0621
vn -0.98875 0.13924 0.05459
vn -0.99154 0.11758 0.05506
vn -0.99558 0.07423 0.05751
vn -0.97313 0.2249 0.04928
vn -0.97779 0.20357 0.04983
vn -0.9856 0.16073 0.0525
vn -0.9501 0.30887 0.04362
vn -0.91985 0.39046 0.03763
vn -0.92814 0.37026 0.03829
vn -0.94327 0.32946 0.0413
vn -0.87269 0.48731 0.03072
vn -0.89262 0.44967 0.03206
vn -0.91123 0.41039 0.0352
vn -0.88265 0.46904 0.03046
vn -0.83868 0.5441 0.02393
vn -0.78831 0.61504 0.01721
vn -0.78832 0.61503 0.01721
vn -0.73197 0.68125 0.01037
vn -0.73195 0.68127 0.01037
vn -0.67002 0.74234 0.00344
vn -0.67003 0.74232 0.00345
vn -0.60301 0.79773 -0.0035
vn -0.53139 0.84706 -0.01042
vn -0.53139 0.84706 -0.01042
vn -0.45574 0.88995 -0.01726
vn -0.45566 0.88999 -0.01728
vn -0.66246 -0.74495 0.07872
vn -0.54116 -0.83748 0.07597
vn -0.46601 -0.88171 0.07359
vn -0.46603 -0.8817 0.07359
vn -0.38731 -0.91924 0.07066
vn -0.30565 -0.94977 0.06719
vn -0.22169 -0.97307 0.06321
vn -0.2217 -0.97306 0.0632
vn -0.08062 -0.99519 0.05565
vn -0.04922 -0.99725 0.05545
vn -0.03722 -0.99789 0.05311
vn 0.3766 -0.92607 0.02398
vn 0.73197 -0.68126 -0.01037
vn 0.78831 -0.61504 -0.01721
vn 0.83867 -0.54411 -0.02392
vn 0.88265 -0.46904 -0.03045
vn 0.95016 -0.30882 -0.04278
vn 0.95016 -0.30882 -0.04277
vn 0.9974 0.03466 -0.06317
vn 0.9974 0.03464 -0.06317
vn 0.99032 0.12151 -0.06716
vn 0.9757 0.20743 -0.07063
vn 0.97569 0.20744 -0.07064
vn 0.95364 0.29181 -0.07357
vn 0.92434 0.37394 -0.07595
vn 0.888 0.45322 -0.07775
vn 0.888 0.45322 -0.07775
vn 0.84491 0.52906 -0.07896
vn 0.84491 0.52905 -0.07896
vn 0.79537 0.60088 -0.07957
vn 0.79537 0.60088 -0.07957
vn 0.73978 0.66813 -0.07957
vn 0.7398 0.66811 -0.07957
vn 0.67858 0.73027 -0.07896
vn 0.61221 0.78687 -0.07776
vn 0.61218 0.78688 -0.07777
vn 0.54116 0.83748 -0.07597
vn 0.54118 0.83747 -0.07596
vn 0.46603 0.8817 -0.07359
vn 0.46598 0.88173 -0.0736
vn 0.3873 0.91924 -0.07066
vn 0.38731 0.91924 -0.07066
vn 0.30567 0.94976 -0.06719
vn 0.22168 0.97307 -0.06321
vn 0.13601 0.98896 -0.05874
vn 0.13605 0.98896 -0.05874
vn 0.04934 0.99733 -0.05382
vn 0.04929 0.99733 -0.05383
vn -0.03778 0.99811 -0.04851
vn -0.03773 0.99811 -0.0485
vn -0.12452 0.99129 -0.04281
vn -0.12452 0.99129 -0.04281
vn -0.21039 0.97693 -0.03679
vn -0.21039 0.97692 -0.03679
vn -0.29459 0.95514 -0.0305
vn -0.29459 0.95514 -0.0305
vn -0.3766 0.92607 -0.02397
vn -0.36525 0.93063 -0.02265
vn -0.40544 0.91387 -0.02158
vn -0.21039 0.97692 -0.0368
vn -0.21035 0.97693 -0.0368
vn -0.29463 0.95513 -0.03051
vn -0.3766 0.92607 -0.02398
vn -0.3766 0.92606 -0.02398
vn -0.45573 0.88995 -0.01727
vn -0.45573 0.88995 -0.01727
vn -0.53139 0.84706 -0.01043
vn -0.60302 0.79772 -0.0035
vn -0.67004 0.74232 0.00345
vn -0.67001 0.74235 0.00345
vn -0.73196 0.68127 0.01037
vn -0.73197 0.68125 0.01037
vn -0.78832 0.61502 0.01721
vn -0.78831 0.61504 0.01722
vn -0.83868 0.5441 0.02393
vn -0.88264 0.46906 0.03046
vn -0.88265 0.46905 0.03046
vn -0.91991 0.39041 0.03676
vn -0.91991 0.3904 0.03676
vn -0.95016 0.30882 0.04277
vn -0.95016 0.30881 0.04277
vn -0.97318 0.22487 0.04846
vn -0.97319 0.22486 0.04846
vn -0.9888 0.13919 0.05379
vn -0.9888 0.1392 0.05379
vn -0.9969 0.05246 0.0587
vn -0.9969 0.05247 0.05871
vn -0.9974 -0.03464 0.06317
vn -0.9974 -0.03466 0.06317
vn -0.99032 -0.12151 0.06716
vn -0.99032 -0.1215 0.06716
vn -0.97569 -0.20744 0.07063
vn -0.97569 -0.20746 0.07063
vn -0.95364 -0.29181 0.07357
vn -0.95365 -0.29179 0.07357
vn -0.92434 -0.37394 0.07595
vn -0.888 -0.45322 0.07775
vn -0.888 -0.45322 0.07775
vn -0.8449 -0.52906 0.07896
vn -0.8449 -0.52907 0.07896
vn -0.79537 -0.60088 0.07957
vn -0.79537 -0.60087 0.07957
vn -0.7398 -0.66811 0.07957
vn -0.67858 -0.73027 0.07897
vn -0.61221 -0.78687 0.07776
vn -0.54115 -0.83749 0.07597
vn -0.46601 -0.88171 0.07359
vn -0.38732 -0.91923 0.07066
vn -0.38731 -0.91924 0.07066
vn -0.30565 -0.94977 0.06719
vn -0.22169 -0.97307 0.0632
vn 0.60302 -0.79772 0.0035
vn 0.67002 -0.74234 -0.00345
vn 0.67003 -0.74233 -0.00345
vn 0.83868 -0.5441 -0.02393
vn 0.83868 -0.5441 -0.02393
vn 0.88265 -0.46905 -0.03046
vn 0.88264 -0.46906 -0.03045
vn 0.9199 -0.39042 -0.03675
vn 0.91991 -0.39041 -0.03676
vn 0.95016 -0.30882 -0.04277
vn 0.97319 -0.22486 -0.04846
vn 0.97318 -0.22487 -0.04846
vn 0.9888 -0.13919 -0.05379
vn 0.9969 -0.05248 -0.0587
vn 0.9969 -0.05246 -0.05871
vn 0.9974 0.03466 -0.06317
vn 0.9974 0.03464 -0.06317
vn 0.99032 0.12151 -0.06716
vn 0.97569 0.20744 -0.07063
vn 0.97569 0.20745 -0.07063
vn 0.95365 0.29179 -0.07357
vn 0.95365 0.29179 -0.07357
vn 0.92433 0.37395 -0.07596
vn 0.88799 0.45324 -0.07776
vn 0.88801 0.45321 -0.07775
vn 0.84491 0.52905 -0.07896
vn 0.8449 0.52907 -0.07896
vn 0.73981 0.6681 -0.07957
vn 0.73978 0.66812 -0.07958
vn 0.67857 0.73028 -0.07897
vn 0.67859 0.73026 -0.07897
vn 0.61221 0.78686 -0.07777
vn 0.54115 0.83749 -0.07597
vn 0.46599 0.88172 -0.0736
vn 0.38734 0.91923 -0.07066
vn 0.3873 0.91924 -0.07066
vn 0.30563 0.94978 -0.06719
vn 0.30567 0.94976 -0.06718
vn 0.22169 0.97307 -0.0632
vn 0.22168 0.97307 -0.0632
vn 0.13604 0.98896 -0.05874
vn 0.0493 0.99733 -0.05383
vn 0.04934 0.99733 -0.05382
vn -0.03774 0.99811 -0.0485
vn -0.03774 0.99811 -0.0485
vn -0.12456 0.99129 -0.04282
vn -0.06139 -0.05078 -0.99682
vn -0.06137 -0.05075 -0.99682
vn -0.06135 -0.05073 -0.99683
vn -0.06152 -0.05091 -0.99681
vn -0.06136 -0.05076 -0.99682
vn -0.06147 -0.05071 -0.99682
vn -0.06137 -0.05077 -0.99682
vn -0.06147 -0.05071 -0.99682
vn -0.06125 -0.05086 -0.99683
vn -0.06143 -0.0507 -0.99682
vn -0.06136 -0.0507 -0.99683
vn -0.0614 -0.05086 -0.99682
vn -0.06136 -0.05076 -0.99682
vn -0.06133 -0.05069 -0.99683
vn -0.06139 -0.05078 -0.99682
vn -0.06134 -0.05075 -0.99683
vn -0.06138 -0.05076 -0.99682
vn -0.06136 -0.05079 -0.99682
vn -0.0614 -0.05073 -0.99682
vn -0.06132 -0.05077 -0.99683
vn -0.06139 -0.05077 -0.99682
vn -0.06138 -0.05077 -0.99682
vn -0.06128 -0.05079 -0.99683
vn -0.06138 -0.05072 -0.99683
vn -0.06138 -0.05073 -0.99682
vn -0.06127 -0.05083 -0.99683
vn -0.06138 -0.05075 -0.99682
vn -0.06143 -0.0507 -0.99682
vn -0.06136 -0.05079 -0.99682
vn -0.0614 -0.05073 -0.99682
vn -0.06139 -0.05078 -0.99682
vn -0.06126 -0.05071 -0.99683
vn -0.06139 -0.05077 -0.99682
vn -0.06142 -0.05083 -0.99682
vn -0.06131 -0.05089 -0.99682
vn -0.06144 -0.05059 -0.99683
vn -0.06136 -0.05082 -0.99682
vn -0.06139 -0.05078 -0.99682
vn -0.06124 -0.05074 -0.99683
vn -0.0615 -0.05078 -0.99681
vn -0.06128 -0.05079 -0.99683
vn -0.06134 -0.05077 -0.99682
vn -0.06137 -0.05076 -0.99682
vn -0.63712 0.77076 -3E-05
vn -0.63713 0.77076 -3E-05
vn -0.63713 0.77076 -3E-05
vn -0.98394 -0.16463 0.06896
vn 0.34682 0.93539 -0.06899
vn -0.63713 0.77076 -3E-05
vn -0.63713 0.77076 -3E-05
vn -0.98394 -0.16463 0.06896
vn -0.98394 -0.16463 0.06896
vn -0.97569 -0.20745 0.07064
vn -0.9757 -0.20741 0.07064
vn -0.95365 -0.2918 0.07357
vn -0.92434 -0.37393 0.07595
vn -0.92432 -0.37398 0.07595
vn -0.888 -0.45323 0.07775
vn -0.8449 -0.52906 0.07896
vn -0.84493 -0.52902 0.07896
vn -0.79539 -0.60085 0.07957
vn -0.79536 -0.60089 0.07957
vn -0.73976 -0.66815 0.07957
vn -0.73981 -0.66809 0.07957
vn -0.67859 -0.73026 0.07897
vn -0.67854 -0.7303 0.07897
vn -0.6122 -0.78687 0.07776
vn -0.61222 -0.78686 0.07776
vn -0.54117 -0.83748 0.07597
vn -0.54116 -0.83748 0.07597
vn -0.46601 -0.88171 0.07359
vn -0.466 -0.88172 0.07359
vn -0.38732 -0.91923 0.07066
vn -0.30568 -0.94976 0.06719
vn -0.30567 -0.94977 0.06719
vn -0.22169 -0.97307 0.0632
vn -0.13599 -0.98897 0.05874
vn -0.136 -0.98897 0.05874
vn -0.04932 -0.99733 0.05383
vn -0.04937 -0.99733 0.05383
vn 0.03774 -0.99811 0.04851
vn 0.03776 -0.99811 0.04851
vn 0.1245 -0.9913 0.04282
vn 0.12453 -0.99129 0.04282
vn 0.21038 -0.97693 0.0368
vn 0.29461 -0.95513 0.0305
vn 0.37661 -0.92606 0.02397
vn 0.37661 -0.92606 0.02397
vn 0.45572 -0.88996 0.01726
vn 0.53139 -0.84706 0.01042
vn 0.53139 -0.84706 0.01042
vn 0.60302 -0.79772 0.0035
vn 0.60302 -0.79772 0.0035
vn 0.67002 -0.74233 -0.00345
vn 0.67002 -0.74234 -0.00345
vn 0.73198 -0.68125 -0.01037
vn 0.73198 -0.68125 -0.01037
vn 0.7883 -0.61505 -0.01721
vn 0.78832 -0.61502 -0.01722
vn 0.83869 -0.54408 -0.02393
vn 0.83867 -0.54412 -0.02393
vn 0.88264 -0.46907 -0.03045
vn 0.88264 -0.46906 -0.03045
vn 0.9199 -0.39043 -0.03675
vn 0.91991 -0.3904 -0.03676
vn 0.95017 -0.30878 -0.04278
vn 0.95016 -0.30882 -0.04277
vn 0.97318 -0.22487 -0.04846
vn 0.97318 -0.22486 -0.04847
vn 0.9888 -0.13921 -0.05379
vn 0.9888 -0.1392 -0.05379
vn 0.9969 -0.05248 -0.0587
vn 0.99689 -0.05249 -0.0587
vn 0.9974 0.03465 -0.06317
vn 0.9974 0.03469 -0.06317
vn 0.99032 0.1215 -0.06716
vn 0.99032 0.12149 -0.06716
vn 0.97569 0.20747 -0.07064
vn 0.95365 0.29179 -0.07357
vn 0.95364 0.29181 -0.07358
vn 0.92433 0.37395 -0.07595
vn 0.92435 0.3739 -0.07595
vn 0.88801 0.45321 -0.07775
vn 0.88799 0.45324 -0.07775
vn 0.84488 0.52909 -0.07896
vn 0.8449 0.52906 -0.07896
vn 0.79539 0.60085 -0.07957
vn 0.73978 0.66812 -0.07957
vn 0.73975 0.66816 -0.07957
vn 0.67859 0.73026 -0.07897
vn 0.61222 0.78685 -0.07777
vn 0.61224 0.78684 -0.07776
vn 0.54114 0.8375 -0.07597
vn 0.54113 0.8375 -0.07597
vn 0.46602 0.88171 -0.07359
vn 0.46603 0.8817 -0.07359
vn 0.38732 0.91923 -0.07066
vn 0.3056 0.94979 -0.06718
vn 0.30561 0.94978 -0.06718
vn 0.22173 0.97306 -0.0632
vn 0.13599 0.98897 -0.05874
vn 0.136 0.98897 -0.05874
vn 0.04932 0.99733 -0.05383
vn 0.04931 0.99733 -0.05383
vn -0.03774 0.99811 -0.04851
vn -0.12454 0.99129 -0.04281
vn -0.12453 0.99129 -0.04281
vn -0.21034 0.97694 -0.0368
vn -0.29457 0.95514 -0.03051
vn -0.29465 0.95512 -0.0305
vn -0.37664 0.92605 -0.02397
vn -0.37657 0.92608 -0.02398
vn -0.45572 0.88996 -0.01726
vn -0.53136 0.84708 -0.01042
vn -0.53142 0.84704 -0.01042
vn -0.60304 0.7977 -0.0035
vn -0.60299 0.79774 -0.0035
vn -0.67002 0.74233 0.00345
vn -0.67002 0.74234 0.00345
vn -0.73196 0.68127 0.01037
vn -0.73196 0.68127 0.01037
vn -0.78832 0.61502 0.01721
vn -0.7883 0.61505 0.01721
vn -0.83868 0.54409 0.02393
vn -0.8387 0.54406 0.02393
vn -0.88264 0.46907 0.03045
vn -0.88264 0.46906 0.03045
vn -0.91991 0.39041 0.03675
vn -0.95016 0.30881 0.04277
vn -0.95016 0.30882 0.04277
vn -0.97319 0.22485 0.04847
vn -0.97319 0.22484 0.04847
vn -0.9888 0.13922 0.05379
vn -0.9888 0.13923 0.05379
vn -0.9969 0.05248 0.0587
vn -0.9969 0.05247 0.0587
vn -0.9974 -0.03469 0.06317
vn -0.9974 -0.03465 0.06317
vn -0.99032 -0.12151 0.06716
vn -0.99031 -0.12153 0.06716
vn -0.95365 -0.2918 0.07357
vn -0.95365 -0.29179 0.07357
vn -0.92433 -0.37397 0.07595
vn -0.92433 -0.37395 0.07595
vn -0.88799 -0.45324 0.07775
vn -0.84493 -0.52902 0.07896
vn -0.84491 -0.52905 0.07896
vn -0.79535 -0.6009 0.07957
vn -0.79536 -0.60089 0.07957
vn -0.7398 -0.66811 0.07957
vn -0.73983 -0.66807 0.07957
vn -0.67855 -0.7303 0.07897
vn -0.67858 -0.73026 0.07897
vn -0.61224 -0.78684 0.07777
vn -0.61217 -0.78689 0.07776
vn -0.54112 -0.83751 0.07597
vn -0.54113 -0.8375 0.07597
vn -0.46603 -0.8817 0.07359
vn -0.46603 -0.8817 0.07359
vn -0.38732 -0.91923 0.07066
vn -0.30569 -0.94976 0.06719
vn -0.30564 -0.94977 0.06718
vn -0.22165 -0.97308 0.0632
vn -0.22172 -0.97306 0.06321
vn -0.13607 -0.98896 0.05874
vn -0.13601 -0.98897 0.05874
vn -0.04932 -0.99733 0.05383
vn -0.04931 -0.99733 0.05382
vn 0.03774 -0.99811 0.0485
vn 0.12454 -0.99129 0.04281
vn 0.12449 -0.9913 0.04282
vn 0.21042 -0.97692 0.0368
vn 0.21038 -0.97693 0.0368
vn 0.29457 -0.95514 0.03051
vn 0.29461 -0.95513 0.0305
vn 0.37664 -0.92605 0.02397
vn 0.37658 -0.92607 0.02398
vn 0.45572 -0.88996 0.01727
vn 0.4558 -0.88991 0.01726
vn 0.53136 -0.84708 0.01042
vn 0.53135 -0.84709 0.01043
vn 0.60304 -0.7977 0.0035
vn 0.60304 -0.7977 0.0035
vn 0.67004 -0.74232 -0.00345
vn 0.73196 -0.68127 -0.01037
vn 0.73194 -0.68129 -0.01037
vn 0.7883 -0.61505 -0.01721
vn 0.78832 -0.61502 -0.01722
vn 0.83868 -0.5441 -0.02393
vn 0.83866 -0.54413 -0.02392
vn 0.88266 -0.46903 -0.03046
vn 0.91991 -0.39041 -0.03675
vn 0.95016 -0.30881 -0.04277
vn 0.9888 -0.13921 -0.05379
vn 0.9888 -0.13921 -0.05379
vn 0.9969 -0.05248 -0.0587
vn 0.9969 -0.05243 -0.05871
vn 0.9974 0.03465 -0.06317
vn 0.99031 0.12155 -0.06716
vn 0.99032 0.1215 -0.06716
vn 0.9757 0.20741 -0.07063
vn 0.97569 0.20745 -0.07064
vn 0.92432 0.37398 -0.07595
vn 0.92433 0.37395 -0.07595
vn 0.88801 0.45321 -0.07775
vn 0.79536 0.60089 -0.07957
vn 0.73976 0.66815 -0.07957
vn 0.73979 0.66812 -0.07957
vn 0.67859 0.73026 -0.07897
vn 0.6786 0.73025 -0.07897
vn 0.61219 0.78687 -0.07776
vn 0.61217 0.78689 -0.07776
vn 0.54118 0.83747 -0.07597
vn 0.54118 0.83747 -0.07597
vn 0.46598 0.88173 -0.07359
vn 0.46599 0.88173 -0.07359
vn 0.38732 0.91923 -0.07066
vn 0.3873 0.91924 -0.07066
vn 0.30568 0.94976 -0.06719
vn 0.30568 0.94976 -0.06719
vn 0.22164 0.97308 -0.0632
vn 0.13599 0.98897 -0.05874
vn 0.13609 0.98895 -0.05874
vn 0.04932 0.99733 -0.05383
vn 0.04931 0.99733 -0.05383
vn -0.03775 0.99811 -0.04851
vn -0.03774 0.99811 -0.04851
vn -0.12454 0.99129 -0.04281
vn -0.12454 0.99129 -0.04281
vn -0.21033 0.97694 -0.0368
vn -0.29464 0.95512 -0.0305
vn -0.37657 0.92608 -0.02398
vn -0.37659 0.92607 -0.02398
vn -0.53142 0.84704 -0.01042
vn -0.53142 0.84704 -0.01042
vn -0.60299 0.79774 -0.0035
vn -0.60299 0.79774 -0.0035
vn -0.732 0.68123 0.01038
vn -0.73198 0.68125 0.01037
vn -0.7883 0.61505 0.01721
vn -0.78832 0.61502 0.01721
vn -0.83868 0.5441 0.02393
vn -0.83868 0.54411 0.02393
vn -0.88264 0.46906 0.03045
vn -0.91992 0.39039 0.03676
vn -0.9199 0.39042 0.03675
vn -0.95016 0.30881 0.04277
vn -0.95017 0.30878 0.04277
vn -0.97318 0.22486 0.04847
vn -0.9888 0.13921 0.05379
vn -0.9888 0.13921 0.05379
vn -0.99689 0.05248 0.0587
vn -0.9969 0.05247 0.0587
vn -0.9974 -0.03468 0.06317
vn -0.9974 -0.03464 0.06317
vn -0.99032 -0.1215 0.06716
vn -0.9757 -0.2074 0.07064
vn -0.95363 -0.29185 0.07358
vn -0.95364 -0.29182 0.07358
vn -0.92434 -0.37393 0.07595
vn -0.92435 -0.37392 0.07595
vn -0.888 -0.45321 0.07775
vn -0.888 -0.45323 0.07775
vn -0.8449 -0.52906 0.07896
vn -0.8449 -0.52907 0.07896
vn -0.79538 -0.60086 0.07957
vn -0.79538 -0.60087 0.07957
vn -0.73978 -0.66813 0.07957
vn -0.73979 -0.66811 0.07957
vn -0.67856 -0.73028 0.07897
vn -0.6122 -0.78687 0.07776
vn -0.61222 -0.78685 0.07777
vn -0.54117 -0.83748 0.07597
vn -0.54116 -0.83748 0.07597
vn -0.46601 -0.88171 0.07359
vn -0.46598 -0.88173 0.07359
vn -0.38732 -0.91923 0.07066
vn -0.30568 -0.94976 0.06719
vn -0.3057 -0.94975 0.06719
vn -0.22169 -0.97307 0.0632
vn -0.22168 -0.97307 0.0632
vn -0.04935 -0.99733 0.05383
vn 0.03775 -0.99811 0.04851
vn 0.03774 -0.99811 0.04851
vn 0.12449 -0.9913 0.04282
vn 0.21038 -0.97693 0.0368
vn 0.21038 -0.97693 0.0368
vn 0.29462 -0.95513 0.0305
vn 0.37661 -0.92606 0.02397
vn 0.3766 -0.92606 0.02397
vn 0.45572 -0.88996 0.01726
vn 0.45574 -0.88995 0.01726
vn 0.53139 -0.84706 0.01042
vn 0.53137 -0.84707 0.01042
vn 0.60302 -0.79772 0.0035
vn 0.60302 -0.79772 0.0035
vn 0.73198 -0.68125 -0.01037
vn 0.7883 -0.61505 -0.01721
vn 0.78832 -0.61502 -0.01722
vn 0.83869 -0.54408 -0.02393
vn 0.83867 -0.54411 -0.02393
vn 0.91991 -0.3904 -0.03675
vn 0.91991 -0.3904 -0.03676
vn 0.95016 -0.30881 -0.04277
vn 0.95016 -0.30882 -0.04277
vn 0.9969 -0.05248 -0.0587
vn 0.9969 -0.05243 -0.05871
vn 0.9974 0.03464 -0.06317
vn 0.9974 0.03465 -0.06317
vn 0.99031 0.12154 -0.06716
vn 0.99032 0.12149 -0.06716
vn 0.9757 0.20741 -0.07063
vn 0.97569 0.20745 -0.07064
vn 0.95365 0.2918 -0.07357
vn 0.95365 0.2918 -0.07357
vn 0.92433 0.37397 -0.07595
vn 0.92434 0.37394 -0.07595
vn 0.888 0.45323 -0.07775
vn 0.84491 0.52904 -0.07896
vn 0.8449 0.52906 -0.07896
vn 0.79537 0.60088 -0.07957
vn 0.7398 0.6681 -0.07957
vn 0.73979 0.66812 -0.07957
vn 0.67854 0.7303 -0.07897
vn 0.67856 0.73028 -0.07897
vn 0.61223 0.78685 -0.07776
vn 0.6122 0.78687 -0.07776
vn 0.54117 0.83748 -0.07597
vn 0.54116 0.83748 -0.07597
vn 0.46601 0.88171 -0.07359
vn 0.46602 0.88171 -0.07359
vn 0.38728 0.91925 -0.07066
vn 0.22169 0.97307 -0.0632
vn 0.136 0.98897 -0.05874
vn 0.04936 0.99733 -0.05383
vn 0.04936 0.99733 -0.05383
vn -0.03774 0.99811 -0.04851
vn -0.03776 0.99811 -0.0485
vn -0.12454 0.99129 -0.04281
vn -0.12454 0.99129 -0.04281
vn -0.21038 0.97693 -0.0368
vn -0.29461 0.95513 -0.0305
vn -0.29459 0.95514 -0.0305
vn -0.37661 0.92606 -0.02397
vn -0.37663 0.92606 -0.02397
vn -0.53139 0.84706 -0.01042
vn -0.53139 0.84706 -0.01042
vn -0.60302 0.79772 -0.0035
vn -0.60302 0.79772 -0.0035
vn -0.67002 0.74233 0.00345
vn -0.67002 0.74234 0.00345
vn -0.73198 0.68125 0.01037
vn -0.73198 0.68125 0.01037
vn -0.83866 0.54413 0.02392
vn -0.83869 0.54409 0.02393
vn -0.88265 0.46904 0.03046
vn -0.91991 0.3904 0.03676
vn -0.9199 0.39043 0.03675
vn -0.95016 0.30881 0.04277
vn -0.95017 0.30878 0.04277
vn -0.97318 0.22487 0.04846
vn -0.9888 0.1392 0.05379
vn -0.9969 0.05248 0.0587
vn -0.99689 0.05249 0.0587
vn -0.9974 -0.03469 0.06317
vn -0.9974 -0.03464 0.06317
vn -0.99032 -0.12151 0.06716
vn -0.99032 -0.1215 0.06716
vn -0.95364 -0.29181 0.07358
vn -0.95365 -0.29179 0.07358
vn -0.92435 -0.37392 0.07595
vn -0.92432 -0.37398 0.07595
vn -0.888 -0.45323 0.07775
vn -0.88799 -0.45324 0.07775
vn -0.84491 -0.52904 0.07896
vn -0.79537 -0.60088 0.07957
vn -0.73981 -0.66809 0.07957
vn -0.67856 -0.73028 0.07897
vn -0.67856 -0.73028 0.07897
vn -0.61221 -0.78686 0.07777
vn -0.61219 -0.78687 0.07776
vn -0.46604 -0.8817 0.07359
vn -0.38727 -0.91925 0.07066
vn -0.38732 -0.91923 0.07066
vn -0.30569 -0.94976 0.06719
vn -0.30563 -0.94978 0.06719
vn -0.22169 -0.97307 0.0632
vn -0.13604 -0.98896 0.05874
vn -0.04935 -0.99733 0.05383
vn -0.04931 -0.99733 0.05383
vn 0.03774 -0.99811 0.04851
vn 0.12455 -0.99129 0.04281
vn 0.2946 -0.95513 0.0305
vn 0.29461 -0.95513 0.0305
vn 0.37662 -0.92606 0.02397
vn 0.37658 -0.92607 0.02398
vn 0.45572 -0.88996 0.01727
vn 0.45575 -0.88994 0.01726
vn 0.53139 -0.84706 0.01042
vn 0.73196 -0.68127 -0.01037
vn 0.7883 -0.61505 -0.01721
vn 0.78832 -0.61503 -0.01721
vn 0.83868 -0.5441 -0.02393
vn 0.83868 -0.54411 -0.02393
vn 0.88265 -0.46904 -0.03046
vn 0.95015 -0.30883 -0.04277
vn 0.97318 -0.22487 -0.04846
vn 0.97319 -0.22485 -0.04847
vn 0.9969 -0.05247 -0.0587
vn 0.99032 0.12151 -0.06716
vn 0.99032 0.12149 -0.06716
vn 0.97569 0.20744 -0.07064
vn 0.95364 0.29181 -0.07357
vn 0.95363 0.29184 -0.07358
vn 0.92434 0.37393 -0.07595
vn 0.92434 0.37394 -0.07595
vn 0.888 0.45321 -0.07775
vn 0.888 0.45323 -0.07775
vn 0.84488 0.52909 -0.07896
vn 0.8449 0.52906 -0.07896
vn 0.79538 0.60086 -0.07957
vn 0.79538 0.60087 -0.07957
vn 0.7398 0.6681 -0.07957
vn 0.73979 0.66812 -0.07957
vn 0.67856 0.73028 -0.07897
vn 0.67859 0.73026 -0.07897
vn 0.6122 0.78687 -0.07776
vn 0.54117 0.83748 -0.07597
vn 0.54116 0.83748 -0.07597
vn 0.46599 0.88172 -0.07359
vn 0.46602 0.88171 -0.07359
vn 0.30569 0.94976 -0.06719
vn 0.30563 0.94978 -0.06719
vn 0.22168 0.97307 -0.0632
vn 0.22169 0.97307 -0.0632
vn 0.136 0.98897 -0.05874
vn 0.13604 0.98896 -0.05874
vn 0.04931 0.99733 -0.05383
vn -0.03779 0.99811 -0.0485
vn -0.12449 0.9913 -0.04282
vn -0.21038 0.97693 -0.0368
vn -0.21038 0.97693 -0.0368
vn -0.29461 0.95513 -0.0305
vn -0.37661 0.92606 -0.02397
vn -0.37661 0.92606 -0.02397
vn -0.45574 0.88995 -0.01726
vn -0.45572 0.88996 -0.01726
vn -0.53137 0.84707 -0.01042
vn -0.53139 0.84706 -0.01042
vn -0.60302 0.79772 -0.0035
vn -0.60302 0.79772 -0.0035
vn -0.83867 0.54411 0.02393
vn -0.83869 0.54409 0.02393
vn -0.91991 0.3904 0.03675
vn -0.91991 0.3904 0.03676
vn -0.97319 0.22485 0.04847
vn -0.9888 0.13921 0.05379
vn -0.9888 0.13922 0.05379
vn -0.9969 0.05244 0.05871
vn -0.9969 0.05247 0.05871
vn -0.9974 -0.03464 0.06317
vn -0.99031 -0.12154 0.06716
vn -0.98394 -0.16464 0.06895
vn -0.98394 -0.16463 0.069
vn -0.98394 -0.16463 0.06897
vn -0.98394 -0.16464 0.06896
vn -0.98394 -0.16463 0.06893
vn -0.98394 -0.16463 0.069
vn -0.98394 -0.16463 0.06896
vn -0.98394 -0.16463 0.06899
vn -0.98395 -0.16462 0.06887
vn -0.98394 -0.16463 0.06896
vn -0.98394 -0.16464 0.069
vn -0.98394 -0.16464 0.06897
vn -0.98394 -0.16462 0.06898
vn -0.98394 -0.16464 0.06896
vn -0.98395 -0.16462 0.06893
vn -0.98394 -0.16464 0.06899
vn -0.98394 -0.16463 0.06895
vn -0.98394 -0.16464 0.06898
vn -0.98394 -0.16464 0.06897
vn -0.98394 -0.16463 0.06896
vn -0.98394 -0.16463 0.06897
vn -0.98394 -0.16464 0.06896
vn -0.98394 -0.16464 0.06895
vn -0.98394 -0.16464 0.06896
vn -0.98394 -0.16463 0.06896
vn -0.98394 -0.16463 0.06896
vn -0.98394 -0.16464 0.06898
vn -0.98394 -0.16463 0.06898
vn -0.98394 -0.16464 0.06895
vn -0.98394 -0.16463 0.06898
vn -0.98394 -0.16463 0.06896
vn -0.98394 -0.16463 0.06895
vn -0.98394 -0.16464 0.06898
vn -0.98394 -0.16463 0.06897
vn -0.98394 -0.16463 0.06896
vn -0.98394 -0.16464 0.06896
vn -0.98394 -0.16463 0.06897
vn 0.16761 -0.98505 0.03985
vn 0.0611 0.05108 0.99682
vn 0.06116 0.05101 0.99682
vn 0.06154 0.05058 0.99682
vn 0.06134 0.05071 0.99683
vn 0.06138 0.05076 0.99682
vn 0.06134 0.05079 0.99682
vn 0.06136 0.05077 0.99682
vn 0.06151 0.05091 0.99681
vn 0.06137 0.05076 0.99682
vn 0.06135 0.05074 0.99683
vn 0.06139 0.05078 0.99682
vn 0.06137 0.05075 0.99682
vn 0.06137 0.05076 0.99682
vn 0.06137 0.05076 0.99682
vn 0.06133 0.0507 0.99683
vn 0.0614 0.05078 0.99682
vn 0.06135 0.05075 0.99682
vn 0.06122 0.05093 0.99682
vn 0.06148 0.05065 0.99682
vn 0.06139 0.05075 0.99682
vn 0.06132 0.05069 0.99683
vn 0.06137 0.05076 0.99682
vn 0.06143 0.05085 0.99681
vn 0.06138 0.05075 0.99682
vn 0.0614 0.05073 0.99682
vn 0.0613 0.05085 0.99682
vn 0.06128 0.05086 0.99682
vn 0.06139 0.05076 0.99682
vn 0.06138 0.05076 0.99682
vn 0.06138 0.05157 0.99678
vn 0.06135 0.05093 0.99682
vn 0.06138 0.05074 0.99682
vn 0.06138 0.0507 0.99683
vn 0.06136 0.05084 0.99682
vn 0.06135 0.05078 0.99682
vn 0.06144 0.05089 0.99681
vn 0.06136 0.05074 0.99683
vn 0.06134 0.0507 0.99683
vn 0.06138 0.05077 0.99682
vn 0.06138 0.05079 0.99682
vn 0.06135 0.0507 0.99683
vn 0.06125 0.05082 0.99683
vn 0.06151 0.0507 0.99682
vn 0.06138 0.05076 0.99682
vn 0.06139 0.05076 0.99682
vn 0.06122 0.05081 0.99683
vn 0.06152 0.05072 0.99682
vn 0.06144 0.05074 0.99682
vn 0.06137 0.05076 0.99682
vn 0.0617 0.05094 0.99679
vn 0.06131 0.05073 0.99683
vn 0.06126 0.0507 0.99683
vn 0.06137 0.05077 0.99682
vn 0.06148 0.05083 0.99681
vn 0.06144 0.05071 0.99682
vn 0.06138 0.05076 0.99682
vn 0.06139 0.05075 0.99682
vn 0.06127 0.05083 0.99683
vn 0.06146 0.05071 0.99682
vn 0.06141 0.05074 0.99682
vn 0.06154 0.05062 0.99682
vn 0.06138 0.05076 0.99682
vn 0.06138 0.05076 0.99682
vn 0.06134 0.05078 0.99682
vn 0.06141 0.05075 0.99682
vn 0.06134 0.05078 0.99682
vn 0.06146 0.05073 0.99682
vn 0.06131 0.05072 0.99683
vn 0.06137 0.05077 0.99682
vn 0.06137 0.05076 0.99682
vn 0.06137 0.05076 0.99682
vn 0.06137 0.05076 0.99682
vn 0.06135 0.05075 0.99683
vn 0.06145 0.05082 0.99682
vn 0.06137 0.05072 0.99683
vn 0.06137 0.05072 0.99683
vn 0.06137 0.05074 0.99682
vn 0.06137 0.05084 0.99682
vn 0.06137 0.05079 0.99682
vn 0.06137 0.05072 0.99683
vn 0.06138 0.05075 0.99682
vn 0.06131 0.05089 0.99682
vn 0.0614 0.05071 0.99682
vn 0.06137 0.05076 0.99682
vn 0.06138 0.05076 0.99682
vn 0.06147 0.05067 0.99682
vn 0.06137 0.05076 0.99682
vn 0.06139 0.05087 0.99682
vn 0.06136 0.05069 0.99683
vn 0.06133 0.0508 0.99682
vn 0.0614 0.05074 0.99682
vn 0.06132 0.05081 0.99682
vn 0.06138 0.05071 0.99683
vn 0.06137 0.0508 0.99682
vn 0.06138 0.05066 0.99683
vn 0.06137 0.05078 0.99682
vn 0.06136 0.05077 0.99682
vn 0.06127 0.05085 0.99683
vn 0.0614 0.05074 0.99682
vn 0.06137 0.05077 0.99682
vn 0.06137 0.05076 0.99682
vn 0.06138 0.05088 0.99682
vn 0.06137 0.05077 0.99682
vn 0.06139 0.05075 0.99682
vn 0.0614 0.05074 0.99682
vn 0.06139 0.05075 0.99682
vn 0.06127 0.05083 0.99683
vn 0.06138 0.05076 0.99682
vn 0.06137 0.05075 0.99682
vn 0.06135 0.05085 0.99682
vn 0.06138 0.05076 0.99682
vn 0.06147 0.05049 0.99683
vn 0.06132 0.05082 0.99682
vn 0.06135 0.05071 0.99683
vn 0.06139 0.05081 0.99682
vn 0.06147 0.05102 0.9968
vn 0.06137 0.05073 0.99682
vn 0.06137 0.05073 0.99682
vn 0.06136 0.05065 0.99683
vn 0.0614 0.05075 0.99682
vn 0.06141 0.05074 0.99682
vn 0.06137 0.05077 0.99682
vn 0.06136 0.0508 0.99682
vn 0.06141 0.05069 0.99682
vn 0.06139 0.05069 0.99683
vn 0.0614 0.05068 0.99683
vn 0.06137 0.05076 0.99682
vn 0.06158 0.0505 0.99682
vn 0.06137 0.05022 0.99685
vn 0.06137 0.05079 0.99682
vn 0.06137 0.05076 0.99682
vn 0.06137 0.05075 0.99682
vn 0.06136 0.05068 0.99683
vn 0.06138 0.05074 0.99682
vn 0.06138 0.05068 0.99683
vn 0.06138 0.05073 0.99682
vn 0.06135 0.05089 0.99682
vn 0.06138 0.05073 0.99682
vn 0.06138 0.05073 0.99682
vn 0.06138 0.05074 0.99682
vn 0.06137 0.05077 0.99682
vn 0.06139 0.05074 0.99682
vn 0.06141 0.05072 0.99682
vn 0.06131 0.05094 0.99682
vn 0.06139 0.05071 0.99682
vn 0.0614 0.05069 0.99683
vn 0.0614 0.05072 0.99682
vn 0.06132 0.05083 0.99682
vn 0.06139 0.05074 0.99682
vn 0.06142 0.05071 0.99682
vn 0.06125 0.0509 0.99682
vn 0.06138 0.05075 0.99682
vn -0.16761 0.98505 -0.03985
vn -0.16761 0.98505 -0.03984
vn -0.06137 -0.05076 -0.99682
vn -0.06135 -0.05075 -0.99683
vn -0.06148 -0.05066 -0.99682
vn -0.06137 -0.05076 -0.99682
vn -0.06121 -0.05036 -0.99685
vn -0.0614 -0.05083 -0.99682
vn -0.06132 -0.05065 -0.99683
vn -0.06127 -0.05083 -0.99683
vn -0.06146 -0.05071 -0.99682
vn -0.06139 -0.05075 -0.99682
vn -0.06138 -0.05076 -0.99682
vn -0.06144 -0.05071 -0.99682
vn -0.06135 -0.05079 -0.99682
vn -0.06138 -0.05076 -0.99682
vn -0.06137 -0.05077 -0.99682
vn -0.06146 -0.05099 -0.99681
vn -0.06141 -0.05086 -0.99682
vn -0.06136 -0.05075 -0.99682
vn -0.06136 -0.05074 -0.99683
vn -0.06142 -0.05084 -0.99682
vn -0.0614 -0.05084 -0.99682
vn -0.06137 -0.05075 -0.99682
vn -0.06138 -0.05078 -0.99682
vn -0.06139 -0.05067 -0.99683
vn -0.06137 -0.05081 -0.99682
vn -0.06137 -0.05076 -0.99682
vn -0.06132 -0.05069 -0.99683
vn -0.06136 -0.05075 -0.99682
vn -0.06134 -0.05079 -0.99682
vn -0.0614 -0.05074 -0.99682
vn -0.06127 -0.05085 -0.99683
vn -0.06139 -0.05081 -0.99682
vn -0.06135 -0.05071 -0.99683
vn -0.06144 -0.05092 -0.99681
vn -0.06137 -0.05076 -0.99682
vn -0.06137 -0.05077 -0.99682
vn -0.06137 -0.05077 -0.99682
vn -0.06135 -0.0507 -0.99683
vn -0.06135 -0.05071 -0.99683
vn -0.06138 -0.05079 -0.99682
vn -0.06137 -0.05077 -0.99682
vn -0.06134 -0.0507 -0.99683
vn -0.0614 -0.05078 -0.99682
vn -0.06131 -0.05073 -0.99683
vn -0.06137 -0.05076 -0.99682
vn -0.06101 -0.05086 -0.99684
vn -0.06145 -0.05074 -0.99682
vn -0.06139 -0.05069 -0.99683
vn -0.06137 -0.05076 -0.99682
vn -0.06137 -0.05078 -0.99682
vn -0.06138 -0.05071 -0.99683
vn -0.06137 -0.05072 -0.99683
vn -0.06137 -0.05079 -0.99682
vn -0.0614 -0.05079 -0.99682
vn -0.06134 -0.05073 -0.99683
vn -0.06137 -0.05076 -0.99682
vn -0.06137 -0.05077 -0.99682
vn -0.06131 -0.05072 -0.99683
vn -0.06148 -0.05083 -0.99681
vn -0.06137 -0.05076 -0.99682
vn -0.06126 -0.0507 -0.99683
vn -0.06152 -0.05072 -0.99682
vn -0.06121 -0.05081 -0.99683
vn -0.0614 -0.05075 -0.99682
vn -0.06138 -0.05076 -0.99682
vn -0.06146 -0.05073 -0.99682
vn -0.06134 -0.05078 -0.99682
vn -0.06137 -0.05075 -0.99682
vn -0.06135 -0.05085 -0.99682
vn -0.06138 -0.0507 -0.99683
vn -0.06136 -0.05092 -0.99682
vn -0.06137 -0.05074 -0.99682
vn -0.06137 -0.05075 -0.99682
vn -0.06138 -0.05066 -0.99683
vn -0.06137 -0.05076 -0.99682
vn -0.06124 -0.05062 -0.99684
vn -0.06148 -0.05088 -0.99681
vn -0.06125 -0.05064 -0.99684
vn -0.06148 -0.05087 -0.99681
vn -0.06138 -0.05078 -0.99682
vn -0.06138 -0.05077 -0.99682
vn -0.06132 -0.05072 -0.99683
vn -0.06136 -0.05075 -0.99682
vn -0.06135 -0.05075 -0.99683
vn -0.06145 -0.05082 -0.99682
vn -0.06133 -0.0509 -0.99682
vn -0.06137 -0.05077 -0.99682
vn -0.0614 -0.05068 -0.99683
vn -0.06137 -0.05076 -0.99682
vn -0.06139 -0.05069 -0.99683
vn -0.06139 -0.0507 -0.99683
vn -0.06137 -0.05084 -0.99682
vn -0.06137 -0.05074 -0.99682
vn -0.06137 -0.05077 -0.99682
vn -0.06139 -0.05079 -0.99682
vn -0.06139 -0.05079 -0.99682
vn -0.06139 -0.05078 -0.99682
vn -0.06135 -0.05073 -0.99683
vn -0.06137 -0.05076 -0.99682
vn -0.06118 -0.05087 -0.99683
vn -0.06141 -0.05074 -0.99682
vn -0.06141 -0.05075 -0.99682
vn -0.06125 -0.05082 -0.99683
vn -0.06136 -0.05077 -0.99682
vn -0.06148 -0.0507 -0.99682
vn -0.06138 -0.05076 -0.99682
vn -0.06138 -0.05076 -0.99682
vn -0.06137 -0.05076 -0.99682
vn -0.06138 -0.05088 -0.99682
vn -0.06137 -0.05078 -0.99682
vn -0.06138 -0.05074 -0.99682
vn -0.06135 -0.05089 -0.99682
vn -0.06138 -0.05073 -0.99682
vn -0.06135 -0.05089 -0.99682
vn -0.06138 -0.05069 -0.99683
vn -0.06136 -0.0508 -0.99682
vn -0.06138 -0.05072 -0.99683
vn -0.06138 -0.05073 -0.99682
vn -0.06136 -0.05083 -0.99682
vn -0.06137 -0.05074 -0.99682
vn -0.06138 -0.05073 -0.99682
vn -0.06137 -0.05076 -0.99682
vn -0.06134 -0.05071 -0.99683
vn -0.06144 -0.05085 -0.99681
vn -0.06136 -0.05066 -0.99683
vn -0.06137 -0.05073 -0.99682
vn -0.06137 -0.05073 -0.99682
vn -0.06127 -0.0505 -0.99684
vn -0.06146 -0.05097 -0.99681
vn -0.06135 -0.0507 -0.99683
vn -0.06138 -0.05078 -0.99682
vn -0.06138 -0.05077 -0.99682
vn -0.06134 -0.05069 -0.99683
vn -0.0614 -0.05074 -0.99682
vn -0.06132 -0.05081 -0.99682
vn -0.06133 -0.0508 -0.99682
vn -0.06154 -0.05062 -0.99682
vn -0.06137 -0.05076 -0.99682
vn -0.06137 -0.0508 -0.99682
vn -0.06137 -0.05078 -0.99682
vn -0.06136 -0.05074 -0.99682
vn -0.06136 -0.05074 -0.99683
vn -0.06142 -0.05084 -0.99682
vn -0.06138 -0.05076 -0.99682
vn -0.06127 -0.05083 -0.99683
vn -0.0614 -0.05075 -0.99682
vn -0.06138 -0.05073 -0.99682
vn -0.06132 -0.05119 -0.9968
vn -0.06137 -0.05075 -0.99682
vn -0.0614 -0.05083 -0.99682
vn -0.06147 -0.05101 -0.9968
vn 0.16761 -0.98505 0.03985
vn 0.16761 -0.98505 0.03985
vn 0.16761 -0.98505 0.03985
vn 0.16761 -0.98505 0.03985
vn 0.16761 -0.98505 0.03984
vn 0.16761 -0.98505 0.03984
vn -0.06708 0.70307 0.70795
vn -0.12034 0.89719 0.42493
vn -0.12059 0.90683 0.40388
vn -0.06897 0.70704 0.70381
vn -0.08211 0.76055 0.64407
vn -0.08212 0.76055 0.64406
vn -0.09561 0.8124 0.57521
vn -0.09561 0.81239 0.57522
vn -0.10838 0.85805 0.50199
vn -0.1084 0.85808 0.50194
vn -0.11776 0.88908 0.44234
vn -0.09946 0.89028 0.44441
vn -0.1414 0.95472 0.26175
vn -0.14092 0.96018 0.24125
vn -0.13899 0.94909 0.28269
vn -0.13137 0.92949 0.34466
vn -0.13125 0.93661 0.32487
vn -0.1287 0.92206 0.36502
vn -0.15817 0.98325 0.09061
vn -0.15698 0.98519 0.06903
vn -0.15632 0.98131 0.11226
vn -0.15035 0.97269 0.17685
vn -0.14952 0.97641 0.15575
vn -0.14822 0.96888 0.19822
vn -0.16863 0.98214 -0.08339
vn -0.16891 0.98371 -0.06158
vn -0.16477 0.98632 0.00367
vn -0.16324 0.98642 -0.01823
vn -0.16324 0.98626 0.02544
vn -0.17271 0.97024 -0.16972
vn -0.1733 0.97367 -0.14813
vn -0.17127 0.97962 -0.10496
vn -0.17548 0.95095 -0.25475
vn -0.17636 0.95622 -0.23354
vn -0.175 0.96586 -0.19102
vn -0.17692 0.92442 -0.33785
vn -0.17809 0.93149 -0.3172
vn -0.1774 0.94475 -0.27564
vn -0.177 0.89086 -0.41837
vn -0.17846 0.89967 -0.39842
vn -0.17844 0.91645 -0.35815
vn -0.17576 0.85052 -0.49571
vn -0.17752 0.86217 -0.47451
vn -0.17813 0.88118 -0.43794
vn -0.16504 0.69195 -0.70283
vn -0.17034 0.75059 -0.63844
vn -0.17034 0.75059 -0.63844
vn -0.17434 0.80354 -0.56915
vn -0.17434 0.8035 -0.5692
vn -0.17599 0.8303 -0.52879
vn -0.17635 0.8429 -0.50836
vn -0.14867 0.60011 -0.78598
vn -0.15897 0.6326 -0.75799
vn -0.16504 0.69196 -0.70282
vn -0.15848 0.62806 -0.76185
vn -0.15072 0.55938 -0.81509
vn -0.15072 0.55938 -0.81509
vn -0.14182 0.48645 -0.86212
vn -0.14182 0.48645 -0.86212
vn -0.13183 0.40983 -0.90259
vn -0.13183 0.40981 -0.90259
vn -0.12084 0.33005 -0.9362
vn -0.12084 0.33007 -0.93619
vn -0.10893 0.2478 -0.96267
vn -0.09619 0.16364 -0.98182
vn -0.09619 0.16364 -0.98182
vn -0.08273 0.07826 -0.9935
vn -0.08273 0.07824 -0.9935
vn -0.06863 -0.00775 -0.99761
vn -0.054 -0.09369 -0.99414
vn -0.054 -0.09368 -0.99414
vn -0.03897 -0.1789 -0.9831
vn -0.03897 -0.1789 -0.9831
vn -0.02364 -0.26275 -0.96457
vn -0.02364 -0.26277 -0.96457
vn -0.00813 -0.34464 -0.9387
vn -0.00813 -0.34462 -0.93871
vn 0.00744 -0.42386 -0.9057
vn 0.00744 -0.42386 -0.9057
vn 0.02296 -0.49987 -0.8658
vn 0.02296 -0.49987 -0.8658
vn 0.0383 -0.57207 -0.81931
vn 0.0383 -0.57209 -0.8193
vn 0.05334 -0.63993 -0.76658
vn 0.05334 -0.63993 -0.76658
vn 0.12033 -0.89719 -0.42495
vn 0.12608 -0.90591 -0.40426
vn 0.06172 -0.67635 -0.73399
vn 0.0689 -0.70277 -0.70808
vn 0.06898 -0.70705 -0.70379
vn 0.08211 -0.76055 -0.64406
vn 0.08211 -0.76055 -0.64407
vn 0.09561 -0.81239 -0.57522
vn 0.09561 -0.81239 -0.57522
vn 0.10839 -0.85806 -0.50198
vn 0.10839 -0.85808 -0.50194
vn 0.11776 -0.88909 -0.44233
vn 0.13492 -0.88436 -0.44688
vn 0.1414 -0.95472 -0.26175
vn 0.1464 -0.95926 -0.24163
vn 0.13899 -0.94909 -0.28269
vn 0.13137 -0.92949 -0.34465
vn 0.13647 -0.93573 -0.32524
vn 0.1287 -0.92207 -0.365
vn 0.15817 -0.98325 -0.09061
vn 0.16284 -0.98421 -0.06944
vn 0.15632 -0.98131 -0.11226
vn 0.15035 -0.97269 -0.17685
vn 0.15521 -0.97546 -0.15614
vn 0.14822 -0.96888 -0.19823
vn 0.17162 -0.98164 0.08318
vn 0.16891 -0.98371 0.06158
vn 0.16478 -0.98632 -0.00367
vn 0.16921 -0.98542 0.01782
vn 0.16324 -0.98626 -0.02544
vn 0.17566 -0.96975 0.16951
vn 0.1733 -0.97366 0.14814
vn 0.17127 -0.97962 0.10495
vn 0.17836 -0.95047 0.25455
vn 0.17636 -0.95622 0.23355
vn 0.175 -0.96586 0.19102
vn 0.1797 -0.92396 0.33765
vn 0.17809 -0.93149 0.3172
vn 0.1774 -0.94475 0.27563
vn 0.17967 -0.89042 0.41818
vn 0.17846 -0.89967 0.39842
vn 0.17844 -0.91645 0.35816
vn 0.17827 -0.8501 0.49554
vn 0.17752 -0.86216 0.47452
vn 0.17813 -0.88119 0.43792
vn 0.16504 -0.69197 0.70281
vn 0.17034 -0.75059 0.63844
vn 0.17033 -0.75058 0.63845
vn 0.17434 -0.80353 0.56916
vn 0.17433 -0.8035 0.5692
vn 0.17599 -0.83032 0.52877
vn 0.17695 -0.84279 0.50833
vn 0.1619 -0.59781 0.78512
vn 0.15897 -0.63259 0.75799
vn 0.16504 -0.69197 0.7028
vn -0.06174 0.67641 0.73393
vn -0.05335 0.63994 0.76657
vn -0.05334 0.63992 0.76658
vn -0.03829 0.57208 0.81931
vn -0.0383 0.5721 0.81929
vn -0.02296 0.49987 0.8658
vn -0.02296 0.49987 0.8658
vn -0.00744 0.42385 0.9057
vn -0.00744 0.42385 0.9057
vn 0.00813 0.34464 0.9387
vn 0.02364 0.26276 0.96457
vn 0.02364 0.26275 0.96457
vn 0.03896 0.17893 0.98309
vn 0.03897 0.1789 0.98309
vn 0.05401 0.09368 0.99414
vn 0.06863 0.00773 0.99761
vn 0.06862 0.00776 0.99761
vn 0.08272 -0.07824 0.9935
vn 0.08272 -0.07824 0.9935
vn 0.0962 -0.16365 0.98182
vn 0.0962 -0.16365 0.98182
vn 0.10893 -0.24778 0.96267
vn 0.12084 -0.33007 0.93619
vn 0.12084 -0.33007 0.93619
vn 0.13183 -0.40981 0.90259
vn 0.14182 -0.48646 0.86211
vn 0.14182 -0.48646 0.86212
vn 0.15072 -0.55938 0.81509
vn 0.15072 -0.55938 0.81509
vn 0.15848 -0.62805 0.76186
vn 0.98394 0.16463 -0.06897
vn 0.98394 0.16463 -0.06896
vn 0.98394 0.16464 -0.06896
vn 0.98394 0.16463 -0.06896
vn 0.98394 0.16463 -0.06896
vn 0.98394 0.16463 -0.06896
vn 0.98394 0.16463 -0.06897
vn 0.98394 0.16463 -0.06896
vn 0.98394 0.16463 -0.06896
vn 0.98394 0.16463 -0.06896
vn 0.98394 0.16463 -0.06896
vn 0.98394 0.16463 -0.06896
vn 0.98394 0.16463 -0.06896
vn 0.98394 0.16463 -0.06896
vn 0.98394 0.16463 -0.06896
vn 0.98394 0.16463 -0.06896
vn 0.98394 0.16463 -0.06897
vn 0.98394 0.16463 -0.06896
vn 0.98394 0.16463 -0.06896
vn 0.98394 0.16463 -0.06896
vn 0.98394 0.16463 -0.06896
vn 0.98394 0.16463 -0.06896
vn 0.98394 0.16463 -0.06896
vn 0.98394 0.16463 -0.06896
vn 0.98394 0.16463 -0.06896
vn 0.98394 0.16463 -0.06896
vn 0.98394 0.16463 -0.06896
vn 0.98394 0.16463 -0.06896
vn 0.98394 0.16463 -0.06896
vn 0.98394 0.16463 -0.06896
vn 0.98394 0.16464 -0.06896
vn 0.98394 0.16463 -0.06896
vn 0.98394 0.16463 -0.06896
vn 0.98394 0.16463 -0.06896
vn 0.98394 0.16464 -0.06896
vn 0.98394 0.16463 -0.06896
vn 0.98394 0.16463 -0.06896
vn 0.98394 0.16463 -0.06896
vn 0.98394 0.16464 -0.06896
vn 0.98394 0.16464 -0.06896
vn 0.98394 0.16463 -0.06896
vn 0.98394 0.16463 -0.06896
vn 0.98394 0.16463 -0.06896
vn 0.98394 0.16463 -0.06896
vn 0.98394 0.16464 -0.06896
vn 0.98394 0.16463 -0.06896
vn 0.98394 0.16464 -0.06896
vn 0.98394 0.16463 -0.06896
vn 0.98394 0.16463 -0.06896
vn 0.98394 0.16463 -0.06896
vn 0.98394 0.16463 -0.06896
vn 0.98394 0.16463 -0.06896
vn 0.98394 0.16463 -0.06896
vn 0.98394 0.16463 -0.06896
vn 0.98394 0.16464 -0.06896
vn 0.98394 0.16463 -0.06896
vn 0.98394 0.16463 -0.06896
vn 0.98394 0.16463 -0.06896
vn 0.98394 0.16463 -0.06896
vn 0.98394 0.16463 -0.06896
vn 0.98394 0.16463 -0.06897
vn 0.98394 0.16463 -0.06896
vn 0.98394 0.16463 -0.06896
vn 0.98394 0.16463 -0.06896
vn 0.98394 0.16463 -0.06896
vn 0.98394 0.16463 -0.06896
vn 0.98394 0.16464 -0.06896
vn 0.98394 0.16463 -0.06896
vn 0.98394 0.16463 -0.06897
vn 0.98394 0.16463 -0.06896
vn 0.98394 0.16463 -0.06896
vn 0.98394 0.16463 -0.06896
vn 0.98394 0.16463 -0.06897
vn 0.98394 0.16463 -0.06896
vn 0.98394 0.16464 -0.06896
vn 0.98394 0.16463 -0.06896
vn 0.98394 0.16463 -0.06896
vn 0.98394 0.16463 -0.06896
vn 0.98394 0.16463 -0.06896
vn 0.98394 0.16463 -0.06896
vn 0.98394 0.16463 -0.06896
vn 0.98394 0.16463 -0.06896
vn 0.98394 0.16463 -0.06896
vn 0.98394 0.16463 -0.06896
vn 0.98394 0.16463 -0.06897
vn 0.98394 0.16463 -0.06896
vn 0.98394 0.16463 -0.06896
vn 0.98394 0.16463 -0.06896
vn 0.98394 0.16463 -0.06896
vn 0.98394 0.16464 -0.06897
vn 0.98394 0.16463 -0.06896
vn 0.98394 0.16463 -0.06896
vn 0.98394 0.16464 -0.06897
vn 0.98394 0.16463 -0.06896
vn 0.98394 0.16463 -0.06896
vn 0.98394 0.16463 -0.06896
vn 0.98394 0.16463 -0.06896
vn 0.98394 0.16463 -0.06896
vn 0.98394 0.16463 -0.06896
vn 0.98394 0.16463 -0.06896
vn 0.98394 0.16464 -0.06896
vn 0.98394 0.16463 -0.06896
vn 0.98394 0.16463 -0.06896
vn 0.98394 0.16463 -0.06896
vn 0.98394 0.16463 -0.06896
vn 0.98394 0.16464 -0.06896
vn 0.98394 0.16463 -0.06896
vn 0.98394 0.16463 -0.06896
vn 0.98394 0.16463 -0.06896
vn 0.98394 0.16464 -0.06896
vn 0.98394 0.16463 -0.06896
vn 0.98394 0.16463 -0.06896
vn 0.98394 0.16464 -0.06896
vn 0.98394 0.16463 -0.06896
vn 0.98394 0.16463 -0.06896
vn 0.98394 0.16463 -0.06896
vn 0.98394 0.16463 -0.06896
vn 0.98394 0.16464 -0.06896
vn 0.98394 0.16463 -0.06896
vn 0.98394 0.16463 -0.06896
vn 0.98394 0.16463 -0.06896
vn 0.98394 0.16463 -0.06896
vn 0.98394 0.16463 -0.06896
vn 0.98394 0.16463 -0.06896
vn 0.98394 0.16463 -0.06896
vn 0.98394 0.16463 -0.06897
vn 0.98394 0.16463 -0.06896
vn 0.98394 0.16463 -0.06896
vn 0.13701 -0.44897 0.88298
vn 0.17356 -0.79222 0.58503
vn 0.10823 -0.85809 -0.50196
vn 0.11177 -0.86953 -0.48106
vn 0.12033 -0.89718 -0.42496
vn 0.12034 -0.8972 -0.42492
vn 0.13137 -0.92949 -0.34467
vn 0.13137 -0.92949 -0.34467
vn 0.1414 -0.95472 -0.26174
vn 0.1414 -0.95472 -0.26174
vn 0.15036 -0.97269 -0.17685
vn 0.15036 -0.97269 -0.17685
vn 0.15817 -0.98325 -0.09062
vn 0.15817 -0.98325 -0.09062
vn 0.16477 -0.98632 -0.00368
vn 0.16477 -0.98632 -0.00368
vn 0.17013 -0.98189 0.0833
vn 0.17013 -0.9819 0.08329
vn 0.17419 -0.96999 0.16964
vn 0.17692 -0.95071 0.25464
vn 0.17692 -0.95071 0.25467
vn 0.17831 -0.92419 0.33775
vn 0.17831 -0.9242 0.33772
vn 0.17834 -0.89065 0.41826
vn 0.17834 -0.89065 0.41826
vn 0.17701 -0.8503 0.49563
vn 0.17701 -0.8503 0.49564
vn 0.17434 -0.8035 0.5692
vn -0.10562 0.84847 0.5186
vn -0.02294 0.49984 0.86581
vn -0.02285 0.49935 0.8661
vn -0.00745 0.42393 0.90567
vn -0.00744 0.42385 0.9057
vn 0.00813 0.34462 0.93871
vn 0.00813 0.34462 0.93871
vn 0.02365 0.26273 0.96458
vn 0.02363 0.26284 0.96455
vn 0.03896 0.17896 0.98308
vn 0.03898 0.17885 0.9831
vn 0.05401 0.09364 0.99414
vn 0.06862 0.00778 0.99761
vn 0.06862 0.00778 0.99761
vn 0.08273 -0.07828 0.99349
vn 0.08271 -0.07817 0.9935
vn 0.09619 -0.16364 0.98182
vn 0.09621 -0.16375 0.9818
vn 0.10894 -0.24783 0.96266
vn 0.10892 -0.24773 0.96269
vn 0.12083 -0.33 0.93622
vn 0.12085 -0.33009 0.93618
vn 0.13184 -0.40985 0.90258
vn -0.17033 0.75055 -0.63849
vn -0.17034 0.75059 -0.63843
vn -0.16504 0.69198 -0.7028
vn -0.16504 0.69193 -0.70285
vn -0.15848 0.62806 -0.76186
vn -0.15848 0.62806 -0.76186
vn -0.15072 0.55935 -0.81511
vn -0.15073 0.55943 -0.81506
vn -0.14183 0.48651 -0.86209
vn -0.14181 0.48642 -0.86214
vn -0.13182 0.40976 -0.90262
vn -0.13184 0.40985 -0.90258
vn -0.12085 0.33009 -0.93618
vn -0.12083 0.32999 -0.93622
vn -0.10894 0.24783 -0.96266
vn -0.10894 0.24783 -0.96266
vn -0.09619 0.16364 -0.98182
vn -0.09619 0.16364 -0.98182
vn -0.08273 0.07828 -0.99349
vn -0.06862 -0.00778 -0.99761
vn -0.05399 -0.09375 -0.99413
vn -0.05401 -0.09364 -0.99414
vn -0.03898 -0.17885 -0.9831
vn -0.03896 -0.17896 -0.98309
vn -0.02365 -0.26273 -0.96458
vn -0.02365 -0.26273 -0.96458
vn -0.00811 -0.34472 -0.93867
vn -0.00813 -0.34462 -0.93871
vn 0.00744 -0.42385 -0.9057
vn 0.00744 -0.42385 -0.9057
vn 0.02295 -0.49983 -0.86582
vn 0.02297 -0.49992 -0.86577
vn 0.0383 -0.57211 -0.81928
vn 0.03829 -0.57203 -0.81934
vn 0.05334 -0.63989 -0.76661
vn 0.05335 -0.63996 -0.76656
vn 0.06799 -0.70292 -0.70801
vn 0.08212 -0.76057 -0.64404
vn 0.08211 -0.76053 -0.64409
vn 0.09561 -0.81239 -0.57522
vn 0.09562 -0.8124 -0.5752
vn 0.10561 -0.84844 -0.51865
vn 0.10561 -0.84844 -0.51864
vn 0.17484 -0.81714 0.54928
vn 0.17356 -0.7922 0.58505
vn 0.17034 -0.75059 0.63843
vn 0.16504 -0.69193 0.70285
vn 0.15849 -0.62812 0.7618
vn 0.15848 -0.62805 0.76186
vn 0.15072 -0.55935 0.81511
vn 0.15073 -0.55943 0.81506
vn 0.14181 -0.48642 0.86214
vn 0.14181 -0.48642 0.86214
vn 0.13668 -0.44648 0.88429
vn 0.13176 -0.40926 0.90285
vn -0.03078 0.53706 0.84298
vn -0.03044 0.53547 0.84401
vn -0.03829 0.57203 0.81934
vn -0.0383 0.57211 0.81928
vn -0.05335 0.63996 0.76656
vn -0.05334 0.63989 0.76661
vn -0.06799 0.70292 0.70801
vn -0.06799 0.70292 0.70801
vn -0.08211 0.76053 0.64409
vn -0.08212 0.76058 0.64404
vn -0.09562 0.8124 0.5752
vn -0.17356 0.79222 -0.58503
vn -0.17356 0.79224 -0.58501
vn -0.17558 0.81701 -0.54924
vn -0.17434 0.8035 -0.5692
vn -0.17701 0.8503 -0.49563
vn -0.17701 0.85033 -0.49558
vn -0.17834 0.89065 -0.41826
vn -0.17834 0.89063 -0.41831
vn -0.17831 0.92419 -0.33776
vn -0.17831 0.9242 -0.33772
vn -0.17692 0.95072 -0.25464
vn -0.17692 0.95071 -0.25467
vn -0.17419 0.96999 -0.16964
vn -0.17419 0.96999 -0.16962
vn -0.17013 0.98189 -0.0833
vn -0.17013 0.98189 -0.0833
vn -0.16477 0.98632 0.00368
vn -0.16477 0.98632 0.00368
vn -0.15817 0.98325 0.09062
vn -0.15817 0.98324 0.09063
vn -0.15036 0.97269 0.17685
vn -0.1414 0.95472 0.26174
vn -0.1414 0.95472 0.26174
vn -0.13137 0.92949 0.34467
vn -0.13137 0.9295 0.34463
vn -0.12034 0.8972 0.42492
vn -0.12033 0.89718 0.42496
vn -0.11177 0.86953 0.48107
vn -0.10855 0.85803 0.50201
vn -0.10561 0.84844 0.51865
vn -0.0956 0.81236 0.57527
vn 0.06137 0.05076 0.99682
vn 0.06137 0.05076 0.99682
vn -0.98394 -0.16464 0.06895
vn -0.98394 -0.16463 0.069
vn -0.98394 -0.16463 0.06896
vn -0.98394 -0.16464 0.06891
vn -0.98394 -0.16463 0.06898
vn -0.98394 -0.16463 0.06897
vn -0.98394 -0.16463 0.06896
vn -0.98394 -0.16463 0.06896
vn -0.98394 -0.16463 0.06895
vn -0.98394 -0.16463 0.06897
vn -0.98394 -0.16463 0.06898
vn -0.98394 -0.16463 0.06897
vn -0.98394 -0.16463 0.06896
vn -0.98394 -0.16463 0.06894
vn -0.98394 -0.16463 0.06897
vn 0.98394 0.16464 -0.06896
vn 0.98394 0.16463 -0.06896
vn 0.98394 0.16464 -0.06896
vn 0.98394 0.16463 -0.06896
vn 0.98394 0.16463 -0.06896
vn 0.98394 0.16464 -0.06896
vn 0.98394 0.16463 -0.06896
vn 0.98393 0.16471 -0.069
vn 0.98394 0.16463 -0.06896
vn 0.98394 0.16463 -0.06896
vn 0.98394 0.16463 -0.06896
vn 0.98394 0.16463 -0.06896
vn 0.98398 0.16438 -0.06905
vn 0.98394 0.16463 -0.06896
vn 0.98394 0.16464 -0.06896
vn 0.98394 0.16464 -0.06896
vn 0.98394 0.16463 -0.06897
vn 0.98394 0.16463 -0.06897
vn 0.98394 0.16464 -0.06896
vn 0.98394 0.16464 -0.06896
vn 0.98394 0.16463 -0.06897
vn 0.98394 0.16463 -0.06896
vn 0.98394 0.16464 -0.06896
vn 0.98394 0.16463 -0.06896
vn 0.98394 0.16463 -0.06897
vn 0.98394 0.16463 -0.06897
vn 0.98394 0.16463 -0.06896
vn 0.98394 0.16463 -0.06897
vn 0.98394 0.16464 -0.06896
vn 0.98394 0.16464 -0.06896
vn 0.98394 0.16463 -0.06896
vn 0.98394 0.16463 -0.06896
vn 0.98394 0.16463 -0.06896
vn 0.98394 0.16463 -0.06897
vn 0.98394 0.16463 -0.06897
vn 0.98394 0.16463 -0.06896
vn 0.98394 0.16463 -0.06897
vn 0.98394 0.16463 -0.06897
vn 0.98394 0.16463 -0.06896
vn 0.98394 0.16463 -0.06896
vn 0.98394 0.16463 -0.06895
vn 0.98394 0.16463 -0.06896
vn 0.98394 0.16464 -0.06898
vn 0.98394 0.16463 -0.06897
vn 0.98394 0.16463 -0.06896
vn 0.98394 0.16463 -0.06896
vn 0.98394 0.16463 -0.06896
vn 0.98394 0.16463 -0.06896
vn 0.98394 0.16464 -0.06897
vn 0.98394 0.16464 -0.06897
vn 0.98394 0.16463 -0.06896
vn 0.98394 0.16463 -0.06896
vn 0.98394 0.16463 -0.06896
vn 0.98394 0.16463 -0.06896
vn 0.98394 0.16464 -0.06897
vn 0.98394 0.16464 -0.06897
vn 0.98394 0.16463 -0.06896
vn 0.98394 0.16463 -0.06896
vn 0.98394 0.16464 -0.06897
vn 0.98394 0.16464 -0.06897
vn 0.98394 0.16463 -0.06896
vn 0.98394 0.16463 -0.06896
vn 0.98394 0.16464 -0.06897
vn 0.98394 0.16463 -0.06896
vn 0.98394 0.16464 -0.06896
vn 0.98394 0.16464 -0.06897
vn 0.98394 0.16463 -0.06896
vn 0.98394 0.16463 -0.06896
vn 0.98394 0.16463 -0.06896
vn 0.98394 0.16463 -0.06896
vn 0.98394 0.16463 -0.06896
vn 0.98394 0.16464 -0.06896
vn 0.98394 0.16464 -0.06896
vn 0.98394 0.16463 -0.06896
vn 0.98394 0.16463 -0.06896
vn 0.98394 0.16463 -0.06896
vn 0.98394 0.16464 -0.06896
vn 0.98394 0.16463 -0.06896
vn 0.98394 0.16463 -0.06896
vn 0.98394 0.16464 -0.06896
vn 0.98394 0.16462 -0.06897
vn 0.98394 0.16463 -0.06896
vn 0.98394 0.16465 -0.06896
vn 0.98394 0.16464 -0.06896
vn 0.98394 0.16463 -0.06896
vn 0.98394 0.16463 -0.06896
vn 0.98394 0.16463 -0.06896
vn 0.98394 0.16463 -0.06896
vn 0.98394 0.16463 -0.06897
vn 0.98394 0.16464 -0.06896
vn 0.98394 0.16463 -0.06896
vn 0.98394 0.16463 -0.06896
vn 0.98394 0.16464 -0.06896
vn 0.98394 0.16463 -0.06896
vn 0.98394 0.16462 -0.06898
vn 0.98394 0.16464 -0.06896
vn 0.98394 0.16463 -0.06896
vn 0.98394 0.16464 -0.06896
vn 0.98394 0.16463 -0.06896
vn 0.98394 0.16463 -0.06896
vn 0.98394 0.16463 -0.06896
vn 0.98394 0.16463 -0.06897
vn 0.98394 0.16463 -0.06896
vn 0.98394 0.16464 -0.06896
vn 0.98394 0.16463 -0.06896
vn 0.98394 0.16463 -0.06896
vn 0.98394 0.16463 -0.06897
vn 0.98394 0.16463 -0.06897
vn 0.98394 0.16463 -0.06896
vn 0.98394 0.16463 -0.06897
vn 0.98394 0.16463 -0.06896
vn 0.98394 0.16463 -0.06896
vn 0.98394 0.16463 -0.06897
vn 0.98394 0.16463 -0.06896
vn 0.98394 0.16463 -0.06896
vn 0.98394 0.16463 -0.06896
vn 0.98394 0.16463 -0.06897
vn 0.98394 0.16463 -0.06895
vn 0.98394 0.16463 -0.06896
vn 0.98394 0.16464 -0.06897
vn 0.98394 0.16463 -0.06896
vn 0.98394 0.16463 -0.06896
vn 0.98394 0.16464 -0.06897
vn 0.98394 0.16463 -0.06896
vn 0.98394 0.16463 -0.06896
vn 0.98394 0.16464 -0.06897
vn 0.98394 0.16464 -0.06897
vn 0.98394 0.16462 -0.06895
vn 0.98394 0.16463 -0.06896
vn 0.98394 0.16464 -0.06897
vn 0.98394 0.16463 -0.06896
vn 0.98394 0.16464 -0.06897
vn 0.17013 -0.9819 0.08329
vn 0.17419 -0.97 0.16961
vn 0.17419 -0.96999 0.16962
vn 0.17692 -0.95071 0.25465
vn 0.17831 -0.92419 0.33776
vn 0.17831 -0.92419 0.33774
vn 0.17834 -0.89064 0.41828
vn 0.17834 -0.89064 0.41829
vn 0.17701 -0.8503 0.49564
vn 0.17701 -0.85031 0.49563
vn 0.17434 -0.80351 0.56919
vn 0.17034 -0.75059 0.63843
vn 0.16504 -0.69194 0.70284
vn 0.16504 -0.69196 0.70282
vn 0.15849 -0.62807 0.76185
vn 0.15848 -0.62804 0.76187
vn 0.15072 -0.5594 0.81508
vn 0.15073 -0.5594 0.81508
vn 0.14181 -0.48644 0.86213
vn 0.14181 -0.48643 0.86213
vn 0.13183 -0.4098 0.9026
vn 0.13185 -0.40984 0.90258
vn 0.12086 -0.33008 0.93618
vn 0.12084 -0.33004 0.9362
vn 0.10893 -0.24779 0.96267
vn 0.10893 -0.2478 0.96267
vn 0.09619 -0.16363 0.98182
vn 0.09619 -0.16363 0.98182
vn 0.08272 -0.07825 0.9935
vn 0.08272 -0.07825 0.9935
vn 0.06862 0.00775 0.99761
vn 0.06862 0.00775 0.99761
vn 0.054 0.0937 0.99414
vn 0.05402 0.09366 0.99414
vn 0.03898 0.17888 0.9831
vn 0.03896 0.17892 0.98309
vn 0.02363 0.26279 0.96456
vn 0.02365 0.26275 0.96457
vn 0.00814 0.34463 0.9387
vn -0.00743 0.42383 0.90571
vn -0.00744 0.42386 0.9057
vn -0.02296 0.49989 0.86578
vn -0.02297 0.4999 0.86578
vn -0.0383 0.57208 0.8193
vn -0.03828 0.57205 0.81932
vn -0.05334 0.63993 0.76658
vn -0.05335 0.63995 0.76656
vn -0.06799 0.70292 0.70801
vn -0.06798 0.7029 0.70803
vn -0.08211 0.76054 0.64408
vn -0.08212 0.76056 0.64405
vn -0.09562 0.81239 0.57522
vn -0.09562 0.81239 0.57522
vn -0.10839 0.85806 0.50198
vn -0.12034 0.89719 0.42494
vn -0.12033 0.89718 0.42495
vn -0.13137 0.92949 0.34466
vn -0.13137 0.92949 0.34466
vn -0.1414 0.95472 0.26175
vn -0.1414 0.95472 0.26174
vn -0.15036 0.97269 0.17685
vn -0.15035 0.97268 0.17686
vn -0.15817 0.98325 0.0906
vn -0.16477 0.98632 0.00368
vn -0.16478 0.98632 0.00367
vn -0.17013 0.9819 -0.08329
vn -0.17419 0.96999 -0.16961
vn -0.17419 0.96999 -0.16962
vn -0.17693 0.95071 -0.25466
vn -0.17692 0.95071 -0.25465
vn -0.17831 0.92419 -0.33776
vn -0.17831 0.92419 -0.33774
vn -0.17834 0.89064 -0.41828
vn -0.17834 0.89064 -0.41829
vn -0.17701 0.85031 -0.49562
vn -0.17701 0.8503 -0.49563
vn -0.17434 0.80349 -0.56921
vn -0.17433 0.80351 -0.56919
vn -0.17033 0.75059 -0.63843
vn -0.16504 0.69196 -0.70282
vn -0.16504 0.69196 -0.70282
vn -0.15848 0.62807 -0.76185
vn -0.15849 0.62804 -0.76187
vn -0.15073 0.55936 -0.8151
vn -0.15072 0.5594 -0.81508
vn -0.14182 0.48647 -0.86211
vn -0.14182 0.48643 -0.86213
vn -0.13184 0.4098 -0.9026
vn -0.13183 0.40985 -0.90258
vn -0.12084 0.33005 -0.9362
vn -0.12084 0.33004 -0.9362
vn -0.10893 0.24779 -0.96267
vn -0.0962 0.16368 -0.98181
vn -0.0962 0.16363 -0.98182
vn -0.08274 0.07825 -0.9935
vn -0.06863 -0.00775 -0.99761
vn -0.06863 -0.00775 -0.99761
vn -0.05401 -0.0937 -0.99413
vn -0.054 -0.09366 -0.99414
vn -0.03896 -0.17892 -0.98309
vn -0.02364 -0.26275 -0.96457
vn -0.00813 -0.34463 -0.93871
vn 0.00744 -0.42386 -0.90569
vn 0.00744 -0.42386 -0.9057
vn 0.02296 -0.49986 -0.8658
vn 0.02295 -0.4999 -0.86578
vn 0.03829 -0.57209 -0.8193
vn 0.03829 -0.57205 -0.81932
vn 0.05335 -0.63995 -0.76656
vn 0.05335 -0.63995 -0.76656
vn 0.06799 -0.7029 -0.70803
vn 0.06799 -0.7029 -0.70803
vn 0.08212 -0.76055 -0.64406
vn 0.08212 -0.76056 -0.64405
vn 0.09561 -0.81239 -0.57522
vn 0.09562 -0.81239 -0.57523
vn 0.10839 -0.85805 -0.502
vn 0.10839 -0.85806 -0.50198
vn 0.12033 -0.8972 -0.42492
vn 0.12034 -0.89719 -0.42494
vn 0.13137 -0.92949 -0.34466
vn 0.1414 -0.95472 -0.26176
vn 0.1414 -0.95473 -0.26174
vn 0.15035 -0.97269 -0.17684
vn 0.15036 -0.97268 -0.17686
vn 0.15817 -0.98325 -0.09061
vn 0.15817 -0.98325 -0.0906
vn 0.16478 -0.98632 -0.00368
vn 0.16477 -0.98632 -0.00367
vn 0.17013 -0.9819 0.08329
vn 0.98395 0.1646 -0.06896
vn 0.98394 0.16466 -0.06896
vn 0.98394 0.16462 -0.06896
vn 0.98394 0.16464 -0.06897
vn 0.98394 0.16463 -0.06896
vn 0.98394 0.16463 -0.06896
vn 0.98394 0.16463 -0.06896
vn 0.98394 0.16464 -0.06897
vn 0.98394 0.16463 -0.06896
vn 0.98394 0.16462 -0.06896
vn 0.98394 0.16462 -0.06896
vn 0.98394 0.16464 -0.06897
vn 0.98394 0.16463 -0.06896
vn 0.98394 0.16464 -0.06898
vn 0.98394 0.16463 -0.06896
vn 0.98394 0.16463 -0.06896
vn 0.98394 0.16463 -0.06896
vn 0.98394 0.16463 -0.06895
vn 0.98394 0.16463 -0.06896
vn 0.98394 0.16463 -0.06898
vn 0.98394 0.16463 -0.06896
vn 0.98394 0.16463 -0.06895
vn 0.98394 0.16463 -0.06898
vn 0.98394 0.16463 -0.06896
vn 0.98394 0.16464 -0.06896
vn 0.98394 0.16462 -0.06897
vn 0.98394 0.16463 -0.06897
vn 0.98394 0.16465 -0.06895
vn 0.98394 0.16461 -0.06898
vn 0.98394 0.16464 -0.06896
vn 0.98394 0.16462 -0.06896
vn 0.98394 0.16464 -0.06896
vn 0.98394 0.16464 -0.06896
vn 0.98394 0.16463 -0.06896
vn 0.98394 0.16461 -0.06896
vn 0.98393 0.16467 -0.06897
vn 0.98394 0.16464 -0.06896
vn 0.98394 0.16466 -0.06897
vn 0.98394 0.16463 -0.06896
vn 0.98394 0.16462 -0.06896
vn 0.98394 0.16464 -0.06897
vn 0.98394 0.16462 -0.06895
vn 0.98394 0.16463 -0.06896
vn 0.98394 0.16464 -0.06897
vn 0.98394 0.16464 -0.06896
vn 0.98394 0.16464 -0.06896
vn 0.98394 0.16464 -0.06896
vn 0.98394 0.16463 -0.06896
vn 0.98395 0.1646 -0.06896
vn 0.98394 0.16467 -0.06896
vn 0.98394 0.16464 -0.06896
vn 0.98394 0.16462 -0.06897
vn 0.98394 0.16463 -0.06896
vn 0.98394 0.16463 -0.06896
vn 0.98394 0.16462 -0.06895
vn 0.98394 0.16464 -0.06897
vn 0.98394 0.16464 -0.06896
vn 0.98394 0.16463 -0.06896
vn 0.98394 0.16463 -0.06896
vn 0.98394 0.16464 -0.06897
vn 0.98394 0.16463 -0.06896
vn 0.98394 0.16462 -0.06894
vn 0.98394 0.16463 -0.06896
vn 0.98394 0.16462 -0.06894
vn 0.98394 0.16464 -0.06897
vn 0.98394 0.16463 -0.06896
vn 0.98394 0.16462 -0.06895
vn 0.98394 0.16463 -0.06896
vn 0.98394 0.16465 -0.06898
vn 0.98394 0.16463 -0.06896
vn 0.98394 0.16464 -0.06897
vn 0.98394 0.16464 -0.06898
vn 0.98394 0.16464 -0.06895
vn 0.98394 0.16463 -0.06896
vn 0.98394 0.16463 -0.06896
vn 0.98394 0.16463 -0.06896
vn 0.98394 0.16463 -0.06896
vn 0.98394 0.16464 -0.06897
vn 0.98394 0.16463 -0.06895
vn 0.98394 0.16463 -0.069
vn 0.98394 0.16463 -0.06896
vn 0.98394 0.16463 -0.06896
vn 0.98394 0.16463 -0.06896
vn 0.98394 0.16463 -0.06896
vn 0.98394 0.16463 -0.06896
vn 0.98394 0.16466 -0.06897
vn 0.98394 0.16463 -0.06896
vn 0.98394 0.16464 -0.06897
vn 0.98394 0.16463 -0.06896
vn 0.98394 0.16463 -0.06896
vn 0.98394 0.16464 -0.06896
vn 0.98394 0.16463 -0.06896
vn 0.98394 0.16464 -0.06897
vn 0.98394 0.16463 -0.06896
vn 0.98394 0.16464 -0.06896
vn 0.98394 0.16462 -0.06896
vn 0.98394 0.16462 -0.06896
vn 0.98394 0.16463 -0.06899
vn 0.98394 0.16463 -0.06895
vn 0.98394 0.16463 -0.06896
vn 0.98394 0.16464 -0.06896
vn 0.98394 0.16463 -0.06897
vn 0.98394 0.16463 -0.06893
vn 0.98394 0.16463 -0.06896
vn 0.98394 0.16464 -0.06899
vn 0.98394 0.16463 -0.06896
vn 0.98394 0.16463 -0.06896
vn 0.98394 0.16463 -0.06896
vn 0.98394 0.16464 -0.06897
vn 0.98394 0.16466 -0.06896
vn 0.98394 0.16465 -0.06897
vn 0.98394 0.16463 -0.06895
vn 0.98394 0.16463 -0.06896
vn 0.98395 0.1646 -0.06895
vn 0.98394 0.16466 -0.06897
vn 0.98394 0.16461 -0.06898
vn 0.98394 0.16462 -0.06897
vn 0.98394 0.16464 -0.06896
vn 0.98394 0.16462 -0.06896
vn 0.98394 0.16463 -0.06896
vn 0.98394 0.16465 -0.06896
vn 0.98394 0.16464 -0.06896
vn 0.98394 0.16465 -0.06896
vn 0.98394 0.16463 -0.06896
vn 0.98395 0.1646 -0.06896
vn 0.98394 0.16464 -0.06896
vn 0.98394 0.16464 -0.06897
vn 0.98394 0.16464 -0.06897
vn 0.98394 0.16465 -0.06897
vn 0.98394 0.16463 -0.06896
vn 0.98394 0.16463 -0.06893
vn 0.98394 0.16463 -0.06898
vn 0.98394 0.16463 -0.06897
vn 0.98394 0.16463 -0.06896
vn 0.98394 0.16463 -0.06896
vn 0.98394 0.16463 -0.06897
vn 0.98394 0.16463 -0.06896
vn 0.98394 0.16463 -0.06896
vn 0.98394 0.16463 -0.06896
vn 0.98394 0.16467 -0.06895
vn 0.98394 0.16461 -0.06898
vn 0.98394 0.16463 -0.06896
vn 0.98394 0.16465 -0.06896
vn 0.98394 0.16462 -0.06897
vn 0.98394 0.16465 -0.06896
vn 0.98394 0.16463 -0.06896
vn 0.98394 0.16464 -0.06896
vn 0.98394 0.16462 -0.06896
vn 0.98395 0.16461 -0.06896
vn 0.98394 0.16463 -0.06896
vn 0.98394 0.16464 -0.06896
vn 0.98394 0.16463 -0.06896
vn 0.98394 0.16463 -0.06896
vn 0.98394 0.16463 -0.06896
vn 0.98394 0.16463 -0.06896
vn 0.98394 0.16463 -0.06896
vn 0.98394 0.16463 -0.06896
vn 0.98394 0.16463 -0.06896
vn 0.98394 0.16463 -0.06896
vn 0.98394 0.16464 -0.06896
vn 0.98394 0.16464 -0.06896
vn 0.98394 0.16463 -0.06897
vn 0.98394 0.16463 -0.06896
vn 0.98394 0.16465 -0.06895
vn 0.98394 0.16464 -0.06896
vn 0.98394 0.16462 -0.06897
vn 0.98394 0.16463 -0.06896
vn 0.98394 0.16463 -0.06896
vn 0.98394 0.16463 -0.06896
vn 0.98394 0.16463 -0.06897
vn 0.98394 0.16463 -0.06897
vn 0.98394 0.16464 -0.06895
vn 0.98394 0.16463 -0.06896
vn 0.98394 0.16462 -0.06899
vn 0.98394 0.16464 -0.06895
vn 0.98394 0.16464 -0.06896
vn 0.98394 0.16463 -0.06896
vn 0.98394 0.16463 -0.06896
vn 0.98394 0.16463 -0.06896
vn 0.98395 0.16462 -0.06894
vn 0.98394 0.16464 -0.06895
vn 0.98394 0.16463 -0.06896
vn 0.98394 0.16462 -0.06897
vn 0.98394 0.16463 -0.06897
vn 0.98394 0.16464 -0.06896
vn 0.98394 0.16463 -0.06896
vn 0.98394 0.16463 -0.06896
vn 0.98394 0.16463 -0.06897
vn 0.98394 0.16463 -0.06896
vn 0.98394 0.16463 -0.06896
vn 0.98394 0.16463 -0.06896
vn 0.98394 0.16463 -0.06896
vn 0.98394 0.16464 -0.06894
vn 0.98394 0.16463 -0.06897
vn 0.98394 0.16466 -0.06899
vn 0.98395 0.16461 -0.06894
vn 0.98394 0.16464 -0.06897
vn 0.98394 0.16463 -0.06896
vn 0.98394 0.16464 -0.06894
vn 0.98394 0.16464 -0.06894
vn 0.98394 0.16463 -0.06901
vn 0.98394 0.16463 -0.06894
vn 0.98394 0.16463 -0.06899
vn 0.98394 0.16464 -0.06896
vn 0.98394 0.16462 -0.06898
vn 0.98394 0.16463 -0.06896
vn 0.98394 0.16464 -0.06895
vn 0.98394 0.16463 -0.06896
vn 0.98394 0.16465 -0.06895
vn 0.98394 0.16464 -0.06896
vn 0.98394 0.16464 -0.06896
vn 0.98394 0.16463 -0.06896
vn 0.98394 0.16462 -0.06897
vn 0.98394 0.16464 -0.06896
vn 0.98395 0.16458 -0.06897
vn 0.98394 0.16463 -0.06897
vn 0.98394 0.16464 -0.06896
vn 0.98394 0.16463 -0.06898
vn 0.98394 0.16462 -0.06896
vn 0.98394 0.16463 -0.06896
vn 0.98394 0.16464 -0.06896
vn 0.98394 0.16465 -0.06896
vn 0.98394 0.16462 -0.06898
vn 0.98394 0.16465 -0.06894
vn 0.98394 0.16463 -0.06896
vn 0.98394 0.16462 -0.06896
vn 0.98393 0.16468 -0.06896
vn 0.98395 0.1646 -0.06895
vn 0.98394 0.16464 -0.06896
vn 0.98394 0.16463 -0.06896
vn 0.98394 0.16465 -0.06897
vn 0.98394 0.16464 -0.06897
vn 0.98394 0.16464 -0.06897
vn 0.98394 0.16462 -0.06896
vn 0.98394 0.16463 -0.06896
vn 0.98393 0.16467 -0.06898
vn 0.98394 0.16463 -0.06896
vn 0.98395 0.16461 -0.06896
vn 0.98394 0.16462 -0.06896
vn 0.98394 0.16463 -0.06896
vn 0.98394 0.16463 -0.06895
vn 0.98394 0.16463 -0.06896
vn 0.98394 0.16462 -0.06901
vn 0.98394 0.16465 -0.06892
vn 0.98394 0.16463 -0.06896
vn 0.98394 0.16463 -0.06896
vn 0.98394 0.16463 -0.06896
vn 0.98394 0.16463 -0.06896
vn 0.98394 0.16463 -0.06896
vn 0.98394 0.16462 -0.06895
vn 0.98394 0.16465 -0.06896
vn 0.98394 0.16464 -0.06896
vn 0.98394 0.16463 -0.06896
vn 0.98394 0.16464 -0.06894
vn 0.98394 0.16463 -0.06902
vn 0.98394 0.16463 -0.06896
vn 0.98394 0.16464 -0.06896
vn 0.98394 0.16465 -0.06895
vn 0.98394 0.16463 -0.06896
vn 0.98393 0.16466 -0.06899
vn 0.98394 0.16463 -0.06896
vn 0.98394 0.16463 -0.06896
vn 0.98394 0.16461 -0.06898
vn 0.98394 0.16463 -0.06896
vn 0.98394 0.16463 -0.06896
vn 0.98394 0.16465 -0.06894
vn 0.98394 0.16463 -0.06897
vn 0.98394 0.16463 -0.06896
vn 0.98395 0.1646 -0.06896
vn 0.98394 0.16464 -0.06896
vn 0.98394 0.16464 -0.06896
vn 0.98394 0.16463 -0.06896
vn 0.98394 0.16463 -0.06896
vn 0.98394 0.16463 -0.06896
vn 0.98395 0.1646 -0.06891
vn 0.98394 0.16464 -0.06898
vn 0.98394 0.16463 -0.06896
vn 0.98394 0.16463 -0.06897
vn 0.98394 0.16463 -0.06897
vn 0.98394 0.16463 -0.06894
vn 0.98394 0.16463 -0.06898
vn 0.98394 0.16464 -0.06892
vn 0.98394 0.16463 -0.06899
vn 0.98395 0.16461 -0.06895
vn 0.98394 0.16464 -0.06897
vn 0.98394 0.16463 -0.06896
vn 0.98394 0.16466 -0.06898
vn 0.98394 0.16463 -0.06896
vn 0.98394 0.16463 -0.06896
vn 0.98394 0.16464 -0.06896
vn 0.98394 0.16464 -0.06897
vn 0.98394 0.16463 -0.06896
vn 0.98394 0.16465 -0.06897
vn 0.98395 0.16461 -0.06896
vn 0.98394 0.16465 -0.069
vn 0.98395 0.16462 -0.06893
vn 0.98394 0.16463 -0.06895
vn 0.98394 0.16463 -0.06897
vn 0.98394 0.16463 -0.06896
vn 0.98394 0.16463 -0.06896
vn 0.98394 0.16464 -0.06897
vn 0.98394 0.16465 -0.06899
vn 0.98394 0.16463 -0.06896
vn 0.98394 0.16463 -0.06894
vn 0.98394 0.16464 -0.06898
vn 0.98394 0.16463 -0.06899
vn 0.98394 0.16463 -0.06892
vn 0.98394 0.16464 -0.06896
vn 0.98394 0.16463 -0.06896
vn 0.98394 0.16464 -0.06896
vn 0.98394 0.16463 -0.06896
vn 0.98394 0.16463 -0.06896
vn 0.98394 0.16463 -0.06896
vn 0.98394 0.16464 -0.06897
vn 0.98394 0.16463 -0.06896
vn 0.98394 0.16463 -0.06896
vn 0.98394 0.16463 -0.06896
vn 0.98395 0.16461 -0.06893
vn 0.98394 0.16463 -0.06896
vn 0.98394 0.16463 -0.06896
vn 0.98394 0.16463 -0.06896
vn 0.98394 0.16464 -0.06896
vn 0.98394 0.16464 -0.06897
vn 0.98394 0.16464 -0.069
vn 0.98394 0.16464 -0.06898
vn 0.98394 0.16463 -0.06896
vn 0.98394 0.16465 -0.06893
vn 0.98394 0.16461 -0.06898
vn 0.98394 0.16463 -0.06896
vn 0.98394 0.16466 -0.06897
vn 0.98394 0.16462 -0.06896
vn 0.98394 0.16465 -0.06895
vn 0.98394 0.16466 -0.06898
vn 0.98394 0.16463 -0.06896
vn 0.98394 0.16462 -0.06899
vn 0.98394 0.16464 -0.06895
vn 0.98394 0.16463 -0.06896
vn 0.98394 0.16464 -0.06896
vn 0.98394 0.16463 -0.06897
vn 0.98394 0.16463 -0.06896
vn 0.98394 0.16464 -0.06896
vn 0.98394 0.16463 -0.06896
vn 0.98394 0.16464 -0.06896
vn 0.98394 0.16464 -0.06896
vn 0.98394 0.16463 -0.06897
vn 0.98394 0.16463 -0.06896
vn 0.98394 0.16466 -0.06894
vn 0.98394 0.16463 -0.06896
vn 0.98394 0.16462 -0.06897
vn 0.98394 0.16463 -0.06896
vn 0.98394 0.16465 -0.06895
vn 0.98394 0.16463 -0.06896
vn 0.98394 0.16463 -0.06896
vn 0.98394 0.16463 -0.06896
vn 0.98394 0.16463 -0.06896
vn 0.98394 0.16463 -0.06896
vn 0.98394 0.16464 -0.06894
vn 0.98394 0.16464 -0.06896
vn 0.98394 0.16464 -0.06896
vn 0.98394 0.16463 -0.06896
vn 0.98394 0.16465 -0.06896
vn 0.98394 0.16463 -0.06896
vn 0.98394 0.16461 -0.06896
vn 0.98394 0.16462 -0.06896
vn 0.98394 0.16464 -0.06896
vn 0.98394 0.16463 -0.06896
vn 0.98394 0.16463 -0.06896
vn 0.98394 0.16464 -0.06896
vn 0.98394 0.16463 -0.06896
vn 0.98394 0.16463 -0.06896
vn 0.98394 0.16463 -0.06896
vn 0.98394 0.16464 -0.06897
vn 0.98394 0.16462 -0.06895
vn 0.98394 0.16462 -0.06895
vn 0.98394 0.16463 -0.06898
vn 0.98394 0.16463 -0.06898
vn 0.98394 0.16463 -0.06893
vn 0.98394 0.16463 -0.06896
vn 0.98395 0.1646 -0.06899
vn 0.98394 0.16463 -0.06896
vn 0.98394 0.16463 -0.06897
vn 0.98394 0.16463 -0.06896
vn 0.98394 0.16464 -0.06895
vn 0.98395 0.16461 -0.06896
vn 0.98394 0.16463 -0.06896
vn 0.98394 0.16467 -0.06895
vn 0.98394 0.16462 -0.06896
vn 0.98394 0.16463 -0.06896
vn 0.98394 0.16464 -0.06897
vn 0.98394 0.16463 -0.06896
vn 0.98394 0.16462 -0.06896
vn 0.98394 0.16464 -0.06896
vn 0.98394 0.16464 -0.06896
vn 0.98394 0.16464 -0.06898
vn 0.98395 0.16462 -0.06894
vn 0.98394 0.16464 -0.06896
vn 0.98394 0.16464 -0.06896
vn 0.98394 0.16464 -0.06896
vn 0.98394 0.16462 -0.06897
vn 0.98394 0.16462 -0.06897
vn 0.98394 0.16464 -0.06896
vn 0.98394 0.16463 -0.06896
vn 0.98394 0.16464 -0.06896
vn 0.98394 0.16463 -0.06898
vn 0.98394 0.16463 -0.06894
vn 0.98394 0.16463 -0.06895
vn 0.98394 0.16463 -0.06896
vn 0.98394 0.16463 -0.06899
vn 0.98394 0.16463 -0.06898
vn 0.98394 0.16463 -0.06897
vn 0.98394 0.16463 -0.06897
vn 0.98394 0.16463 -0.06896
vn 0.98394 0.16464 -0.06895
vn 0.98394 0.16463 -0.06896
vn 0.98394 0.16464 -0.06895
vn 0.98394 0.16463 -0.06897
vn 0.98394 0.16464 -0.06894
vn 0.98394 0.16463 -0.06896
vn 0.98394 0.16464 -0.06897
vn 0.98394 0.16463 -0.06896
vn 0.98394 0.16463 -0.06897
vn 0.98394 0.16463 -0.06896
vn 0.98394 0.16463 -0.06896
vn 0.98394 0.16463 -0.06896
vn 0.98394 0.16463 -0.06896
vn 0.98394 0.16464 -0.06896
vn 0.98394 0.16463 -0.06897
vn 0.98394 0.16463 -0.06896
vn 0.98394 0.16463 -0.06897
vn 0.98394 0.16463 -0.06896
vn -0.98394 -0.16463 0.06896
vn -0.98394 -0.16462 0.06895
vn -0.98394 -0.16463 0.06896
vn -0.98394 -0.16462 0.06897
vn -0.98394 -0.16464 0.06896
vn -0.98394 -0.16465 0.06894
vn -0.98394 -0.16462 0.06898
vn -0.98394 -0.16461 0.06899
vn -0.98394 -0.16463 0.06895
vn -0.98394 -0.16463 0.06896
vn -0.98394 -0.16463 0.06901
vn -0.98394 -0.16464 0.06895
vn -0.98394 -0.16463 0.06896
vn -0.98394 -0.16463 0.06896
vn -0.98394 -0.16463 0.06895
vn -0.98394 -0.16463 0.06896
vn -0.98394 -0.16465 0.06896
vn -0.98394 -0.16462 0.06896
vn -0.98394 -0.16464 0.06896
vn -0.98394 -0.16463 0.06896
vn -0.98394 -0.16463 0.06897
vn -0.98394 -0.16465 0.06896
vn -0.98394 -0.16461 0.06896
vn -0.98394 -0.16463 0.06896
vn -0.98394 -0.16462 0.06899
vn -0.98394 -0.16464 0.06895
vn -0.98394 -0.16463 0.06896
vn -0.98394 -0.16464 0.06898
vn -0.98394 -0.16463 0.06897
vn -0.98394 -0.16462 0.06895
vn -0.98394 -0.16463 0.06896
vn -0.98394 -0.16464 0.06898
vn -0.98394 -0.16463 0.06895
vn -0.98394 -0.16463 0.06896
vn -0.98394 -0.16463 0.06896
vn -0.98394 -0.16464 0.06897
vn -0.98393 -0.16466 0.06899
vn -0.98394 -0.16463 0.06896
vn -0.98395 -0.16461 0.06894
vn -0.98394 -0.16463 0.06896
vn -0.98394 -0.16462 0.06896
vn -0.98394 -0.16464 0.06896
vn -0.98394 -0.16464 0.06896
vn -0.98394 -0.16463 0.06896
vn -0.98395 -0.16461 0.06896
vn -0.98394 -0.16464 0.06896
vn -0.98394 -0.16464 0.06897
vn -0.98394 -0.16464 0.06897
vn -0.98394 -0.16462 0.06896
vn -0.98394 -0.16463 0.06896
vn -0.98394 -0.16464 0.06897
vn -0.98394 -0.16464 0.06897
vn -0.98394 -0.16465 0.06895
vn -0.98394 -0.16464 0.06896
vn -0.98394 -0.16463 0.06896
vn -0.98394 -0.16463 0.06896
vn -0.98394 -0.16463 0.06896
vn -0.98394 -0.16466 0.06898
vn -0.98394 -0.16463 0.06896
vn -0.98394 -0.16463 0.06896
vn -0.98393 -0.16467 0.06896
vn -0.98395 -0.1646 0.06896
vn -0.98394 -0.16463 0.06896
vn -0.98394 -0.16464 0.06896
vn -0.98394 -0.16465 0.06896
vn -0.98394 -0.16464 0.06896
vn -0.98394 -0.16461 0.06897
vn -0.98394 -0.16464 0.06896
vn -0.98394 -0.16463 0.06897
vn -0.98394 -0.16465 0.06895
vn -0.98394 -0.16465 0.06893
vn -0.98394 -0.16462 0.06898
vn -0.98394 -0.16463 0.06896
vn -0.98394 -0.16463 0.06896
vn -0.98394 -0.16463 0.06896
vn -0.98394 -0.16463 0.06896
vn -0.98394 -0.16463 0.06896
vn -0.98394 -0.16464 0.06899
vn -0.98394 -0.16464 0.06898
vn -0.98394 -0.16464 0.06897
vn -0.98394 -0.16463 0.06896
vn -0.98394 -0.16463 0.06899
vn -0.98394 -0.16464 0.06895
vn -0.98394 -0.16463 0.06896
vn -0.98394 -0.16463 0.06896
vn -0.98394 -0.16463 0.06896
vn -0.98394 -0.16463 0.06894
vn -0.98394 -0.16463 0.06897
vn -0.98394 -0.16462 0.06895
vn -0.98394 -0.16463 0.06896
vn -0.98394 -0.16463 0.06896
vn -0.98394 -0.16465 0.069
vn -0.98394 -0.16463 0.06897
vn -0.98394 -0.16464 0.06896
vn -0.98394 -0.16463 0.06896
vn -0.98394 -0.16463 0.06899
vn -0.98394 -0.16463 0.06896
vn -0.98394 -0.16465 0.06897
vn -0.98394 -0.16463 0.06896
vn -0.98394 -0.16463 0.06896
vn -0.98394 -0.16463 0.06896
vn -0.98394 -0.16462 0.06895
vn -0.98394 -0.16463 0.06896
vn -0.98394 -0.16463 0.06896
vn -0.98394 -0.16463 0.06896
vn -0.98395 -0.16461 0.06896
vn -0.98394 -0.16464 0.06896
vn -0.98394 -0.16463 0.06896
vn -0.98394 -0.16463 0.06894
vn -0.98394 -0.16464 0.06898
vn -0.98394 -0.16463 0.06896
vn -0.98394 -0.16463 0.06896
vn -0.98394 -0.16464 0.06897
vn -0.98394 -0.16464 0.06897
vn -0.98394 -0.16462 0.06896
vn -0.98394 -0.16464 0.06896
vn -0.98395 -0.16461 0.06895
vn -0.98394 -0.16466 0.06897
vn -0.98394 -0.16463 0.06896
vn -0.98394 -0.16463 0.06896
vn -0.98394 -0.16463 0.06896
vn -0.98394 -0.16463 0.06896
vn -0.98394 -0.16463 0.06897
vn -0.98394 -0.16464 0.06898
vn -0.98394 -0.16463 0.06896
vn -0.98394 -0.16463 0.06896
vn -0.98394 -0.16466 0.06897
vn -0.98395 -0.16461 0.06896
vn -0.98394 -0.16463 0.06896
vn -0.98394 -0.16465 0.06896
vn -0.98394 -0.16463 0.06896
vn -0.98394 -0.16463 0.06897
vn -0.98394 -0.16463 0.06896
vn -0.98394 -0.16464 0.06897
vn -0.98394 -0.16463 0.06896
vn -0.98394 -0.16465 0.06897
vn -0.98395 -0.16461 0.06895
vn -0.98394 -0.16465 0.06896
vn -0.98394 -0.16462 0.06897
vn -0.98394 -0.16463 0.06896
vn -0.98394 -0.16464 0.06896
vn -0.98394 -0.16464 0.06896
vn -0.98394 -0.16463 0.06896
vn -0.98394 -0.16463 0.06896
vn -0.98394 -0.16464 0.06896
vn -0.98394 -0.16464 0.06896
vn -0.98394 -0.16463 0.06896
vn -0.98394 -0.16463 0.06896
vn -0.98394 -0.16464 0.06896
vn -0.98395 -0.16461 0.06897
vn -0.98394 -0.16465 0.06896
vn -0.98394 -0.16464 0.06896
vn -0.98394 -0.16463 0.06897
vn -0.98394 -0.16464 0.06896
vn -0.98394 -0.16463 0.06897
vn -0.98394 -0.16463 0.06897
vn -0.98394 -0.16464 0.06896
vn -0.98394 -0.16463 0.06893
vn -0.98394 -0.16463 0.06898
vn -0.98394 -0.16464 0.06894
vn -0.98394 -0.16463 0.06898
vn -0.98394 -0.16463 0.06896
vn -0.98394 -0.16463 0.06896
vn -0.98394 -0.16463 0.06896
vn -0.98394 -0.16462 0.06895
vn -0.98394 -0.16464 0.06898
vn -0.98394 -0.16464 0.06897
vn -0.98394 -0.16462 0.06899
vn -0.98394 -0.16465 0.06894
vn -0.98394 -0.16464 0.06896
vn -0.98394 -0.16463 0.06897
vn -0.98394 -0.16464 0.06892
vn -0.98394 -0.16463 0.06897
vn -0.98394 -0.16463 0.069
vn -0.98394 -0.16463 0.06896
vn -0.98394 -0.16463 0.06895
vn -0.98394 -0.16463 0.06896
vn -0.98394 -0.16463 0.06897
vn -0.98394 -0.16463 0.06896
vn -0.98394 -0.16464 0.06896
vn -0.98394 -0.16462 0.06897
vn -0.98394 -0.16463 0.06896
vn -0.98394 -0.16465 0.06895
vn -0.98394 -0.16463 0.06896
vn -0.98394 -0.16461 0.06899
vn -0.98394 -0.16464 0.06896
vn -0.98394 -0.16464 0.06895
vn -0.98394 -0.16463 0.06896
vn -0.98394 -0.16463 0.06896
vn -0.98394 -0.16464 0.06896
vn -0.98394 -0.16465 0.0689
vn -0.98394 -0.16463 0.06896
vn -0.98394 -0.16463 0.06896
vn -0.98394 -0.16463 0.06896
vn -0.98394 -0.16465 0.06895
vn -0.98394 -0.16464 0.06896
vn -0.98394 -0.16463 0.06897
vn -0.98394 -0.16464 0.06896
vn -0.98394 -0.16463 0.06897
vn -0.98394 -0.16463 0.06897
vn -0.98394 -0.16463 0.06897
vn -0.98394 -0.16464 0.06896
vn -0.98394 -0.16464 0.06896
vn -0.98394 -0.16463 0.06897
vn -0.98394 -0.16463 0.06898
vn -0.98394 -0.16464 0.06896
vn -0.98394 -0.16463 0.06896
vn -0.98394 -0.16463 0.06897
vn -0.98394 -0.16464 0.06898
vn -0.98394 -0.16463 0.06896
vn -0.98394 -0.16463 0.06896
vn -0.98394 -0.16463 0.06896
vn -0.98394 -0.16464 0.06896
vn -0.98394 -0.16466 0.06896
vn -0.98394 -0.16464 0.06897
vn -0.98394 -0.16463 0.06897
vn -0.98393 -0.16468 0.06896
vn -0.98395 -0.16459 0.06897
vn -0.98395 -0.16459 0.06896
vn -0.98394 -0.16464 0.06896
vn -0.98394 -0.16464 0.06897
vn -0.98394 -0.16464 0.06897
vn -0.98393 -0.16467 0.06898
vn -0.98395 -0.16461 0.06896
vn -0.98394 -0.16463 0.06894
vn -0.98394 -0.16464 0.06896
vn -0.98394 -0.16465 0.06896
vn -0.98394 -0.16462 0.06897
vn -0.98394 -0.16464 0.06897
vn -0.98394 -0.16463 0.06896
vn -0.98394 -0.16463 0.06896
vn -0.98394 -0.16463 0.06896
vn -0.98393 -0.16468 0.06896
vn -0.98395 -0.16461 0.06896
vn -0.98394 -0.16466 0.06896
vn -0.98394 -0.16464 0.06897
vn -0.98394 -0.16464 0.06896
vn -0.98394 -0.16463 0.06896
vn -0.98393 -0.16468 0.06897
vn -0.98394 -0.16463 0.06896
vn -0.98395 -0.16459 0.06897
vn -0.98393 -0.16468 0.06896
vn -0.98394 -0.16465 0.06896
vn -0.98395 -0.16459 0.06898
vn -0.98394 -0.16463 0.06897
vn -0.98394 -0.16464 0.06896
vn -0.98394 -0.16466 0.06893
vn -0.98395 -0.1646 0.06896
vn -0.98394 -0.16465 0.06897
vn -0.98394 -0.16463 0.06896
vn -0.98394 -0.1646 0.06901
vn -0.98394 -0.16465 0.06894
vn -0.98394 -0.16466 0.06893
vn -0.98394 -0.16464 0.06896
vn -0.98394 -0.16464 0.06896
vn -0.98394 -0.16463 0.06895
vn -0.98394 -0.16464 0.06898
vn -0.98394 -0.16463 0.06896
vn -0.98394 -0.1646 0.06899
vn -0.98394 -0.16463 0.06897
vn -0.98394 -0.16463 0.06896
vn -0.98394 -0.16464 0.06896
vn -0.98394 -0.16464 0.06894
vn -0.98394 -0.16463 0.06897
vn -0.98394 -0.16463 0.06898
vn -0.98394 -0.16463 0.06897
vn -0.98395 -0.16464 0.06889
vn -0.98394 -0.16463 0.06903
vn -0.98394 -0.16463 0.06896
vn -0.98394 -0.16463 0.06896
vn -0.98394 -0.16463 0.06893
vn -0.98394 -0.16463 0.06896
vn -0.98394 -0.16463 0.06894
vn -0.98394 -0.16464 0.06901
vn -0.98394 -0.16463 0.06896
vn -0.98394 -0.16463 0.06896
vn -0.98394 -0.16463 0.06896
vn -0.98394 -0.16463 0.06894
vn -0.98394 -0.16463 0.06896
vn -0.98394 -0.16463 0.06896
vn -0.98394 -0.16463 0.06897
vn -0.98395 -0.16462 0.06893
vn -0.98394 -0.16464 0.06898
vn -0.98394 -0.16463 0.06896
vn -0.98394 -0.16465 0.06899
vn -0.98394 -0.16463 0.06896
vn -0.98394 -0.16464 0.06897
vn -0.98394 -0.16462 0.06894
vn -0.98394 -0.16464 0.06897
vn -0.98394 -0.16462 0.06895
vn -0.98394 -0.16463 0.06896
vn -0.98393 -0.16468 0.06901
vn -0.98394 -0.16463 0.06896
vn -0.98395 -0.16459 0.06893
vn -0.98394 -0.16463 0.06896
vn -0.98394 -0.16463 0.06896
vn -0.98394 -0.16465 0.06897
vn -0.98395 -0.16461 0.06895
vn -0.98394 -0.16463 0.06896
vn -0.98394 -0.16465 0.06897
vn -0.98394 -0.16463 0.06896
vn -0.98394 -0.16463 0.06896
vn -0.98395 -0.16462 0.06894
vn -0.98394 -0.16463 0.06896
vn -0.98394 -0.16462 0.06895
vn -0.98394 -0.16464 0.06897
vn -0.98393 -0.16467 0.06899
vn -0.98395 -0.1646 0.06894
vn -0.98394 -0.16463 0.06896
vn -0.98394 -0.16463 0.06896
vn -0.98395 -0.16461 0.06895
vn -0.98394 -0.16463 0.06896
vn -0.98395 -0.16458 0.069
vn -0.98394 -0.16463 0.06896
vn -0.98394 -0.16463 0.06891
vn -0.98394 -0.16463 0.069
vn -0.98394 -0.16463 0.06899
vn -0.98395 -0.16464 0.06889
vn -0.98394 -0.16463 0.06903
vn -0.98394 -0.16463 0.06896
vn -0.98394 -0.16464 0.06893
vn -0.98394 -0.16463 0.06896
vn -0.98394 -0.16463 0.06894
vn -0.98394 -0.16465 0.06901
vn -0.98394 -0.16462 0.06896
vn -0.98394 -0.16463 0.06901
vn -0.98394 -0.16463 0.06896
vn -0.98394 -0.16462 0.06896
vn -0.98394 -0.16466 0.06897
vn -0.98395 -0.16461 0.06896
vn -0.98394 -0.16464 0.06896
vn -0.98394 -0.16463 0.06896
vn -0.98394 -0.16462 0.06896
vn -0.98394 -0.16466 0.06897
vn -0.98394 -0.16464 0.06896
vn -0.98394 -0.16466 0.06897
vn -0.98394 -0.16463 0.06896
vn -0.98394 -0.16463 0.06896
vn -0.98394 -0.16463 0.06896
vn -0.98394 -0.16463 0.06896
vn -0.98394 -0.16463 0.06896
vn -0.98394 -0.16462 0.06899
vn -0.98394 -0.16463 0.06896
vn -0.98394 -0.16463 0.06897
vn -0.98394 -0.16463 0.06895
vn -0.98394 -0.16463 0.06898
vn -0.98394 -0.16463 0.06894
vn -0.98394 -0.16465 0.06896
vn -0.98395 -0.1646 0.06897
vn -0.98394 -0.16463 0.06896
vn -0.98394 -0.16464 0.06896
vn -0.98394 -0.16463 0.06896
vn -0.98394 -0.16464 0.06896
vn -0.98394 -0.16465 0.06892
vn -0.98394 -0.16462 0.06899
vn -0.98394 -0.16463 0.06896
vn -0.98394 -0.16463 0.06896
vn -0.98394 -0.16463 0.06896
vn -0.98394 -0.16463 0.06899
vn -0.98394 -0.16464 0.06893
vn -0.98394 -0.16463 0.06896
vn -0.98393 -0.16467 0.06898
vn -0.98394 -0.16463 0.06895
vn -0.98394 -0.16463 0.06896
vn -0.98394 -0.16464 0.06897
vn -0.98394 -0.16463 0.06895
vn -0.98394 -0.16464 0.06896
vn -0.98394 -0.16466 0.06895
vn -0.98394 -0.16464 0.06896
vn -0.98394 -0.16463 0.06897
vn -0.98394 -0.16463 0.06896
vn -0.98395 -0.16462 0.06892
vn -0.98394 -0.16464 0.06899
vn -0.98394 -0.16463 0.06896
vn -0.98394 -0.16463 0.06896
vn -0.98394 -0.16463 0.06896
vn -0.98394 -0.16462 0.06896
vn -0.98394 -0.16464 0.06896
vn -0.98394 -0.16463 0.06896
vn -0.98394 -0.16465 0.06896
vn -0.98394 -0.16464 0.06896
vn -0.98394 -0.16462 0.06897
vn -0.98394 -0.16463 0.06896
vn -0.98394 -0.16465 0.06896
vn -0.98394 -0.16463 0.06897
vn -0.98394 -0.16463 0.06896
vn -0.98394 -0.16463 0.06897
vn -0.98394 -0.16464 0.06897
vn -0.98394 -0.16463 0.06896
vn -0.98394 -0.16464 0.06896
vn -0.98394 -0.16463 0.06896
vn -0.98394 -0.16463 0.06896
vn -0.98394 -0.16463 0.06896
vn -0.98394 -0.16463 0.06896
vn -0.98394 -0.16463 0.06896
vn -0.98394 -0.16462 0.06895
vn -0.98394 -0.16463 0.06896
vn -0.98394 -0.16464 0.06897
vn -0.98394 -0.16463 0.06895
vn -0.98394 -0.16464 0.06897
vn -0.98394 -0.16463 0.06896
vn -0.98394 -0.16463 0.06896
vn -0.98394 -0.16463 0.06896
vn -0.98394 -0.16463 0.06896
vn -0.98394 -0.16466 0.06897
vn -0.98394 -0.16463 0.06896
vn -0.98394 -0.16463 0.06896
vn -0.98394 -0.16464 0.06896
vn -0.98394 -0.16463 0.06897
vn -0.98394 -0.16463 0.06896
vn -0.98394 -0.16465 0.06895
vn -0.98394 -0.16463 0.06896
vn -0.98394 -0.16461 0.06898
vn -0.98394 -0.16463 0.06896
vn -0.98394 -0.16463 0.06896
vn -0.98394 -0.16464 0.06896
vn -0.98394 -0.16464 0.06893
vn -0.98394 -0.16464 0.06896
vn -0.98394 -0.16463 0.06896
vn -0.98394 -0.16463 0.06896
vn -0.98394 -0.1646 0.06898
vn -0.98394 -0.16464 0.06896
vn -0.98394 -0.16463 0.06897
vn -0.98394 -0.16465 0.06895
vn -0.98394 -0.16463 0.06896
vn -0.98394 -0.16463 0.06897
vn -0.98394 -0.16463 0.06896
vn -0.98394 -0.16464 0.06896
vn -0.98394 -0.16463 0.06896
vn -0.98394 -0.16463 0.06896
vn -0.98394 -0.16463 0.06899
vn -0.98394 -0.16463 0.06896
vn -0.98394 -0.16463 0.06896
vn -0.98394 -0.16463 0.06896
vn -0.98394 -0.16463 0.06896
vn -0.98394 -0.16463 0.06899
vn -0.98394 -0.16464 0.06894
vn -0.98394 -0.16463 0.06896
vn -0.98394 -0.16463 0.06896
vn -0.98394 -0.16463 0.06895
vn 0.98394 0.16463 -0.06896
vn 0.98394 0.16463 -0.06896
vn 0.98394 0.16463 -0.06896
vn 0.98394 0.16463 -0.06896
vn 0.98394 0.16463 -0.06896
vn 0.98394 0.16463 -0.06896
vn 0.98394 0.16463 -0.06896
vn 0.98394 0.16464 -0.06896
vn 0.98394 0.16464 -0.06896
vn 0.98394 0.16463 -0.06896
vn 0.98394 0.16463 -0.06896
vn 0.98394 0.16463 -0.06896
vn 0.98394 0.16463 -0.06896
vn 0.98394 0.16463 -0.06896
vn 0.98394 0.16463 -0.06896
vn 0.98394 0.16463 -0.06896
vn 0.98394 0.16463 -0.06896
vn 0.98394 0.16463 -0.06896
vn 0.98394 0.16463 -0.06897
vn 0.98394 0.16463 -0.06896
vn 0.98394 0.16464 -0.06896
vn 0.98394 0.16463 -0.06896
vn 0.98394 0.16463 -0.06896
vn 0.98394 0.16463 -0.06896
vn 0.98394 0.16463 -0.06896
vn 0.98394 0.16463 -0.06897
vn 0.98394 0.16463 -0.06897
vn 0.98394 0.16463 -0.06896
vn 0.98394 0.16463 -0.06896
vn 0.98394 0.16463 -0.06897
vn 0.98394 0.16463 -0.06897
vn 0.98394 0.16463 -0.06896
vn 0.98394 0.16463 -0.06896
vn 0.98394 0.16463 -0.06896
vn 0.98394 0.16463 -0.06896
vn 0.98394 0.16463 -0.06896
vn 0.98394 0.16463 -0.06896
vn 0.98394 0.16463 -0.06897
vn 0.98394 0.16463 -0.06897
vn 0.98394 0.16463 -0.06896
vn 0.98394 0.16463 -0.06896
vn 0.98394 0.16463 -0.06896
vn 0.98394 0.16463 -0.06896
vn 0.98394 0.16463 -0.06896
vn 0.98394 0.16463 -0.06896
vn 0.98394 0.16463 -0.06896
vn 0.98394 0.16463 -0.06896
vn 0.98394 0.16463 -0.06896
vn 0.98394 0.16463 -0.06896
vn 0.98394 0.16464 -0.06897
vn 0.98394 0.16463 -0.06897
vn 0.98394 0.16463 -0.06897
vn 0.98394 0.16463 -0.06896
vn 0.98394 0.16463 -0.06896
vn 0.98394 0.16463 -0.06896
vn 0.98394 0.16463 -0.06896
vn 0.98394 0.16463 -0.06896
vn 0.98394 0.16463 -0.06896
vn 0.98394 0.16463 -0.06896
vn 0.98394 0.16463 -0.06896
vn 0.98394 0.16463 -0.06896
vn 0.98394 0.16463 -0.06896
vn 0.98394 0.16463 -0.06896
vn 0.98394 0.16463 -0.06896
vn 0.98394 0.16463 -0.06896
vn 0.98394 0.16463 -0.06896
vn 0.98394 0.16463 -0.06896
vn 0.98394 0.16463 -0.06896
vn 0.98394 0.16463 -0.06896
vn 0.98394 0.16463 -0.06896
vn 0.98394 0.16463 -0.06896
vn 0.98394 0.16463 -0.06896
vn 0.98394 0.16463 -0.06896
vn 0.98394 0.16463 -0.06896
vn 0.98394 0.16463 -0.06896
vn 0.98394 0.16463 -0.06896
vn 0.98394 0.16463 -0.06896
vn 0.98394 0.16464 -0.06896
vn 0.98394 0.16464 -0.06896
vn 0.98394 0.16463 -0.06896
vn 0.98394 0.16463 -0.06896
vn 0.98394 0.16463 -0.06896
vn 0.98394 0.16463 -0.06896
vn 0.98394 0.16463 -0.06896
vn 0.98394 0.16463 -0.06896
vn 0.98394 0.16463 -0.06896
vn 0.98394 0.16463 -0.06896
vn 0.98394 0.16463 -0.06896
vn 0.98394 0.16463 -0.06896
vn 0.98394 0.16463 -0.06896
vn 0.98394 0.16463 -0.06897
vn 0.98394 0.16463 -0.06896
vn 0.98394 0.16463 -0.06896
vn 0.98394 0.16463 -0.06896
vn 0.98394 0.16463 -0.06896
vn 0.98394 0.16463 -0.06896
vn 0.98394 0.16463 -0.06896
vn 0.98394 0.16463 -0.06896
vn 0.98394 0.16463 -0.06896
vn 0.98394 0.16463 -0.06896
vn 0.98394 0.16464 -0.06896
vn 0.98394 0.16464 -0.06896
vn 0.98394 0.16464 -0.06896
vn 0.98394 0.16463 -0.06896
vn 0.98394 0.16463 -0.06897
vn 0.98394 0.16463 -0.06897
vn 0.98394 0.16463 -0.06896
vn 0.98394 0.16463 -0.06896
vn 0.98394 0.16463 -0.06896
vn 0.98394 0.16464 -0.06896
vn 0.98394 0.16464 -0.06896
vn 0.98394 0.16463 -0.06896
vn 0.98394 0.16463 -0.06896
vn 0.98394 0.16463 -0.06896
vn 0.98394 0.16463 -0.06896
vn 0.98394 0.16463 -0.06896
vn 0.98394 0.16463 -0.06896
vn 0.98394 0.16463 -0.06896
vn 0.98394 0.16463 -0.06896
vn 0.98394 0.16463 -0.06896
vn 0.98394 0.16463 -0.06896
vn 0.98394 0.16463 -0.06896
vn 0.98394 0.16463 -0.06896
vn 0.98394 0.16463 -0.06896
vn 0.98394 0.16464 -0.06897
vn 0.98394 0.16464 -0.06897
vn 0.98394 0.16463 -0.06897
vn 0.98394 0.16464 -0.06897
vn 0.98394 0.16463 -0.06896
vn 0.98394 0.16463 -0.06896
vn 0.98394 0.16463 -0.06896
vn 0.98394 0.16463 -0.06896
vn 0.98394 0.16464 -0.06896
vn 0.98394 0.16463 -0.06896
vn 0.98394 0.16464 -0.06896
vn 0.98394 0.16463 -0.06897
vn 0.98394 0.16463 -0.06897
vn 0.98394 0.16463 -0.06896
vn 0.98394 0.16463 -0.06896
vn 0.98394 0.16463 -0.06896
vn 0.98394 0.16463 -0.06896
vn 0.98394 0.16463 -0.06896
vn 0.98394 0.16463 -0.06896
vn 0.16478 -0.98632 -0.00367
vn 0.15817 -0.98325 -0.09061
vn 0.15817 -0.98325 -0.09061
vn 0.15036 -0.97269 -0.17685
vn 0.15036 -0.97269 -0.17685
vn 0.1414 -0.95472 -0.26175
vn 0.13137 -0.92949 -0.34466
vn 0.13137 -0.92949 -0.34466
vn 0.12033 -0.89719 -0.42494
vn 0.12033 -0.89719 -0.42494
vn 0.10839 -0.85806 -0.50199
vn 0.09562 -0.8124 -0.57521
vn 0.08212 -0.76056 -0.64406
vn 0.08211 -0.76054 -0.64407
vn 0.06798 -0.70291 -0.70803
vn 0.06799 -0.70292 -0.70801
vn 0.05335 -0.63994 -0.76657
vn 0.05335 -0.63994 -0.76657
vn 0.0383 -0.57208 -0.8193
vn 0.0383 -0.57208 -0.8193
vn 0.02296 -0.49987 -0.86579
vn 0.00744 -0.42385 -0.9057
vn 0.00744 -0.42385 -0.9057
vn -0.00813 -0.34464 -0.9387
vn -0.00813 -0.34464 -0.9387
vn -0.02364 -0.26274 -0.96458
vn -0.02364 -0.26274 -0.96458
vn -0.03897 -0.17892 -0.98309
vn -0.03897 -0.17892 -0.98309
vn -0.054 -0.09369 -0.99414
vn -0.054 -0.09369 -0.99414
vn -0.06862 -0.00776 -0.99761
vn -0.08273 0.07826 -0.99349
vn -0.0962 0.16366 -0.98182
vn -0.10893 0.24779 -0.96267
vn -0.10893 0.24779 -0.96267
vn -0.12084 0.33007 -0.93619
vn -0.12084 0.33007 -0.93619
vn -0.13183 0.40982 -0.90259
vn -0.13183 0.40982 -0.90259
vn -0.14182 0.48643 -0.86213
vn -0.14182 0.48643 -0.86213
vn -0.15073 0.55939 -0.81509
vn -0.15849 0.62807 -0.76185
vn -0.15849 0.62807 -0.76185
vn -0.16504 0.69196 -0.70282
vn -0.17034 0.75058 -0.63845
vn -0.17434 0.80351 -0.56919
vn -0.17434 0.80351 -0.56919
vn -0.17701 0.85031 -0.49563
vn -0.17834 0.89064 -0.41828
vn -0.17831 0.92419 -0.33775
vn -0.17831 0.92419 -0.33775
vn -0.17692 0.95071 -0.25465
vn -0.17419 0.96999 -0.16961
vn -0.17419 0.96999 -0.16962
vn -0.17013 0.9819 -0.08329
vn -0.17013 0.9819 -0.08329
vn -0.16478 0.98632 0.00367
vn -0.15817 0.98325 0.09061
vn -0.15817 0.98325 0.09061
vn -0.15036 0.97269 0.17685
vn -0.15036 0.97269 0.17685
vn -0.1414 0.95472 0.26175
vn -0.13137 0.92949 0.34465
vn -0.13137 0.92949 0.34465
vn -0.12033 0.89719 0.42494
vn -0.12033 0.89719 0.42494
vn -0.10839 0.85806 0.50199
vn -0.09561 0.81239 0.57522
vn -0.08211 0.76055 0.64406
vn -0.06799 0.70292 0.70801
vn -0.05335 0.63994 0.76658
vn -0.05335 0.63993 0.76658
vn -0.0383 0.57208 0.8193
vn -0.0383 0.57208 0.8193
vn -0.02296 0.49987 0.86579
vn -0.02296 0.49987 0.86579
vn -0.00744 0.42386 0.9057
vn 0.00813 0.34462 0.93871
vn 0.00813 0.34462 0.93871
vn 0.02364 0.26276 0.96457
vn 0.02364 0.26276 0.96457
vn 0.03897 0.1789 0.98309
vn 0.054 0.09369 0.99414
vn 0.06863 0.00774 0.99761
vn 0.06863 0.00776 0.99761
vn 0.08273 -0.07824 0.9935
vn 0.08273 -0.07826 0.99349
vn 0.09619 -0.16364 0.98182
vn 0.09619 -0.16364 0.98182
vn 0.10893 -0.24779 0.96267
vn 0.10893 -0.24779 0.96267
vn 0.12084 -0.33007 0.93619
vn 0.13183 -0.40982 0.90259
vn 0.13183 -0.40982 0.90259
vn 0.14182 -0.48644 0.86213
vn 0.14182 -0.48644 0.86213
vn 0.15073 -0.55939 0.81509
vn 0.15849 -0.62806 0.76185
vn 0.16504 -0.69195 0.70283
vn 0.17034 -0.75059 0.63843
vn 0.17034 -0.75059 0.63844
vn 0.17434 -0.8035 0.5692
vn 0.17434 -0.80351 0.5692
vn 0.17701 -0.85031 0.49562
vn 0.17701 -0.85031 0.49562
vn 0.17834 -0.89064 0.41828
vn 0.17834 -0.89064 0.41828
vn 0.17831 -0.92419 0.33775
vn 0.17831 -0.92419 0.33775
vn 0.17692 -0.95071 0.25465
vn 0.17419 -0.96999 0.16961
vn 0.17013 -0.9819 0.08329
vn -0.17013 0.9819 -0.08329
vn -0.17419 0.97001 -0.16954
vn -0.17419 0.96998 -0.16967
vn -0.17692 0.95071 -0.25464
vn -0.17692 0.9507 -0.25471
vn -0.17831 0.92418 -0.33778
vn -0.17831 0.92425 -0.33758
vn -0.17834 0.89066 -0.41824
vn -0.17834 0.89061 -0.41834
vn -0.17701 0.85029 -0.49566
vn -0.17701 0.8503 -0.49565
vn -0.17434 0.80352 -0.56917
vn -0.17033 0.75054 -0.6385
vn -0.17034 0.7506 -0.63843
vn -0.16505 0.69203 -0.70274
vn -0.16503 0.6919 -0.70287
vn -0.15849 0.62809 -0.76183
vn -0.15073 0.55939 -0.81508
vn -0.15073 0.5594 -0.81508
vn -0.14182 0.48643 -0.86213
vn -0.14181 0.48637 -0.86217
vn -0.13182 0.40977 -0.90261
vn -0.13183 0.40982 -0.90259
vn -0.12086 0.33017 -0.93615
vn -0.12085 0.33013 -0.93617
vn -0.10893 0.24779 -0.96267
vn -0.09619 0.16364 -0.98182
vn -0.08269 0.07803 -0.99352
vn -0.08273 0.0783 -0.99349
vn -0.06863 -0.00774 -0.99761
vn -0.06863 -0.00774 -0.99761
vn -0.054 -0.0937 -0.99413
vn -0.054 -0.0937 -0.99414
vn -0.03899 -0.17878 -0.98312
vn -0.03894 -0.17905 -0.98307
vn -0.02364 -0.26274 -0.96458
vn -0.02364 -0.26274 -0.96458
vn -0.00813 -0.3446 -0.93872
vn -0.00814 -0.34455 -0.93873
vn 0.00745 -0.42389 -0.90568
vn 0.00746 -0.42394 -0.90566
vn 0.02295 -0.49984 -0.86582
vn 0.0383 -0.57209 -0.81929
vn 0.05336 -0.63998 -0.76654
vn 0.05332 -0.63983 -0.76667
vn 0.06798 -0.70287 -0.70806
vn 0.06801 -0.703 -0.70793
vn 0.08211 -0.76053 -0.64408
vn 0.09563 -0.81244 -0.57515
vn 0.09561 -0.81238 -0.57524
vn 0.10838 -0.85804 -0.50202
vn 0.1084 -0.85809 -0.50193
vn 0.12034 -0.8972 -0.42491
vn 0.12032 -0.89716 -0.42501
vn 0.13136 -0.92948 -0.3447
vn 0.13137 -0.92951 -0.34462
vn 0.1414 -0.95473 -0.26172
vn 0.1414 -0.95471 -0.26179
vn 0.15036 -0.97269 -0.1768
vn 0.15035 -0.97268 -0.17688
vn 0.15816 -0.98324 -0.09067
vn 0.15817 -0.98325 -0.09056
vn 0.16478 -0.98632 -0.00367
vn 0.16478 -0.98632 -0.00367
vn 0.17013 -0.9819 0.08329
vn 0.17419 -0.96998 0.16967
vn 0.17418 -0.97001 0.16954
vn 0.17692 -0.95071 0.25464
vn 0.17692 -0.9507 0.25471
vn 0.17831 -0.92418 0.33778
vn 0.17831 -0.92421 0.3377
vn 0.17834 -0.89061 0.41834
vn 0.17701 -0.85035 0.49555
vn 0.17701 -0.8503 0.49565
vn 0.17434 -0.80352 0.56917
vn 0.17033 -0.75054 0.6385
vn 0.17034 -0.7506 0.63843
vn 0.16504 -0.69197 0.70281
vn 0.16503 -0.6919 0.70287
vn 0.15848 -0.62803 0.76188
vn 0.15849 -0.6281 0.76183
vn 0.15073 -0.5594 0.81508
vn 0.15073 -0.5594 0.81508
vn 0.14184 -0.48662 0.86202
vn 0.14181 -0.48637 0.86217
vn 0.13183 -0.40977 0.90261
vn 0.13183 -0.40982 0.90259
vn 0.12083 -0.32994 0.93624
vn 0.12086 -0.33017 0.93615
vn 0.10893 -0.24779 0.96267
vn 0.10893 -0.24776 0.96268
vn 0.09619 -0.16364 0.98182
vn 0.08273 -0.0783 0.99349
vn 0.06863 0.00774 0.99761
vn 0.054 0.0937 0.99414
vn 0.054 0.0937 0.99414
vn 0.03899 0.17878 0.98312
vn 0.03894 0.17905 0.98307
vn 0.02364 0.26277 0.96457
vn 0.02364 0.26274 0.96458
vn 0.0081 0.34478 0.93865
vn 0.00814 0.34455 0.93873
vn -0.00741 0.42368 0.90578
vn -0.00746 0.42394 0.90566
vn -0.023 0.50009 0.86567
vn -0.02295 0.49984 0.86582
vn -0.03829 0.57203 0.81934
vn -0.0383 0.57209 0.81929
vn -0.05334 0.63989 0.76661
vn -0.05332 0.63983 0.76667
vn -0.06799 0.70294 0.70799
vn -0.06801 0.703 0.70793
vn -0.08211 0.76053 0.64408
vn -0.09563 0.81244 0.57515
vn -0.09561 0.81238 0.57524
vn -0.10838 0.85803 0.50204
vn -0.1084 0.85809 0.50193
vn -0.12034 0.8972 0.42491
vn -0.12032 0.89716 0.42501
vn -0.13136 0.92946 0.34473
vn -0.13137 0.92951 0.34461
vn -0.14141 0.95474 0.26166
vn -0.1414 0.95471 0.26179
vn -0.15035 0.97267 0.17693
vn -0.15036 0.9727 0.17676
vn -0.15817 0.98325 0.09054
vn -0.15816 0.98324 0.09069
vn -0.16478 0.98632 0.00367
vn -0.16478 0.98632 0.00367
vn -0.17013 0.98189 -0.08331
vn -0.17013 0.9819 -0.08327
vn -0.17418 0.97002 -0.1695
vn -0.17419 0.96998 -0.16971
vn -0.17692 0.9507 -0.25471
vn -0.17692 0.95069 -0.25471
vn -0.17831 0.92418 -0.33778
vn -0.17831 0.92424 -0.33761
vn -0.17834 0.8907 -0.41814
vn -0.17834 0.89061 -0.41834
vn -0.17701 0.85029 -0.49566
vn -0.17434 0.80352 -0.56917
vn -0.17032 0.75043 -0.63863
vn -0.17035 0.75071 -0.6383
vn -0.16506 0.69217 -0.70261
vn -0.16503 0.69191 -0.70287
vn -0.15847 0.62794 -0.76195
vn -0.15846 0.62788 -0.76201
vn -0.15075 0.55957 -0.81496
vn -0.14181 0.48643 -0.86214
vn -0.1318 0.40961 -0.90269
vn -0.12086 0.33017 -0.93615
vn -0.12085 0.33013 -0.93617
vn -0.10893 0.24778 -0.96267
vn -0.09623 0.16389 -0.98177
vn -0.08269 0.07803 -0.99352
vn -0.08269 0.07804 -0.99351
vn -0.06863 -0.00774 -0.99761
vn -0.06862 -0.00774 -0.99761
vn -0.05396 -0.09395 -0.99411
vn -0.05405 -0.09344 -0.99416
vn -0.03904 -0.17855 -0.98316
vn -0.03895 -0.17903 -0.98307
vn -0.0236 -0.26298 -0.96451
vn -0.02359 -0.26301 -0.9645
vn -0.00819 -0.34433 -0.93881
vn 0.00746 -0.42394 -0.90566
vn 0.00745 -0.42389 -0.90568
vn 0.02295 -0.49984 -0.86582
vn 0.02296 -0.49989 -0.86578
vn 0.0383 -0.57209 -0.81929
vn 0.03829 -0.57203 -0.81934
vn 0.05336 -0.63998 -0.76654
vn 0.05337 -0.64004 -0.76648
vn 0.06798 -0.70287 -0.70806
vn 0.06796 -0.70281 -0.70813
vn 0.08214 -0.76064 -0.64396
vn 0.09561 -0.81238 -0.57524
vn 0.09563 -0.81244 -0.57515
vn 0.10838 -0.85802 -0.50204
vn 0.12035 -0.89725 -0.42481
vn 0.12032 -0.89716 -0.42501
vn 0.13136 -0.92948 -0.3447
vn 0.13138 -0.92954 -0.34453
vn 0.1414 -0.95473 -0.26171
vn 0.14139 -0.9547 -0.26185
vn 0.15036 -0.97269 -0.17681
vn 0.15035 -0.97267 -0.17693
vn 0.15816 -0.98324 -0.09068
vn 0.15818 -0.98325 -0.09051
vn 0.16478 -0.98632 -0.00367
vn 0.17013 -0.9819 0.08327
vn 0.17419 -0.96998 0.16971
vn 0.17419 -0.97 0.16958
vn 0.17692 -0.95073 0.25458
vn 0.17692 -0.95069 0.25471
vn 0.17831 -0.92418 0.33778
vn 0.17834 -0.89066 0.41824
vn 0.17834 -0.8907 0.41814
vn 0.17701 -0.85023 0.49575
vn 0.17701 -0.85029 0.49566
vn 0.17434 -0.80352 0.56917
vn 0.17434 -0.80353 0.56917
vn 0.17035 -0.75071 0.6383
vn 0.17034 -0.75064 0.63837
vn 0.15847 -0.62788 0.76201
vn 0.15847 -0.62794 0.76195
vn 0.15075 -0.55957 0.81496
vn 0.14181 -0.48643 0.86213
vn 0.14181 -0.48637 0.86217
vn 0.13186 -0.41003 0.90249
vn 0.13181 -0.40961 0.90269
vn 0.12079 -0.32967 0.93634
vn 0.10893 -0.24778 0.96267
vn 0.09623 -0.16389 0.98177
vn 0.08269 -0.07804 0.99351
vn 0.08269 -0.07803 0.99352
vn 0.06862 0.00774 0.99761
vn 0.06862 0.00775 0.99761
vn 0.05404 0.09344 0.99416
vn 0.05405 0.09343 0.99416
vn 0.03895 0.17903 0.98307
vn 0.03894 0.17905 0.98307
vn 0.02359 0.26301 0.9645
vn 0.0236 0.26298 0.96451
vn 0.00819 0.34433 0.93881
vn -0.00745 0.42389 0.90568
vn -0.00746 0.42394 0.90566
vn -0.02296 0.49989 0.86578
vn -0.03829 0.57203 0.81934
vn -0.0383 0.57209 0.81929
vn -0.05337 0.64004 0.76648
vn -0.05336 0.63998 0.76654
vn -0.06798 0.70287 0.70806
vn -0.08212 0.76058 0.64403
vn -0.08214 0.76064 0.64396
vn -0.09563 0.81244 0.57515
vn -0.09563 0.81244 0.57515
vn -0.10838 0.85803 0.50204
vn -0.10836 0.85797 0.50214
vn -0.12033 0.89716 0.42501
vn -0.13138 0.92954 0.34453
vn -0.14139 0.9547 0.26185
vn -0.15037 0.97271 0.17672
vn -0.15817 0.98325 0.09051
vn -0.15816 0.98324 0.09068
vn -0.17013 0.9819 -0.08327
vn -0.17419 0.96999 -0.16965
vn -0.17419 0.96999 -0.16965
vn -0.17692 0.95073 -0.25458
vn -0.17692 0.95073 -0.25458
vn -0.17831 0.9242 -0.33772
vn -0.17834 0.89061 -0.41834
vn -0.17701 0.85026 -0.49571
vn -0.17702 0.85039 -0.49548
vn -0.17434 0.80352 -0.56917
vn -0.17433 0.80335 -0.56942
vn -0.17034 0.75067 -0.63833
vn -0.16503 0.6919 -0.70287
vn -0.16503 0.69191 -0.70287
vn -0.15847 0.62792 -0.76198
vn -0.1585 0.62822 -0.76172
vn -0.15075 0.55957 -0.81496
vn -0.15071 0.55922 -0.81521
vn -0.14181 0.4864 -0.86215
vn -0.13186 0.41003 -0.90249
vn -0.12079 0.32969 -0.93633
vn -0.12086 0.33015 -0.93616
vn -0.10894 0.24779 -0.96267
vn -0.10893 0.24778 -0.96267
vn -0.09624 0.16389 -0.98177
vn -0.09616 0.16339 -0.98186
vn -0.08269 0.07804 -0.99352
vn -0.08269 0.07804 -0.99352
vn -0.06863 -0.00774 -0.99761
vn -0.05404 -0.09344 -0.99416
vn -0.03894 -0.17904 -0.98307
vn -0.02369 -0.2625 -0.96464
vn -0.0081 -0.34478 -0.93865
vn -0.0081 -0.34478 -0.93865
vn 0.00745 -0.42392 -0.90567
vn 0.00745 -0.42392 -0.90567
vn 0.02296 -0.49986 -0.8658
vn 0.0383 -0.57209 -0.81929
vn 0.05336 -0.63998 -0.76654
vn 0.06798 -0.70287 -0.70806
vn 0.08213 -0.76061 -0.64399
vn 0.08207 -0.7604 -0.64425
vn 0.09562 -0.81244 -0.57515
vn 0.10837 -0.858 -0.50209
vn 0.10841 -0.85813 -0.50186
vn 0.12033 -0.89716 -0.42501
vn 0.13138 -0.92954 -0.34453
vn 0.13136 -0.92948 -0.3447
vn 0.14139 -0.9547 -0.26185
vn 0.1414 -0.95473 -0.26171
vn 0.15035 -0.97268 -0.17687
vn 0.15817 -0.98325 -0.09057
vn 0.16477 -0.98632 -0.00368
vn 0.16478 -0.98632 -0.00367
vn 0.17013 -0.98189 0.08331
vn 0.17419 -0.97 0.16956
vn 0.17419 -0.97 0.16956
vn 0.17692 -0.9507 0.25471
vn 0.17692 -0.95069 0.25471
vn 0.17831 -0.92418 0.33778
vn 0.17831 -0.92418 0.33778
vn 0.17834 -0.8907 0.41814
vn 0.17834 -0.89061 0.41834
vn 0.17701 -0.85026 0.49571
vn 0.17702 -0.85039 0.49548
vn 0.17434 -0.80352 0.56917
vn 0.17033 -0.75049 0.63855
vn 0.16506 -0.69216 0.70261
vn 0.16504 -0.6919 0.70287
vn 0.15847 -0.62791 0.76198
vn 0.1585 -0.62822 0.76172
vn 0.15075 -0.55957 0.81496
vn 0.15071 -0.55922 0.81521
vn 0.14181 -0.4864 0.86215
vn 0.14186 -0.48679 0.86192
vn 0.1318 -0.40958 0.9027
vn 0.12086 -0.33017 0.93615
vn 0.10893 -0.24777 0.96268
vn 0.09624 -0.16391 0.98177
vn 0.09616 -0.1634 0.98186
vn 0.08269 -0.07804 0.99351
vn 0.08277 -0.07855 0.99347
vn 0.06863 0.00774 0.99761
vn 0.06862 0.00774 0.99761
vn 0.05395 0.09396 0.99411
vn 0.05396 0.09395 0.99411
vn 0.03903 0.17854 0.98316
vn 0.0236 0.263 0.96451
vn 0.00819 0.34433 0.93881
vn 0.0081 0.34478 0.93865
vn -0.00745 0.42392 0.90567
vn -0.00737 0.42349 0.90587
vn -0.02296 0.49986 0.8658
vn -0.02303 0.50025 0.86557
vn -0.03829 0.57206 0.81931
vn -0.05336 0.64001 0.76651
vn -0.0533 0.63971 0.76677
vn -0.06797 0.70284 0.70809
vn -0.06803 0.7031 0.70783
vn -0.08214 0.76064 0.64396
vn -0.08208 0.76043 0.64421
vn -0.09562 0.81241 0.5752
vn -0.10838 0.85803 0.50204
vn -0.12035 0.89725 0.42481
vn -0.13136 0.92948 0.3447
vn -0.1414 0.95473 0.26171
vn -0.15035 0.97268 0.17687
vn -0.15035 0.97268 0.17687
vn -0.15817 0.98325 0.09063
vn -0.15817 0.98325 0.09062
vn -0.16478 0.98632 0.00367
vn -0.17013 0.9819 -0.08329
vn -0.17419 0.96998 -0.16967
vn -0.17419 0.96999 -0.16966
vn -0.17692 0.95073 -0.25458
vn -0.17692 0.95073 -0.25459
vn -0.17831 0.92418 -0.33778
vn -0.17831 0.92418 -0.33778
vn -0.17834 0.89061 -0.41834
vn -0.17834 0.89066 -0.41824
vn -0.17701 0.85032 -0.4956
vn -0.17701 0.85026 -0.49572
vn -0.17434 0.80352 -0.56917
vn -0.17033 0.75057 -0.63846
vn -0.16504 0.69194 -0.70284
vn -0.16505 0.69207 -0.7027
vn -0.15849 0.62806 -0.76185
vn -0.15073 0.55939 -0.81508
vn -0.15073 0.55939 -0.81508
vn -0.14181 0.4864 -0.86215
vn -0.14181 0.4864 -0.86215
vn -0.13186 0.41 -0.9025
vn -0.13183 0.4098 -0.9026
vn -0.12083 0.32994 -0.93624
vn -0.12082 0.32994 -0.93624
vn -0.10893 0.24777 -0.96268
vn -0.10897 0.24801 -0.96261
vn -0.0962 0.16364 -0.98182
vn -0.0962 0.16364 -0.98182
vn -0.08273 0.07829 -0.99349
vn -0.08269 0.07805 -0.99351
vn -0.06863 -0.00774 -0.99761
vn -0.06862 -0.00775 -0.99761
vn -0.054 -0.0937 -0.99414
vn -0.054 -0.0937 -0.99414
vn -0.03899 -0.17879 -0.98311
vn -0.03899 -0.17879 -0.98311
vn -0.02364 -0.26274 -0.96458
vn -0.02364 -0.26276 -0.96457
vn -0.00809 -0.3448 -0.93864
vn -0.00814 -0.34455 -0.93873
vn 0.00745 -0.42392 -0.90567
vn 0.00745 -0.42392 -0.90567
vn 0.02295 -0.49986 -0.8658
vn 0.02295 -0.49986 -0.8658
vn 0.03829 -0.57206 -0.81931
vn 0.03829 -0.57206 -0.81931
vn 0.05333 -0.63986 -0.76664
vn 0.05336 -0.64001 -0.76651
vn 0.068 -0.70297 -0.70796
vn 0.06797 -0.70284 -0.7081
vn 0.08211 -0.76053 -0.64408
vn 0.08211 -0.76054 -0.64408
vn 0.09562 -0.81241 -0.5752
vn 0.09562 -0.81241 -0.57519
vn 0.10837 -0.858 -0.50209
vn 0.10839 -0.85806 -0.50198
vn 0.12034 -0.8972 -0.42491
vn 0.13137 -0.92951 -0.34462
vn 0.13136 -0.92948 -0.3447
vn 0.1414 -0.95471 -0.26178
vn 0.1414 -0.95473 -0.26171
vn 0.15035 -0.97268 -0.17687
vn 0.15035 -0.97268 -0.17687
vn 0.15817 -0.98325 -0.0906
vn 0.15817 -0.98325 -0.0906
vn 0.16478 -0.98632 -0.00367
vn 0.16478 -0.98632 -0.00366
vn 0.17013 -0.9819 0.08329
vn 0.17419 -0.96998 0.16967
vn 0.17419 -0.96999 0.16966
vn 0.17692 -0.95073 0.25458
vn 0.17692 -0.95073 0.25459
vn 0.17834 -0.89066 0.41824
vn 0.17834 -0.89061 0.41834
vn 0.17701 -0.85032 0.4956
vn 0.17701 -0.85032 0.4956
vn 0.17433 -0.80344 0.56929
vn 0.17434 -0.80353 0.56916
vn 0.17033 -0.75057 0.63846
vn 0.16505 -0.69207 0.70271
vn 0.16504 -0.69194 0.70284
vn 0.15849 -0.62807 0.76185
vn 0.15849 -0.62806 0.76185
vn 0.15073 -0.55939 0.81508
vn 0.15073 -0.55939 0.81508
vn 0.14181 -0.4864 0.86215
vn 0.14184 -0.48659 0.86204
vn 0.13183 -0.4098 0.9026
vn 0.13183 -0.4098 0.9026
vn 0.12086 -0.33017 0.93615
vn 0.12083 -0.32994 0.93624
vn 0.10893 -0.24777 0.96267
vn 0.0962 -0.16364 0.98182
vn 0.08269 -0.07804 0.99351
vn 0.08273 -0.0783 0.99349
vn 0.06863 0.00774 0.99761
vn 0.06862 0.00775 0.99761
vn 0.054 0.0937 0.99414
vn 0.054 0.0937 0.99414
vn 0.03899 0.17879 0.98311
vn 0.03899 0.17879 0.98311
vn 0.02364 0.26276 0.96457
vn 0.00814 0.34455 0.93873
vn 0.0081 0.34478 0.93865
vn -0.00745 0.42392 0.90567
vn -0.00741 0.42371 0.90577
vn -0.02296 0.49986 0.8658
vn -0.02296 0.49986 0.8658
vn -0.03829 0.57206 0.81931
vn -0.03833 0.57224 0.81919
vn -0.05336 0.64001 0.76651
vn -0.05333 0.63986 0.76664
vn -0.06797 0.70284 0.70809
vn -0.068 0.70297 0.70797
vn -0.08211 0.76053 0.64408
vn -0.08211 0.76054 0.64408
vn -0.09562 0.81241 0.57519
vn -0.10839 0.85806 0.50198
vn -0.10837 0.858 0.50209
vn -0.12034 0.8972 0.42491
vn -0.12034 0.8972 0.42491
vn -0.13136 0.92948 0.3447
vn -0.13137 0.92951 0.34461
vn -0.1414 0.95473 0.26171
vn -0.1414 0.95471 0.26178
vn -0.15036 0.97269 0.17681
vn -0.15035 0.97268 0.17687
vn -0.15816 0.98324 0.09066
vn -0.15817 0.98325 0.0906
vn -0.16477 0.98632 0.00368
vn -0.16478 0.98632 0.00366
vn -0.16477 0.98632 0.00368
vn -0.15817 0.98325 0.09061
vn -0.15817 0.98325 0.09061
vn -0.15036 0.97269 0.17685
vn -0.15036 0.97269 0.17685
vn -0.1414 0.95472 0.26175
vn -0.1414 0.95472 0.26175
vn -0.13137 0.92949 0.34466
vn -0.13137 0.92949 0.34466
vn -0.12034 0.89719 0.42493
vn -0.12033 0.89719 0.42494
vn -0.10839 0.85806 0.50199
vn -0.10839 0.85806 0.50199
vn -0.09561 0.81239 0.57522
vn -0.09562 0.8124 0.57521
vn -0.08211 0.76055 0.64407
vn -0.06799 0.70292 0.70801
vn -0.05335 0.63993 0.76658
vn -0.0383 0.57207 0.81931
vn -0.02296 0.49988 0.86579
vn -0.00744 0.42387 0.90569
vn -0.00744 0.42385 0.9057
vn 0.00813 0.34461 0.93871
vn 0.00813 0.34463 0.9387
vn 0.02364 0.26276 0.96457
vn 0.03897 0.1789 0.98309
vn 0.03897 0.1789 0.98309
vn 0.054 0.09368 0.99414
vn 0.054 0.09368 0.99414
vn 0.06862 0.00776 0.99761
vn 0.08272 -0.07824 0.9935
vn 0.0962 -0.16365 0.98182
vn 0.10893 -0.2478 0.96267
vn 0.12084 -0.33005 0.9362
vn 0.13183 -0.40982 0.90259
vn 0.14182 -0.48645 0.86212
vn 0.14182 -0.48645 0.86212
vn 0.15072 -0.55938 0.81509
vn 0.15072 -0.55938 0.81509
vn 0.15848 -0.62806 0.76185
vn 0.15849 -0.62807 0.76185
vn 0.16504 -0.69196 0.70282
vn 0.17034 -0.75058 0.63844
vn 0.17034 -0.75058 0.63845
vn 0.17434 -0.8035 0.5692
vn 0.17434 -0.80351 0.56919
vn 0.17701 -0.85031 0.49562
vn 0.17701 -0.8503 0.49563
vn 0.17834 -0.89064 0.41828
vn 0.17834 -0.89064 0.41827
vn 0.17831 -0.92419 0.33776
vn 0.17831 -0.92419 0.33775
vn 0.17692 -0.95071 0.25465
vn 0.17419 -0.96999 0.16961
vn 0.17419 -0.96999 0.16962
vn 0.17013 -0.9819 0.08329
vn 0.17013 -0.9819 0.08329
vn 0.16478 -0.98632 -0.00368
vn 0.16477 -0.98632 -0.00367
vn 0.15817 -0.98325 -0.09061
vn 0.15817 -0.98325 -0.09061
vn 0.15036 -0.97269 -0.17685
vn 0.1414 -0.95472 -0.26175
vn 0.13137 -0.92949 -0.34466
vn 0.12034 -0.89719 -0.42494
vn 0.10839 -0.85806 -0.50199
vn 0.09561 -0.81239 -0.57522
vn 0.08211 -0.76055 -0.64407
vn 0.08211 -0.76055 -0.64406
vn 0.06799 -0.70292 -0.70802
vn 0.06799 -0.70292 -0.70801
vn 0.05334 -0.63993 -0.76658
vn 0.05334 -0.63993 -0.76658
vn 0.0383 -0.57209 -0.8193
vn 0.0383 -0.57208 -0.81931
vn 0.02296 -0.49986 -0.8658
vn 0.02296 -0.49988 -0.86579
vn 0.00744 -0.42387 -0.90569
vn 0.00744 -0.42386 -0.9057
vn -0.00813 -0.34462 -0.93871
vn -0.02364 -0.26276 -0.96457
vn -0.03897 -0.1789 -0.98309
vn -0.03897 -0.17891 -0.98309
vn -0.054 -0.09369 -0.99414
vn -0.054 -0.09368 -0.99414
vn -0.06862 -0.00775 -0.99761
vn -0.06862 -0.00775 -0.99761
vn -0.08273 0.07825 -0.9935
vn -0.08273 0.07824 -0.9935
vn -0.0962 0.16364 -0.98182
vn -0.0962 0.16365 -0.98182
vn -0.10893 0.2478 -0.96267
vn -0.10893 0.24779 -0.96267
vn -0.12084 0.33006 -0.93619
vn -0.13183 0.40981 -0.90259
vn -0.13183 0.40982 -0.90259
vn -0.14182 0.48645 -0.86212
vn -0.14182 0.48645 -0.86212
vn -0.15073 0.55939 -0.81509
vn -0.15073 0.55938 -0.81509
vn -0.15849 0.62806 -0.76186
vn -0.15848 0.62806 -0.76185
vn -0.16504 0.69196 -0.70282
vn -0.17034 0.75059 -0.63844
vn -0.17034 0.75059 -0.63844
vn -0.17434 0.80351 -0.56919
vn -0.17434 0.80351 -0.56919
vn -0.17701 0.85031 -0.49563
vn -0.17701 0.85031 -0.49562
vn -0.17834 0.89064 -0.41828
vn -0.17834 0.89064 -0.41828
vn -0.17831 0.92419 -0.33775
vn -0.17831 0.92419 -0.33775
vn -0.17692 0.95071 -0.25465
vn -0.17419 0.96999 -0.16962
vn -0.17419 0.96999 -0.16962
vn -0.17013 0.9819 -0.08329
vn -0.17013 0.9819 -0.08329
vn 0.16478 -0.98632 -0.00367
vn 0.16477 -0.98632 -0.00368
vn 0.15817 -0.98325 -0.09061
vn 0.15035 -0.97269 -0.17685
vn 0.15036 -0.97269 -0.17685
vn 0.1414 -0.95472 -0.26175
vn 0.13137 -0.92949 -0.34466
vn 0.12033 -0.89719 -0.42494
vn 0.12034 -0.89719 -0.42494
vn 0.10839 -0.85806 -0.50198
vn 0.10838 -0.85805 -0.50199
vn 0.09561 -0.81239 -0.57522
vn 0.09561 -0.8124 -0.57521
vn 0.08211 -0.76054 -0.64408
vn 0.08212 -0.76055 -0.64407
vn 0.06799 -0.70292 -0.70801
vn 0.06799 -0.70292 -0.70801
vn 0.05335 -0.63994 -0.76657
vn 0.05334 -0.63992 -0.76659
vn 0.03829 -0.57207 -0.81931
vn 0.0383 -0.5721 -0.81929
vn 0.02296 -0.49987 -0.8658
vn 0.02296 -0.49987 -0.8658
vn 0.00745 -0.42387 -0.90569
vn 0.00744 -0.42385 -0.9057
vn -0.00814 -0.34461 -0.93871
vn -0.00812 -0.34464 -0.9387
vn -0.02363 -0.26278 -0.96457
vn -0.02364 -0.26276 -0.96457
vn -0.03897 -0.1789 -0.9831
vn -0.05401 -0.09368 -0.99414
vn -0.05401 -0.09368 -0.99414
vn -0.06863 -0.00773 -0.99761
vn -0.06862 -0.00776 -0.99761
vn -0.08272 0.07824 -0.9935
vn -0.08272 0.07824 -0.9935
vn -0.09619 0.16362 -0.98182
vn -0.0962 0.16365 -0.98182
vn -0.10894 0.24781 -0.96266
vn -0.10893 0.24778 -0.96267
vn -0.12084 0.33007 -0.93619
vn -0.13183 0.40981 -0.90259
vn -0.14181 0.48644 -0.86213
vn -0.14182 0.48646 -0.86212
vn -0.15073 0.55938 -0.81509
vn -0.15073 0.55938 -0.81509
vn -0.15849 0.62807 -0.76185
vn -0.15848 0.62805 -0.76186
vn -0.16504 0.69195 -0.70283
vn -0.16504 0.69197 -0.70281
vn -0.17034 0.75059 -0.63844
vn -0.17033 0.75058 -0.63845
vn -0.17433 0.8035 -0.5692
vn -0.17434 0.80351 -0.56918
vn -0.17701 0.85031 -0.49562
vn -0.17701 0.8503 -0.49564
vn -0.17834 0.89064 -0.41828
vn -0.17834 0.89064 -0.41828
vn -0.17831 0.92419 -0.33776
vn -0.17831 0.92419 -0.33775
vn -0.17692 0.95071 -0.25465
vn -0.17419 0.96999 -0.16962
vn -0.17419 0.96999 -0.16961
vn -0.17013 0.9819 -0.08329
vn -0.17013 0.9819 -0.08329
vn -0.16478 0.98632 0.00368
vn -0.16478 0.98632 0.00367
vn -0.15817 0.98325 0.09061
vn -0.15817 0.98325 0.0906
vn -0.15035 0.97269 0.17685
vn -0.15036 0.97269 0.17685
vn -0.1414 0.95472 0.26175
vn -0.13137 0.92949 0.34466
vn -0.12034 0.89719 0.42494
vn -0.10839 0.85805 0.50199
vn -0.10839 0.85806 0.50198
vn -0.09561 0.8124 0.57521
vn -0.09561 0.81239 0.57522
vn -0.08211 0.76055 0.64407
vn -0.06799 0.70292 0.70801
vn -0.05335 0.63993 0.76658
vn -0.0383 0.57207 0.81931
vn -0.0383 0.57208 0.81931
vn -0.02296 0.49987 0.8658
vn -0.02296 0.49988 0.86579
vn -0.00744 0.42386 0.9057
vn -0.00744 0.42386 0.9057
vn 0.00813 0.34464 0.9387
vn 0.00813 0.34462 0.93871
vn 0.02364 0.26276 0.96457
vn 0.03897 0.17891 0.98309
vn 0.03897 0.17892 0.98309
vn 0.054 0.09368 0.99414
vn 0.054 0.09368 0.99414
vn 0.06862 0.00775 0.99761
vn 0.08272 -0.07824 0.9935
vn 0.0962 -0.16365 0.98182
vn 0.0962 -0.16364 0.98182
vn 0.10894 -0.24779 0.96267
vn 0.10894 -0.2478 0.96267
vn 0.12084 -0.33005 0.9362
vn 0.12084 -0.33007 0.93619
vn 0.13183 -0.40982 0.90259
vn 0.13183 -0.40981 0.90259
vn 0.14182 -0.48645 0.86212
vn 0.14182 -0.48646 0.86212
vn 0.15072 -0.55938 0.81509
vn 0.15848 -0.62806 0.76185
vn 0.16504 -0.69195 0.70283
vn 0.17034 -0.75059 0.63843
vn 0.17034 -0.75059 0.63844
vn 0.17434 -0.8035 0.5692
vn 0.17434 -0.8035 0.5692
vn 0.17701 -0.85031 0.49562
vn 0.17701 -0.85031 0.49562
vn 0.17834 -0.89064 0.41828
vn 0.17831 -0.92419 0.33775
vn 0.17831 -0.92419 0.33775
vn 0.17692 -0.95071 0.25465
vn 0.17419 -0.96999 0.16962
vn 0.17013 -0.9819 0.08329
vn -0.98394 -0.16463 0.06897
vn -0.98394 -0.16463 0.06899
vn -0.98394 -0.16464 0.06894
vn -0.98394 -0.16463 0.06893
vn -0.98394 -0.16463 0.06896
vn -0.98394 -0.16463 0.06897
vn -0.98394 -0.16463 0.06897
vn -0.98394 -0.16463 0.06893
vn -0.98394 -0.16463 0.06897
vn -0.98394 -0.16463 0.06896
vn -0.98394 -0.16463 0.06896
vn -0.98394 -0.16463 0.06896
vn -0.98394 -0.16463 0.06896
vn -0.98394 -0.16463 0.06896
vn -0.98394 -0.16463 0.06896
vn -0.98394 -0.16463 0.06896
vn -0.98394 -0.16463 0.06896
vn -0.98394 -0.16463 0.06897
vn -0.98394 -0.16463 0.06896
vn -0.98394 -0.16464 0.06893
vn -0.98394 -0.16463 0.06897
vn -0.98394 -0.16463 0.06898
vn -0.98394 -0.16463 0.06898
vn -0.98394 -0.16464 0.06895
vn -0.98394 -0.16463 0.06897
vn -0.98394 -0.16463 0.06896
vn -0.98394 -0.16463 0.06897
vn -0.98394 -0.16463 0.06896
vn -0.98394 -0.16463 0.06896
vn -0.98394 -0.16463 0.06895
vn 0.06138 0.05075 0.99682
vn 0.06132 0.05082 0.99682
vn 0.06131 0.05069 0.99683
vn 0.06138 0.05074 0.99682
vn 0.06137 0.05035 0.99684
vn 0.06137 0.05032 0.99685
vn 0.06142 0.05071 0.99682
vn 0.06135 0.05073 0.99683
vn 0.06139 0.05078 0.99682
vn 0.06136 0.05075 0.99682
vn 0.06136 0.05074 0.99682
vn 0.06136 0.05074 0.99682
vn 0.06142 0.05087 0.99682
vn 0.06137 0.05076 0.99682
vn 0.06133 0.05081 0.99682
vn 0.0614 0.05073 0.99682
vn 0.06137 0.05076 0.99682
vn 0.06139 0.05078 0.99682
vn 0.06136 0.05075 0.99682
vn 0.06137 0.05076 0.99682
vn 0.06134 0.05072 0.99683
vn 0.06143 0.05084 0.99682
vn 0.06124 0.05082 0.99683
vn 0.06148 0.05071 0.99682
vn 0.06142 0.05075 0.99682
vn 0.06138 0.05076 0.99682
vn 0.06138 0.05076 0.99682
vn 0.06137 0.05073 0.99682
vn 0.06137 0.05072 0.99683
vn 0.06137 0.05074 0.99682
vn 0.06132 0.05082 0.99682
vn 0.06143 0.05085 0.99682
vn 0.06138 0.05077 0.99682
vn 0.06138 0.05079 0.99682
vn 0.06135 0.05069 0.99683
vn 0.06127 0.05062 0.99684
vn 0.06145 0.05089 0.99681
vn 0.06135 0.05072 0.99683
vn 0.06139 0.0508 0.99682
vn 0.06132 0.05068 0.99683
vn 0.06137 0.05076 0.99682
vn 0.06139 0.05072 0.99682
vn 0.06141 0.05067 0.99683
vn 0.06138 0.05076 0.99682
vn 0.06139 0.05075 0.99682
vn 0.06142 0.05083 0.99682
vn 0.06137 0.05076 0.99682
vn 0.06134 0.05071 0.99683
vn 0.06138 0.05076 0.99682
vn 0.06134 0.05078 0.99682
vn 0.06136 0.05077 0.99682
vn 0.06141 0.05076 0.99682
vn 0.06141 0.05075 0.99682
vn 0.06134 0.05077 0.99682
vn 0.06137 0.05078 0.99682
vn 0.06138 0.05072 0.99682
vn 0.06135 0.05092 0.99682
vn 0.06137 0.05078 0.99682
vn 0.06138 0.0507 0.99683
vn 0.06134 0.05108 0.99681
vn 0.06139 0.05054 0.99683
vn 0.06134 0.05079 0.99682
vn 0.06136 0.05077 0.99682
vn 0.06139 0.05075 0.99682
vn 0.0614 0.05074 0.99682
vn 0.06134 0.05078 0.99682
vn 0.0613 0.05081 0.99683
vn 0.06144 0.05072 0.99682
vn 0.06127 0.05082 0.99683
vn 0.06137 0.05076 0.99682
vn 0.06134 0.05072 0.99683
vn 0.06134 0.05073 0.99683
vn 0.06138 0.05076 0.99682
vn 0.06137 0.05076 0.99682
vn 0.06134 0.05069 0.99683
vn 0.06137 0.05076 0.99682
vn 0.06137 0.05076 0.99682
vn 0.06137 0.05076 0.99682
vn 0.06132 0.05072 0.99683
vn 0.06135 0.05075 0.99683
vn 0.06127 0.05079 0.99683
vn 0.06139 0.05076 0.99682
vn 0.06141 0.05076 0.99682
vn 0.06132 0.05072 0.99683
vn 0.06137 0.05077 0.99682
vn 0.0614 0.05062 0.99683
vn 0.06136 0.05085 0.99682
vn 0.06137 0.05075 0.99682
vn 0.06138 0.05074 0.99682
vn 0.06135 0.05087 0.99682
vn 0.06139 0.05068 0.99683
vn 0.06135 0.05085 0.99682
vn 0.06137 0.05075 0.99682
vn 0.06137 0.05085 0.99682
vn 0.06137 0.05078 0.99682
vn 0.06137 0.05072 0.99683
vn 0.06136 0.05093 0.99682
vn 0.06139 0.0506 0.99683
vn 0.06136 0.0509 0.99682
vn 0.06136 0.05089 0.99682
vn 0.06137 0.05076 0.99682
vn 0.06137 0.05076 0.99682
vn 0.06141 0.05073 0.99682
vn 0.06132 0.05083 0.99682
vn 0.06139 0.05075 0.99682
vn 0.06138 0.05075 0.99682
vn 0.06138 0.05075 0.99682
vn 0.06138 0.05076 0.99682
vn 0.06147 0.05086 0.99681
vn 0.06133 0.05072 0.99683
vn 0.06138 0.05077 0.99682
vn 0.06149 0.05075 0.99682
vn 0.06119 0.05079 0.99683
vn 0.06138 0.05077 0.99682
vn 0.0613 0.05071 0.99683
vn 0.06131 0.05072 0.99683
vn 0.06133 0.05073 0.99683
vn 0.0614 0.05078 0.99682
vn 0.06136 0.05075 0.99682
vn 0.06148 0.05088 0.99681
vn 0.06132 0.05071 0.99683
vn 0.06136 0.05075 0.99683
vn 0.06136 0.05075 0.99682
vn 0.06144 0.05084 0.99682
vn 0.06138 0.05077 0.99682
vn 0.06138 0.05077 0.99682
vn 0.06134 0.05073 0.99683
vn 0.06137 0.05077 0.99682
vn 0.06133 0.05079 0.99682
vn 0.0614 0.05075 0.99682
vn 0.06145 0.05083 0.99682
vn 0.06137 0.05076 0.99682
vn 0.06132 0.05072 0.99683
vn 0.06136 0.05086 0.99682
vn 0.06137 0.05076 0.99682
vn 0.06137 0.05074 0.99682
vn 0.06138 0.0507 0.99683
vn 0.06136 0.05084 0.99682
vn 0.06138 0.05073 0.99682
vn 0.06138 0.05073 0.99682
vn 0.06138 0.05074 0.99682
vn 0.06139 0.05065 0.99683
vn 0.06138 0.05072 0.99682
vn 0.06138 0.05072 0.99682
vn 0.06132 0.05103 0.99681
vn 0.06137 0.05079 0.99682
vn 0.06137 0.05076 0.99682
vn 0.06141 0.05072 0.99682
vn 0.0613 0.05085 0.99682
vn -0.06139 -0.05078 -0.99682
vn -0.06138 -0.05077 -0.99682
vn -0.06137 -0.05076 -0.99682
vn -0.06148 -0.05075 -0.99682
vn -0.06141 -0.05076 -0.99682
vn -0.06139 -0.05076 -0.99682
vn -0.06144 -0.05072 -0.99682
vn -0.06136 -0.0507 -0.99683
vn -0.0614 -0.05081 -0.99682
vn -0.06146 -0.05089 -0.99681
vn -0.06127 -0.05062 -0.99684
vn -0.06138 -0.05077 -0.99682
vn -0.06144 -0.05085 -0.99681
vn -0.06136 -0.05075 -0.99683
vn -0.06136 -0.05077 -0.99682
vn -0.0614 -0.05076 -0.99682
vn -0.06134 -0.05078 -0.99682
vn -0.06138 -0.05076 -0.99682
vn -0.06138 -0.05076 -0.99682
vn -0.06139 -0.05076 -0.99682
vn -0.06142 -0.05075 -0.99682
vn -0.06124 -0.05083 -0.99683
vn -0.06136 -0.05077 -0.99682
vn -0.06134 -0.05078 -0.99682
vn -0.06138 -0.05075 -0.99682
vn -0.06137 -0.05073 -0.99683
vn -0.06136 -0.05068 -0.99683
vn -0.06139 -0.05084 -0.99682
vn -0.06137 -0.05075 -0.99682
vn -0.06138 -0.05078 -0.99682
vn -0.06132 -0.05068 -0.99683
vn -0.06139 -0.0508 -0.99682
vn -0.06134 -0.05072 -0.99683
vn -0.06133 -0.05073 -0.99683
vn -0.06132 -0.05073 -0.99683
vn -0.06138 -0.05077 -0.99682
vn -0.06148 -0.05075 -0.99682
vn -0.0612 -0.05079 -0.99683
vn -0.06127 -0.05079 -0.99683
vn -0.06133 -0.05077 -0.99683
vn -0.06142 -0.05075 -0.99682
vn -0.06137 -0.05079 -0.99682
vn -0.06137 -0.05077 -0.99682
vn -0.06137 -0.05076 -0.99682
vn -0.06137 -0.05077 -0.99682
vn -0.06139 -0.05087 -0.99682
vn -0.06137 -0.05075 -0.99682
vn -0.06139 -0.05079 -0.99682
vn -0.06145 -0.0509 -0.99681
vn -0.06136 -0.05075 -0.99683
vn -0.06144 -0.05083 -0.99682
vn -0.06137 -0.05076 -0.99682
vn -0.06138 -0.0505 -0.99684
vn -0.06137 -0.05125 -0.9968
vn -0.06139 -0.05074 -0.99682
vn -0.06138 -0.05078 -0.99682
vn -0.06136 -0.05077 -0.99682
vn -0.06134 -0.05079 -0.99682
vn -0.06142 -0.05072 -0.99682
vn -0.06139 -0.05074 -0.99682
vn -0.06132 -0.05083 -0.99682
vn -0.06137 -0.05077 -0.99682
vn -0.06139 -0.05092 -0.99681
vn -0.06137 -0.05073 -0.99682
vn -0.06137 -0.05077 -0.99682
vn -0.06132 -0.05072 -0.99683
vn -0.06133 -0.05072 -0.99683
vn -0.06139 -0.05078 -0.99682
vn -0.06138 -0.05077 -0.99682
vn -0.06133 -0.05071 -0.99683
vn -0.06133 -0.05071 -0.99683
vn -0.06144 -0.05085 -0.99681
vn -0.06137 -0.05076 -0.99682
vn -0.06137 -0.05076 -0.99682
vn -0.06138 -0.05068 -0.99683
vn -0.06139 -0.05068 -0.99683
vn -0.06137 -0.05075 -0.99682
vn -0.06138 -0.05067 -0.99683
vn -0.06137 -0.05075 -0.99682
vn -0.06137 -0.05078 -0.99682
vn -0.06137 -0.05072 -0.99683
vn -0.06138 -0.05071 -0.99683
vn -0.06138 -0.05076 -0.99682
vn -0.06138 -0.05075 -0.99682
vn -0.06142 -0.05072 -0.99682
vn -0.06142 -0.05088 -0.99681
vn -0.06136 -0.05074 -0.99683
vn -0.06136 -0.05074 -0.99683
vn -0.06134 -0.0507 -0.99683
vn -0.06137 -0.05076 -0.99682
vn -0.06137 -0.05076 -0.99682
vn -0.06142 -0.05085 -0.99682
vn -0.06134 -0.05072 -0.99683
vn -0.06137 -0.05076 -0.99682
vn -0.06135 -0.05074 -0.99683
vn -0.06134 -0.05073 -0.99683
vn -0.06137 -0.05077 -0.99682
vn -0.06142 -0.05074 -0.99682
vn -0.06127 -0.05082 -0.99683
vn -0.06139 -0.05075 -0.99682
vn -0.06138 -0.05076 -0.99682
vn -0.0613 -0.05081 -0.99682
vn -0.06134 -0.05078 -0.99682
vn -0.0614 -0.05074 -0.99682
vn -0.06139 -0.05075 -0.99682
vn -0.06138 -0.05075 -0.99682
vn -0.06138 -0.05076 -0.99682
vn -0.06138 -0.05075 -0.99682
vn -0.0614 -0.05073 -0.99682
vn -0.06133 -0.05082 -0.99682
vn -0.06137 -0.05076 -0.99682
vn -0.06136 -0.05065 -0.99683
vn -0.06138 -0.05079 -0.99682
vn -0.06148 -0.05071 -0.99682
vn -0.0614 -0.05075 -0.99682
vn -0.06137 -0.05077 -0.99682
vn -0.06135 -0.05073 -0.99683
vn -0.06134 -0.05072 -0.99683
vn -0.06136 -0.05075 -0.99682
vn -0.06147 -0.05086 -0.99681
vn -0.06137 -0.05076 -0.99682
vn -0.06133 -0.0507 -0.99683
vn -0.06137 -0.05076 -0.99682
vn -0.06137 -0.0508 -0.99682
vn -0.06136 -0.05094 -0.99682
vn -0.06137 -0.05071 -0.99683
vn -0.06142 -0.05083 -0.99682
vn -0.06136 -0.05076 -0.99682
vn -0.06138 -0.05078 -0.99682
vn -0.06137 -0.05076 -0.99682
vn -0.06145 -0.05083 -0.99682
vn -0.06136 -0.05075 -0.99682
vn -0.06138 -0.05074 -0.99682
vn -0.06135 -0.05087 -0.99682
vn -0.06137 -0.05074 -0.99682
vn -0.06132 -0.05082 -0.99682
vn -0.0614 -0.05073 -0.99682
vn -0.06137 -0.05077 -0.99682
vn -0.06135 -0.05071 -0.99683
vn -0.06135 -0.0507 -0.99683
vn -0.06138 -0.05074 -0.99682
vn -0.06137 -0.05076 -0.99682
vn -0.06136 -0.05086 -0.99682
vn -0.06137 -0.05081 -0.99682
vn -0.06138 -0.05073 -0.99682
vn -0.06138 -0.05073 -0.99682
vn -0.06135 -0.05089 -0.99682
vn -0.06138 -0.05073 -0.99682
vn -0.06138 -0.05073 -0.99682
vn -0.06136 -0.05084 -0.99682
vn -0.06138 -0.0507 -0.99683
vn -0.97569 -0.20745 0.07064
vn -0.97569 -0.20744 0.07064
vn -0.95365 -0.2918 0.07357
vn -0.95364 -0.29181 0.07357
vn -0.92434 -0.37393 0.07595
vn -0.888 -0.45323 0.07775
vn -0.888 -0.45321 0.07775
vn -0.8449 -0.52906 0.07896
vn -0.79539 -0.60085 0.07957
vn -0.79538 -0.60086 0.07957
vn -0.73976 -0.66815 0.07957
vn -0.67859 -0.73026 0.07897
vn -0.6122 -0.78687 0.07776
vn -0.54117 -0.83748 0.07597
vn -0.46601 -0.88171 0.07359
vn -0.3873 -0.91924 0.07066
vn -0.30565 -0.94977 0.06719
vn -0.22169 -0.97307 0.0632
vn -0.22173 -0.97306 0.06321
vn -0.13603 -0.98896 0.05874
vn -0.136 -0.98897 0.05874
vn -0.04932 -0.99733 0.05383
vn -0.04931 -0.99733 0.05383
vn 0.03775 -0.99811 0.04851
vn 0.03775 -0.99811 0.04851
vn 0.1245 -0.9913 0.04282
vn 0.1245 -0.9913 0.04282
vn 0.21038 -0.97693 0.0368
vn 0.21038 -0.97693 0.0368
vn 0.29459 -0.95514 0.0305
vn 0.37662 -0.92606 0.02397
vn 0.45572 -0.88996 0.01726
vn 0.53139 -0.84706 0.01042
vn 0.60302 -0.79772 0.0035
vn 0.60302 -0.79772 0.0035
vn 0.67002 -0.74233 -0.00345
vn 0.73198 -0.68125 -0.01037
vn 0.73198 -0.68125 -0.01037
vn 0.7883 -0.61505 -0.01721
vn 0.83869 -0.54408 -0.02393
vn 0.88264 -0.46907 -0.03045
vn 0.88264 -0.46906 -0.03046
vn 0.9199 -0.39043 -0.03675
vn 0.9199 -0.39044 -0.03675
vn 0.95017 -0.30878 -0.04278
vn 0.97319 -0.22485 -0.04847
vn 0.9888 -0.13922 -0.05379
vn 0.9888 -0.13921 -0.05379
vn 0.9969 -0.05247 -0.05871
vn 0.9969 -0.05248 -0.0587
vn 0.9974 0.03463 -0.06317
vn 0.9974 0.03464 -0.06317
vn 0.99032 0.12151 -0.06716
vn 0.99032 0.1215 -0.06716
vn 0.97569 0.20745 -0.07064
vn 0.95365 0.2918 -0.07357
vn 0.92433 0.37395 -0.07595
vn 0.92435 0.37392 -0.07595
vn 0.88801 0.45321 -0.07775
vn 0.88799 0.45324 -0.07775
vn 0.8449 0.52907 -0.07896
vn 0.79538 0.60087 -0.07957
vn 0.79537 0.60088 -0.07957
vn 0.73979 0.66811 -0.07957
vn 0.7398 0.6681 -0.07957
vn 0.67859 0.73026 -0.07897
vn 0.67856 0.73028 -0.07897
vn 0.61217 0.78689 -0.07777
vn 0.61221 0.78686 -0.07776
vn 0.54117 0.83748 -0.07597
vn 0.54116 0.83748 -0.07597
vn 0.46601 0.88171 -0.07359
vn 0.46602 0.88171 -0.07359
vn 0.38733 0.91923 -0.07066
vn 0.38732 0.91923 -0.07066
vn 0.30565 0.94977 -0.06719
vn 0.22168 0.97307 -0.0632
vn 0.13603 0.98896 -0.05874
vn 0.13604 0.98896 -0.05874
vn 0.04932 0.99733 -0.05383
vn -0.03774 0.99811 -0.04851
vn -0.12454 0.99129 -0.04281
vn -0.21038 0.97693 -0.0368
vn -0.29461 0.95513 -0.0305
vn -0.29461 0.95513 -0.0305
vn -0.37657 0.92608 -0.02398
vn -0.37661 0.92606 -0.02398
vn -0.45575 0.88994 -0.01726
vn -0.45574 0.88995 -0.01726
vn -0.53139 0.84706 -0.01042
vn -0.53137 0.84707 -0.01042
vn -0.60302 0.79772 -0.0035
vn -0.67002 0.74233 0.00345
vn -0.73196 0.68127 0.01037
vn -0.73198 0.68125 0.01037
vn -0.78834 0.615 0.01721
vn -0.78832 0.61502 0.01721
vn -0.83866 0.54413 0.02392
vn -0.88265 0.46905 0.03046
vn -0.88265 0.46904 0.03046
vn -0.91991 0.3904 0.03676
vn -0.91991 0.3904 0.03676
vn -0.95016 0.30883 0.04277
vn -0.97318 0.22486 0.04847
vn -0.97319 0.22485 0.04847
vn -0.9888 0.13921 0.05379
vn -0.9969 0.05244 0.05871
vn -0.9974 -0.03465 0.06317
vn -0.99032 -0.12151 0.06716
vn -0.97569 -0.20745 0.07064
vn -0.95365 -0.2918 0.07357
vn -0.92435 -0.37392 0.07595
vn -0.8449 -0.52906 0.07896
vn -0.79538 -0.60087 0.07957
vn -0.79537 -0.60088 0.07957
vn -0.73977 -0.66814 0.07957
vn -0.73978 -0.66812 0.07957
vn -0.67859 -0.73026 0.07897
vn -0.466 -0.88172 0.07359
vn -0.46601 -0.88171 0.07359
vn -0.38732 -0.91924 0.07066
vn -0.22168 -0.97307 0.0632
vn -0.13604 -0.98896 0.05874
vn 0.03774 -0.99811 0.04851
vn 0.12455 -0.99129 0.04281
vn 0.12451 -0.99129 0.04282
vn 0.21033 -0.97694 0.0368
vn 0.21037 -0.97693 0.0368
vn 0.29461 -0.95513 0.0305
vn 0.29461 -0.95513 0.0305
vn 0.37662 -0.92606 0.02397
vn 0.53139 -0.84706 0.01042
vn 0.60302 -0.79772 0.0035
vn 0.67002 -0.74233 -0.00345
vn 0.73196 -0.68127 -0.01037
vn 0.73196 -0.68127 -0.01037
vn 0.78832 -0.61502 -0.01721
vn 0.83869 -0.54408 -0.02393
vn 0.83867 -0.54411 -0.02392
vn 0.88264 -0.46906 -0.03045
vn 0.88265 -0.46903 -0.03046
vn 0.9199 -0.39043 -0.03675
vn 0.95017 -0.30879 -0.04277
vn 0.95016 -0.30881 -0.04277
vn 0.97319 -0.22485 -0.04846
vn 0.97319 -0.22483 -0.04847
vn 0.9888 -0.13921 -0.05379
vn 0.99689 -0.05248 -0.0587
vn 0.9969 -0.05248 -0.0587
vn 0.9974 0.03465 -0.06317
vn 0.99032 0.1215 -0.06716
vn 0.99032 0.12151 -0.06716
vn 0.97569 0.20745 -0.07064
vn 0.95364 0.29181 -0.07357
vn 0.95365 0.29179 -0.07357
vn 0.92435 0.37392 -0.07595
vn 0.92434 0.37394 -0.07595
vn 0.88799 0.45324 -0.07775
vn 0.88801 0.45321 -0.07775
vn 0.84488 0.52909 -0.07896
vn 0.79539 0.60085 -0.07957
vn 0.79536 0.60089 -0.07957
vn 0.73978 0.66812 -0.07957
vn 0.73981 0.66809 -0.07957
vn 0.67859 0.73026 -0.07897
vn 0.67859 0.73026 -0.07897
vn 0.61222 0.78685 -0.07776
vn 0.61217 0.78689 -0.07777
vn 0.54114 0.8375 -0.07597
vn 0.5412 0.83746 -0.07597
vn 0.46602 0.88171 -0.07359
vn 0.46596 0.88174 -0.07359
vn 0.38732 0.91923 -0.07066
vn 0.30561 0.94978 -0.06719
vn 0.30569 0.94976 -0.06719
vn 0.22172 0.97306 -0.0632
vn 0.22164 0.97308 -0.0632
vn 0.136 0.98897 -0.05874
vn 0.13608 0.98896 -0.05874
vn 0.04932 0.99733 -0.05382
vn 0.04931 0.99733 -0.05382
vn -0.03775 0.99811 -0.0485
vn -0.03774 0.99811 -0.0485
vn -0.12446 0.9913 -0.04282
vn -0.12454 0.99129 -0.04282
vn -0.21042 0.97692 -0.0368
vn -0.21034 0.97694 -0.0368
vn -0.29457 0.95514 -0.0305
vn -0.29464 0.95512 -0.0305
vn -0.37664 0.92605 -0.02397
vn -0.37659 0.92607 -0.02397
vn -0.45574 0.88995 -0.01726
vn -0.45572 0.88996 -0.01726
vn -0.53134 0.84709 -0.01042
vn -0.5314 0.84705 -0.01042
vn -0.60304 0.7977 -0.0035
vn -0.60299 0.79774 -0.0035
vn -0.67004 0.74232 0.00345
vn -0.67004 0.74232 0.00345
vn -0.73194 0.68129 0.01037
vn -0.73198 0.68125 0.01037
vn -0.78832 0.61502 0.01721
vn -0.83868 0.54409 0.02393
vn -0.83866 0.54413 0.02393
vn -0.88264 0.46906 0.03046
vn -0.88264 0.46907 0.03046
vn -0.9199 0.39042 0.03676
vn -0.91992 0.39038 0.03676
vn -0.95016 0.30881 0.04277
vn -0.97319 0.22484 0.04847
vn -0.97318 0.22487 0.04847
vn -0.9888 0.13922 0.05379
vn -0.98881 0.13917 0.05379
vn -0.9969 0.05244 0.0587
vn -0.99689 0.05248 0.0587
vn -0.9974 -0.03464 0.06317
vn -0.9974 -0.03464 0.06317
vn -0.99032 -0.12151 0.06716
vn -0.97569 -0.20744 0.07064
vn -0.97569 -0.20745 0.07064
vn -0.95364 -0.29182 0.07357
vn -0.92435 -0.3739 0.07595
vn -0.92434 -0.37393 0.07595
vn -0.88799 -0.45324 0.07775
vn -0.88801 -0.45321 0.07775
vn -0.84492 -0.52902 0.07896
vn -0.8449 -0.52906 0.07896
vn -0.79535 -0.6009 0.07957
vn -0.79539 -0.60085 0.07957
vn -0.7398 -0.66811 0.07957
vn -0.73975 -0.66816 0.07957
vn -0.67854 -0.73031 0.07897
vn -0.67859 -0.73026 0.07897
vn -0.61222 -0.78685 0.07777
vn -0.61217 -0.78689 0.07776
vn -0.54114 -0.8375 0.07597
vn -0.54119 -0.83746 0.07597
vn -0.46604 -0.8817 0.0736
vn -0.46597 -0.88174 0.07359
vn -0.38732 -0.91923 0.07066
vn -0.38733 -0.91923 0.07066
vn -0.30568 -0.94976 0.06719
vn -0.22165 -0.97308 0.0632
vn -0.22173 -0.97306 0.06321
vn -0.136 -0.98897 0.05874
vn -0.13599 -0.98897 0.05874
vn -0.0494 -0.99733 0.05383
vn -0.04932 -0.99733 0.05382
vn 0.03774 -0.99811 0.0485
vn 0.12454 -0.99129 0.04281
vn 0.21042 -0.97692 0.03679
vn 0.21034 -0.97694 0.0368
vn 0.29457 -0.95514 0.03051
vn 0.29465 -0.95512 0.0305
vn 0.37664 -0.92605 0.02397
vn 0.37657 -0.92608 0.02398
vn 0.45572 -0.88996 0.01727
vn 0.53136 -0.84708 0.01043
vn 0.53142 -0.84704 0.01042
vn 0.60304 -0.7977 0.00349
vn 0.60299 -0.79774 0.0035
vn 0.67002 -0.74233 -0.00345
vn 0.73196 -0.68127 -0.01037
vn 0.732 -0.68123 -0.01038
vn 0.7883 -0.61505 -0.01721
vn 0.7883 -0.61505 -0.01721
vn 0.8387 -0.54406 -0.02393
vn 0.83868 -0.5441 -0.02393
vn 0.88264 -0.46906 -0.03045
vn 0.9199 -0.39042 -0.03675
vn 0.9199 -0.39042 -0.03675
vn 0.95016 -0.30881 -0.04277
vn 0.95017 -0.30878 -0.04278
vn 0.97318 -0.22486 -0.04847
vn 0.97318 -0.22487 -0.04847
vn 0.9888 -0.13921 -0.05379
vn 0.9974 0.03465 -0.06317
vn 0.97569 0.20744 -0.07063
vn 0.97569 0.20745 -0.07064
vn 0.95365 0.2918 -0.07357
vn 0.92433 0.37397 -0.07595
vn 0.92433 0.37395 -0.07595
vn 0.88802 0.45318 -0.07775
vn 0.88801 0.45321 -0.07775
vn 0.84488 0.52909 -0.07896
vn 0.79538 0.60086 -0.07957
vn 0.79539 0.60085 -0.07957
vn 0.73982 0.66808 -0.07957
vn 0.67857 0.73028 -0.07897
vn 0.67854 0.7303 -0.07897
vn 0.61219 0.78687 -0.07776
vn 0.38732 0.91923 -0.07066
vn 0.30568 0.94976 -0.06718
vn 0.22173 0.97306 -0.0632
vn 0.22165 0.97308 -0.0632
vn 0.136 0.98897 -0.05874
vn 0.13599 0.98897 -0.05874
vn 0.04932 0.99733 -0.05383
vn 0.04941 0.99733 -0.05383
vn -0.03775 0.99811 -0.0485
vn -0.12453 0.99129 -0.04281
vn -0.12454 0.99129 -0.04281
vn -0.21035 0.97693 -0.0368
vn -0.37657 0.92608 -0.02397
vn -0.45572 0.88996 -0.01727
vn -0.53142 0.84704 -0.01042
vn -0.53136 0.84708 -0.01042
vn -0.60299 0.79774 -0.0035
vn -0.60304 0.7977 -0.0035
vn -0.67002 0.74233 0.00345
vn -0.732 0.68123 0.01037
vn -0.73196 0.68127 0.01037
vn -0.78832 0.61502 0.01722
vn -0.88264 0.46906 0.03045
vn -0.88264 0.46907 0.03045
vn -0.91992 0.39039 0.03676
vn -0.91991 0.39041 0.03676
vn -0.95016 0.30881 0.04277
vn -0.97318 0.22486 0.04847
vn -0.9888 0.13921 0.05379
vn -0.99689 0.05248 0.0587
vn -0.9969 0.05248 0.0587
vn -0.9974 -0.03469 0.06317
vn -0.9974 -0.03468 0.06317
vn -0.99032 -0.1215 0.06716
vn -0.99032 -0.12151 0.06716
vn -0.84491 -0.52904 0.07896
vn -0.79536 -0.60089 0.07957
vn -0.79535 -0.60091 0.07957
vn -0.7398 -0.6681 0.07957
vn -0.67856 -0.73028 0.07897
vn -0.61221 -0.78686 0.07776
vn -0.54117 -0.83748 0.07597
vn -0.30569 -0.94976 0.06719
vn -0.22169 -0.97307 0.0632
vn -0.13601 -0.98897 0.05874
vn -0.136 -0.98897 0.05874
vn -0.04935 -0.99733 0.05383
vn 0.03775 -0.99811 0.04851
vn 0.03774 -0.99811 0.04851
vn 0.12454 -0.99129 0.04282
vn 0.21038 -0.97693 0.0368
vn 0.21037 -0.97693 0.0368
vn 0.603 -0.79774 0.0035
vn 0.67004 -0.74232 -0.00345
vn 0.78832 -0.61502 -0.01721
vn 0.83867 -0.54411 -0.02393
vn 0.88266 -0.46903 -0.03046
vn 0.95016 -0.30881 -0.04277
vn 0.97318 -0.22486 -0.04847
vn 0.97318 -0.22487 -0.04846
vn 0.98881 -0.13917 -0.05379
vn 0.9974 0.03464 -0.06317
vn 0.99032 0.1215 -0.06716
vn 0.99032 0.12151 -0.06716
vn 0.97569 0.20745 -0.07064
vn 0.95364 0.29181 -0.07357
vn 0.95365 0.2918 -0.07357
vn 0.92435 0.37392 -0.07595
vn 0.92434 0.37393 -0.07595
vn 0.888 0.45323 -0.07775
vn 0.8449 0.52907 -0.07896
vn 0.84489 0.52908 -0.07896
vn 0.79537 0.60088 -0.07957
vn 0.79538 0.60086 -0.07957
vn 0.67856 0.73028 -0.07897
vn 0.6122 0.78687 -0.07776
vn 0.46599 0.88172 -0.07359
vn 0.46601 0.88171 -0.07359
vn 0.38732 0.91923 -0.07066
vn 0.3873 0.91924 -0.07066
vn 0.30569 0.94976 -0.06719
vn 0.22168 0.97307 -0.0632
vn 0.13601 0.98897 -0.05874
vn 0.04935 0.99733 -0.05383
vn -0.03775 0.99811 -0.04851
vn -0.12454 0.99129 -0.04281
vn -0.21038 0.97693 -0.0368
vn -0.37662 0.92606 -0.02397
vn -0.45572 0.88996 -0.01726
vn -0.53139 0.84706 -0.01042
vn -0.60302 0.79772 -0.0035
vn -0.603 0.79774 -0.0035
vn -0.67004 0.74232 0.00345
vn -0.67004 0.74232 0.00345
vn -0.73196 0.68127 0.01037
vn -0.73196 0.68127 0.01037
vn -0.78832 0.61502 0.01721
vn -0.83867 0.54411 0.02393
vn -0.88266 0.46903 0.03046
vn -0.9199 0.39043 0.03675
vn -0.9199 0.39044 0.03675
vn -0.95016 0.30881 0.04277
vn -0.97318 0.22487 0.04847
vn -0.97318 0.22486 0.04847
vn -0.98881 0.13917 0.05379
vn -0.9969 0.05248 0.0587
vn -0.99032 -0.12149 0.06716
vn 0.06143 0.05084 0.99682
vn 0.06145 0.05086 0.99681
vn 0.06129 0.05068 0.99683
vn 0.06126 0.05064 0.99684
vn 0.06142 0.05082 0.99682
vn 0.0614 0.05079 0.99682
vn 0.06137 0.05071 0.99683
vn 0.06135 0.05068 0.99683
vn 0.06137 0.05074 0.99682
vn 0.0614 0.05091 0.99681
vn 0.06139 0.05086 0.99682
vn 0.06136 0.05062 0.99683
vn 0.06137 0.05063 0.99683
vn 0.06137 0.05081 0.99682
vn 0.06137 0.05089 0.99682
vn 0.06136 0.05078 0.99682
vn 0.06135 0.0508 0.99682
vn 0.06144 0.05055 0.99683
vn 0.06134 0.05086 0.99682
vn 0.0614 0.05077 0.99682
vn 0.06145 0.05066 0.99682
vn 0.06125 0.05092 0.99682
vn 0.06132 0.05081 0.99682
vn 0.0614 0.05073 0.99682
vn 0.06139 0.05074 0.99682
vn 0.06149 0.05067 0.99682
vn 0.0612 0.05087 0.99683
vn 0.06138 0.05076 0.99682
vn 0.06142 0.05073 0.99682
vn 0.06153 0.05069 0.99682
vn 0.0613 0.0508 0.99683
vn 0.06127 0.0508 0.99683
vn 0.06123 0.05077 0.99683
vn 0.06135 0.05075 0.99683
vn 0.06164 0.05075 0.99681
vn 0.06138 0.05078 0.99682
vn 0.06141 0.05076 0.99682
vn 0.06134 0.05075 0.99683
vn 0.06131 0.05075 0.99683
vn 0.06133 0.05075 0.99683
vn 0.06143 0.05077 0.99682
vn 0.06155 0.05081 0.99681
vn 0.06117 0.05066 0.99684
vn 0.06135 0.05074 0.99683
vn 0.06149 0.05084 0.99681
vn 0.06138 0.05077 0.99682
vn 0.06148 0.05085 0.99681
vn 0.06137 0.05078 0.99682
vn 0.06137 0.05076 0.99682
vn 0.0614 0.0508 0.99682
vn 0.06147 0.05089 0.99681
vn 0.06131 0.05065 0.99683
vn 0.06134 0.05071 0.99683
vn 0.06141 0.05083 0.99682
vn 0.06144 0.05091 0.99681
vn 0.06137 0.05078 0.99682
vn 0.06137 0.05074 0.99682
vn 0.06134 0.05059 0.99683
vn 0.06137 0.0507 0.99683
vn 0.06139 0.05094 0.99681
vn 0.06137 0.05079 0.99682
vn 0.06137 0.05073 0.99683
vn 0.06137 0.05081 0.99682
vn 0.06142 0.05053 0.99683
vn 0.06138 0.05081 0.99682
vn 0.06135 0.05087 0.99682
vn 0.06139 0.05075 0.99682
vn 0.0614 0.05071 0.99682
vn 0.06137 0.05075 0.99682
vn 0.06136 0.05079 0.99682
vn 0.06133 0.05083 0.99682
vn 0.06146 0.05066 0.99682
vn 0.06143 0.0507 0.99682
vn 0.0614 0.05073 0.99682
vn 0.06132 0.05083 0.99682
vn 0.06116 0.05097 0.99683
vn 0.06148 0.0507 0.99682
vn 0.06132 0.05082 0.99682
vn 0.06139 0.05078 0.99682
vn 0.06143 0.05076 0.99682
vn 0.06124 0.05083 0.99683
vn 0.06136 0.05077 0.99682
vn 0.06138 0.05076 0.99682
vn 0.06145 0.05074 0.99682
vn 0.06126 0.05077 0.99683
vn 0.06128 0.05077 0.99683
vn 0.06156 0.05074 0.99681
vn 0.06135 0.05078 0.99682
vn 0.06164 0.05083 0.9968
vn 0.06142 0.0508 0.99682
vn 0.06123 0.05073 0.99683
vn 0.06146 0.05079 0.99682
vn 0.06139 0.05076 0.99682
vn 0.06128 0.05072 0.99683
vn 0.06145 0.05082 0.99682
vn 0.06121 0.05068 0.99684
vn 0.06137 0.05078 0.99682
vn 0.06141 0.05082 0.99682
vn 0.06135 0.05071 0.99683
vn 0.06131 0.05066 0.99683
vn 0.06134 0.05072 0.99683
vn 0.06141 0.05083 0.99682
vn 0.06144 0.05091 0.99681
vn 0.06135 0.05068 0.99683
vn 0.06137 0.05074 0.99682
vn 0.0614 0.05091 0.99681
vn 0.06134 0.05071 0.99683
vn 0.06134 0.05062 0.99683
vn 0.06137 0.05079 0.99682
vn 0.06137 0.05073 0.99683
vn 0.06137 0.0509 0.99682
vn 0.06137 0.05071 0.99683
vn 0.06136 0.05072 0.99683
vn 0.06136 0.05078 0.99682
vn 0.06144 0.05055 0.99683
vn 0.06139 0.05075 0.99682
vn 0.06138 0.05075 0.99682
vn 0.0614 0.05071 0.99682
vn 0.06138 0.05075 0.99682
vn 0.06136 0.05079 0.99682
vn 0.0614 0.05074 0.99682
vn 0.06142 0.0507 0.99682
vn 0.06139 0.05074 0.99682
vn 0.0614 0.05075 0.99682
vn 0.06142 0.05073 0.99682
vn 0.06153 0.05069 0.99682
vn 0.06136 0.05077 0.99682
vn 0.06139 0.05076 0.99682
vn 0.0613 0.05079 0.99683
vn 0.06127 0.0508 0.99683
vn 0.06144 0.05075 0.99682
vn 0.06156 0.05074 0.99681
vn 0.0613 0.05075 0.99683
vn 0.06137 0.05078 0.99682
vn 0.06142 0.0508 0.99682
vn 0.06145 0.05082 0.99682
vn 0.0612 0.05061 0.99684
vn 0.06135 0.05074 0.99683
vn 0.06137 0.05076 0.99682
vn 0.0614 0.0508 0.99682
vn 0.06148 0.0509 0.99681
vn 0.06135 0.0507 0.99683
vn 0.06131 0.05066 0.99683
vn 0.06144 0.05091 0.99681
vn 0.06137 0.05078 0.99682
vn 0.06135 0.05068 0.99683
vn 0.06134 0.05071 0.99683
vn 0.06134 0.05084 0.99682
vn 0.06135 0.0508 0.99682
vn 0.06139 0.05075 0.99682
vn 0.06139 0.05075 0.99682
vn 0.0614 0.05071 0.99682
vn 0.06137 0.05075 0.99682
vn 0.06136 0.05079 0.99682
vn 0.06133 0.05083 0.99682
vn 0.06132 0.05081 0.99682
vn 0.06142 0.05073 0.99682
vn 0.06153 0.05069 0.99682
vn 0.0613 0.05079 0.99683
vn 0.06127 0.0508 0.99683
vn 0.06135 0.05078 0.99682
vn 0.06143 0.05077 0.99682
vn 0.06154 0.05081 0.99681
vn -0.98394 -0.16463 0.06896
vn -0.98394 -0.16463 0.06896
vn -0.98394 -0.16463 0.06896
vn -0.98394 -0.16464 0.06896
vn -0.98394 -0.16464 0.06896
vn -0.98394 -0.16463 0.06896
vn -0.98394 -0.16463 0.06896
vn -0.98394 -0.16463 0.06896
vn -0.98394 -0.16463 0.06896
vn -0.98394 -0.16463 0.06896
vn -0.98394 -0.16463 0.06896
vn -0.98394 -0.16464 0.06896
vn -0.98394 -0.16464 0.06896
vn -0.98394 -0.16463 0.06896
vn -0.98394 -0.16463 0.06896
vn -0.98394 -0.16463 0.06896
vn -0.98394 -0.16463 0.06896
vn -0.98394 -0.16463 0.06897
vn -0.98394 -0.16464 0.06896
vn -0.98394 -0.16463 0.06896
vn -0.98394 -0.16463 0.06896
vn -0.98394 -0.16463 0.06896
vn -0.98394 -0.16463 0.06896
vn -0.98394 -0.16463 0.06897
vn -0.98394 -0.16464 0.06896
vn -0.98394 -0.16463 0.06896
vn -0.98394 -0.16463 0.06896
vn -0.98394 -0.16463 0.06896
vn -0.98394 -0.16463 0.06896
vn -0.98394 -0.16463 0.06896
vn -0.98394 -0.16463 0.06896
vn -0.98394 -0.16463 0.06896
vn -0.98394 -0.16463 0.06896
vn -0.98394 -0.16463 0.06896
vn -0.98394 -0.16463 0.06896
vn -0.98394 -0.16463 0.06896
vn -0.98394 -0.16463 0.06896
vn -0.98394 -0.16463 0.06896
vn -0.98394 -0.16463 0.06896
vn -0.98394 -0.16463 0.06896
vn -0.98394 -0.16463 0.06896
vn -0.98394 -0.16463 0.06896
vn -0.98394 -0.16463 0.06896
vn -0.98394 -0.16463 0.06896
vn -0.98394 -0.16463 0.06896
vn -0.98394 -0.16463 0.06896
vn -0.98394 -0.16463 0.06896
vn -0.98394 -0.16463 0.06896
vn -0.98394 -0.16463 0.06896
vn -0.98394 -0.16463 0.06896
vn -0.98394 -0.16463 0.06896
vn -0.98394 -0.16463 0.06896
vn -0.98394 -0.16463 0.06896
vn -0.98394 -0.16463 0.06896
vn -0.98394 -0.16463 0.06896
vn -0.98394 -0.16463 0.06896
vn -0.98394 -0.16463 0.06896
vn -0.98394 -0.16463 0.06896
vn -0.98394 -0.16463 0.06896
vn -0.98394 -0.16463 0.06896
vn -0.98394 -0.16463 0.06896
vn -0.98394 -0.16463 0.06896
vn -0.98394 -0.16463 0.06896
vn -0.98394 -0.16463 0.06896
vn -0.98394 -0.16463 0.06896
vn -0.98394 -0.16464 0.06896
vn -0.98394 -0.16464 0.06896
vn -0.98394 -0.16463 0.06896
vn -0.98394 -0.16463 0.06896
vn -0.98394 -0.16463 0.06896
vn -0.98394 -0.16463 0.06896
vn -0.98394 -0.16464 0.06896
vn -0.98394 -0.16464 0.06896
vn -0.98394 -0.16463 0.06896
vn -0.98394 -0.16463 0.06896
vn -0.98394 -0.16463 0.06896
vn -0.98394 -0.16463 0.06896
vn -0.98394 -0.16463 0.06896
vn -0.98394 -0.16463 0.06896
vn -0.98394 -0.16464 0.06896
vn -0.98394 -0.16464 0.06897
vn -0.98394 -0.16463 0.06896
vn -0.98394 -0.16463 0.06896
vn -0.98394 -0.16463 0.06896
vn -0.98394 -0.16463 0.06896
vn -0.98394 -0.16463 0.06896
vn -0.98394 -0.16463 0.06896
vn -0.98394 -0.16463 0.06896
vn -0.98394 -0.16463 0.06896
vn -0.98394 -0.16463 0.06896
vn -0.98394 -0.16463 0.06896
vn -0.98394 -0.16463 0.06896
vn -0.98394 -0.16463 0.06896
vn -0.98394 -0.16463 0.06896
vn -0.98394 -0.16463 0.06896
vn -0.98394 -0.16463 0.06896
vn -0.98394 -0.16463 0.06896
vn -0.98394 -0.16464 0.06897
vn -0.98394 -0.16464 0.06897
vn -0.98394 -0.16464 0.06897
vn -0.98394 -0.16463 0.06897
vn -0.98394 -0.16463 0.06896
vn -0.98394 -0.16463 0.06896
vn -0.98394 -0.16463 0.06896
vn -0.98394 -0.16463 0.06896
vn -0.98394 -0.16463 0.06896
vn -0.98394 -0.16463 0.06896
vn -0.98394 -0.16463 0.06897
vn -0.98394 -0.16463 0.06897
vn -0.98394 -0.16463 0.06896
vn -0.98394 -0.16464 0.06896
vn -0.98394 -0.16463 0.06897
vn -0.98394 -0.16463 0.06897
vn -0.98394 -0.16464 0.06896
vn -0.98394 -0.16463 0.06896
vn -0.98394 -0.16463 0.06896
vn -0.98394 -0.16463 0.06896
vn -0.98394 -0.16463 0.06896
vn -0.98394 -0.16463 0.06896
vn -0.98394 -0.16463 0.06896
vn -0.98394 -0.16463 0.06896
vn -0.98394 -0.16463 0.06896
vn -0.98394 -0.16463 0.06896
vn -0.98394 -0.16463 0.06896
vn -0.98394 -0.16463 0.06896
vn -0.98394 -0.16463 0.06896
vn -0.98394 -0.16463 0.06897
vn -0.98394 -0.16463 0.06897
vn -0.98394 -0.16463 0.06896
vn -0.98394 -0.16464 0.06896
vn -0.98394 -0.16464 0.06896
vn -0.98394 -0.16463 0.06896
vn -0.98394 -0.16463 0.06896
vn -0.98394 -0.16464 0.06896
vn -0.98394 -0.16463 0.06896
vn -0.98394 -0.16463 0.06896
vn -0.98394 -0.16463 0.06896
vn -0.98394 -0.16463 0.06896
vn -0.98394 -0.16463 0.06896
vn -0.98394 -0.16463 0.06896
vn -0.98394 -0.16463 0.06896
vn -0.98394 -0.16463 0.06896
vn -0.98394 -0.16463 0.06896
vn -0.98394 -0.16463 0.06896
vn -0.17013 0.9819 -0.08328
vn -0.17419 0.96999 -0.16962
vn -0.17419 0.96999 -0.16963
vn -0.17692 0.95071 -0.25466
vn -0.17692 0.95071 -0.25465
vn -0.17831 0.92419 -0.33775
vn -0.17834 0.89064 -0.41828
vn -0.17701 0.85031 -0.49562
vn -0.17701 0.85031 -0.49562
vn -0.17434 0.80351 -0.5692
vn -0.17434 0.8035 -0.5692
vn -0.17034 0.75059 -0.63844
vn -0.17034 0.75059 -0.63843
vn -0.16504 0.69195 -0.70283
vn -0.16504 0.69195 -0.70283
vn -0.15849 0.62807 -0.76184
vn -0.15072 0.55938 -0.81509
vn -0.15072 0.55938 -0.81509
vn -0.14182 0.48644 -0.86213
vn -0.14182 0.48644 -0.86213
vn -0.13183 0.40981 -0.90259
vn -0.13183 0.40981 -0.90259
vn -0.12084 0.33007 -0.93619
vn -0.10894 0.24781 -0.96266
vn -0.09619 0.16362 -0.98182
vn -0.08272 0.07824 -0.9935
vn -0.08274 0.07827 -0.99349
vn -0.06864 -0.00773 -0.99761
vn -0.06862 -0.00776 -0.99761
vn -0.054 -0.09368 -0.99414
vn -0.054 -0.09368 -0.99414
vn -0.03897 -0.1789 -0.9831
vn -0.02364 -0.26279 -0.96456
vn -0.00813 -0.34461 -0.93871
vn 0.00745 -0.42388 -0.90569
vn 0.00744 -0.42387 -0.90569
vn 0.02296 -0.49987 -0.8658
vn 0.02296 -0.49987 -0.8658
vn 0.0383 -0.57207 -0.81931
vn 0.05335 -0.63994 -0.76657
vn 0.05335 -0.63994 -0.76657
vn 0.06799 -0.7029 -0.70803
vn 0.06799 -0.7029 -0.70803
vn 0.08211 -0.76055 -0.64406
vn 0.09561 -0.81239 -0.57522
vn 0.09561 -0.81239 -0.57522
vn 0.10839 -0.85806 -0.50198
vn 0.10839 -0.85806 -0.50198
vn 0.12033 -0.89719 -0.42494
vn 0.12034 -0.89719 -0.42494
vn 0.13137 -0.92949 -0.34466
vn 0.13137 -0.92949 -0.34466
vn 0.1414 -0.95472 -0.26175
vn 0.1414 -0.95472 -0.26175
vn 0.15036 -0.97269 -0.17685
vn 0.15036 -0.97269 -0.17685
vn 0.15817 -0.98325 -0.09061
vn 0.15817 -0.98325 -0.09061
vn 0.16478 -0.98632 -0.00367
vn 0.17013 -0.9819 0.08329
vn 0.17013 -0.9819 0.08329
vn 0.17419 -0.96999 0.16961
vn 0.17692 -0.95071 0.25465
vn 0.17692 -0.95071 0.25465
vn 0.17831 -0.92419 0.33775
vn 0.17831 -0.92419 0.33775
vn 0.17834 -0.89064 0.41828
vn 0.17834 -0.89064 0.41828
vn 0.17701 -0.85031 0.49562
vn 0.17701 -0.85031 0.49562
vn 0.17434 -0.8035 0.5692
vn 0.17434 -0.8035 0.5692
vn 0.17034 -0.75059 0.63843
vn 0.16504 -0.69195 0.70283
vn 0.16504 -0.69195 0.70283
vn 0.15848 -0.62806 0.76185
vn 0.15072 -0.55938 0.81509
vn 0.15072 -0.55938 0.81509
vn 0.14182 -0.48645 0.86212
vn 0.14182 -0.48645 0.86212
vn 0.13183 -0.40983 0.90259
vn 0.13183 -0.40983 0.90259
vn 0.12084 -0.33005 0.9362
vn 0.12084 -0.33005 0.9362
vn 0.10893 -0.2478 0.96267
vn 0.10893 -0.2478 0.96267
vn 0.0962 -0.16365 0.98182
vn 0.0962 -0.16364 0.98182
vn 0.08273 -0.07824 0.9935
vn 0.08273 -0.07825 0.9935
vn 0.06862 0.00775 0.99761
vn 0.06862 0.00775 0.99761
vn 0.054 0.09369 0.99414
vn 0.054 0.09369 0.99414
vn 0.03897 0.1789 0.9831
vn 0.03897 0.1789 0.9831
vn 0.02364 0.26276 0.96457
vn 0.02364 0.26277 0.96457
vn 0.00813 0.34464 0.9387
vn 0.00813 0.34462 0.93871
vn -0.00744 0.42386 0.9057
vn -0.00744 0.42386 0.9057
vn -0.02296 0.49987 0.8658
vn -0.02296 0.49987 0.8658
vn -0.0383 0.57207 0.81931
vn -0.05335 0.63993 0.76658
vn -0.05334 0.63994 0.76657
vn -0.06799 0.70292 0.70801
vn -0.06799 0.70291 0.70802
vn -0.08211 0.76055 0.64406
vn -0.08211 0.76055 0.64406
vn -0.09561 0.81239 0.57522
vn -0.09561 0.81239 0.57522
vn -0.10839 0.85806 0.50198
vn -0.10839 0.85806 0.50198
vn -0.12033 0.89719 0.42494
vn -0.12034 0.89719 0.42495
vn -0.13137 0.92949 0.34466
vn -0.13137 0.92949 0.34465
vn -0.1414 0.95472 0.26175
vn -0.1414 0.95472 0.26175
vn -0.15036 0.97268 0.17685
vn -0.15817 0.98325 0.0906
vn -0.15817 0.98325 0.0906
vn -0.16478 0.98632 0.00368
vn -0.16478 0.98632 0.00368
vn 0.17013 -0.9819 0.08329
vn 0.17419 -0.96999 0.16961
vn 0.17419 -0.96999 0.16962
vn 0.17692 -0.95071 0.25465
vn 0.17692 -0.95071 0.25465
vn 0.17831 -0.92419 0.33775
vn 0.17831 -0.92419 0.33775
vn 0.17834 -0.89064 0.41828
vn 0.17701 -0.8503 0.49563
vn 0.17434 -0.8035 0.5692
vn 0.17434 -0.80351 0.56919
vn 0.17034 -0.75059 0.63843
vn 0.17033 -0.75058 0.63845
vn 0.16504 -0.69195 0.70283
vn 0.16504 -0.69195 0.70283
vn 0.15848 -0.62806 0.76185
vn 0.15848 -0.62806 0.76185
vn 0.15072 -0.55938 0.81509
vn 0.15073 -0.5594 0.81508
vn 0.14182 -0.48647 0.86211
vn 0.14182 -0.48645 0.86212
vn 0.13183 -0.4098 0.9026
vn 0.13183 -0.4098 0.9026
vn 0.12084 -0.33007 0.93619
vn 0.12084 -0.33007 0.93619
vn 0.10893 -0.2478 0.96267
vn 0.10893 -0.2478 0.96267
vn 0.09619 -0.16363 0.98182
vn 0.09619 -0.16363 0.98182
vn 0.08272 -0.07824 0.9935
vn 0.08273 -0.07826 0.99349
vn 0.06863 0.00774 0.99761
vn 0.06862 0.00776 0.99761
vn 0.054 0.09368 0.99414
vn 0.054 0.09368 0.99414
vn 0.03897 0.1789 0.98309
vn 0.03897 0.1789 0.98309
vn 0.02364 0.26276 0.96457
vn 0.00813 0.34463 0.9387
vn 0.00813 0.34463 0.9387
vn -0.00744 0.42387 0.90569
vn -0.02296 0.49986 0.8658
vn -0.02296 0.49986 0.8658
vn -0.0383 0.57209 0.8193
vn -0.0383 0.57209 0.8193
vn -0.05335 0.63993 0.76658
vn -0.05335 0.63993 0.76658
vn -0.06799 0.70291 0.70802
vn -0.06799 0.70291 0.70802
vn -0.08211 0.76055 0.64407
vn -0.09561 0.8124 0.57521
vn -0.09562 0.8124 0.57521
vn -0.10839 0.85806 0.50199
vn -0.10839 0.85806 0.50199
vn -0.12034 0.89719 0.42494
vn -0.12033 0.89719 0.42494
vn -0.13137 0.92949 0.34466
vn -0.13137 0.92949 0.34465
vn -0.1414 0.95472 0.26175
vn -0.1414 0.95472 0.26175
vn -0.15035 0.97269 0.17685
vn -0.15036 0.97269 0.17685
vn -0.15817 0.98325 0.09061
vn -0.15817 0.98325 0.09061
vn -0.16478 0.98632 0.00367
vn -0.16478 0.98632 0.00367
vn -0.17013 0.9819 -0.08329
vn -0.17013 0.9819 -0.08329
vn -0.17419 0.96999 -0.16962
vn -0.17419 0.96999 -0.16962
vn -0.17692 0.95071 -0.25465
vn -0.17692 0.95071 -0.25465
vn -0.17831 0.92419 -0.33775
vn -0.17831 0.92419 -0.33775
vn -0.17834 0.89064 -0.41828
vn -0.17834 0.89064 -0.41828
vn -0.17701 0.85031 -0.49562
vn -0.17701 0.85031 -0.49562
vn -0.17434 0.80351 -0.5692
vn -0.17434 0.8035 -0.5692
vn -0.17034 0.75059 -0.63844
vn -0.17034 0.75059 -0.63844
vn -0.16504 0.69196 -0.70282
vn -0.16504 0.69196 -0.70282
vn -0.15849 0.62806 -0.76186
vn -0.15849 0.62806 -0.76185
vn -0.15073 0.55939 -0.81509
vn -0.15073 0.55938 -0.81509
vn -0.14182 0.48645 -0.86212
vn -0.14182 0.48646 -0.86212
vn -0.13183 0.40981 -0.90259
vn -0.12084 0.33006 -0.93619
vn -0.12084 0.33006 -0.93619
vn -0.10893 0.2478 -0.96267
vn -0.10893 0.2478 -0.96267
vn -0.09619 0.16364 -0.98182
vn -0.08273 0.07825 -0.9935
vn -0.06862 -0.00775 -0.99761
vn -0.06862 -0.00775 -0.99761
vn -0.054 -0.09369 -0.99414
vn -0.054 -0.09369 -0.99414
vn -0.03897 -0.1789 -0.98309
vn -0.02364 -0.26276 -0.96457
vn -0.00813 -0.34462 -0.93871
vn -0.00813 -0.34462 -0.93871
vn 0.00744 -0.42387 -0.90569
vn 0.02296 -0.49986 -0.8658
vn 0.02295 -0.49987 -0.86579
vn 0.03829 -0.57208 -0.8193
vn 0.03829 -0.57208 -0.8193
vn 0.05334 -0.63994 -0.76657
vn 0.05335 -0.63993 -0.76658
vn 0.06799 -0.70291 -0.70802
vn 0.06799 -0.70291 -0.70802
vn 0.08211 -0.76055 -0.64407
vn 0.08211 -0.76055 -0.64407
vn 0.09562 -0.8124 -0.57521
vn 0.10839 -0.85806 -0.50199
vn 0.12033 -0.89719 -0.42494
vn 0.12033 -0.89719 -0.42494
vn 0.13137 -0.92949 -0.34465
vn 0.13137 -0.92949 -0.34465
vn 0.1414 -0.95472 -0.26175
vn 0.1414 -0.95472 -0.26175
vn 0.15036 -0.97268 -0.17686
vn 0.15035 -0.97269 -0.17685
vn 0.15817 -0.98325 -0.09061
vn 0.15817 -0.98325 -0.09061
vn 0.16478 -0.98632 -0.00367
vn 0.17013 -0.9819 0.08329
vn 0.98394 0.16462 -0.06896
vn 0.98394 0.16463 -0.06896
vn 0.98394 0.16462 -0.06897
vn 0.98394 0.16464 -0.06896
vn 0.98394 0.16463 -0.06897
vn 0.98394 0.16462 -0.06897
vn 0.98394 0.16463 -0.06896
vn 0.98394 0.16463 -0.06896
vn 0.98394 0.16464 -0.06896
vn 0.98394 0.16463 -0.06897
vn 0.98394 0.16465 -0.06895
vn 0.98394 0.16462 -0.06898
vn 0.98394 0.16463 -0.06896
vn 0.98394 0.16463 -0.06896
vn 0.98394 0.16465 -0.06896
vn 0.98394 0.16462 -0.06896
vn 0.98394 0.16464 -0.06896
vn 0.98394 0.16464 -0.06897
vn 0.98394 0.16462 -0.06896
vn 0.98394 0.16464 -0.06896
vn 0.98394 0.16463 -0.06896
vn 0.98394 0.16464 -0.06896
vn 0.98394 0.16463 -0.06897
vn 0.98394 0.16463 -0.06898
vn 0.98394 0.16464 -0.06894
vn 0.98394 0.16462 -0.06896
vn 0.98394 0.16463 -0.06896
vn 0.98394 0.16463 -0.06897
vn 0.98394 0.16465 -0.06896
vn 0.98394 0.16466 -0.06896
vn 0.98394 0.16463 -0.06896
vn 0.98394 0.16463 -0.06896
vn 0.98394 0.16461 -0.06896
vn 0.98394 0.16463 -0.06896
vn 0.98394 0.16463 -0.06896
vn 0.98394 0.16464 -0.06896
vn 0.98394 0.16462 -0.06896
vn 0.98394 0.16465 -0.06896
vn 0.98394 0.16463 -0.06895
vn 0.98394 0.16463 -0.06896
vn 0.98394 0.16463 -0.06896
vn 0.98394 0.16464 -0.06897
vn 0.98394 0.16463 -0.06897
vn 0.98394 0.16463 -0.06897
vn 0.98394 0.16463 -0.06897
vn 0.98394 0.16464 -0.06894
vn 0.98394 0.16463 -0.06896
vn 0.98394 0.16462 -0.06898
vn 0.98394 0.16464 -0.06895
vn 0.98394 0.16463 -0.06896
vn 0.98394 0.16463 -0.06896
vn 0.98394 0.16463 -0.06896
vn 0.98394 0.16463 -0.06896
vn 0.98394 0.16463 -0.06897
vn 0.98394 0.16463 -0.06896
vn 0.98394 0.16467 -0.06897
vn 0.98394 0.16464 -0.06896
vn 0.98394 0.16463 -0.06896
vn 0.98394 0.16463 -0.06896
vn 0.98394 0.16463 -0.06896
vn 0.98394 0.16463 -0.06896
vn 0.98393 0.16465 -0.06905
vn 0.98394 0.16463 -0.06896
vn 0.98394 0.16466 -0.06897
vn 0.98394 0.16462 -0.06896
vn 0.98395 0.16459 -0.06895
vn 0.98394 0.16463 -0.06896
vn 0.98394 0.16463 -0.06896
vn 0.98394 0.16464 -0.06897
vn 0.98394 0.16463 -0.06896
vn 0.98394 0.16462 -0.06898
vn 0.98394 0.16465 -0.06895
vn 0.98394 0.16462 -0.06898
vn 0.98394 0.16463 -0.06897
vn 0.98394 0.16464 -0.06897
vn 0.98394 0.16465 -0.06898
vn 0.98394 0.16464 -0.06896
vn 0.98394 0.16462 -0.06895
vn 0.98394 0.16463 -0.06896
vn 0.98394 0.16464 -0.06897
vn 0.98394 0.16463 -0.06896
vn 0.98394 0.16464 -0.06897
vn 0.98394 0.16463 -0.06896
vn 0.98395 0.16462 -0.06894
vn 0.98394 0.16464 -0.06898
vn 0.98395 0.16461 -0.06894
vn 0.98394 0.16463 -0.06896
vn 0.98394 0.16465 -0.06898
vn 0.98394 0.16463 -0.06896
vn 0.98394 0.16463 -0.06896
vn 0.98394 0.16465 -0.06898
vn 0.98394 0.16463 -0.06896
vn 0.98394 0.16463 -0.06896
vn 0.98394 0.16464 -0.06898
vn 0.98394 0.16463 -0.06896
vn 0.98394 0.16464 -0.06897
vn 0.98394 0.16463 -0.06895
vn 0.98394 0.16463 -0.06896
vn 0.98394 0.16463 -0.06898
vn 0.98394 0.16463 -0.06896
vn 0.98394 0.16466 -0.06895
vn 0.98394 0.16464 -0.06896
vn 0.98394 0.16463 -0.06898
vn 0.98394 0.16464 -0.06894
vn 0.98394 0.16463 -0.06898
vn 0.98394 0.16463 -0.06895
vn 0.98394 0.16464 -0.06897
vn 0.98394 0.16463 -0.06896
vn 0.98394 0.16463 -0.06897
vn 0.98394 0.16464 -0.06894
vn 0.98394 0.16463 -0.06896
vn 0.98394 0.16463 -0.06896
vn 0.98394 0.16463 -0.06896
vn 0.98394 0.16465 -0.06897
vn 0.98394 0.16463 -0.06896
vn 0.98394 0.16464 -0.06897
vn 0.98394 0.16463 -0.06896
vn 0.98394 0.16463 -0.06896
vn 0.98394 0.16463 -0.06896
vn 0.98394 0.16463 -0.06896
vn 0.98394 0.16463 -0.06896
vn 0.98394 0.16463 -0.06896
vn 0.98394 0.16464 -0.06896
vn 0.98394 0.16463 -0.06896
vn 0.98394 0.16463 -0.06896
vn 0.98394 0.16464 -0.06896
vn 0.98394 0.16463 -0.06896
vn 0.98394 0.16463 -0.06896
vn 0.98394 0.16464 -0.06898
vn 0.98394 0.16462 -0.06895
vn 0.98394 0.16463 -0.06896
vn 0.98394 0.16463 -0.06896
vn 0.98394 0.16463 -0.06896
vn 0.98394 0.16463 -0.06896
vn 0.98394 0.16463 -0.06897
vn 0.98394 0.16463 -0.06896
vn 0.98394 0.16465 -0.06896
vn 0.98394 0.16463 -0.06896
vn 0.98394 0.16463 -0.06896
vn 0.98394 0.16463 -0.06896
vn 0.98394 0.16462 -0.06896
vn 0.98394 0.16463 -0.06895
vn 0.98394 0.16464 -0.06897
vn 0.98394 0.16463 -0.06896
vn 0.98394 0.16463 -0.06895
vn 0.98394 0.16463 -0.06897
vn 0.98394 0.16463 -0.06895
vn 0.98394 0.16463 -0.06896
vn 0.98394 0.16463 -0.06896
vn 0.98394 0.16463 -0.06896
vn 0.98394 0.16464 -0.06896
vn 0.98394 0.16463 -0.06896
vn 0.98394 0.16463 -0.06896
vn 0.98394 0.16463 -0.06896
vn 0.98394 0.16463 -0.06897
vn 0.98394 0.16463 -0.06896
vn 0.98394 0.16463 -0.06896
vn 0.98394 0.16463 -0.06896
vn 0.98394 0.16463 -0.06896
vn 0.98394 0.16463 -0.06896
vn 0.98394 0.16463 -0.06896
vn 0.98394 0.16463 -0.06896
vn 0.98394 0.16464 -0.06897
vn 0.98394 0.16463 -0.06896
vn 0.98394 0.16464 -0.06898
vn 0.98394 0.16463 -0.06895
vn 0.98394 0.16464 -0.06896
vn 0.98394 0.16463 -0.06896
vn 0.98394 0.16462 -0.06895
vn 0.98394 0.16463 -0.06896
vn 0.98394 0.16463 -0.06898
vn 0.98394 0.16463 -0.06896
vn 0.98394 0.16463 -0.06896
vn 0.98394 0.16463 -0.06896
vn 0.98394 0.16463 -0.06896
vn 0.98394 0.16464 -0.06896
vn 0.98394 0.16463 -0.06896
vn 0.98394 0.16463 -0.06896
vn 0.98394 0.16465 -0.06897
vn 0.98394 0.16463 -0.06896
vn 0.98394 0.16463 -0.06897
vn 0.98394 0.16463 -0.06896
vn 0.98394 0.16464 -0.06896
vn 0.98394 0.16464 -0.06897
vn 0.98394 0.16463 -0.06896
vn 0.98394 0.16463 -0.06896
vn 0.98394 0.16463 -0.06896
vn 0.98394 0.16464 -0.06898
vn 0.98394 0.16463 -0.06897
vn 0.98394 0.16463 -0.06897
vn 0.98394 0.16463 -0.06896
vn 0.98394 0.16464 -0.06895
vn 0.98394 0.16463 -0.06897
vn 0.98394 0.16463 -0.06897
vn 0.98394 0.16463 -0.06896
vn 0.98394 0.16464 -0.06895
vn 0.98394 0.16464 -0.06896
vn 0.98394 0.16463 -0.06897
vn 0.98394 0.16463 -0.06896
vn 0.98394 0.16463 -0.06896
vn 0.98394 0.16463 -0.06896
vn 0.98394 0.16463 -0.06897
vn 0.98394 0.16464 -0.06896
vn 0.98394 0.16464 -0.06896
vn 0.98394 0.16463 -0.06896
vn 0.98394 0.16463 -0.06896
vn 0.98394 0.16463 -0.06896
vn 0.98395 0.16461 -0.06897
vn 0.98394 0.16463 -0.06896
vn 0.98394 0.16463 -0.06896
vn 0.98394 0.16463 -0.06896
vn 0.98394 0.16463 -0.06897
vn 0.98394 0.16463 -0.06896
vn 0.98394 0.16463 -0.06897
vn 0.98394 0.16463 -0.06895
vn 0.98394 0.16463 -0.06896
vn 0.98394 0.16463 -0.06896
vn 0.98394 0.16463 -0.06898
vn 0.98394 0.16463 -0.06896
vn 0.98394 0.16464 -0.06896
vn 0.98394 0.16463 -0.06896
vn 0.98394 0.16463 -0.06896
vn 0.98394 0.16464 -0.06896
vn 0.98394 0.16462 -0.06896
vn 0.98394 0.16465 -0.06896
vn 0.98394 0.16463 -0.06896
vn 0.98394 0.16463 -0.06897
vn 0.98394 0.16463 -0.06896
vn 0.98394 0.16463 -0.06897
vn 0.98394 0.16463 -0.06896
vn 0.98394 0.16463 -0.06896
vn 0.98394 0.16464 -0.06896
vn 0.98394 0.16462 -0.06897
vn 0.98394 0.16463 -0.06896
vn 0.98394 0.16464 -0.06896
vn 0.98394 0.16464 -0.06896
vn 0.98394 0.16463 -0.06896
vn 0.98394 0.16463 -0.06896
vn 0.98394 0.16463 -0.06896
vn 0.98394 0.16463 -0.06896
vn 0.98394 0.16463 -0.06896
vn 0.98394 0.16464 -0.06896
vn 0.98394 0.16462 -0.06897
vn 0.98394 0.16466 -0.06896
vn 0.98394 0.16464 -0.06896
vn 0.98394 0.16463 -0.06896
vn 0.98394 0.16463 -0.06896
vn 0.98394 0.16463 -0.06896
vn 0.98394 0.16463 -0.06897
vn 0.98394 0.16463 -0.06897
vn 0.98394 0.16463 -0.06896
vn 0.98394 0.16463 -0.06896
vn 0.98394 0.16463 -0.06896
vn 0.98394 0.16463 -0.06896
vn 0.98394 0.16464 -0.06896
vn 0.98394 0.16464 -0.06897
vn 0.98394 0.16463 -0.06896
vn 0.98394 0.16463 -0.06896
vn 0.98394 0.16463 -0.06896
vn 0.98394 0.16464 -0.06898
vn 0.98394 0.16463 -0.06895
vn 0.98394 0.16464 -0.06897
vn 0.98394 0.16462 -0.06896
vn 0.98394 0.16463 -0.06896
vn 0.98394 0.16465 -0.06897
vn 0.98394 0.16463 -0.06896
vn 0.98394 0.16463 -0.06895
vn 0.98394 0.16464 -0.06895
vn 0.98394 0.16463 -0.06897
vn 0.98394 0.16463 -0.06896
vn 0.98394 0.16464 -0.06897
vn 0.98394 0.16464 -0.06897
vn 0.98394 0.16463 -0.06896
vn 0.98394 0.16462 -0.06895
vn 0.98394 0.16463 -0.06896
vn 0.98394 0.16464 -0.06897
vn 0.98394 0.16463 -0.06896
vn 0.98394 0.16462 -0.06895
vn 0.98394 0.16464 -0.06898
vn 0.98394 0.16463 -0.06896
vn 0.98394 0.16463 -0.06896
vn 0.98394 0.16463 -0.06896
vn 0.98394 0.16463 -0.06896
vn 0.98394 0.16464 -0.06897
vn 0.98394 0.16463 -0.06896
vn 0.98394 0.16464 -0.06897
vn 0.98394 0.16463 -0.06896
vn 0.98394 0.16464 -0.06897
vn 0.98394 0.16463 -0.06896
vn 0.98394 0.16463 -0.06896
vn 0.98394 0.16463 -0.06896
vn 0.98394 0.16463 -0.06896
vn 0.98394 0.16463 -0.06896
vn 0.98394 0.16463 -0.06896
vn 0.98394 0.16464 -0.06896
vn 0.98394 0.16463 -0.06897
vn 0.98394 0.16463 -0.06896
vn 0.98394 0.16463 -0.06896
vn 0.98394 0.16463 -0.06897
vn 0.98394 0.16462 -0.06896
vn 0.98394 0.16464 -0.06896
vn 0.98394 0.16463 -0.06896
vn 0.98394 0.16463 -0.06896
vn 0.98394 0.16463 -0.06896
vn 0.98394 0.16464 -0.06897
vn 0.98394 0.16463 -0.06896
vn 0.98394 0.16463 -0.06897
vn 0.98394 0.16463 -0.06896
vn 0.98394 0.16463 -0.06896
vn 0.98394 0.16463 -0.06896
vn 0.98394 0.16463 -0.06897
vn 0.98394 0.16463 -0.06897
vn 0.98394 0.16463 -0.06897
vn 0.98394 0.16463 -0.06896
vn 0.98395 0.16462 -0.06888
vn 0.98394 0.16463 -0.06896
vn 0.98394 0.16463 -0.06896
vn 0.98394 0.16463 -0.06896
vn 0.98394 0.16463 -0.06896
vn 0.98394 0.16464 -0.06896
vn 0.98394 0.16465 -0.06895
vn 0.98394 0.16463 -0.06896
vn 0.98394 0.16462 -0.06896
vn 0.98394 0.16464 -0.06897
vn 0.98394 0.16463 -0.06896
vn 0.98394 0.16463 -0.06896
vn 0.98394 0.16463 -0.06896
vn 0.98394 0.16463 -0.06896
vn 0.98394 0.16463 -0.06896
vn 0.98394 0.16465 -0.06896
vn 0.98394 0.16463 -0.06896
vn 0.98394 0.16462 -0.06897
vn 0.98394 0.16463 -0.06896
vn 0.98394 0.16462 -0.06896
vn 0.98394 0.16466 -0.06897
vn 0.98394 0.16463 -0.06896
vn 0.98394 0.16465 -0.06898
vn 0.98394 0.16463 -0.06896
vn 0.98394 0.16463 -0.06897
vn 0.98394 0.16463 -0.06896
vn 0.98394 0.16463 -0.06897
vn 0.98394 0.16463 -0.06896
vn 0.98394 0.16464 -0.06896
vn 0.98394 0.16463 -0.06896
vn 0.98394 0.16463 -0.06896
vn 0.98394 0.16463 -0.06896
vn 0.98394 0.16462 -0.06897
vn 0.98394 0.16466 -0.06896
vn 0.98394 0.16463 -0.06896
vn 0.98394 0.16462 -0.06896
vn 0.98394 0.16463 -0.06896
vn 0.98394 0.16463 -0.06896
vn 0.98394 0.16463 -0.06896
vn 0.98394 0.16463 -0.06896
vn 0.98394 0.16463 -0.06896
vn 0.98394 0.16463 -0.06896
vn 0.98394 0.16463 -0.06896
vn 0.98394 0.16463 -0.06896
vn 0.98394 0.16463 -0.06896
vn 0.98394 0.16463 -0.06896
vn 0.98394 0.16464 -0.06897
vn 0.98394 0.16462 -0.06895
vn 0.98394 0.16464 -0.06897
vn 0.98394 0.16463 -0.06896
vn 0.98394 0.16463 -0.06898
vn 0.98394 0.16463 -0.06896
vn 0.98394 0.16463 -0.06895
vn 0.98394 0.16464 -0.06894
vn 0.98394 0.16464 -0.06896
vn 0.98394 0.16463 -0.06896
vn 0.98394 0.16463 -0.06897
vn 0.98394 0.16463 -0.06896
vn 0.98394 0.16463 -0.06896
vn 0.98394 0.16464 -0.06895
vn 0.98394 0.16463 -0.06896
vn 0.98394 0.16463 -0.06896
vn 0.98394 0.16464 -0.06896
vn 0.98394 0.16464 -0.06897
vn 0.98394 0.16464 -0.06897
vn 0.98394 0.16463 -0.06897
vn 0.98394 0.16463 -0.06896
vn 0.98394 0.16464 -0.06898
vn 0.98394 0.16463 -0.06894
vn 0.98394 0.16463 -0.06895
vn 0.98394 0.16464 -0.06894
vn 0.98394 0.16463 -0.06897
vn 0.98394 0.16464 -0.06895
vn 0.98394 0.16463 -0.06894
vn 0.98394 0.16463 -0.06896
vn 0.98394 0.16463 -0.06898
vn 0.98394 0.16463 -0.06896
vn 0.98394 0.16464 -0.06895
vn 0.98394 0.16463 -0.06898
vn 0.98394 0.16463 -0.06896
vn 0.98394 0.16463 -0.06896
vn 0.98394 0.16463 -0.06896
vn 0.98394 0.16466 -0.06888
vn 0.98394 0.16463 -0.06897
vn 0.98394 0.16463 -0.06897
vn 0.98394 0.16463 -0.06896
vn 0.98394 0.16465 -0.06896
vn 0.98394 0.16463 -0.06896
vn 0.98394 0.16463 -0.06896
vn 0.98394 0.16463 -0.06896
vn 0.98394 0.16463 -0.06896
vn 0.98394 0.16464 -0.06897
vn 0.98394 0.16462 -0.06895
vn 0.98394 0.16463 -0.06896
vn 0.98394 0.16463 -0.06897
vn 0.98394 0.16463 -0.06898
vn 0.98394 0.16463 -0.06897
vn 0.98394 0.16463 -0.06896
vn 0.98394 0.16465 -0.06895
vn 0.98394 0.16463 -0.06896
vn 0.98394 0.16464 -0.06896
vn 0.98394 0.16463 -0.06896
vn 0.98394 0.16462 -0.06898
vn 0.98394 0.16465 -0.06894
vn 0.98394 0.16462 -0.06898
vn 0.98394 0.16463 -0.06896
vn 0.98394 0.16465 -0.06895
vn 0.98394 0.16463 -0.06896
vn 0.98394 0.16463 -0.06897
vn 0.98394 0.16463 -0.06896
vn 0.98394 0.16463 -0.06896
vn 0.98395 0.1646 -0.06897
vn 0.98394 0.16464 -0.06896
vn 0.98394 0.16463 -0.06896
vn 0.98394 0.16465 -0.06896
vn 0.98394 0.16463 -0.06896
vn 0.98394 0.16462 -0.06896
vn 0.98394 0.16463 -0.06896
vn 0.98394 0.16464 -0.06896
vn 0.98394 0.16465 -0.06897
vn -0.17013 0.98189 -0.08331
vn -0.17419 0.97 -0.16956
vn -0.17419 0.97 -0.16956
vn -0.17692 0.9507 -0.25471
vn -0.17692 0.9507 -0.25471
vn -0.17831 0.9242 -0.33772
vn -0.17831 0.92418 -0.33778
vn -0.17834 0.89061 -0.41834
vn -0.17701 0.85039 -0.49548
vn -0.17701 0.85039 -0.49548
vn -0.17434 0.80352 -0.56917
vn -0.17434 0.80352 -0.56917
vn -0.17032 0.75046 -0.63859
vn -0.17033 0.75049 -0.63855
vn -0.16503 0.6919 -0.70287
vn -0.16503 0.6919 -0.70287
vn -0.1585 0.62822 -0.76172
vn -0.1585 0.62822 -0.76172
vn -0.15071 0.55922 -0.8152
vn -0.15071 0.55922 -0.81521
vn -0.14181 0.4864 -0.86215
vn -0.14181 0.4864 -0.86215
vn -0.13186 0.41003 -0.90249
vn -0.13186 0.41001 -0.9025
vn -0.12085 0.33015 -0.93616
vn -0.12086 0.33017 -0.93615
vn -0.10893 0.24779 -0.96267
vn -0.10893 0.24777 -0.96268
vn -0.09616 0.16339 -0.98186
vn -0.09616 0.16339 -0.98186
vn -0.08277 0.07855 -0.99347
vn -0.08277 0.07856 -0.99347
vn -0.06863 -0.00774 -0.99761
vn -0.06863 -0.00774 -0.99761
vn -0.05396 -0.09395 -0.99411
vn -0.05396 -0.09395 -0.99411
vn -0.03894 -0.17904 -0.98307
vn -0.03904 -0.17854 -0.98316
vn -0.02369 -0.2625 -0.96464
vn -0.0236 -0.263 -0.96451
vn -0.0081 -0.34478 -0.93865
vn -0.0081 -0.34478 -0.93865
vn 0.00745 -0.42392 -0.90567
vn 0.00745 -0.42392 -0.90567
vn 0.02296 -0.49986 -0.8658
vn 0.02296 -0.49986 -0.8658
vn 0.0383 -0.57209 -0.81929
vn 0.03829 -0.57206 -0.81931
vn 0.05329 -0.63968 -0.76679
vn 0.0533 -0.63971 -0.76677
vn 0.06804 -0.70313 -0.7078
vn 0.06803 -0.7031 -0.70783
vn 0.08208 -0.7604 -0.64425
vn 0.08208 -0.76043 -0.64421
vn 0.09563 -0.81244 -0.57515
vn 0.09562 -0.81241 -0.5752
vn 0.10841 -0.85813 -0.50186
vn 0.10838 -0.85803 -0.50204
vn 0.12032 -0.89716 -0.42501
vn 0.12035 -0.89725 -0.42481
vn 0.13136 -0.92948 -0.3447
vn 0.13136 -0.92948 -0.3447
vn 0.1414 -0.95473 -0.26172
vn 0.1414 -0.95473 -0.26171
vn 0.15035 -0.97268 -0.17687
vn 0.15817 -0.98325 -0.09062
vn 0.15817 -0.98325 -0.09062
vn 0.16478 -0.98632 -0.00367
vn 0.16478 -0.98632 -0.00367
vn 0.17013 -0.98189 0.08331
vn 0.17013 -0.9819 0.08326
vn 0.17419 -0.97 0.16956
vn 0.17419 -0.97 0.16956
vn 0.17692 -0.9507 0.25471
vn 0.17692 -0.9507 0.25471
vn 0.17831 -0.92418 0.33778
vn 0.17831 -0.9242 0.33772
vn 0.17834 -0.89061 0.41834
vn 0.17834 -0.89061 0.41834
vn 0.17701 -0.85039 0.49548
vn 0.17701 -0.85039 0.49548
vn 0.17434 -0.80352 0.56917
vn 0.17433 -0.80335 0.56942
vn 0.17033 -0.75049 0.63855
vn 0.17034 -0.75067 0.63833
vn 0.16503 -0.6919 0.70287
vn 0.16503 -0.6919 0.70287
vn 0.1585 -0.62822 0.76172
vn 0.1585 -0.62825 0.76169
vn 0.15071 -0.55922 0.8152
vn 0.1507 -0.55919 0.81523
vn 0.14181 -0.4864 0.86215
vn 0.14181 -0.4864 0.86215
vn 0.13186 -0.41001 0.9025
vn 0.13186 -0.41003 0.90249
vn 0.12086 -0.33017 0.93615
vn 0.12085 -0.33015 0.93616
vn 0.10893 -0.24777 0.96268
vn 0.10893 -0.24779 0.96267
vn 0.09616 -0.1634 0.98186
vn 0.09616 -0.16339 0.98186
vn 0.08277 -0.07855 0.99347
vn 0.0827 -0.07804 0.99351
vn 0.06863 0.00774 0.99761
vn 0.06863 0.00774 0.99761
vn 0.05396 0.09395 0.99411
vn 0.05404 0.09344 0.99416
vn 0.03894 0.17904 0.98307
vn 0.03894 0.17904 0.98307
vn 0.02369 0.26252 0.96464
vn 0.02369 0.2625 0.96464
vn 0.0081 0.34478 0.93865
vn 0.0081 0.34478 0.93865
vn -0.00745 0.42392 0.90567
vn -0.00745 0.42392 0.90567
vn -0.02296 0.49986 0.8658
vn -0.02296 0.49986 0.8658
vn -0.03829 0.57206 0.81931
vn -0.0383 0.57209 0.81929
vn -0.05329 0.63971 0.76677
vn -0.05335 0.63998 0.76654
vn -0.06803 0.7031 0.70783
vn -0.06798 0.70287 0.70806
vn -0.08208 0.76043 0.64421
vn -0.08208 0.76043 0.64421
vn -0.09562 0.81241 0.5752
vn -0.09562 0.81241 0.5752
vn -0.10842 0.85815 0.50181
vn -0.10841 0.85813 0.50186
vn -0.12033 0.89716 0.42501
vn -0.12033 0.89716 0.42501
vn -0.13136 0.92948 0.3447
vn -0.13136 0.92948 0.3447
vn -0.1414 0.95473 0.26172
vn -0.1414 0.95473 0.26171
vn -0.15035 0.97268 0.17687
vn -0.15817 0.98325 0.09062
vn -0.15817 0.98325 0.09062
vn -0.16478 0.98632 0.00367
vn -0.16478 0.98632 0.00367
vn -0.17013 0.9819 -0.08329
vn -0.17419 0.96998 -0.16967
vn -0.17692 0.95071 -0.25465
vn -0.17692 0.95071 -0.25464
vn -0.17831 0.92421 -0.3377
vn -0.17701 0.85032 -0.4956
vn -0.17701 0.85035 -0.49555
vn -0.17434 0.80352 -0.56917
vn -0.17033 0.75057 -0.63846
vn -0.17033 0.75054 -0.6385
vn -0.16504 0.69194 -0.70284
vn -0.16504 0.69197 -0.70281
vn -0.15849 0.62806 -0.76185
vn -0.15848 0.62803 -0.76188
vn -0.15073 0.5594 -0.81508
vn -0.14181 0.4864 -0.86215
vn -0.14182 0.48643 -0.86213
vn -0.13183 0.40979 -0.9026
vn -0.13183 0.40977 -0.90261
vn -0.12086 0.33017 -0.93615
vn -0.12086 0.33017 -0.93615
vn -0.10893 0.24777 -0.96268
vn -0.10893 0.24778 -0.96267
vn -0.09619 0.16364 -0.98182
vn -0.09619 0.16364 -0.98182
vn -0.08273 0.07829 -0.99349
vn -0.08273 0.0783 -0.99349
vn -0.06863 -0.00774 -0.99761
vn -0.06863 -0.00774 -0.99761
vn -0.054 -0.0937 -0.99414
vn -0.054 -0.0937 -0.99414
vn -0.03894 -0.17904 -0.98307
vn -0.03895 -0.17903 -0.98307
vn -0.02364 -0.26274 -0.96458
vn -0.02364 -0.26276 -0.96457
vn -0.00814 -0.34457 -0.93872
vn -0.00814 -0.34455 -0.93873
vn 0.00745 -0.42392 -0.90567
vn 0.00745 -0.42392 -0.90567
vn 0.02296 -0.49986 -0.8658
vn 0.02296 -0.49986 -0.8658
vn 0.03829 -0.57206 -0.81931
vn 0.0383 -0.57209 -0.81929
vn 0.05333 -0.63986 -0.76664
vn 0.05332 -0.63983 -0.76667
vn 0.068 -0.70297 -0.70796
vn 0.06801 -0.703 -0.70793
vn 0.08211 -0.76054 -0.64408
vn 0.0821 -0.7605 -0.64412
vn 0.09562 -0.81241 -0.5752
vn 0.09563 -0.81244 -0.57515
vn 0.10839 -0.85806 -0.50198
vn 0.10837 -0.858 -0.50209
vn 0.12032 -0.89716 -0.42501
vn 0.12034 -0.8972 -0.42491
vn 0.13137 -0.92951 -0.34462
vn 0.13137 -0.92951 -0.34462
vn 0.1414 -0.95471 -0.26178
vn 0.15036 -0.97269 -0.17682
vn 0.15035 -0.97268 -0.17687
vn 0.15817 -0.98325 -0.09062
vn 0.15817 -0.98325 -0.0906
vn 0.16478 -0.98632 -0.00367
vn 0.16478 -0.98632 -0.00367
vn 0.17013 -0.9819 0.08329
vn 0.17419 -0.96998 0.16967
vn 0.17419 -0.97 0.16956
vn 0.17692 -0.95071 0.25465
vn 0.17692 -0.9507 0.25471
vn 0.17831 -0.92421 0.3377
vn 0.17831 -0.92418 0.33778
vn 0.17834 -0.89061 0.41834
vn 0.17834 -0.89066 0.41824
vn 0.17701 -0.85032 0.4956
vn 0.17701 -0.85032 0.4956
vn 0.17434 -0.80352 0.56917
vn 0.17433 -0.80344 0.56929
vn 0.17034 -0.75057 0.63846
vn 0.17035 -0.75071 0.6383
vn 0.16504 -0.69194 0.70284
vn 0.15849 -0.62806 0.76185
vn 0.15073 -0.5594 0.81508
vn 0.15073 -0.5594 0.81508
vn 0.14181 -0.4864 0.86215
vn 0.14181 -0.4864 0.86215
vn 0.13183 -0.40979 0.9026
vn 0.13183 -0.4098 0.9026
vn 0.12086 -0.33017 0.93615
vn 0.12086 -0.33017 0.93615
vn 0.10893 -0.24777 0.96268
vn 0.10893 -0.24779 0.96267
vn 0.09619 -0.16364 0.98182
vn 0.09619 -0.16364 0.98182
vn 0.08273 -0.0783 0.99349
vn 0.08273 -0.07829 0.99349
vn 0.06863 0.00774 0.99761
vn 0.06862 0.00774 0.99761
vn 0.054 0.0937 0.99414
vn 0.054 0.0937 0.99414
vn 0.03894 0.17904 0.98307
vn 0.03895 0.17903 0.98307
vn 0.02364 0.26276 0.96457
vn 0.02364 0.26274 0.96458
vn 0.00814 0.34455 0.93873
vn 0.00814 0.3446 0.93872
vn -0.00745 0.42392 0.90567
vn -0.00745 0.42389 0.90568
vn -0.02295 0.49984 0.86582
vn -0.03829 0.57206 0.81931
vn -0.0383 0.57209 0.81929
vn -0.05333 0.63986 0.76664
vn -0.05337 0.64004 0.76648
vn -0.068 0.70297 0.70796
vn -0.06796 0.70281 0.70813
vn -0.08211 0.76054 0.64408
vn -0.08211 0.76054 0.64408
vn -0.09562 0.81241 0.5752
vn -0.09563 0.81244 0.57515
vn -0.10839 0.85806 0.50198
vn -0.10838 0.85804 0.50202
vn -0.12032 0.89716 0.42501
vn -0.12034 0.8972 0.42491
vn -0.13137 0.92951 0.34462
vn -0.13136 0.92948 0.3447
vn -0.1414 0.95471 0.26178
vn -0.1414 0.95473 0.26172
vn -0.15036 0.9727 0.17676
vn -0.15036 0.97269 0.1768
vn -0.15816 0.98324 0.09069
vn -0.15816 0.98324 0.09068
vn -0.16478 0.98632 0.00367
vn -0.16478 0.98632 0.00367
vn -0.17013 0.98189 -0.08331
vn -0.17013 0.9819 -0.08327
vn -0.17419 0.97 -0.16956
vn -0.17419 0.96998 -0.16971
vn -0.17692 0.9507 -0.25471
vn -0.17692 0.95071 -0.25465
vn -0.17831 0.92418 -0.33778
vn -0.17834 0.8907 -0.41814
vn -0.17834 0.8907 -0.41814
vn -0.17701 0.85026 -0.49571
vn -0.17701 0.85026 -0.49571
vn -0.17434 0.80352 -0.56917
vn -0.17035 0.75067 -0.63833
vn -0.16506 0.69216 -0.70261
vn -0.16504 0.69194 -0.70284
vn -0.15847 0.62791 -0.76198
vn -0.15847 0.62791 -0.76198
vn -0.15075 0.55957 -0.81496
vn -0.15075 0.55957 -0.81496
vn -0.14181 0.4864 -0.86215
vn -0.14181 0.4864 -0.86215
vn -0.1318 0.40958 -0.9027
vn -0.12086 0.33017 -0.93615
vn -0.12086 0.33017 -0.93615
vn -0.10893 0.24777 -0.96268
vn -0.09623 0.16389 -0.98177
vn -0.08269 0.07804 -0.99351
vn -0.08269 0.07804 -0.99352
vn -0.06863 -0.00774 -0.99761
vn -0.06863 -0.00774 -0.99761
vn -0.05395 -0.09395 -0.99411
vn -0.05405 -0.09344 -0.99416
vn -0.03904 -0.17854 -0.98316
vn -0.03894 -0.17904 -0.98307
vn -0.0236 -0.263 -0.96451
vn -0.0236 -0.26298 -0.96451
vn -0.00819 -0.34433 -0.93881
vn -0.00818 -0.34435 -0.93881
vn 0.02296 -0.49986 -0.8658
vn 0.03829 -0.57206 -0.81931
vn 0.05336 -0.64001 -0.76651
vn 0.06797 -0.70284 -0.70809
vn 0.08214 -0.76064 -0.64396
vn 0.08214 -0.76064 -0.64395
vn 0.09562 -0.81241 -0.5752
vn 0.10838 -0.85803 -0.50204
vn 0.10837 -0.858 -0.50209
vn 0.12035 -0.89725 -0.42481
vn 0.12032 -0.89716 -0.42501
vn 0.13136 -0.92948 -0.3447
vn 0.13138 -0.92954 -0.34453
vn 0.1414 -0.95473 -0.26172
vn 0.14139 -0.9547 -0.26185
vn 0.15035 -0.97268 -0.17687
vn 0.15036 -0.9727 -0.17678
vn 0.15817 -0.98325 -0.09062
vn 0.16477 -0.98632 -0.00367
vn 0.16477 -0.98632 -0.00367
vn 0.17013 -0.9819 0.08327
vn 0.17419 -0.96999 0.16965
vn 0.17419 -0.96998 0.16971
vn 0.17692 -0.95073 0.25458
vn 0.17692 -0.95071 0.25465
vn 0.17831 -0.9242 0.33772
vn 0.17831 -0.92424 0.33761
vn 0.17834 -0.89061 0.41834
vn 0.17701 -0.85026 0.49571
vn 0.17434 -0.80352 0.56917
vn 0.17434 -0.80352 0.56917
vn 0.17034 -0.75067 0.63833
vn 0.16504 -0.69194 0.70284
vn 0.15847 -0.62794 0.76195
vn 0.15847 -0.62791 0.76198
vn 0.15074 -0.55954 0.81498
vn 0.15075 -0.55957 0.81496
vn 0.14181 -0.4864 0.86215
vn 0.14181 -0.4864 0.86215
vn 0.13186 -0.41003 0.90249
vn 0.13181 -0.40958 0.9027
vn 0.1208 -0.32969 0.93633
vn 0.12086 -0.33017 0.93615
vn 0.10893 -0.24779 0.96267
vn 0.10893 -0.24777 0.96268
vn 0.09623 -0.16389 0.98177
vn 0.09623 -0.16389 0.98177
vn 0.08269 -0.07804 0.99352
vn 0.08269 -0.07804 0.99351
vn 0.06863 0.00774 0.99761
vn 0.06863 0.00774 0.99761
vn 0.05404 0.09344 0.99416
vn 0.05404 0.09344 0.99416
vn 0.03894 0.17904 0.98307
vn 0.02369 0.2625 0.96464
vn 0.0236 0.263 0.96451
vn 0.0081 0.34478 0.93865
vn 0.00819 0.34433 0.93881
vn -0.00745 0.42392 0.90567
vn -0.00745 0.42392 0.90567
vn -0.02296 0.49986 0.8658
vn -0.02296 0.49986 0.8658
vn -0.03829 0.57206 0.81931
vn -0.05336 0.63998 0.76654
vn -0.05336 0.64001 0.76651
vn -0.06798 0.70287 0.70806
vn -0.06797 0.70284 0.70809
vn -0.08214 0.76064 0.64396
vn -0.09562 0.81241 0.5752
vn -0.10837 0.858 0.50209
vn -0.12033 0.89716 0.42501
vn -0.13138 0.92954 0.34453
vn -0.14139 0.9547 0.26185
vn -0.14139 0.9547 0.26185
vn -0.15817 0.98325 0.09058
vn -0.16478 0.98632 0.00367
vn -0.17419 0.97 -0.16961
vn -0.17419 0.97 -0.16956
vn -0.17692 0.95071 -0.25464
vn -0.17834 0.89066 -0.41824
vn -0.17701 0.85026 -0.49571
vn -0.17701 0.85032 -0.4956
vn -0.17434 0.80352 -0.56917
vn -0.17433 0.80344 -0.56929
vn -0.17033 0.75057 -0.63846
vn -0.17035 0.75071 -0.6383
vn -0.16505 0.69203 -0.70274
vn -0.16503 0.6919 -0.70287
vn -0.15849 0.62806 -0.76185
vn -0.15849 0.62807 -0.76185
vn -0.15073 0.5594 -0.81508
vn -0.15073 0.55939 -0.81508
vn -0.13183 0.40982 -0.90259
vn -0.13183 0.40979 -0.9026
vn -0.12082 0.32992 -0.93624
vn -0.12086 0.33017 -0.93615
vn -0.10897 0.24803 -0.9626
vn -0.09619 0.16364 -0.98182
vn -0.09619 0.16364 -0.98182
vn -0.08269 0.07804 -0.99352
vn -0.08274 0.0783 -0.99349
vn -0.06863 -0.00774 -0.99761
vn -0.06858 -0.008 -0.99761
vn -0.054 -0.0937 -0.99414
vn -0.05405 -0.09344 -0.99416
vn -0.03899 -0.17879 -0.98311
vn -0.03894 -0.17904 -0.98307
vn -0.02364 -0.26274 -0.96458
vn -0.02364 -0.26276 -0.96457
vn -0.00814 -0.34455 -0.93873
vn -0.00814 -0.34455 -0.93873
vn 0.00745 -0.42392 -0.90567
vn 0.00745 -0.42392 -0.90567
vn 0.0383 -0.57209 -0.81929
vn 0.03829 -0.57206 -0.81931
vn 0.05336 -0.63998 -0.76654
vn 0.06798 -0.70287 -0.70806
vn 0.06797 -0.70284 -0.70809
vn 0.08213 -0.76061 -0.64399
vn 0.08211 -0.76054 -0.64408
vn 0.0956 -0.81235 -0.57528
vn 0.10839 -0.85806 -0.50198
vn 0.1084 -0.85809 -0.50193
vn 0.12034 -0.8972 -0.42491
vn 0.1414 -0.95473 -0.26172
vn 0.15817 -0.98325 -0.0906
vn 0.15817 -0.98325 -0.09062
vn 0.16478 -0.98632 -0.00367
vn 0.17013 -0.9819 0.08329
vn 0.17419 -0.97 0.1696
vn 0.17692 -0.95071 0.25464
vn 0.17692 -0.95071 0.25464
vn 0.17831 -0.92418 0.33778
vn 0.17834 -0.89061 0.41834
vn 0.17834 -0.89061 0.41834
vn 0.17701 -0.85032 0.4956
vn 0.17701 -0.85032 0.4956
vn 0.17434 -0.80352 0.56917
vn 0.17034 -0.7506 0.63843
vn 0.17033 -0.75057 0.63846
vn 0.15849 -0.62806 0.76185
vn 0.15849 -0.62807 0.76185
vn 0.15073 -0.55939 0.81508
vn 0.14184 -0.48659 0.86204
vn 0.14181 -0.4864 0.86215
vn 0.13183 -0.40979 0.9026
vn 0.13183 -0.40982 0.90259
vn 0.12083 -0.32994 0.93624
vn 0.10893 -0.24777 0.96268
vn 0.10893 -0.24779 0.96267
vn 0.0962 -0.16365 0.98182
vn 0.09619 -0.16364 0.98182
vn 0.08273 -0.07829 0.99349
vn 0.06863 0.00774 0.99761
vn 0.06863 0.00774 0.99761
vn 0.054 0.0937 0.99414
vn 0.054 0.0937 0.99414
vn 0.03899 0.17879 0.98311
vn 0.03895 0.17904 0.98307
vn 0.02364 0.26276 0.96457
vn 0.02365 0.26274 0.96458
vn 0.0081 0.34478 0.93865
vn 0.00814 0.34455 0.93873
vn -0.00741 0.42371 0.90577
vn -0.00745 0.42392 0.90567
vn -0.02295 0.49986 0.8658
vn -0.02295 0.49986 0.8658
vn -0.03829 0.57206 0.81931
vn -0.0383 0.57209 0.81929
vn -0.05336 0.64001 0.76651
vn -0.05332 0.63983 0.76667
vn -0.068 0.70297 0.70796
vn -0.06801 0.703 0.70793
vn -0.08211 0.76054 0.64408
vn -0.08211 0.76054 0.64408
vn -0.0956 0.81232 0.57532
vn -0.09562 0.81241 0.5752
vn -0.1084 0.85809 0.50193
vn -0.12034 0.8972 0.42491
vn -0.13137 0.92951 0.34462
vn -0.13137 0.92951 0.34462
vn -0.1414 0.95471 0.26178
vn -0.1414 0.95471 0.26178
vn -0.15817 0.98325 0.0906
vn -0.16478 0.98632 0.00367
vn -0.16478 0.98632 0.00367
vn -0.98394 -0.16463 0.06896
vn -0.98394 -0.16463 0.06896
vn -0.98394 -0.16463 0.06896
vn -0.98394 -0.16464 0.06896
vn -0.98394 -0.16463 0.06897
vn -0.98394 -0.16463 0.06896
vn -0.98394 -0.16463 0.06896
vn -0.98394 -0.16464 0.06897
vn -0.98394 -0.16463 0.06896
vn -0.98394 -0.16463 0.06896
vn -0.98394 -0.16463 0.06896
vn -0.98394 -0.16463 0.06898
vn -0.98394 -0.16463 0.06897
vn -0.98394 -0.16463 0.06896
vn -0.98395 -0.16462 0.06891
vn -0.98394 -0.16463 0.06896
vn -0.98394 -0.16463 0.06896
vn -0.98394 -0.16463 0.06896
vn -0.98394 -0.16464 0.06896
vn -0.98394 -0.16464 0.06897
vn -0.98394 -0.16462 0.06896
vn -0.98394 -0.16464 0.06897
vn -0.98394 -0.16463 0.06896
vn -0.98394 -0.16463 0.06896
vn -0.98394 -0.16463 0.06897
vn -0.98394 -0.16464 0.06896
vn -0.98394 -0.16463 0.06897
vn -0.98394 -0.16463 0.06896
vn -0.98394 -0.16463 0.06898
vn -0.98394 -0.16463 0.06895
vn -0.98394 -0.16463 0.06896
vn -0.98394 -0.16463 0.06896
vn -0.98394 -0.16464 0.06897
vn -0.98394 -0.16463 0.06896
vn -0.98394 -0.16463 0.06896
vn -0.98394 -0.16463 0.06896
vn -0.98394 -0.16463 0.06896
vn -0.98394 -0.16464 0.06897
vn -0.98394 -0.16464 0.06897
vn -0.98394 -0.16463 0.06896
vn -0.98394 -0.16462 0.06896
vn -0.98394 -0.16464 0.06897
vn -0.98394 -0.16463 0.06896
vn -0.98394 -0.16464 0.06896
vn -0.98394 -0.16463 0.06896
vn -0.98394 -0.16464 0.06895
vn -0.98394 -0.16463 0.06896
vn -0.98394 -0.16463 0.06897
vn -0.98394 -0.16463 0.06897
vn -0.98394 -0.16464 0.06898
vn -0.98394 -0.16463 0.06896
vn -0.98394 -0.16464 0.06895
vn -0.98394 -0.16463 0.06896
vn -0.98394 -0.16464 0.06896
vn -0.98394 -0.16464 0.06896
vn -0.98394 -0.16463 0.06896
vn -0.98394 -0.16463 0.06897
vn -0.98394 -0.16463 0.06899
vn -0.98394 -0.16463 0.06896
vn -0.98394 -0.16463 0.06893
vn -0.98394 -0.16463 0.06896
vn -0.98394 -0.16463 0.06896
vn -0.98394 -0.16463 0.06896
vn -0.98394 -0.16464 0.06897
vn -0.98394 -0.16463 0.06896
vn -0.98394 -0.16463 0.06896
vn -0.98394 -0.16463 0.06896
vn -0.98394 -0.16463 0.06896
vn -0.98394 -0.16463 0.06896
vn -0.98394 -0.16463 0.06896
vn -0.98394 -0.16463 0.06896
vn -0.98394 -0.16463 0.06896
vn -0.98394 -0.16463 0.06896
vn -0.98394 -0.16464 0.06897
vn -0.98394 -0.16463 0.06896
vn -0.98394 -0.16463 0.06896
vn -0.98394 -0.16466 0.06897
vn -0.98395 -0.1646 0.06896
vn -0.98394 -0.16463 0.06896
vn -0.98394 -0.16466 0.06896
vn -0.98394 -0.16462 0.06897
vn -0.98394 -0.16463 0.06897
vn -0.98394 -0.16464 0.06896
vn -0.98394 -0.16463 0.06896
vn -0.98394 -0.16463 0.06897
vn -0.98394 -0.16463 0.06896
vn -0.98394 -0.16463 0.06896
vn -0.98394 -0.16463 0.06897
vn -0.98394 -0.16463 0.06894
vn -0.98394 -0.16463 0.06896
vn -0.98394 -0.16464 0.06898
vn -0.98394 -0.16463 0.06896
vn -0.98394 -0.16463 0.06896
vn -0.98394 -0.16464 0.06897
vn -0.98394 -0.16463 0.06896
vn -0.98394 -0.16463 0.06896
vn -0.98394 -0.16463 0.06896
vn -0.98394 -0.16464 0.06896
vn -0.98394 -0.16463 0.06896
vn -0.98394 -0.16463 0.06896
vn -0.98394 -0.16463 0.06896
vn -0.98394 -0.16463 0.06896
vn -0.98394 -0.16462 0.06897
vn -0.98394 -0.16463 0.06896
vn -0.98394 -0.16463 0.06896
vn -0.98394 -0.16464 0.06896
vn -0.98394 -0.16464 0.06896
vn -0.98394 -0.16463 0.06896
vn -0.98394 -0.16463 0.06895
vn -0.98394 -0.16463 0.06898
vn -0.98394 -0.16466 0.06896
vn -0.98394 -0.16462 0.06896
vn -0.98394 -0.16462 0.06896
vn -0.98394 -0.16466 0.06897
vn -0.98394 -0.16463 0.06896
vn -0.98394 -0.16465 0.06897
vn -0.98394 -0.16463 0.06896
vn -0.98395 -0.1646 0.06897
vn -0.98394 -0.16463 0.06896
vn -0.98394 -0.16463 0.06898
vn -0.98394 -0.16463 0.06896
vn -0.98394 -0.16463 0.06896
vn -0.98395 -0.16461 0.06894
vn -0.98394 -0.16465 0.06897
vn -0.98394 -0.16463 0.06896
vn -0.98394 -0.16464 0.06896
vn -0.98394 -0.16463 0.06896
vn -0.98394 -0.16464 0.06897
vn -0.98394 -0.16463 0.06896
vn -0.98394 -0.16463 0.06896
vn -0.98395 -0.16461 0.06896
vn -0.98394 -0.16464 0.06896
vn -0.98394 -0.16463 0.06896
vn -0.98394 -0.16463 0.06896
vn -0.98394 -0.16463 0.06896
vn -0.98394 -0.16465 0.06896
vn -0.98394 -0.16463 0.06896
vn -0.98394 -0.16464 0.06896
vn -0.98394 -0.16464 0.06896
vn -0.98394 -0.16464 0.06896
vn -0.98394 -0.16465 0.06896
vn -0.98394 -0.16463 0.06896
vn -0.98394 -0.16462 0.06897
vn -0.98394 -0.16464 0.06896
vn -0.98394 -0.16465 0.06895
vn -0.98394 -0.16462 0.06897
vn -0.98394 -0.16463 0.06896
vn -0.98394 -0.16463 0.06896
vn -0.98394 -0.16463 0.06896
vn -0.98394 -0.16463 0.06896
vn -0.98394 -0.16463 0.06896
vn -0.98394 -0.16463 0.06896
vn -0.98394 -0.16464 0.06897
vn -0.98394 -0.16463 0.06896
vn -0.98394 -0.16463 0.06896
vn -0.98394 -0.16463 0.06898
vn -0.98394 -0.16463 0.06897
vn -0.98394 -0.16464 0.06895
vn -0.98394 -0.16463 0.06896
vn -0.98394 -0.16464 0.06898
vn -0.98394 -0.16463 0.06896
vn -0.98394 -0.16463 0.06896
vn -0.98394 -0.16462 0.06897
vn -0.98394 -0.16463 0.06896
vn -0.98394 -0.16464 0.06896
vn -0.98393 -0.16468 0.06895
vn -0.98394 -0.16463 0.06896
vn -0.98394 -0.16464 0.06896
vn -0.98394 -0.16463 0.06897
vn -0.98394 -0.16463 0.06896
vn -0.98394 -0.16464 0.06896
vn -0.98394 -0.16463 0.06896
vn -0.98394 -0.16463 0.06896
vn -0.98394 -0.16465 0.06894
vn -0.98394 -0.16463 0.06896
vn -0.98394 -0.16463 0.06896
vn -0.98394 -0.16464 0.06897
vn -0.98394 -0.16463 0.06897
vn -0.98394 -0.16463 0.06894
vn -0.98394 -0.16463 0.06896
vn -0.98394 -0.16463 0.06896
vn -0.98394 -0.16464 0.06897
vn -0.98394 -0.16463 0.06896
vn -0.98394 -0.16463 0.06896
vn -0.98394 -0.16464 0.06896
vn -0.98394 -0.16463 0.06896
vn -0.98394 -0.16463 0.06897
vn -0.98394 -0.16463 0.06896
vn -0.98394 -0.16463 0.06896
vn -0.98394 -0.16462 0.06898
vn -0.98394 -0.16463 0.06896
vn -0.98394 -0.16464 0.06896
vn -0.98394 -0.16464 0.06895
vn -0.98394 -0.16463 0.06896
vn -0.98394 -0.16463 0.06896
vn -0.98394 -0.16463 0.06896
vn -0.98394 -0.16463 0.06896
vn -0.98394 -0.16463 0.06896
vn -0.98394 -0.16464 0.06896
vn -0.98394 -0.16463 0.06897
vn -0.98394 -0.16463 0.06897
vn -0.98394 -0.16463 0.06896
vn -0.98394 -0.16464 0.06896
vn -0.98394 -0.16463 0.06897
vn -0.98394 -0.16463 0.06897
vn -0.98394 -0.16463 0.06896
vn -0.98394 -0.16463 0.06897
vn -0.98394 -0.16463 0.06896
vn -0.98394 -0.16464 0.06895
vn -0.98394 -0.16463 0.06896
vn -0.98394 -0.16462 0.06896
vn -0.98394 -0.16463 0.06896
vn -0.98394 -0.16464 0.06896
vn -0.98394 -0.16466 0.06896
vn -0.98394 -0.16462 0.06896
vn -0.98394 -0.16463 0.06896
vn -0.98394 -0.16464 0.06896
vn -0.98394 -0.16463 0.06896
vn -0.98394 -0.16461 0.06897
vn -0.98394 -0.16462 0.06897
vn -0.98394 -0.16465 0.06898
vn -0.98394 -0.16462 0.06897
vn -0.98393 -0.16467 0.06896
vn -0.98395 -0.1646 0.06896
vn -0.98394 -0.16463 0.06896
vn -0.98394 -0.16462 0.06896
vn -0.98394 -0.16464 0.06897
vn -0.98394 -0.16463 0.06896
vn -0.98394 -0.16463 0.06896
vn -0.98394 -0.16466 0.06897
vn -0.98394 -0.16463 0.06896
vn -0.98394 -0.16464 0.06896
vn -0.98394 -0.16466 0.06896
vn -0.98394 -0.16463 0.06896
vn -0.98394 -0.16464 0.06896
vn -0.98394 -0.16464 0.06896
vn -0.98394 -0.16464 0.06896
vn -0.98394 -0.16465 0.06895
vn -0.98394 -0.16463 0.06897
vn -0.98394 -0.16463 0.06897
vn -0.98394 -0.16464 0.06896
vn -0.98394 -0.16463 0.06897
vn -0.98394 -0.16463 0.06897
vn -0.98394 -0.16463 0.06899
vn -0.98394 -0.16464 0.06893
vn -0.98394 -0.16462 0.06894
vn -0.98394 -0.16463 0.06896
vn -0.98394 -0.16463 0.06896
vn -0.98394 -0.16464 0.06897
vn -0.98394 -0.16463 0.06896
vn -0.98394 -0.16465 0.06898
vn -0.98394 -0.16463 0.06896
vn -0.98394 -0.16462 0.06895
vn -0.98394 -0.16463 0.06896
vn -0.98394 -0.16464 0.06897
vn -0.98394 -0.16463 0.06896
vn -0.98394 -0.16462 0.06896
vn -0.98394 -0.16462 0.06896
vn -0.98394 -0.16463 0.06897
vn -0.98394 -0.16464 0.06896
vn -0.98394 -0.16463 0.06896
vn -0.98394 -0.16463 0.06893
vn -0.98394 -0.16463 0.06898
vn -0.98394 -0.16463 0.06898
vn -0.98394 -0.16464 0.06894
vn -0.98394 -0.16463 0.06896
vn -0.98394 -0.16464 0.06898
vn -0.98394 -0.16463 0.06896
vn -0.98394 -0.16463 0.06896
vn -0.98394 -0.16463 0.06896
vn -0.98394 -0.16463 0.06896
vn -0.98394 -0.16463 0.06896
vn -0.98394 -0.16463 0.06897
vn -0.98394 -0.16463 0.06894
vn -0.98394 -0.16463 0.06896
vn -0.98394 -0.16464 0.06898
vn -0.98394 -0.16464 0.06896
vn -0.98395 -0.1646 0.06894
vn -0.98394 -0.16463 0.06896
vn -0.98394 -0.16465 0.06898
vn -0.98394 -0.16463 0.06896
vn -0.98394 -0.16463 0.06896
vn -0.98394 -0.16464 0.06896
vn -0.98394 -0.16462 0.06896
vn -0.98394 -0.16463 0.06896
vn -0.98394 -0.16464 0.06897
vn -0.98394 -0.16464 0.06897
vn -0.98394 -0.16464 0.06896
vn -0.98394 -0.16463 0.06899
vn -0.98394 -0.16463 0.06897
vn -0.98394 -0.16463 0.06896
vn -0.98394 -0.16463 0.06896
vn -0.98394 -0.16463 0.06896
vn -0.98394 -0.16463 0.06896
vn -0.98394 -0.16463 0.06896
vn -0.98394 -0.16463 0.06896
vn -0.98394 -0.16464 0.06898
vn -0.98394 -0.16463 0.06897
vn -0.98394 -0.16462 0.06898
vn -0.98394 -0.16465 0.06895
vn -0.98394 -0.16464 0.06896
vn -0.98394 -0.16463 0.06896
vn -0.98394 -0.16463 0.069
vn -0.98394 -0.16464 0.06895
vn -0.98394 -0.16463 0.06896
vn -0.98394 -0.16463 0.06896
vn -0.98394 -0.16463 0.06896
vn -0.98394 -0.16464 0.06897
vn -0.98394 -0.16465 0.06898
vn -0.98394 -0.16463 0.06896
vn -0.98394 -0.16462 0.06895
vn -0.98394 -0.16463 0.06896
vn -0.98394 -0.16464 0.06898
vn -0.98394 -0.16463 0.06894
vn -0.98394 -0.16464 0.06896
vn -0.98394 -0.16464 0.06898
vn -0.98393 -0.16467 0.06896
vn -0.98395 -0.16461 0.06896
vn -0.98394 -0.16463 0.06896
vn -0.98394 -0.16464 0.06895
vn -0.98394 -0.16463 0.06896
vn -0.98394 -0.16463 0.06896
vn -0.98394 -0.16463 0.06894
vn -0.98394 -0.16463 0.06897
vn -0.98394 -0.16463 0.06896
vn -0.98394 -0.16463 0.06896
vn -0.98394 -0.16463 0.06896
vn -0.98394 -0.16463 0.06896
vn -0.98394 -0.16464 0.06896
vn -0.98394 -0.16464 0.06896
vn -0.98394 -0.16463 0.06894
vn -0.98394 -0.16463 0.06898
vn -0.98394 -0.16463 0.06896
vn -0.98394 -0.16464 0.06897
vn -0.98394 -0.16463 0.06896
vn -0.98394 -0.16463 0.06896
vn -0.98394 -0.16464 0.06897
vn -0.98394 -0.16463 0.06896
vn -0.98394 -0.16462 0.06896
vn -0.98394 -0.16464 0.06896
vn -0.98394 -0.16464 0.06897
vn -0.98394 -0.16462 0.06896
vn -0.98394 -0.16463 0.06896
vn -0.98394 -0.16463 0.06896
vn -0.98394 -0.16466 0.06896
vn -0.98394 -0.16462 0.06896
vn -0.98394 -0.16464 0.06896
vn -0.98394 -0.16464 0.06896
vn -0.98394 -0.16464 0.06896
vn -0.98394 -0.16461 0.06897
vn -0.98394 -0.16463 0.06896
vn -0.98394 -0.16465 0.06897
vn -0.98394 -0.16464 0.06897
vn -0.98394 -0.16463 0.06896
vn -0.98394 -0.16463 0.06896
vn -0.98394 -0.16463 0.06896
vn -0.98394 -0.16463 0.06896
vn -0.98394 -0.16464 0.06897
vn -0.98394 -0.16466 0.06896
vn -0.98394 -0.16462 0.06897
vn -0.98394 -0.16463 0.06896
vn -0.98394 -0.16465 0.06895
vn -0.98394 -0.16462 0.06897
vn -0.98394 -0.16463 0.06896
vn -0.98394 -0.16464 0.06897
vn -0.98394 -0.16463 0.06896
vn -0.98394 -0.16462 0.06895
vn -0.98394 -0.16463 0.06895
vn -0.98394 -0.16463 0.06896
vn -0.98394 -0.16463 0.06896
vn -0.98394 -0.16464 0.06896
vn -0.98394 -0.16462 0.06896
vn -0.98394 -0.16463 0.06897
vn -0.98394 -0.16466 0.06893
vn -0.98394 -0.16463 0.06896
vn -0.98394 -0.16462 0.06897
vn -0.98394 -0.16463 0.06896
vn -0.98394 -0.16465 0.06895
vn -0.98394 -0.16465 0.06897
vn -0.98394 -0.16463 0.06896
vn -0.98394 -0.16464 0.06894
vn -0.98394 -0.16463 0.06896
vn -0.98394 -0.16463 0.06896
vn -0.98394 -0.16464 0.06896
vn -0.98394 -0.16463 0.06896
vn -0.98394 -0.16463 0.06897
vn -0.98394 -0.16463 0.06896
vn -0.98394 -0.16462 0.06897
vn -0.98394 -0.16463 0.06896
vn -0.98394 -0.16464 0.06896
vn -0.98394 -0.16463 0.06897
vn -0.98394 -0.16464 0.06895
vn -0.98394 -0.16463 0.06896
vn -0.98394 -0.16464 0.06898
vn -0.98394 -0.16463 0.06897
vn -0.98394 -0.16465 0.06895
vn -0.98394 -0.16463 0.06896
vn -0.98394 -0.16461 0.06898
vn -0.98394 -0.16463 0.06896
vn -0.98394 -0.16464 0.06896
vn -0.98394 -0.16463 0.06896
vn -0.98394 -0.16464 0.06895
vn -0.98394 -0.16463 0.06896
vn -0.98394 -0.16463 0.06896
vn -0.98394 -0.16464 0.06896
vn -0.98394 -0.16462 0.06899
vn -0.98394 -0.16463 0.06898
vn -0.98394 -0.16464 0.06893
vn -0.98394 -0.16463 0.06898
vn -0.98394 -0.16463 0.069
vn -0.98394 -0.16463 0.06896
vn -0.98394 -0.16463 0.06898
vn -0.98394 -0.16463 0.06897
vn -0.98394 -0.16463 0.06896
vn -0.98394 -0.16463 0.06897
vn -0.98394 -0.16464 0.06896
vn -0.98394 -0.16464 0.06896
vn -0.98394 -0.16463 0.06897
vn -0.98394 -0.16464 0.06893
vn -0.98394 -0.16463 0.06898
vn -0.98394 -0.16463 0.06896
vn -0.98394 -0.16464 0.06898
vn -0.98394 -0.16463 0.06895
vn 0.16478 -0.98632 -0.00367
vn 0.16478 -0.98632 -0.00367
vn 0.15817 -0.98325 -0.0906
vn 0.15817 -0.98325 -0.09061
vn 0.15035 -0.97269 -0.17685
vn 0.15036 -0.97269 -0.17685
vn 0.1414 -0.95472 -0.26175
vn 0.13137 -0.92949 -0.34465
vn 0.13137 -0.92949 -0.34465
vn 0.12034 -0.89719 -0.42494
vn 0.12034 -0.89719 -0.42494
vn 0.10839 -0.85806 -0.50199
vn 0.09561 -0.8124 -0.57521
vn 0.08211 -0.76054 -0.64408
vn 0.08211 -0.76054 -0.64407
vn 0.06799 -0.70292 -0.70801
vn 0.06799 -0.70292 -0.70801
vn 0.05334 -0.63992 -0.76659
vn 0.0383 -0.57208 -0.8193
vn 0.0383 -0.57208 -0.8193
vn 0.02296 -0.49987 -0.86579
vn 0.02296 -0.49987 -0.86579
vn 0.00744 -0.42387 -0.90569
vn 0.00745 -0.42387 -0.90569
vn -0.00813 -0.34461 -0.93871
vn -0.02364 -0.26277 -0.96457
vn -0.054 -0.09369 -0.99414
vn -0.054 -0.09369 -0.99414
vn -0.06863 -0.00773 -0.99761
vn -0.08272 0.07823 -0.9935
vn -0.08272 0.07823 -0.9935
vn -0.0962 0.16366 -0.98182
vn -0.0962 0.16366 -0.98182
vn -0.10893 0.24779 -0.96267
vn -0.12084 0.33007 -0.93619
vn -0.12084 0.33007 -0.93619
vn -0.13183 0.40982 -0.90259
vn -0.13183 0.40982 -0.90259
vn -0.14182 0.48646 -0.86212
vn -0.15072 0.55937 -0.8151
vn -0.15073 0.55939 -0.81509
vn -0.15849 0.62806 -0.76185
vn -0.15848 0.62805 -0.76187
vn -0.16504 0.69196 -0.70282
vn -0.16504 0.69196 -0.70282
vn -0.17034 0.75059 -0.63843
vn -0.17034 0.75059 -0.63843
vn -0.17434 0.8035 -0.5692
vn -0.17434 0.8035 -0.5692
vn -0.17701 0.85031 -0.49562
vn -0.17701 0.85031 -0.49562
vn -0.17834 0.89064 -0.41828
vn -0.17831 0.92419 -0.33775
vn -0.17419 0.96999 -0.16962
vn -0.17419 0.96999 -0.16962
vn -0.17013 0.9819 -0.08329
vn -0.16478 0.98632 0.00367
vn -0.16478 0.98632 0.00367
vn -0.15817 0.98325 0.09061
vn -0.15036 0.97269 0.17685
vn -0.15036 0.97269 0.17685
vn -0.1414 0.95472 0.26175
vn -0.13137 0.92949 0.34466
vn -0.13137 0.92949 0.34466
vn -0.12034 0.89719 0.42494
vn -0.12034 0.89719 0.42494
vn -0.10839 0.85806 0.50199
vn -0.10839 0.85806 0.50199
vn -0.09561 0.81239 0.57522
vn -0.08211 0.76055 0.64407
vn -0.08211 0.76055 0.64407
vn -0.06799 0.70291 0.70802
vn -0.06799 0.70292 0.70802
vn -0.05335 0.63993 0.76658
vn -0.05335 0.63993 0.76658
vn -0.0383 0.57208 0.8193
vn -0.02296 0.49987 0.86579
vn -0.02296 0.49987 0.86579
vn -0.00744 0.42386 0.9057
vn -0.00744 0.42386 0.9057
vn 0.00813 0.34462 0.93871
vn 0.02364 0.26277 0.96457
vn 0.02364 0.26277 0.96457
vn 0.03897 0.1789 0.98309
vn 0.03897 0.1789 0.98309
vn 0.054 0.09369 0.99414
vn 0.06863 0.00774 0.99761
vn 0.06863 0.00774 0.99761
vn 0.08272 -0.07824 0.9935
vn 0.08272 -0.07824 0.9935
vn 0.09619 -0.16364 0.98182
vn 0.09619 -0.16364 0.98182
vn 0.10893 -0.2478 0.96267
vn 0.10893 -0.2478 0.96267
vn 0.12084 -0.33005 0.9362
vn 0.13183 -0.40982 0.90259
vn 0.14182 -0.48646 0.86212
vn 0.15072 -0.55938 0.81509
vn 0.15849 -0.62806 0.76185
vn 0.15849 -0.62806 0.76185
vn 0.16504 -0.69196 0.70282
vn 0.16504 -0.69196 0.70282
vn 0.17034 -0.75059 0.63844
vn 0.17434 -0.80351 0.5692
vn 0.17434 -0.80351 0.56919
vn 0.17701 -0.85031 0.49563
vn 0.17701 -0.8503 0.49563
vn 0.17834 -0.89064 0.41827
vn 0.17834 -0.89064 0.41827
vn 0.17831 -0.92419 0.33775
vn 0.17831 -0.92419 0.33775
vn 0.17692 -0.95071 0.25465
vn 0.17692 -0.95071 0.25465
vn 0.17419 -0.96999 0.16962
vn 0.17419 -0.96999 0.16962
vn 0.17013 -0.9819 0.08329
vn -0.16478 0.98632 0.00367
vn -0.15817 0.98325 0.09061
vn -0.15817 0.98325 0.09061
vn -0.15035 0.97269 0.17685
vn -0.15036 0.97269 0.17685
vn -0.1414 0.95472 0.26175
vn -0.1414 0.95472 0.26175
vn -0.13137 0.92949 0.34466
vn -0.13137 0.92949 0.34465
vn -0.12033 0.89719 0.42494
vn -0.12033 0.89719 0.42494
vn -0.10839 0.85806 0.50199
vn -0.09562 0.8124 0.57521
vn -0.08211 0.76055 0.64407
vn -0.08211 0.76055 0.64407
vn -0.06799 0.70292 0.70801
vn -0.06798 0.70291 0.70802
vn -0.05334 0.63993 0.76658
vn -0.05334 0.63993 0.76658
vn -0.03829 0.57207 0.81931
vn -0.0383 0.57209 0.8193
vn -0.02296 0.49988 0.86579
vn -0.02295 0.49987 0.8658
vn -0.00744 0.42385 0.9057
vn -0.00744 0.42387 0.90569
vn 0.00813 0.34463 0.9387
vn 0.00813 0.34463 0.9387
vn 0.02364 0.26276 0.96457
vn 0.02364 0.26276 0.96457
vn 0.03897 0.1789 0.98309
vn 0.03897 0.1789 0.98309
vn 0.054 0.09368 0.99414
vn 0.054 0.09368 0.99414
vn 0.06862 0.00776 0.99761
vn 0.06862 0.00776 0.99761
vn 0.08272 -0.07824 0.9935
vn 0.08273 -0.07826 0.99349
vn 0.0962 -0.16365 0.98182
vn 0.09619 -0.16363 0.98182
vn 0.10893 -0.2478 0.96267
vn 0.12084 -0.33005 0.9362
vn 0.12085 -0.33007 0.93619
vn 0.13183 -0.40982 0.90259
vn 0.13183 -0.4098 0.9026
vn 0.14182 -0.48645 0.86212
vn 0.14182 -0.48645 0.86212
vn 0.15072 -0.55938 0.81509
vn 0.15073 -0.5594 0.81508
vn 0.15849 -0.62807 0.76185
vn 0.15849 -0.62806 0.76185
vn 0.16504 -0.69196 0.70282
vn 0.16504 -0.69195 0.70283
vn 0.17034 -0.75058 0.63845
vn 0.17034 -0.75058 0.63845
vn 0.17434 -0.80351 0.56919
vn 0.17434 -0.80351 0.56919
vn 0.17701 -0.8503 0.49563
vn 0.17701 -0.8503 0.49563
vn 0.17834 -0.89064 0.41827
vn 0.17834 -0.89064 0.41828
vn 0.17831 -0.92419 0.33775
vn 0.17831 -0.92419 0.33775
vn 0.17692 -0.95071 0.25465
vn 0.17692 -0.95071 0.25465
vn 0.17419 -0.96999 0.16962
vn 0.17419 -0.96999 0.16962
vn 0.17013 -0.9819 0.08329
vn 0.17013 -0.9819 0.08329
vn 0.16477 -0.98632 -0.00367
vn 0.16478 -0.98632 -0.00367
vn 0.15817 -0.98325 -0.09061
vn 0.15817 -0.98325 -0.09061
vn 0.15036 -0.97269 -0.17685
vn 0.15036 -0.97269 -0.17685
vn 0.1414 -0.95472 -0.26175
vn 0.13137 -0.92949 -0.34466
vn 0.13137 -0.92949 -0.34465
vn 0.12033 -0.89719 -0.42494
vn 0.12033 -0.89719 -0.42494
vn 0.10839 -0.85806 -0.50199
vn 0.09561 -0.81239 -0.57522
vn 0.09561 -0.8124 -0.57521
vn 0.08211 -0.76055 -0.64406
vn 0.08211 -0.76055 -0.64407
vn 0.06799 -0.70292 -0.70801
vn 0.06799 -0.70291 -0.70802
vn 0.05335 -0.63993 -0.76658
vn 0.05335 -0.63993 -0.76658
vn 0.0383 -0.57208 -0.81931
vn 0.0383 -0.57208 -0.8193
vn 0.02296 -0.49988 -0.86579
vn 0.02296 -0.49987 -0.86579
vn 0.00744 -0.42386 -0.9057
vn 0.00744 -0.42387 -0.90569
vn -0.00813 -0.34462 -0.93871
vn -0.00813 -0.34462 -0.93871
vn -0.02364 -0.26276 -0.96457
vn -0.02364 -0.26276 -0.96457
vn -0.03897 -0.17891 -0.98309
vn -0.03897 -0.1789 -0.98309
vn -0.054 -0.09368 -0.99414
vn -0.054 -0.09369 -0.99414
vn -0.06863 -0.00775 -0.99761
vn -0.06863 -0.00775 -0.99761
vn -0.08272 0.07824 -0.9935
vn -0.08273 0.07825 -0.9935
vn -0.0962 0.16365 -0.98182
vn -0.0962 0.16364 -0.98182
vn -0.10893 0.24779 -0.96267
vn -0.10893 0.2478 -0.96267
vn -0.12084 0.33006 -0.93619
vn -0.12084 0.33006 -0.93619
vn -0.13183 0.40982 -0.90259
vn -0.13183 0.40981 -0.90259
vn -0.14182 0.48645 -0.86212
vn -0.14182 0.48646 -0.86212
vn -0.15072 0.55938 -0.81509
vn -0.15072 0.55938 -0.81509
vn -0.15848 0.62806 -0.76185
vn -0.15848 0.62806 -0.76185
vn -0.16504 0.69196 -0.70282
vn -0.17034 0.75059 -0.63844
vn -0.17034 0.75059 -0.63844
vn -0.17434 0.80351 -0.56919
vn -0.17434 0.8035 -0.5692
vn -0.17701 0.85031 -0.49562
vn -0.17701 0.85031 -0.49562
vn -0.17834 0.89064 -0.41828
vn -0.17834 0.89064 -0.41828
vn -0.17831 0.92419 -0.33775
vn -0.17831 0.92419 -0.33775
vn -0.17692 0.95071 -0.25465
vn -0.17692 0.95071 -0.25465
vn -0.17419 0.96999 -0.16962
vn -0.17419 0.96999 -0.16962
vn -0.17013 0.9819 -0.08329
vn -0.17013 0.9819 -0.08329
vn -0.16477 0.98632 0.00368
vn -0.17013 0.9819 -0.08329
vn -0.17419 0.97 -0.16956
vn -0.17419 0.96998 -0.16967
vn -0.17692 0.9507 -0.25471
vn -0.17692 0.95073 -0.25458
vn -0.17831 0.92418 -0.33778
vn -0.17831 0.92418 -0.33778
vn -0.17834 0.89066 -0.41824
vn -0.17834 0.89061 -0.41834
vn -0.17701 0.85032 -0.4956
vn -0.17433 0.80344 -0.56929
vn -0.17434 0.80352 -0.56917
vn -0.17035 0.75071 -0.6383
vn -0.17033 0.75057 -0.63846
vn -0.16503 0.6919 -0.70287
vn -0.16504 0.69194 -0.70284
vn -0.15849 0.62807 -0.76185
vn -0.15848 0.62806 -0.76185
vn -0.15073 0.55939 -0.81508
vn -0.14181 0.4864 -0.86215
vn -0.14181 0.4864 -0.86215
vn -0.13183 0.40979 -0.9026
vn -0.13186 0.41 -0.9025
vn -0.12086 0.33017 -0.93615
vn -0.12083 0.32994 -0.93624
vn -0.10893 0.24777 -0.96268
vn -0.09619 0.16364 -0.98182
vn -0.08273 0.0783 -0.99349
vn -0.08273 0.07829 -0.99349
vn -0.06858 -0.008 -0.99761
vn -0.06863 -0.00774 -0.99761
vn -0.05405 -0.09344 -0.99416
vn -0.03894 -0.17904 -0.98307
vn -0.03899 -0.17879 -0.98311
vn -0.02364 -0.26276 -0.96457
vn -0.02364 -0.26274 -0.96458
vn -0.00814 -0.34455 -0.93873
vn -0.00809 -0.3448 -0.93864
vn 0.00745 -0.42392 -0.90567
vn 0.02296 -0.49986 -0.8658
vn 0.03829 -0.57206 -0.81931
vn 0.03829 -0.57206 -0.81931
vn 0.05336 -0.64001 -0.76651
vn 0.05333 -0.63986 -0.76664
vn 0.06797 -0.70284 -0.70809
vn 0.068 -0.70297 -0.70796
vn 0.08211 -0.76053 -0.64408
vn 0.09562 -0.81241 -0.5752
vn 0.09562 -0.81241 -0.5752
vn 0.1084 -0.85809 -0.50193
vn 0.10837 -0.858 -0.50209
vn 0.12034 -0.8972 -0.42491
vn 0.12034 -0.8972 -0.42491
vn 0.13136 -0.92948 -0.3447
vn 0.13137 -0.92951 -0.34462
vn 0.1414 -0.95473 -0.26171
vn 0.1414 -0.95471 -0.26178
vn 0.15035 -0.97268 -0.17687
vn 0.15035 -0.97268 -0.17687
vn 0.15817 -0.98325 -0.09062
vn 0.15817 -0.98325 -0.0906
vn 0.16478 -0.98632 -0.00367
vn 0.16478 -0.98632 -0.00367
vn 0.17013 -0.9819 0.08329
vn 0.17419 -0.97 0.1696
vn 0.17419 -0.96998 0.16967
vn 0.17692 -0.95071 0.25464
vn 0.17692 -0.95073 0.25458
vn 0.17831 -0.9242 0.33772
vn 0.17831 -0.92418 0.33778
vn 0.17834 -0.89061 0.41834
vn 0.17834 -0.89066 0.41824
vn 0.17701 -0.85032 0.4956
vn 0.17701 -0.85032 0.4956
vn 0.17434 -0.80352 0.56917
vn 0.17433 -0.80344 0.56929
vn 0.17034 -0.75057 0.63846
vn 0.16503 -0.6919 0.70287
vn 0.16505 -0.69207 0.70271
vn 0.15848 -0.62807 0.76185
vn 0.15849 -0.62807 0.76185
vn 0.15073 -0.55939 0.81508
vn 0.14181 -0.4864 0.86215
vn 0.14181 -0.4864 0.86215
vn 0.13183 -0.40982 0.90259
vn 0.13183 -0.4098 0.9026
vn 0.12085 -0.33015 0.93616
vn 0.12086 -0.33017 0.93615
vn 0.10893 -0.24779 0.96267
vn 0.10893 -0.24777 0.96267
vn 0.09619 -0.16364 0.98182
vn 0.09619 -0.16364 0.98182
vn 0.08273 -0.07829 0.99349
vn 0.08269 -0.07804 0.99351
vn 0.06863 0.00774 0.99761
vn 0.06863 0.00774 0.99761
vn 0.054 0.0937 0.99414
vn 0.054 0.0937 0.99414
vn 0.03895 0.17904 0.98307
vn 0.03899 0.17879 0.98311
vn 0.02364 0.26274 0.96458
vn 0.02364 0.26276 0.96457
vn 0.00814 0.34455 0.93873
vn 0.00814 0.34455 0.93873
vn -0.00745 0.42392 0.90567
vn -0.02296 0.49986 0.8658
vn -0.0383 0.57209 0.81929
vn -0.03829 0.57206 0.81931
vn -0.05332 0.63983 0.76667
vn -0.05336 0.64001 0.76651
vn -0.06801 0.703 0.70793
vn -0.06797 0.70284 0.70809
vn -0.08211 0.76054 0.64408
vn -0.08211 0.76053 0.64408
vn -0.09562 0.81241 0.5752
vn -0.09562 0.81241 0.57519
vn -0.10837 0.858 0.50209
vn -0.10839 0.85806 0.50198
vn -0.12034 0.8972 0.42491
vn -0.12034 0.8972 0.42491
vn -0.13137 0.92951 0.34462
vn -0.13136 0.92948 0.3447
vn -0.1414 0.95471 0.26178
vn -0.1414 0.95473 0.26171
vn -0.15035 0.97268 0.17687
vn -0.15036 0.97269 0.17681
vn -0.15817 0.98325 0.0906
vn -0.15816 0.98324 0.09066
vn -0.16478 0.98632 0.00367
vn -0.16478 0.98632 0.00368
vn 0.16478 -0.98632 -0.00368
vn 0.15817 -0.98325 -0.09061
vn 0.15817 -0.98325 -0.09061
vn 0.15036 -0.97269 -0.17685
vn 0.15035 -0.97269 -0.17685
vn 0.1414 -0.95472 -0.26175
vn 0.13137 -0.92949 -0.34466
vn 0.13137 -0.92949 -0.34465
vn 0.12034 -0.89719 -0.42494
vn 0.12034 -0.89719 -0.42494
vn 0.10839 -0.85805 -0.50199
vn 0.10839 -0.85806 -0.50199
vn 0.09562 -0.8124 -0.57521
vn 0.09561 -0.81239 -0.57522
vn 0.08211 -0.76055 -0.64407
vn 0.08211 -0.76055 -0.64406
vn 0.06799 -0.70292 -0.70801
vn 0.06798 -0.7029 -0.70803
vn 0.05334 -0.63992 -0.76658
vn 0.05335 -0.63994 -0.76657
vn 0.0383 -0.57207 -0.81931
vn 0.0383 -0.57207 -0.81931
vn 0.02296 -0.49989 -0.86578
vn 0.02295 -0.49987 -0.8658
vn 0.00744 -0.42385 -0.9057
vn 0.00744 -0.42387 -0.90569
vn -0.00813 -0.34464 -0.9387
vn -0.00814 -0.34461 -0.93871
vn -0.02364 -0.26275 -0.96457
vn -0.02364 -0.26279 -0.96456
vn -0.03897 -0.1789 -0.9831
vn -0.054 -0.09368 -0.99414
vn -0.06862 -0.00776 -0.99761
vn -0.06862 -0.00776 -0.99761
vn -0.08272 0.07824 -0.9935
vn -0.08273 0.07827 -0.99349
vn -0.0962 0.16365 -0.98182
vn -0.09619 0.16362 -0.98182
vn -0.10893 0.24778 -0.96267
vn -0.10894 0.24781 -0.96266
vn -0.12085 0.33007 -0.93619
vn -0.12084 0.33004 -0.9362
vn -0.13183 0.40981 -0.90259
vn -0.13184 0.40984 -0.90258
vn -0.14182 0.48646 -0.86212
vn -0.14182 0.48644 -0.86213
vn -0.15072 0.55938 -0.81509
vn -0.15072 0.55938 -0.81509
vn -0.15848 0.62805 -0.76186
vn -0.15849 0.62807 -0.76184
vn -0.16504 0.69197 -0.70281
vn -0.16504 0.69195 -0.70283
vn -0.17034 0.75059 -0.63844
vn -0.17034 0.75059 -0.63843
vn -0.17434 0.8035 -0.5692
vn -0.17434 0.8035 -0.5692
vn -0.17701 0.8503 -0.49564
vn -0.17701 0.85031 -0.49563
vn -0.17834 0.89064 -0.41828
vn -0.17831 0.92419 -0.33775
vn -0.17692 0.95071 -0.25465
vn -0.17692 0.95071 -0.25465
vn -0.17419 0.96999 -0.16961
vn -0.17419 0.96999 -0.16961
vn -0.17013 0.9819 -0.08329
vn -0.17013 0.9819 -0.08329
vn -0.16478 0.98632 0.00368
vn -0.16478 0.98632 0.00368
vn -0.15817 0.98325 0.0906
vn -0.15817 0.98325 0.0906
vn -0.15035 0.97269 0.17685
vn -0.1414 0.95472 0.26175
vn -0.13137 0.92949 0.34466
vn -0.13137 0.92949 0.34465
vn -0.12033 0.89719 0.42493
vn -0.12033 0.89719 0.42495
vn -0.10839 0.85805 0.50199
vn -0.10839 0.85806 0.50198
vn -0.09561 0.81239 0.57522
vn -0.08211 0.76055 0.64406
vn -0.08211 0.76055 0.64406
vn -0.06799 0.70292 0.70802
vn -0.06799 0.70291 0.70802
vn -0.05335 0.63993 0.76658
vn -0.05335 0.63993 0.76658
vn -0.0383 0.57208 0.81931
vn -0.0383 0.57209 0.8193
vn -0.02296 0.49988 0.86579
vn -0.02296 0.49987 0.8658
vn -0.00744 0.42386 0.9057
vn -0.00744 0.42386 0.9057
vn 0.00813 0.34462 0.93871
vn 0.02364 0.26275 0.96457
vn 0.02364 0.26277 0.96457
vn 0.03897 0.17892 0.98309
vn 0.03897 0.1789 0.9831
vn 0.054 0.09368 0.99414
vn 0.054 0.09369 0.99414
vn 0.06863 0.00775 0.99761
vn 0.06863 0.00775 0.99761
vn 0.08272 -0.07824 0.9935
vn 0.08273 -0.07826 0.9935
vn 0.09619 -0.16364 0.98182
vn 0.09619 -0.16364 0.98182
vn 0.10893 -0.2478 0.96267
vn 0.12084 -0.33007 0.93619
vn 0.12084 -0.33005 0.9362
vn 0.13183 -0.40981 0.90259
vn 0.13183 -0.40983 0.90259
vn 0.14182 -0.48645 0.86212
vn 0.15073 -0.55939 0.81508
vn 0.15073 -0.55938 0.81509
vn 0.15848 -0.62805 0.76186
vn 0.15848 -0.62806 0.76185
vn 0.16504 -0.69196 0.70282
vn 0.16504 -0.69196 0.70282
vn 0.17034 -0.75059 0.63844
vn 0.17034 -0.75058 0.63844
vn 0.17434 -0.8035 0.5692
vn 0.17434 -0.80351 0.5692
vn 0.17701 -0.85031 0.49562
vn 0.17701 -0.85031 0.49562
vn 0.17834 -0.89064 0.41828
vn 0.17831 -0.92419 0.33775
vn 0.17692 -0.95071 0.25466
vn 0.17692 -0.95071 0.25465
vn 0.17419 -0.96999 0.16961
vn 0.17419 -0.96999 0.16961
vn 0.17013 -0.9819 0.08329
vn 0.17013 -0.9819 0.08329
vn -0.98394 -0.16464 0.06896
vn -0.98394 -0.16463 0.06897
vn -0.98394 -0.16463 0.06896
vn -0.98394 -0.16464 0.06896
vn -0.98394 -0.16464 0.06895
vn -0.98394 -0.16462 0.06899
vn -0.98394 -0.16464 0.06895
vn -0.98394 -0.16463 0.06896
vn -0.98394 -0.16463 0.06896
vn -0.98394 -0.16462 0.06897
vn -0.98394 -0.16467 0.06895
vn -0.98394 -0.16463 0.06896
vn -0.98394 -0.16462 0.06898
vn -0.98394 -0.16464 0.06896
vn -0.98394 -0.16463 0.06896
vn -0.98394 -0.16463 0.06896
vn -0.98394 -0.16463 0.06896
vn -0.98394 -0.16463 0.06896
vn -0.98394 -0.16464 0.06897
vn -0.98394 -0.16463 0.06896
vn -0.98394 -0.16464 0.06896
vn -0.98394 -0.16461 0.06898
vn -0.98394 -0.16465 0.06895
vn -0.98394 -0.16463 0.06896
vn -0.98394 -0.16463 0.06896
vn -0.98394 -0.16463 0.06896
vn -0.98394 -0.16462 0.06897
vn -0.98394 -0.16464 0.06896
vn -0.98394 -0.16464 0.06896
vn -0.98394 -0.16463 0.06896
vn -0.98394 -0.16463 0.06896
vn -0.98394 -0.16464 0.06897
vn -0.98394 -0.16463 0.06896
vn -0.98395 -0.16462 0.06894
vn -0.98394 -0.16463 0.06896
vn -0.98394 -0.16463 0.06896
vn -0.98394 -0.16462 0.06896
vn -0.98394 -0.16463 0.06896
vn -0.98394 -0.16462 0.06895
vn -0.98394 -0.16463 0.06896
vn -0.98394 -0.16464 0.06897
vn -0.98394 -0.16463 0.06896
vn -0.98394 -0.16462 0.06896
vn -0.98394 -0.16464 0.06897
vn -0.98394 -0.16466 0.06897
vn -0.98394 -0.16464 0.06896
vn -0.98394 -0.16463 0.06896
vn -0.98394 -0.16465 0.06896
vn -0.98394 -0.16462 0.06896
vn -0.98394 -0.16462 0.06896
vn -0.98394 -0.16462 0.06896
vn -0.98394 -0.16463 0.06896
vn -0.98394 -0.16462 0.06898
vn -0.98394 -0.16464 0.06896
vn -0.98394 -0.16464 0.06897
vn -0.98394 -0.16462 0.06896
vn -0.98394 -0.16463 0.06896
vn -0.98394 -0.16462 0.06896
vn -0.98399 -0.16438 0.0689
vn -0.98393 -0.16467 0.06897
vn -0.98394 -0.16464 0.06897
vn -0.98394 -0.16464 0.069
vn -0.98394 -0.16463 0.06893
vn -0.98394 -0.16463 0.06896
vn -0.98394 -0.16464 0.06899
vn -0.98394 -0.16463 0.06896
vn -0.98394 -0.16463 0.06894
vn -0.98394 -0.16463 0.06896
vn -0.98394 -0.16464 0.06898
vn -0.98394 -0.16463 0.06895
vn -0.98394 -0.16463 0.06896
vn -0.98394 -0.16464 0.06897
vn -0.98394 -0.16465 0.06898
vn -0.98394 -0.16463 0.06896
vn -0.98394 -0.16462 0.06895
vn -0.98394 -0.16463 0.06896
vn -0.98394 -0.16463 0.06896
vn -0.98394 -0.16464 0.06897
vn -0.98394 -0.16463 0.06896
vn -0.98394 -0.16466 0.06896
vn -0.98394 -0.16463 0.06896
vn -0.98394 -0.16465 0.06897
vn -0.98394 -0.16464 0.06896
vn -0.98394 -0.16463 0.06896
vn -0.98394 -0.16463 0.06896
vn -0.98394 -0.16463 0.06896
vn -0.98394 -0.16463 0.06897
vn -0.98394 -0.16462 0.06897
vn -0.98394 -0.16463 0.06896
vn -0.98394 -0.16463 0.06895
vn -0.98394 -0.16463 0.06898
vn -0.98394 -0.16463 0.06895
vn -0.98394 -0.16463 0.06896
vn -0.98394 -0.16463 0.06896
vn -0.98394 -0.16464 0.06898
vn -0.98394 -0.16463 0.06896
vn -0.98394 -0.16463 0.06896
vn -0.98394 -0.16463 0.06896
vn -0.98394 -0.16463 0.06895
vn -0.98394 -0.16463 0.06896
vn -0.98394 -0.16463 0.06896
vn -0.98394 -0.16463 0.06896
vn -0.98394 -0.16464 0.06898
vn -0.98394 -0.16464 0.06896
vn -0.98394 -0.16465 0.06896
vn -0.98394 -0.16463 0.06896
vn -0.98394 -0.16464 0.06896
vn -0.98394 -0.16463 0.06896
vn -0.98394 -0.16462 0.06896
vn -0.98394 -0.16462 0.06896
vn -0.98394 -0.16463 0.06897
vn -0.98394 -0.16463 0.06896
vn -0.98394 -0.16463 0.06896
vn -0.98394 -0.16463 0.06899
vn -0.98394 -0.16463 0.06894
vn -0.98394 -0.16466 0.06899
vn -0.98395 -0.16462 0.06894
vn -0.98394 -0.16463 0.06896
vn -0.98394 -0.16463 0.06896
vn -0.98394 -0.16463 0.06896
vn -0.98394 -0.16465 0.06896
vn -0.98394 -0.16462 0.06897
vn -0.98394 -0.16463 0.06896
vn -0.98394 -0.16465 0.06895
vn -0.98394 -0.16461 0.06898
vn -0.98394 -0.16464 0.06896
vn -0.98394 -0.16464 0.06897
vn -0.98394 -0.16464 0.06897
vn -0.98394 -0.16463 0.06896
vn -0.98394 -0.16464 0.06896
vn -0.98394 -0.16463 0.06896
vn -0.98394 -0.16463 0.06896
vn -0.98394 -0.16462 0.06897
vn -0.98394 -0.16464 0.06896
vn -0.98394 -0.16463 0.06896
vn -0.98394 -0.16462 0.06898
vn -0.98394 -0.16464 0.06895
vn -0.98394 -0.16463 0.06897
vn -0.98394 -0.16463 0.06896
vn -0.98394 -0.16463 0.06894
vn -0.98394 -0.16463 0.06896
vn -0.98394 -0.16463 0.06901
vn -0.98394 -0.16464 0.06894
vn -0.98394 -0.16463 0.06896
vn -0.98394 -0.16462 0.06895
vn -0.98394 -0.16464 0.06897
vn -0.98395 -0.16461 0.06894
vn -0.98395 -0.16461 0.06895
vn -0.98394 -0.16465 0.06897
vn -0.98394 -0.16463 0.06896
vn -0.98394 -0.16466 0.06896
vn -0.98395 -0.1646 0.06896
vn -0.98394 -0.16466 0.06897
vn -0.98394 -0.16464 0.06896
vn -0.98394 -0.16464 0.06896
vn -0.98394 -0.16464 0.06896
vn -0.98394 -0.16464 0.06895
vn -0.98394 -0.16464 0.06896
vn -0.98394 -0.16464 0.06896
vn -0.98394 -0.16463 0.06896
vn -0.98394 -0.16463 0.06897
vn -0.98394 -0.16463 0.06896
vn -0.98394 -0.16463 0.06896
vn -0.98394 -0.16464 0.06897
vn -0.98394 -0.16463 0.06895
vn -0.98394 -0.16464 0.06898
vn -0.98394 -0.16463 0.06896
vn -0.98395 -0.16461 0.06894
vn -0.98394 -0.16465 0.06898
vn -0.98394 -0.16464 0.06896
vn -0.98394 -0.16463 0.06896
vn -0.98394 -0.16465 0.06896
vn -0.98395 -0.1646 0.06897
vn -0.98394 -0.16464 0.06896
vn -0.98394 -0.16463 0.06896
vn -0.98394 -0.16464 0.06896
vn -0.98394 -0.16461 0.06897
vn -0.98394 -0.16463 0.06896
vn -0.98394 -0.16463 0.06896
vn -0.98394 -0.16463 0.06896
vn -0.98394 -0.16466 0.06894
vn -0.98394 -0.16461 0.06898
vn -0.98394 -0.16463 0.06896
vn -0.98394 -0.16463 0.06897
vn -0.98394 -0.16463 0.06896
vn -0.98394 -0.16465 0.06895
vn -0.98394 -0.16463 0.06896
vn -0.98394 -0.16462 0.06898
vn -0.98394 -0.16463 0.06896
vn -0.98394 -0.16464 0.06896
vn -0.98394 -0.16464 0.06895
vn -0.98394 -0.16462 0.06899
vn -0.98394 -0.16463 0.06896
vn -0.98394 -0.16464 0.06895
vn -0.98394 -0.16458 0.06917
vn -0.98394 -0.16463 0.06897
vn -0.98394 -0.16463 0.06896
vn -0.98394 -0.16463 0.06896
vn -0.98394 -0.16463 0.06897
vn -0.98394 -0.16464 0.06896
vn -0.98394 -0.16463 0.06897
vn -0.98395 -0.16461 0.06895
vn -0.98394 -0.16463 0.06896
vn -0.98393 -0.16468 0.06895
vn -0.98395 -0.16461 0.06896
vn -0.98394 -0.16462 0.06898
vn -0.98394 -0.16463 0.06896
vn -0.98394 -0.16463 0.06897
vn -0.98394 -0.16463 0.06897
vn -0.98394 -0.16463 0.06894
vn -0.98394 -0.16464 0.06898
vn -0.98394 -0.16463 0.06896
vn -0.98395 -0.16462 0.06895
vn -0.98394 -0.16465 0.06894
vn -0.98394 -0.16463 0.06896
vn -0.98394 -0.16463 0.06896
vn -0.98394 -0.16463 0.06896
vn -0.98395 -0.16459 0.06892
vn -0.98394 -0.16463 0.06896
vn -0.98393 -0.16466 0.06899
vn -0.98394 -0.16463 0.06896
vn -0.98394 -0.16462 0.06895
vn -0.98394 -0.16464 0.06896
vn -0.98394 -0.16464 0.06897
vn -0.98394 -0.16465 0.06897
vn -0.98394 -0.16463 0.06896
vn -0.98394 -0.16463 0.06896
vn -0.98394 -0.16463 0.06896
vn -0.98394 -0.16463 0.06896
vn -0.98394 -0.16463 0.06896
vn -0.98394 -0.16463 0.06896
vn -0.98394 -0.16463 0.06896
vn -0.98394 -0.16464 0.06896
vn -0.98394 -0.16464 0.06896
vn -0.98394 -0.16462 0.06896
vn -0.98394 -0.16463 0.06896
vn -0.98394 -0.16463 0.06896
vn -0.98394 -0.16463 0.06896
vn -0.98394 -0.16464 0.06897
vn -0.98394 -0.16464 0.06896
vn -0.98395 -0.16458 0.06898
vn -0.98393 -0.16468 0.06895
vn -0.98394 -0.16463 0.06896
vn -0.98394 -0.16462 0.06898
vn -0.98394 -0.16465 0.06894
vn -0.98394 -0.16462 0.06896
vn -0.98394 -0.16463 0.06896
vn -0.98394 -0.16462 0.06895
vn -0.98394 -0.16465 0.06899
vn -0.98394 -0.16463 0.06896
vn -0.98394 -0.16464 0.06897
vn -0.98394 -0.16464 0.06898
vn -0.98394 -0.16463 0.06896
vn -0.98394 -0.16463 0.06896
vn -0.98394 -0.16466 0.06897
vn -0.98394 -0.16464 0.06897
vn -0.98394 -0.16464 0.06896
vn -0.98394 -0.16463 0.06896
vn -0.98394 -0.16463 0.06897
vn -0.98394 -0.16464 0.06896
vn -0.98394 -0.16464 0.06896
vn -0.98394 -0.16464 0.06896
vn -0.98394 -0.16461 0.06898
vn -0.98394 -0.16463 0.06892
vn -0.98394 -0.16463 0.06899
vn -0.98394 -0.16463 0.06899
vn -0.98394 -0.16465 0.06896
vn -0.98394 -0.16462 0.06896
vn -0.98394 -0.16464 0.06896
vn -0.98394 -0.16465 0.06896
vn -0.98394 -0.16465 0.06895
vn -0.98394 -0.16462 0.06901
vn -0.98394 -0.16464 0.06892
vn -0.98394 -0.16463 0.06896
vn -0.98394 -0.16463 0.06898
vn -0.98394 -0.16464 0.06894
vn -0.98394 -0.16464 0.06892
vn -0.98394 -0.16463 0.06898
vn -0.98394 -0.16463 0.06896
vn -0.98394 -0.16463 0.06901
vn -0.98394 -0.16464 0.06895
vn -0.98394 -0.16463 0.06896
vn -0.98394 -0.16465 0.069
vn -0.98394 -0.16463 0.06896
vn -0.98394 -0.16464 0.06896
vn -0.98394 -0.16463 0.06896
vn -0.98394 -0.16463 0.06896
vn -0.98394 -0.16464 0.06897
vn -0.98394 -0.16463 0.06896
vn -0.98394 -0.16463 0.06896
vn -0.98395 -0.16461 0.06894
vn -0.98394 -0.16463 0.06896
vn -0.98394 -0.16463 0.06896
vn -0.98394 -0.16463 0.06896
vn -0.98394 -0.16463 0.06895
vn -0.98394 -0.16463 0.06896
vn -0.98394 -0.16464 0.06899
vn -0.98394 -0.16463 0.06896
vn -0.98394 -0.16463 0.06894
vn -0.98394 -0.16463 0.06896
vn -0.98395 -0.16462 0.06893
vn -0.98394 -0.16461 0.06898
vn -0.98394 -0.16463 0.06896
vn -0.98394 -0.16463 0.06896
vn -0.98394 -0.16463 0.06896
vn -0.98394 -0.16465 0.06897
vn -0.98394 -0.16464 0.06897
vn -0.98394 -0.16462 0.06896
vn -0.98394 -0.16464 0.06897
vn -0.98394 -0.16464 0.06896
vn -0.98394 -0.16463 0.06896
vn -0.98394 -0.16462 0.06896
vn -0.98394 -0.16463 0.06896
vn -0.98394 -0.16462 0.06897
vn -0.98394 -0.16463 0.06896
vn -0.98394 -0.16465 0.06895
vn -0.98394 -0.16463 0.06896
vn -0.98394 -0.16463 0.06896
vn -0.98394 -0.16465 0.06894
vn -0.98394 -0.16463 0.06896
vn -0.98394 -0.16462 0.06895
vn -0.98394 -0.16462 0.06895
vn -0.98395 -0.16462 0.06894
vn -0.98394 -0.16464 0.06896
vn -0.98394 -0.16464 0.06895
vn -0.98394 -0.16462 0.06899
vn -0.98394 -0.16463 0.06896
vn -0.98394 -0.16463 0.06893
vn -0.98394 -0.16464 0.06898
vn -0.98394 -0.16464 0.069
vn -0.98394 -0.16463 0.06898
vn -0.98394 -0.16464 0.06894
vn -0.98394 -0.16466 0.06898
vn -0.98394 -0.16462 0.06896
vn -0.98394 -0.16461 0.06897
vn -0.98394 -0.16467 0.06895
vn -0.98394 -0.16462 0.06897
vn -0.98394 -0.16464 0.06896
vn -0.98394 -0.16463 0.06897
vn -0.98394 -0.16465 0.06895
vn -0.98394 -0.16463 0.06896
vn -0.98394 -0.1646 0.06899
vn -0.98394 -0.16463 0.06896
vn -0.98394 -0.16463 0.06897
vn -0.98394 -0.16463 0.06897
vn -0.98394 -0.16463 0.06896
vn -0.98394 -0.16463 0.06896
vn -0.98394 -0.16463 0.06896
vn -0.98394 -0.16463 0.06896
vn -0.98394 -0.16463 0.06896
vn -0.98394 -0.16463 0.06896
vn -0.98394 -0.16461 0.06904
vn -0.98394 -0.16464 0.06896
vn -0.98394 -0.16463 0.06896
vn -0.98394 -0.16465 0.06896
vn -0.98394 -0.16461 0.06897
vn -0.98394 -0.16463 0.06896
vn -0.98394 -0.16463 0.06896
vn -0.98394 -0.16464 0.06896
vn -0.98394 -0.16465 0.06896
vn -0.98394 -0.16463 0.06896
vn -0.98394 -0.16463 0.06897
vn -0.98394 -0.16464 0.06895
vn -0.98394 -0.16463 0.06897
vn -0.98394 -0.16463 0.06896
vn -0.98394 -0.16463 0.06896
vn -0.98394 -0.16463 0.06899
vn -0.98394 -0.16463 0.06896
vn -0.98394 -0.16463 0.06895
vn -0.17013 0.9819 -0.08329
vn -0.17419 0.96999 -0.16967
vn -0.17419 0.97001 -0.16954
vn -0.17692 0.95071 -0.25464
vn -0.17692 0.95071 -0.25464
vn -0.17831 0.92418 -0.33778
vn -0.17831 0.92418 -0.33778
vn -0.17834 0.89061 -0.41834
vn -0.17834 0.89066 -0.41824
vn -0.17701 0.85035 -0.49555
vn -0.17701 0.85029 -0.49566
vn -0.17434 0.80352 -0.56917
vn -0.17033 0.75054 -0.6385
vn -0.16504 0.69197 -0.70281
vn -0.16505 0.69203 -0.70274
vn -0.15848 0.62803 -0.76188
vn -0.15849 0.62809 -0.76183
vn -0.15073 0.55939 -0.81508
vn -0.14182 0.48643 -0.86213
vn -0.14182 0.48643 -0.86213
vn -0.13183 0.40977 -0.90261
vn -0.13183 0.40977 -0.90261
vn -0.10893 0.24778 -0.96267
vn -0.10893 0.24779 -0.96267
vn -0.0962 0.16364 -0.98182
vn -0.0962 0.16364 -0.98182
vn -0.08273 0.0783 -0.99349
vn -0.08269 0.07803 -0.99352
vn -0.06863 -0.00774 -0.99761
vn -0.054 -0.0937 -0.99414
vn -0.03895 -0.17903 -0.98307
vn -0.03899 -0.17878 -0.98312
vn -0.02364 -0.26276 -0.96457
vn -0.02364 -0.26274 -0.96458
vn -0.00814 -0.34455 -0.93873
vn -0.00814 -0.3446 -0.93872
vn 0.00745 -0.42392 -0.90567
vn 0.00745 -0.42389 -0.90568
vn 0.02295 -0.49986 -0.8658
vn 0.02295 -0.49984 -0.86582
vn 0.0383 -0.57209 -0.81929
vn 0.0383 -0.5721 -0.81929
vn 0.05332 -0.63983 -0.76667
vn 0.05336 -0.63998 -0.76654
vn 0.06801 -0.703 -0.70793
vn 0.06798 -0.70287 -0.70806
vn 0.0821 -0.7605 -0.64412
vn 0.08211 -0.76053 -0.64408
vn 0.09563 -0.81244 -0.57515
vn 0.09563 -0.81244 -0.57515
vn 0.10837 -0.858 -0.50209
vn 0.10838 -0.85804 -0.50202
vn 0.12034 -0.8972 -0.42491
vn 0.12034 -0.8972 -0.42491
vn 0.13137 -0.92951 -0.34462
vn 0.13136 -0.92948 -0.3447
vn 0.14139 -0.95471 -0.26178
vn 0.1414 -0.95473 -0.26172
vn 0.15035 -0.97268 -0.17687
vn 0.15036 -0.97269 -0.1768
vn 0.15817 -0.98325 -0.0906
vn 0.15816 -0.98324 -0.09067
vn 0.16478 -0.98632 -0.00367
vn 0.17013 -0.9819 0.08329
vn 0.17419 -0.97 0.16956
vn 0.17692 -0.9507 0.25471
vn 0.17692 -0.95071 0.25464
vn 0.17831 -0.92418 0.33778
vn 0.17831 -0.92418 0.33778
vn 0.17834 -0.89066 0.41824
vn 0.17834 -0.89061 0.41834
vn 0.17701 -0.85032 0.49559
vn 0.17701 -0.85035 0.49555
vn 0.17433 -0.80344 0.56929
vn 0.17434 -0.80352 0.56917
vn 0.17035 -0.75071 0.6383
vn 0.17033 -0.75054 0.6385
vn 0.16503 -0.6919 0.70287
vn 0.16504 -0.69197 0.70281
vn 0.15849 -0.62806 0.76185
vn 0.15848 -0.62803 0.76188
vn 0.15073 -0.5594 0.81508
vn 0.15073 -0.5594 0.81508
vn 0.14181 -0.4864 0.86215
vn 0.14184 -0.48662 0.86202
vn 0.13183 -0.4098 0.9026
vn 0.13183 -0.40977 0.90261
vn 0.12086 -0.33017 0.93615
vn 0.12083 -0.32994 0.93624
vn 0.10893 -0.24779 0.96267
vn 0.10893 -0.24779 0.96267
vn 0.0962 -0.16364 0.98182
vn 0.0962 -0.16364 0.98182
vn 0.08273 -0.07829 0.99349
vn 0.08273 -0.0783 0.99349
vn 0.06863 0.00774 0.99761
vn 0.06863 0.00774 0.99761
vn 0.03895 0.17903 0.98307
vn 0.03899 0.17878 0.98312
vn 0.02364 0.26277 0.96457
vn 0.00814 0.3446 0.93872
vn 0.0081 0.34478 0.93865
vn -0.00745 0.42389 0.90568
vn -0.00741 0.42368 0.90578
vn -0.02295 0.49984 0.86582
vn -0.023 0.50009 0.86567
vn -0.0383 0.57209 0.81929
vn -0.03829 0.57203 0.81934
vn -0.05337 0.64004 0.76648
vn -0.05334 0.63989 0.76661
vn -0.06796 0.70281 0.70813
vn -0.06799 0.70294 0.70799
vn -0.08211 0.76054 0.64408
vn -0.08211 0.76053 0.64408
vn -0.09563 0.81244 0.57515
vn -0.10838 0.85804 0.50202
vn -0.10838 0.85803 0.50204
vn -0.12034 0.8972 0.42491
vn -0.12034 0.8972 0.42491
vn -0.13136 0.92948 0.3447
vn -0.13136 0.92946 0.34473
vn -0.1414 0.95473 0.26172
vn -0.14141 0.95474 0.26166
vn -0.15036 0.97269 0.1768
vn -0.15035 0.97267 0.17693
vn -0.15816 0.98324 0.09068
vn -0.15817 0.98325 0.09054
vn -0.16477 0.98632 0.00367
vn -0.16477 0.98632 0.00367
vn 0.98394 0.16463 -0.06896
vn 0.98394 0.16463 -0.06896
vn 0.98394 0.16464 -0.06896
vn 0.98394 0.16463 -0.06896
vn 0.98394 0.16463 -0.06896
vn 0.98394 0.16464 -0.06896
vn 0.98394 0.16463 -0.06896
vn 0.98394 0.16463 -0.06896
vn 0.98394 0.16463 -0.06897
vn 0.98394 0.16463 -0.06897
vn 0.98394 0.16463 -0.06896
vn 0.98394 0.16463 -0.06897
vn 0.98394 0.16463 -0.06896
vn 0.98394 0.16464 -0.06897
vn 0.98394 0.16463 -0.06896
vn 0.98395 0.1646 -0.06896
vn 0.98394 0.16463 -0.06896
vn 0.98394 0.16463 -0.06896
vn 0.98394 0.16463 -0.06896
vn 0.98394 0.16463 -0.06897
vn 0.98394 0.16464 -0.06896
vn 0.98394 0.16463 -0.06897
vn 0.98394 0.16463 -0.06897
vn 0.98394 0.16464 -0.06896
vn 0.98394 0.16463 -0.06897
vn 0.98394 0.16463 -0.06896
vn 0.98394 0.16464 -0.06896
vn 0.98394 0.16464 -0.06896
vn 0.98394 0.16464 -0.06896
vn 0.98394 0.16463 -0.06896
vn 0.98394 0.16462 -0.06897
vn 0.98394 0.16463 -0.06896
vn 0.98394 0.16463 -0.06896
vn 0.98394 0.16463 -0.06896
vn 0.98394 0.16463 -0.06896
vn 0.98394 0.16463 -0.06898
vn 0.98394 0.16464 -0.06895
vn 0.98394 0.16462 -0.06896
vn 0.98394 0.16464 -0.06897
vn 0.98394 0.16463 -0.06896
vn 0.98394 0.16464 -0.06897
vn 0.98394 0.16463 -0.06898
vn 0.98394 0.16463 -0.06896
vn 0.98394 0.16463 -0.06896
vn 0.98394 0.16463 -0.06896
vn 0.98394 0.16463 -0.06897
vn 0.98394 0.16463 -0.06897
vn 0.98394 0.16463 -0.06896
vn 0.98394 0.16463 -0.06896
vn 0.98394 0.16464 -0.06897
vn 0.98394 0.16464 -0.06897
vn 0.98394 0.16463 -0.06896
vn 0.98394 0.16463 -0.06896
vn 0.98394 0.16464 -0.06898
vn 0.98394 0.16463 -0.06894
vn 0.98394 0.16464 -0.06897
vn 0.98394 0.16463 -0.06896
vn 0.98394 0.16463 -0.06896
vn 0.98394 0.16464 -0.06897
vn 0.98394 0.16463 -0.06896
vn 0.98394 0.16463 -0.06896
vn 0.98394 0.16463 -0.06896
vn 0.98394 0.16463 -0.06896
vn 0.98394 0.16463 -0.06896
vn 0.98394 0.16463 -0.06896
vn 0.98394 0.16463 -0.06896
vn 0.98393 0.16465 -0.06905
vn 0.98394 0.16463 -0.06896
vn 0.98394 0.16463 -0.06896
vn 0.98394 0.16463 -0.06896
vn 0.98394 0.16464 -0.06893
vn 0.98394 0.16463 -0.06896
vn 0.98394 0.16462 -0.06899
vn 0.98394 0.16463 -0.06897
vn 0.98394 0.16463 -0.06896
vn 0.98394 0.16466 -0.06897
vn 0.98394 0.16463 -0.06896
vn 0.98394 0.16464 -0.06897
vn 0.98394 0.16463 -0.06896
vn 0.98394 0.16463 -0.06896
vn 0.98394 0.16463 -0.06896
vn 0.98394 0.16463 -0.06896
vn 0.98394 0.16463 -0.06896
vn 0.98394 0.16463 -0.06897
vn 0.98394 0.16463 -0.06897
vn 0.98394 0.16464 -0.06896
vn 0.98394 0.16464 -0.06896
vn 0.98394 0.16464 -0.06896
vn 0.98394 0.16463 -0.06896
vn 0.98394 0.16462 -0.06896
vn 0.98394 0.16466 -0.06896
vn 0.98394 0.16464 -0.06896
vn 0.98394 0.16464 -0.06896
vn 0.98394 0.16463 -0.06896
vn 0.98394 0.16462 -0.06897
vn 0.98394 0.16465 -0.06895
vn 0.98394 0.16463 -0.06896
vn 0.98394 0.16463 -0.06896
vn 0.98394 0.16463 -0.06896
vn 0.98394 0.16463 -0.06896
vn 0.98394 0.16464 -0.06896
vn 0.98394 0.16463 -0.06896
vn 0.98394 0.16464 -0.06897
vn 0.98394 0.16462 -0.06896
vn 0.98395 0.1646 -0.06896
vn 0.98394 0.16463 -0.06896
vn 0.98394 0.16465 -0.06897
vn 0.98394 0.16463 -0.06896
vn 0.98394 0.16463 -0.06897
vn 0.98394 0.16463 -0.06896
vn 0.98394 0.16463 -0.06896
vn 0.98394 0.16463 -0.06897
vn 0.98394 0.16464 -0.06896
vn 0.98394 0.16463 -0.06897
vn 0.98394 0.16463 -0.06896
vn 0.98394 0.16463 -0.06897
vn 0.98394 0.16462 -0.06896
vn 0.98394 0.16462 -0.06896
vn 0.98394 0.16463 -0.06896
vn 0.98394 0.16466 -0.06896
vn 0.98395 0.16461 -0.06896
vn 0.98394 0.16463 -0.06896
vn 0.98394 0.16463 -0.06896
vn 0.98394 0.16464 -0.06897
vn 0.98394 0.16463 -0.06896
vn 0.98394 0.16463 -0.06896
vn 0.98394 0.16465 -0.06896
vn 0.98394 0.16463 -0.06896
vn 0.98394 0.16462 -0.06896
vn 0.98394 0.16463 -0.06896
vn 0.98394 0.16464 -0.06896
vn 0.98394 0.16464 -0.06896
vn 0.98394 0.16464 -0.06896
vn 0.98394 0.16464 -0.06896
vn 0.98394 0.16464 -0.06896
vn 0.98394 0.16463 -0.06896
vn 0.98394 0.16463 -0.06896
vn 0.98394 0.16464 -0.06897
vn 0.98394 0.16464 -0.06897
vn 0.98394 0.16463 -0.06896
vn 0.98394 0.16463 -0.06896
vn 0.98394 0.16463 -0.06896
vn 0.98394 0.16464 -0.06897
vn 0.98394 0.16463 -0.06896
vn 0.98394 0.16463 -0.06897
vn 0.98394 0.16463 -0.06896
vn 0.98394 0.16465 -0.06895
vn 0.98394 0.16463 -0.06896
vn 0.98394 0.16462 -0.06897
vn 0.98394 0.16464 -0.06896
vn 0.98394 0.16465 -0.06896
vn 0.98394 0.16463 -0.06896
vn 0.98394 0.16464 -0.06896
vn 0.98394 0.16463 -0.06896
vn 0.98394 0.16462 -0.06896
vn 0.98394 0.16466 -0.06897
vn 0.98394 0.16463 -0.06896
vn 0.98394 0.16462 -0.06897
vn 0.98394 0.16463 -0.06896
vn 0.98394 0.16464 -0.06896
vn 0.98394 0.16462 -0.06897
vn 0.98394 0.16463 -0.06897
vn 0.98394 0.16463 -0.06896
vn 0.98394 0.16464 -0.06897
vn 0.98394 0.16463 -0.06895
vn 0.98394 0.16463 -0.06896
vn 0.98394 0.16463 -0.06896
vn 0.98394 0.16463 -0.06896
vn 0.98394 0.16463 -0.06896
vn 0.98394 0.16463 -0.06896
vn 0.98394 0.16464 -0.06895
vn 0.98394 0.16463 -0.06897
vn 0.98394 0.16463 -0.06896
vn 0.98394 0.16464 -0.06896
vn 0.98394 0.16463 -0.06896
vn 0.98394 0.16463 -0.06896
vn 0.98394 0.16463 -0.06898
vn 0.98394 0.16463 -0.06895
vn 0.98394 0.16464 -0.06895
vn 0.98394 0.16463 -0.06896
vn 0.98394 0.16463 -0.06896
vn 0.98394 0.16463 -0.06896
vn 0.98394 0.16464 -0.06894
vn 0.98394 0.16463 -0.06897
vn 0.98394 0.16463 -0.06897
vn 0.98394 0.16463 -0.06896
vn 0.98395 0.16461 -0.06894
vn 0.98394 0.16463 -0.06896
vn 0.98394 0.16463 -0.06896
vn 0.98394 0.16463 -0.06898
vn 0.98394 0.16463 -0.06896
vn 0.98394 0.16464 -0.06896
vn 0.98394 0.16463 -0.06896
vn 0.98394 0.16463 -0.06897
vn 0.98394 0.16463 -0.06896
vn 0.98394 0.16464 -0.06896
vn 0.98394 0.16463 -0.06896
vn 0.98394 0.16462 -0.06898
vn 0.98394 0.16464 -0.06896
vn 0.98394 0.16463 -0.06896
vn 0.98394 0.16463 -0.06896
vn 0.98394 0.16463 -0.06896
vn 0.98394 0.16463 -0.06898
vn 0.98394 0.16464 -0.06895
vn 0.98394 0.16462 -0.06896
vn 0.98394 0.16464 -0.06893
vn 0.98394 0.16463 -0.06896
vn 0.98394 0.16464 -0.06898
vn 0.98394 0.16463 -0.06897
vn 0.98394 0.16465 -0.06895
vn 0.98394 0.16462 -0.06898
vn 0.98394 0.16463 -0.06896
vn 0.98394 0.16466 -0.06896
vn 0.98394 0.16463 -0.06896
vn 0.98394 0.16462 -0.06896
vn 0.98394 0.16464 -0.06897
vn 0.98394 0.16464 -0.06896
vn 0.98394 0.16463 -0.06896
vn 0.98394 0.16462 -0.06896
vn 0.98394 0.16461 -0.06896
vn 0.98394 0.16463 -0.06896
vn 0.98394 0.16463 -0.06896
vn 0.98394 0.16466 -0.06897
vn 0.98394 0.16463 -0.06896
vn 0.98394 0.16464 -0.06897
vn 0.98394 0.16463 -0.06896
vn 0.98394 0.16463 -0.06896
vn 0.98394 0.16463 -0.06896
vn 0.98394 0.16463 -0.06898
vn 0.98394 0.16463 -0.06896
vn 0.98394 0.16463 -0.06898
vn 0.98394 0.16463 -0.06897
vn 0.98394 0.16463 -0.06897
vn 0.98394 0.16464 -0.06896
vn 0.98394 0.16463 -0.06896
vn 0.98394 0.16462 -0.06899
vn 0.98394 0.16464 -0.06896
vn 0.98394 0.16464 -0.06896
vn 0.98394 0.16464 -0.06895
vn 0.98394 0.16463 -0.06896
vn 0.98394 0.16461 -0.06898
vn 0.98394 0.16464 -0.06895
vn 0.98394 0.16463 -0.06896
vn 0.98394 0.16466 -0.06895
vn 0.98394 0.16464 -0.06896
vn 0.98394 0.16462 -0.06897
vn 0.98394 0.16462 -0.06896
vn 0.98394 0.16464 -0.06896
vn 0.98394 0.16466 -0.06897
vn 0.98394 0.16462 -0.06896
vn 0.98394 0.16463 -0.06896
vn 0.98394 0.16465 -0.06898
vn 0.98394 0.16463 -0.06896
vn 0.98395 0.16461 -0.06893
vn 0.98394 0.16463 -0.06896
vn 0.98394 0.16465 -0.06899
vn 0.98394 0.16463 -0.06896
vn 0.98394 0.16463 -0.06896
vn 0.98394 0.16464 -0.06897
vn 0.98394 0.16463 -0.06896
vn 0.98394 0.16464 -0.06896
vn 0.98394 0.16464 -0.06897
vn 0.98394 0.16463 -0.06896
vn 0.98394 0.16465 -0.06898
vn 0.98394 0.16463 -0.06896
vn 0.98394 0.16462 -0.06895
vn 0.98394 0.16462 -0.06894
vn 0.98394 0.16464 -0.06898
vn 0.98394 0.16463 -0.06896
vn 0.98394 0.16464 -0.06898
vn 0.98394 0.16463 -0.06894
vn 0.98394 0.16463 -0.06897
vn 0.98394 0.16463 -0.06897
vn 0.98394 0.16463 -0.06898
vn 0.98394 0.16464 -0.06894
vn 0.98394 0.16464 -0.06893
vn 0.98394 0.16463 -0.06899
vn 0.98394 0.16463 -0.06897
vn 0.98394 0.16463 -0.06896
vn 0.98394 0.16463 -0.06896
vn 0.98394 0.16463 -0.06896
vn 0.98394 0.16463 -0.06896
vn 0.98394 0.16463 -0.06897
vn 0.98394 0.16463 -0.06897
vn 0.98394 0.16463 -0.06896
vn 0.98394 0.16465 -0.06897
vn 0.98394 0.16464 -0.06896
vn 0.98394 0.16464 -0.06896
vn 0.98395 0.1646 -0.06896
vn 0.98393 0.16467 -0.06896
vn 0.98394 0.16463 -0.06897
vn 0.98394 0.16463 -0.06897
vn 0.98394 0.16463 -0.06896
vn 0.98394 0.16463 -0.06898
vn 0.98394 0.16463 -0.06897
vn 0.98394 0.16463 -0.06896
vn 0.98394 0.16463 -0.06896
vn 0.98394 0.16464 -0.06897
vn 0.98394 0.16462 -0.06896
vn 0.98395 0.16458 -0.06895
vn 0.98394 0.16462 -0.06896
vn 0.98394 0.16463 -0.06896
vn 0.98394 0.16464 -0.06897
vn 0.98394 0.16464 -0.06897
vn 0.98394 0.16463 -0.06895
vn 0.98392 0.16466 -0.06915
vn 0.98394 0.16463 -0.06894
vn 0.98394 0.16463 -0.06896
vn 0.98394 0.16464 -0.06898
vn 0.98394 0.16462 -0.06895
vn 0.98394 0.16464 -0.06897
vn 0.98394 0.16463 -0.06896
vn 0.98395 0.16461 -0.06896
vn 0.98394 0.16463 -0.06898
vn 0.98394 0.16464 -0.06893
vn 0.98394 0.16464 -0.06896
vn 0.98394 0.16465 -0.06895
vn 0.98394 0.16466 -0.06896
vn 0.98394 0.16463 -0.06898
vn 0.98394 0.16463 -0.06896
vn 0.98394 0.16463 -0.06896
vn 0.98394 0.16463 -0.06896
vn 0.98394 0.16464 -0.06897
vn 0.98394 0.16463 -0.06896
vn 0.98394 0.16463 -0.06896
vn 0.98394 0.16463 -0.06897
vn 0.98394 0.16463 -0.06896
vn 0.98394 0.16462 -0.06897
vn 0.98394 0.16463 -0.06896
vn 0.98394 0.16465 -0.06895
vn 0.98394 0.16463 -0.06896
vn 0.98394 0.16463 -0.06896
vn 0.98395 0.16461 -0.06896
vn 0.98394 0.16465 -0.06897
vn 0.98394 0.16464 -0.06894
vn 0.98394 0.16463 -0.06898
vn 0.98394 0.16463 -0.06896
vn 0.98394 0.16464 -0.06896
vn 0.98394 0.16464 -0.06895
vn 0.98394 0.16463 -0.06897
vn 0.98394 0.16462 -0.06897
vn 0.98394 0.16464 -0.06896
vn 0.98394 0.16463 -0.06897
vn 0.98394 0.16463 -0.06896
vn 0.98394 0.16465 -0.06896
vn 0.98394 0.16462 -0.06897
vn 0.98394 0.16463 -0.06895
vn 0.98394 0.16464 -0.06897
vn 0.98394 0.16462 -0.06895
vn 0.98394 0.16464 -0.06893
vn 0.98394 0.16463 -0.06898
vn 0.98394 0.16464 -0.06898
vn 0.98394 0.16463 -0.06896
vn 0.98394 0.16462 -0.06896
vn 0.98394 0.16463 -0.06896
vn 0.98394 0.16463 -0.06896
vn 0.98394 0.16463 -0.06896
vn 0.98394 0.16463 -0.06896
vn 0.98394 0.16463 -0.06896
vn 0.98394 0.16464 -0.06896
vn 0.98394 0.16464 -0.06896
vn 0.98394 0.16463 -0.06896
vn 0.98394 0.16464 -0.06896
vn 0.98394 0.16463 -0.06896
vn 0.98394 0.16462 -0.06896
vn 0.98393 0.16467 -0.06896
vn 0.98394 0.16462 -0.06896
vn 0.98394 0.16463 -0.06896
vn 0.98394 0.16464 -0.06897
vn 0.98394 0.16463 -0.06896
vn 0.98394 0.16466 -0.06897
vn 0.98394 0.16463 -0.06896
vn 0.98394 0.16462 -0.06896
vn 0.98394 0.16464 -0.06897
vn 0.98394 0.16463 -0.06896
vn 0.98394 0.16464 -0.06897
vn 0.98394 0.16464 -0.06897
vn 0.98394 0.16463 -0.06896
vn 0.98394 0.16462 -0.06895
vn 0.98394 0.16464 -0.06897
vn 0.98394 0.16464 -0.06898
vn 0.98394 0.16463 -0.06896
vn 0.98394 0.16464 -0.06895
vn 0.98394 0.16463 -0.06896
vn 0.98394 0.16463 -0.069
vn 0.98394 0.16463 -0.06898
vn 0.98394 0.16463 -0.06896
vn 0.98394 0.16463 -0.06896
vn 0.98394 0.16463 -0.06896
vn 0.98394 0.16461 -0.06898
vn 0.98394 0.16464 -0.06896
vn 0.98394 0.16463 -0.06896
vn 0.98394 0.16464 -0.06895
vn 0.98394 0.16463 -0.06894
vn 0.98394 0.16464 -0.06898
vn 0.98394 0.16463 -0.06896
vn 0.98394 0.16463 -0.06897
vn 0.98394 0.16463 -0.06894
vn 0.98394 0.16463 -0.06896
vn 0.98394 0.16463 -0.06896
vn 0.98394 0.16462 -0.06899
vn 0.98394 0.16463 -0.06896
vn 0.98394 0.16464 -0.06892
vn 0.98394 0.16465 -0.06888
vn 0.98394 0.16463 -0.06897
vn 0.98394 0.16463 -0.06898
vn 0.98394 0.16464 -0.06896
vn -0.17013 0.98189 -0.08331
vn -0.17419 0.97 -0.16956
vn -0.17418 0.97002 -0.1695
vn -0.17692 0.9507 -0.25471
vn -0.17831 0.92418 -0.33778
vn -0.17831 0.92418 -0.33778
vn -0.17834 0.89061 -0.41834
vn -0.17834 0.8907 -0.41814
vn -0.17702 0.85039 -0.49548
vn -0.17701 0.85029 -0.49566
vn -0.17434 0.80352 -0.56917
vn -0.17033 0.75049 -0.63855
vn -0.17032 0.75043 -0.63863
vn -0.16503 0.6919 -0.70287
vn -0.16506 0.69217 -0.70261
vn -0.1585 0.62822 -0.76172
vn -0.15847 0.62794 -0.76195
vn -0.15071 0.55922 -0.81521
vn -0.15075 0.55957 -0.81496
vn -0.14181 0.4864 -0.86215
vn -0.14181 0.48637 -0.86217
vn -0.13186 0.41001 -0.9025
vn -0.1318 0.40961 -0.90269
vn -0.12086 0.33017 -0.93615
vn -0.10893 0.24777 -0.96268
vn -0.10893 0.24778 -0.96267
vn -0.09616 0.16339 -0.98186
vn -0.09624 0.16389 -0.98177
vn -0.08278 0.07855 -0.99347
vn -0.08269 0.07803 -0.99352
vn -0.06863 -0.00774 -0.99761
vn -0.05396 -0.09395 -0.99411
vn -0.05396 -0.09395 -0.99411
vn -0.03903 -0.17854 -0.98316
vn -0.03903 -0.17855 -0.98316
vn -0.0236 -0.263 -0.96451
vn -0.0236 -0.26298 -0.96451
vn -0.0081 -0.34478 -0.93865
vn -0.00819 -0.34433 -0.93881
vn 0.00745 -0.42392 -0.90567
vn 0.00746 -0.42394 -0.90566
vn 0.02295 -0.49986 -0.8658
vn 0.02295 -0.49984 -0.86582
vn 0.03829 -0.57206 -0.81931
vn 0.0383 -0.5721 -0.81929
vn 0.05329 -0.63971 -0.76677
vn 0.05336 -0.63998 -0.76654
vn 0.06803 -0.7031 -0.70783
vn 0.06798 -0.70287 -0.70806
vn 0.08208 -0.76043 -0.64421
vn 0.08214 -0.76064 -0.64396
vn 0.09562 -0.81241 -0.5752
vn 0.09561 -0.81238 -0.57524
vn 0.10838 -0.85803 -0.50204
vn 0.10838 -0.85803 -0.50204
vn 0.12035 -0.89725 -0.42481
vn 0.12035 -0.89725 -0.42481
vn 0.13136 -0.92948 -0.3447
vn 0.1414 -0.95473 -0.26171
vn 0.15035 -0.97268 -0.17687
vn 0.15036 -0.97269 -0.17681
vn 0.15817 -0.98325 -0.09062
vn 0.15816 -0.98324 -0.09068
vn 0.16478 -0.98632 -0.00367
vn 0.17013 -0.9819 0.08326
vn 0.17013 -0.9819 0.08327
vn 0.17419 -0.97 0.16956
vn 0.17419 -0.96998 0.16971
vn 0.17692 -0.9507 0.25471
vn 0.17692 -0.95073 0.25458
vn 0.17831 -0.9242 0.33772
vn 0.17831 -0.92418 0.33778
vn 0.17834 -0.89061 0.41834
vn 0.17834 -0.89066 0.41824
vn 0.17702 -0.85039 0.49548
vn 0.17701 -0.85023 0.49575
vn 0.17433 -0.80335 0.56942
vn 0.17434 -0.80352 0.56917
vn 0.17034 -0.75067 0.63833
vn 0.17035 -0.75071 0.6383
vn 0.16503 -0.6919 0.70287
vn 0.1585 -0.62825 0.76169
vn 0.15847 -0.62788 0.76201
vn 0.1507 -0.55919 0.81523
vn 0.15075 -0.55957 0.81496
vn 0.14181 -0.4864 0.86215
vn 0.14182 -0.48643 0.86213
vn 0.13186 -0.41003 0.90249
vn 0.13186 -0.41003 0.90249
vn 0.12085 -0.33015 0.93616
vn 0.12079 -0.32967 0.93634
vn 0.10893 -0.24779 0.96267
vn 0.10893 -0.24778 0.96267
vn 0.09616 -0.16339 0.98186
vn 0.09623 -0.16389 0.98177
vn 0.08269 -0.07804 0.99352
vn 0.08269 -0.07804 0.99351
vn 0.06863 0.00774 0.99761
vn 0.06862 0.00774 0.99761
vn 0.05404 0.09344 0.99416
vn 0.05404 0.09344 0.99416
vn 0.03894 0.17904 0.98307
vn 0.02369 0.2625 0.96464
vn 0.0236 0.26301 0.9645
vn 0.0081 0.34478 0.93865
vn 0.00819 0.34433 0.93881
vn -0.00745 0.42392 0.90567
vn -0.00745 0.42389 0.90568
vn -0.02296 0.49986 0.8658
vn -0.02296 0.49989 0.86578
vn -0.0383 0.57209 0.81929
vn -0.03829 0.57203 0.81934
vn -0.05336 0.63998 0.76654
vn -0.05337 0.64004 0.76648
vn -0.06798 0.70287 0.70806
vn -0.06798 0.70287 0.70806
vn -0.08208 0.76043 0.64421
vn -0.08212 0.76058 0.64403
vn -0.09562 0.81241 0.5752
vn -0.09562 0.81244 0.57515
vn -0.10841 0.85813 0.50186
vn -0.10838 0.85803 0.50204
vn -0.12032 0.89716 0.42501
vn -0.12032 0.89716 0.42501
vn -0.13136 0.92948 0.3447
vn -0.13138 0.92954 0.34453
vn -0.1414 0.95473 0.26171
vn -0.14139 0.9547 0.26185
vn -0.15035 0.97268 0.17687
vn -0.15817 0.98325 0.09062
vn -0.15817 0.98325 0.09051
vn -0.16478 0.98632 0.00367
vn -0.16478 0.98632 0.00367
vn -0.17013 0.9819 -0.08327
vn -0.17419 0.96998 -0.16971
vn -0.17419 0.96999 -0.16965
vn -0.17692 0.95071 -0.25465
vn -0.17692 0.95073 -0.25458
vn -0.17831 0.92418 -0.33778
vn -0.17831 0.9242 -0.33772
vn -0.17834 0.8907 -0.41814
vn -0.17834 0.89061 -0.41834
vn -0.17701 0.85026 -0.49571
vn -0.17701 0.85026 -0.49571
vn -0.17434 0.80352 -0.56917
vn -0.17034 0.75067 -0.63833
vn -0.16504 0.69194 -0.70284
vn -0.15847 0.62791 -0.76198
vn -0.15847 0.62792 -0.76198
vn -0.15075 0.55957 -0.81496
vn -0.14181 0.4864 -0.86215
vn -0.14181 0.4864 -0.86215
vn -0.1318 0.40958 -0.9027
vn -0.13186 0.41003 -0.90249
vn -0.12086 0.33017 -0.93615
vn -0.12079 0.32969 -0.93633
vn -0.10893 0.24777 -0.96268
vn -0.10893 0.24779 -0.96267
vn -0.09623 0.16389 -0.98177
vn -0.09623 0.16389 -0.98177
vn -0.08269 0.07804 -0.99352
vn -0.06863 -0.00774 -0.99761
vn -0.05404 -0.09344 -0.99416
vn -0.0236 -0.26298 -0.96451
vn -0.02369 -0.2625 -0.96464
vn -0.00819 -0.34435 -0.93881
vn -0.0081 -0.34478 -0.93865
vn 0.00745 -0.42392 -0.90567
vn 0.02296 -0.49986 -0.8658
vn 0.03829 -0.57206 -0.81931
vn 0.0383 -0.57209 -0.81929
vn 0.05336 -0.64001 -0.76651
vn 0.06797 -0.70284 -0.70809
vn 0.06798 -0.70287 -0.70806
vn 0.08214 -0.76064 -0.64395
vn 0.08213 -0.76061 -0.64399
vn 0.09562 -0.81241 -0.5752
vn 0.09563 -0.81244 -0.57515
vn 0.10837 -0.858 -0.50209
vn 0.10837 -0.858 -0.50209
vn 0.12032 -0.89716 -0.42501
vn 0.12033 -0.89716 -0.42501
vn 0.13138 -0.92954 -0.34453
vn 0.14139 -0.9547 -0.26185
vn 0.15036 -0.9727 -0.17678
vn 0.15035 -0.97268 -0.17687
vn 0.15817 -0.98325 -0.09062
vn 0.15817 -0.98325 -0.09057
vn 0.16478 -0.98632 -0.00367
vn 0.16478 -0.98632 -0.00368
vn 0.17013 -0.9819 0.08327
vn 0.17013 -0.98189 0.08331
vn 0.17419 -0.96998 0.16971
vn 0.17419 -0.97 0.16956
vn 0.17692 -0.95071 0.25465
vn 0.17692 -0.9507 0.25471
vn 0.17831 -0.92424 0.33761
vn 0.17831 -0.92418 0.33778
vn 0.17834 -0.89061 0.41834
vn 0.17834 -0.8907 0.41814
vn 0.17701 -0.85026 0.49571
vn 0.17033 -0.75049 0.63855
vn 0.16504 -0.69194 0.70284
vn 0.16506 -0.69216 0.70261
vn 0.15847 -0.62791 0.76198
vn 0.14181 -0.4864 0.86215
vn 0.1318 -0.40958 0.9027
vn 0.1318 -0.40958 0.9027
vn 0.12086 -0.33017 0.93615
vn 0.10893 -0.24777 0.96268
vn 0.09623 -0.16389 0.98177
vn 0.09624 -0.16391 0.98177
vn 0.08269 -0.07804 0.99351
vn 0.05404 0.09344 0.99416
vn 0.05396 0.09396 0.99411
vn 0.03895 0.17904 0.98307
vn 0.03903 0.17854 0.98316
vn 0.0236 0.263 0.96451
vn 0.00819 0.34433 0.93881
vn -0.00745 0.42392 0.90567
vn -0.00745 0.42392 0.90567
vn -0.03829 0.57206 0.81931
vn -0.05336 0.64001 0.76651
vn -0.05336 0.64001 0.76651
vn -0.08214 0.76064 0.64396
vn -0.09562 0.81241 0.5752
vn -0.09562 0.81241 0.5752
vn -0.10837 0.858 0.50209
vn -0.12035 0.89725 0.42481
vn -0.15035 0.97268 0.17687
vn -0.15035 0.97268 0.17687
vn -0.15817 0.98325 0.09058
vn -0.15817 0.98325 0.09063
vn -0.16478 0.98632 0.00367
f 1//1 2//1 3//1
f 2//2 4//2 3//2
f 3//3 4//3 5//3
f 4//4 6//4 5//4
f 5//5 6//5 7//5
f 6//6 8//6 7//6
f 9//7 10//7 11//7
f 12//8 13//8 8//8
f 13//9 14//9 8//9
f 15//10 16//10 8//10
f 16//11 17//11 8//11
f 8//12 17//12 12//12
f 18//13 19//13 11//13
f 19//14 20//14 11//14
f 11//15 20//15 21//15
f 21//16 22//16 11//16
f 22//17 23//17 11//17
f 11//18 23//18 9//18
f 10//19 24//19 11//19
f 24//20 25//20 11//20
f 11//21 25//21 8//21
f 25//22 26//22 8//22
f 8//23 26//23 15//23
f 14//24 27//24 8//24
f 27//25 28//25 8//25
f 8//26 28//26 29//26
f 30//27 7//27 31//27
f 7//28 8//28 31//28
f 31//29 8//29 32//29
f 8//30 29//30 32//30
f 33//31 34//31 11//31
f 34//32 35//32 11//32
f 11//33 35//33 18//33
f 36//34 37//34 38//34
f 37//35 39//35 38//35
f 40//36 41//36 42//36
f 43//37 44//37 38//37
f 44//38 45//38 38//38
f 38//39 45//39 46//39
f 39//40 47//40 38//40
f 47//41 48//41 38//41
f 38//42 48//42 43//42
f 46//43 45//43 41//43
f 45//44 49//44 41//44
f 41//45 49//45 42//45
f 50//46 42//46 51//46
f 42//47 52//47 51//47
f 50//48 53//48 42//48
f 53//49 54//49 42//49
f 42//50 54//50 40//50
f 55//51 56//51 57//51
f 56//52 58//52 57//52
f 57//53 58//53 59//53
f 58//54 60//54 59//54
f 59//55 60//55 61//55
f 60//56 62//56 61//56
f 61//57 62//57 63//57
f 62//58 64//58 63//58
f 63//59 64//59 65//59
f 64//60 66//60 65//60
f 65//61 66//61 67//61
f 66//62 68//62 67//62
f 67//63 68//63 69//63
f 68//64 70//64 69//64
f 69//65 70//65 71//65
f 70//66 72//66 71//66
f 71//67 72//67 73//67
f 72//68 74//68 73//68
f 73//69 74//69 75//69
f 74//70 76//70 75//70
f 75//71 76//71 77//71
f 76//72 78//72 77//72
f 77//73 78//73 79//73
f 78//74 80//74 79//74
f 79//75 80//75 81//75
f 80//76 82//76 81//76
f 81//77 82//77 83//77
f 82//78 84//78 83//78
f 83//79 84//79 85//79
f 84//80 86//80 85//80
f 85//81 86//81 87//81
f 86//82 88//82 87//82
f 87//83 88//83 89//83
f 88//84 90//84 89//84
f 89//85 90//85 91//85
f 90//86 92//86 91//86
f 91//87 92//87 93//87
f 92//88 94//88 93//88
f 93//89 94//89 95//89
f 94//90 96//90 95//90
f 95//91 96//91 97//91
f 96//92 98//92 97//92
f 97//93 98//93 99//93
f 98//94 100//94 99//94
f 99//95 100//95 101//95
f 100//96 102//96 101//96
f 101//97 102//97 103//97
f 102//98 104//98 103//98
f 103//99 104//99 105//99
f 104//100 106//100 105//100
f 105//101 106//101 107//101
f 106//102 108//102 107//102
f 107//103 108//103 109//103
f 108//104 110//104 109//104
f 109//105 110//105 111//105
f 110//106 112//106 111//106
f 111//107 112//107 113//107
f 112//108 114//108 113//108
f 113//109 114//109 115//109
f 114//110 116//110 115//110
f 115//111 116//111 117//111
f 116//112 118//112 117//112
f 117//113 118//113 119//113
f 118//114 120//114 119//114
f 119//115 120//115 121//115
f 120//116 122//116 121//116
f 121//117 122//117 123//117
f 122//118 124//118 123//118
f 123//119 124//119 125//119
f 124//120 126//120 125//120
f 125//121 126//121 127//121
f 126//122 128//122 127//122
f 127//123 128//123 129//123
f 128//124 130//124 129//124
f 129//125 130//125 131//125
f 130//126 132//126 131//126
f 131//127 132//127 133//127
f 132//128 134//128 133//128
f 133//129 134//129 135//129
f 134//130 136//130 135//130
f 135//131 136//131 137//131
f 136//132 138//132 137//132
f 137//133 138//133 139//133
f 138//134 140//134 139//134
f 139//135 140//135 141//135
f 140//136 142//136 141//136
f 141//137 142//137 143//137
f 142//138 144//138 143//138
f 143//139 144//139 145//139
f 144//140 146//140 145//140
f 145//141 146//141 147//141
f 146//70 148//70 147//70
f 147//142 148//142 149//142
f 148//143 150//143 149//143
f 149//144 150//144 151//144
f 150//145 152//145 151//145
f 151//146 152//146 153//146
f 152//147 154//147 153//147
f 153//148 154//148 155//148
f 154//149 156//149 155//149
f 155//150 156//150 157//150
f 156//151 158//151 157//151
f 157//152 158//152 159//152
f 158//153 160//153 159//153
f 159//154 160//154 161//154
f 160//155 162//155 161//155
f 161//85 162//85 163//85
f 162//86 164//86 163//86
f 163//87 164//87 165//87
f 164//88 166//88 165//88
f 165//89 166//89 167//89
f 166//156 168//156 167//156
f 167//157 168//157 169//157
f 168//158 170//158 169//158
f 169//159 170//159 171//159
f 170//160 172//160 171//160
f 171//161 172//161 173//161
f 172//162 174//162 173//162
f 173//163 174//163 175//163
f 174//164 176//164 175//164
f 175//165 176//165 177//165
f 176//166 178//166 177//166
f 177//167 178//167 179//167
f 178//168 180//168 179//168
f 179//169 180//169 181//169
f 180//170 182//170 181//170
f 181//171 182//171 183//171
f 182//172 184//172 183//172
f 183//173 184//173 185//173
f 184//174 186//174 185//174
f 185//175 186//175 187//175
f 186//176 188//176 187//176
f 187//177 188//177 189//177
f 188//178 190//178 189//178
f 189//179 190//179 191//179
f 190//180 192//180 191//180
f 191//181 192//181 193//181
f 192//182 194//182 193//182
f 193//117 194//117 195//117
f 194//183 196//183 195//183
f 195//184 196//184 197//184
f 196//185 198//185 197//185
f 197//186 198//186 55//186
f 198//187 56//187 55//187
f 199//188 200//188 201//188
f 200//189 202//189 201//189
f 201//190 202//190 203//190
f 202//191 204//191 203//191
f 203//192 204//192 205//192
f 204//193 206//193 205//193
f 205//194 206//194 207//194
f 206//195 208//195 207//195
f 207//196 208//196 209//196
f 208//197 210//197 209//197
f 209//198 210//198 211//198
f 210//187 212//187 211//187
f 211//199 212//199 213//199
f 212//200 214//200 213//200
f 213//201 214//201 215//201
f 214//202 216//202 215//202
f 215//203 216//203 217//203
f 216//204 218//204 217//204
f 217//205 218//205 219//205
f 218//206 220//206 219//206
f 219//207 220//207 221//207
f 220//208 222//208 221//208
f 221//209 222//209 223//209
f 222//210 224//210 223//210
f 223//63 224//63 225//63
f 224//211 226//211 225//211
f 225//212 226//212 227//212
f 226//213 228//213 227//213
f 227//214 228//214 229//214
f 228//215 230//215 229//215
f 229//216 230//216 231//216
f 230//217 232//217 231//217
f 231//218 232//218 233//218
f 232//219 234//219 233//219
f 233//220 234//220 235//220
f 234//221 236//221 235//221
f 235//222 236//222 237//222
f 236//223 238//223 237//223
f 237//224 238//224 239//224
f 238//225 240//225 239//225
f 239//226 240//226 241//226
f 240//227 242//227 241//227
f 241//228 242//228 243//228
f 242//229 244//229 243//229
f 243//230 244//230 245//230
f 244//231 246//231 245//231
f 245//232 246//232 247//232
f 246//233 248//233 247//233
f 247//234 248//234 249//234
f 248//235 250//235 249//235
f 249//236 250//236 251//236
f 250//237 252//237 251//237
f 251//238 252//238 253//238
f 252//158 254//158 253//158
f 253//239 254//239 255//239
f 254//240 256//240 255//240
f 255//241 256//241 257//241
f 256//242 258//242 257//242
f 257//243 258//243 259//243
f 258//244 260//244 259//244
f 259//245 260//245 261//245
f 260//246 262//246 261//246
f 261//247 262//247 263//247
f 262//248 264//248 263//248
f 263//249 264//249 265//249
f 264//250 266//250 265//250
f 265//251 266//251 267//251
f 266//252 268//252 267//252
f 267//253 268//253 269//253
f 268//254 270//254 269//254
f 269//255 270//255 271//255
f 270//256 272//256 271//256
f 271//257 272//257 273//257
f 272//258 274//258 273//258
f 273//259 274//259 275//259
f 274//260 276//260 275//260
f 275//261 276//261 277//261
f 276//262 278//262 277//262
f 277//263 278//263 279//263
f 278//264 280//264 279//264
f 279//265 280//265 281//265
f 280//266 282//266 281//266
f 281//198 282//198 283//198
f 282//122 284//122 283//122
f 283//123 284//123 285//123
f 284//124 286//124 285//124
f 285//125 286//125 287//125
f 286//126 288//126 287//126
f 287//267 288//267 289//267
f 288//268 290//268 289//268
f 289//269 290//269 291//269
f 290//270 292//270 291//270
f 291//271 292//271 293//271
f 292//272 294//272 293//272
f 293//273 294//273 295//273
f 294//274 296//274 295//274
f 295//275 296//275 297//275
f 296//276 298//276 297//276
f 297//277 298//277 299//277
f 298//138 300//138 299//138
f 299//139 300//139 301//139
f 300//140 302//140 301//140
f 301//278 302//278 303//278
f 302//279 304//279 303//279
f 303//280 304//280 305//280
f 304//281 306//281 305//281
f 305//282 306//282 307//282
f 306//145 308//145 307//145
f 307//146 308//146 309//146
f 308//76 310//76 309//76
f 309//77 310//77 311//77
f 310//283 312//283 311//283
f 311//284 312//284 313//284
f 312//285 314//285 313//285
f 313//286 314//286 315//286
f 314//287 316//287 315//287
f 315//288 316//288 317//288
f 316//289 318//289 317//289
f 317//290 318//290 319//290
f 318//86 320//86 319//86
f 319//291 320//291 321//291
f 320//292 322//292 321//292
f 321//293 322//293 323//293
f 322//294 324//294 323//294
f 323//295 324//295 325//295
f 324//296 326//296 325//296
f 325//297 326//297 327//297
f 326//298 328//298 327//298
f 327//299 328//299 329//299
f 328//300 330//300 329//300
f 329//301 330//301 331//301
f 330//244 332//244 331//244
f 331//302 332//302 333//302
f 332//303 334//303 333//303
f 333//304 334//304 335//304
f 334//305 336//305 335//305
f 335//306 336//306 337//306
f 336//307 338//307 337//307
f 337//308 338//308 339//308
f 338//172 340//172 339//172
f 339//309 340//309 341//309
f 340//310 342//310 341//310
f 341//311 342//311 199//311
f 342//312 200//312 199//312
f 343//313 344//313 345//313
f 344//313 346//313 345//313
f 347//314 348//314 343//314
f 348//314 344//314 343//314
f 349//315 350//315 344//315
f 351//316 352//316 353//316
f 352//317 354//317 353//317
f 354//318 355//318 353//318
f 355//319 356//319 353//319
f 353//320 356//320 357//320
f 350//321 358//321 344//321
f 358//322 359//322 344//322
f 344//323 359//323 346//323
f 359//324 360//324 346//324
f 346//325 360//325 361//325
f 351//326 353//326 362//326
f 353//327 363//327 362//327
f 362//328 363//328 364//328
f 357//329 365//329 353//329
f 365//330 366//330 353//330
f 353//331 366//331 367//331
f 361//332 368//332 346//332
f 368//333 369//333 346//333
f 346//334 369//334 370//334
f 370//335 371//335 346//335
f 371//336 372//336 346//336
f 346//337 372//337 373//337
f 374//338 375//338 363//338
f 375//339 376//339 363//339
f 363//340 376//340 377//340
f 377//341 378//341 363//341
f 378//342 379//342 363//342
f 363//343 379//343 380//343
f 380//344 381//344 363//344
f 381//345 382//345 363//345
f 363//346 382//346 364//346
f 367//347 383//347 353//347
f 383//348 384//348 353//348
f 353//349 384//349 348//349
f 384//350 385//350 348//350
f 348//351 385//351 386//351
f 344//352 387//352 388//352
f 389//353 390//353 391//353
f 390//354 392//354 391//354
f 393//355 394//355 348//355
f 394//356 395//356 348//356
f 396//357 397//357 344//357
f 397//358 398//358 344//358
f 344//359 398//359 387//359
f 388//360 399//360 344//360
f 399//361 400//361 344//361
f 344//362 400//362 349//362
f 373//363 401//363 346//363
f 401//364 402//364 346//364
f 346//365 402//365 403//365
f 392//366 404//366 391//366
f 404//367 405//367 391//367
f 391//368 405//368 406//368
f 395//369 407//369 348//369
f 407//370 408//370 348//370
f 348//371 408//371 344//371
f 408//372 409//372 344//372
f 344//373 409//373 396//373
f 403//374 410//374 346//374
f 410//375 411//375 346//375
f 346//376 411//376 391//376
f 411//377 412//377 391//377
f 391//378 412//378 413//378
f 413//379 414//379 391//379
f 414//380 415//380 391//380
f 391//381 415//381 389//381
f 406//382 416//382 391//382
f 416//383 417//383 391//383
f 391//384 417//384 363//384
f 417//385 418//385 363//385
f 363//386 418//386 374//386
f 386//387 419//387 348//387
f 419//388 420//388 348//388
f 348//389 420//389 421//389
f 421//390 422//390 348//390
f 422//391 423//391 348//391
f 348//392 423//392 393//392
f 424//393 425//393 426//393
f 425//394 427//394 426//394
f 428//395 429//395 430//395
f 429//396 425//396 430//396
f 430//397 425//397 424//397
f 431//398 432//398 428//398
f 432//398 429//398 428//398
f 433//399 434//399 431//399
f 434//399 432//399 431//399
f 435//400 436//400 433//400
f 436//401 434//401 433//401
f 436//402 435//402 427//402
f 435//403 437//403 427//403
f 427//404 437//404 426//404
f 438//405 439//405 432//405
f 440//406 427//406 441//406
f 427//407 442//407 441//407
f 443//378 444//378 436//378
f 432//408 445//408 446//408
f 447//409 448//409 425//409
f 448//410 449//410 425//410
f 425//411 449//411 450//411
f 425//412 451//412 452//412
f 453//413 454//413 427//413
f 454//414 455//414 427//414
f 427//415 455//415 442//415
f 456//416 457//416 436//416
f 439//417 458//417 432//417
f 458//418 459//418 432//418
f 432//419 459//419 445//419
f 446//420 460//420 432//420
f 460//421 461//421 432//421
f 432//422 461//422 462//422
f 463//423 464//423 429//423
f 425//424 452//424 427//424
f 452//425 465//425 427//425
f 427//426 465//426 453//426
f 444//427 466//427 436//427
f 466//428 467//428 436//428
f 436//381 467//381 468//381
f 469//429 470//429 434//429
f 471//346 472//346 434//346
f 472//430 473//430 434//430
f 434//431 473//431 432//431
f 473//432 474//432 432//432
f 432//433 474//433 438//433
f 440//434 475//434 427//434
f 475//435 476//435 427//435
f 427//436 476//436 477//436
f 468//437 478//437 436//437
f 478//438 479//438 436//438
f 436//439 479//439 456//439
f 470//440 480//440 434//440
f 480//441 481//441 434//441
f 434//442 481//442 471//442
f 450//443 482//443 425//443
f 482//444 483//444 425//444
f 425//445 483//445 484//445
f 484//446 485//446 425//446
f 485//447 486//447 425//447
f 425//448 486//448 451//448
f 487//449 434//449 488//449
f 434//450 489//450 488//450
f 487//359 490//359 434//359
f 490//451 491//451 434//451
f 434//452 491//452 469//452
f 462//453 492//453 432//453
f 492//454 493//454 432//454
f 432//455 493//455 429//455
f 493//456 494//456 429//456
f 429//457 494//457 463//457
f 464//458 495//458 429//458
f 495//459 496//459 429//459
f 429//460 496//460 497//460
f 497//461 498//461 429//461
f 498//462 499//462 429//462
f 429//463 499//463 500//463
f 477//464 501//464 427//464
f 501//465 502//465 427//465
f 427//466 502//466 436//466
f 502//467 503//467 436//467
f 436//377 503//377 443//377
f 500//468 504//468 429//468
f 504//469 505//469 429//469
f 429//470 505//470 425//470
f 505//471 506//471 425//471
f 425//472 506//472 447//472
f 457//473 507//473 436//473
f 507//474 508//474 436//474
f 436//475 508//475 434//475
f 508//476 509//476 434//476
f 434//477 509//477 489//477
f 510//478 511//478 512//478
f 511//478 513//478 512//478
f 514//398 515//398 510//398
f 515//398 511//398 510//398
f 516//479 517//479 514//479
f 517//479 515//479 514//479
f 518//480 519//480 516//480
f 519//480 517//480 516//480
f 520//481 521//481 518//481
f 521//481 519//481 518//481
f 512//482 513//482 520//482
f 513//482 521//482 520//482
f 522//483 523//483 517//483
f 523//346 524//346 517//346
f 524//484 525//484 517//484
f 517//485 525//485 515//485
f 526//486 527//486 515//486
f 525//487 528//487 515//487
f 528//332 529//332 515//332
f 515//488 529//488 530//488
f 531//462 532//462 519//462
f 532//463 533//463 519//463
f 534//489 535//489 517//489
f 530//490 536//490 515//490
f 536//491 537//491 515//491
f 515//492 537//492 538//492
f 539//493 540//493 519//493
f 540//494 541//494 519//494
f 519//495 541//495 542//495
f 534//496 517//496 543//496
f 538//497 544//497 515//497
f 544//498 545//498 515//498
f 515//499 545//499 526//499
f 546//500 547//500 521//500
f 547//501 548//501 521//501
f 521//349 548//349 519//349
f 548//502 549//502 519//502
f 519//503 549//503 539//503
f 542//504 550//504 519//504
f 550//505 551//505 519//505
f 519//506 551//506 531//506
f 533//507 552//507 519//507
f 552//508 553//508 519//508
f 519//509 553//509 517//509
f 553//510 554//510 517//510
f 517//477 554//477 543//477
f 555//511 556//511 511//511
f 556//512 557//512 511//512
f 535//513 558//513 517//513
f 558//451 559//451 517//451
f 517//514 559//514 560//514
f 560//515 561//515 517//515
f 561//516 562//516 517//516
f 517//517 562//517 522//517
f 557//518 563//518 511//518
f 563//519 564//519 511//519
f 511//520 564//520 565//520
f 513//521 566//521 567//521
f 568//522 569//522 521//522
f 569//523 570//523 521//523
f 527//524 571//524 515//524
f 571//454 572//454 515//454
f 515//455 572//455 511//455
f 572//503 573//503 511//503
f 511//525 573//525 555//525
f 565//526 574//526 511//526
f 574//527 575//527 511//527
f 511//528 575//528 576//528
f 576//529 577//529 511//529
f 577//530 578//530 511//530
f 511//531 578//531 513//531
f 578//477 579//477 513//477
f 513//532 579//532 566//532
f 567//533 580//533 513//533
f 580//451 581//451 513//451
f 513//534 581//534 582//534
f 582//535 583//535 513//535
f 583//536 584//536 513//536
f 513//441 584//441 585//441
f 585//442 586//442 513//442
f 586//537 587//537 513//537
f 513//538 587//538 521//538
f 587//539 588//539 521//539
f 521//540 588//540 589//540
f 570//541 590//541 521//541
f 590//542 591//542 521//542
f 521//543 591//543 546//543
f 589//544 592//544 521//544
f 592//545 593//545 521//545
f 521//546 593//546 568//546
f 594//398 595//398 596//398
f 595//398 597//398 596//398
f 598//313 599//313 594//313
f 599//313 595//313 594//313
f 600//400 601//400 598//400
f 601//401 599//401 598//401
f 6//547 602//547 603//547
f 602//548 604//548 603//548
f 605//549 606//549 607//549
f 606//550 430//550 607//550
f 608//551 609//551 426//551
f 609//552 424//552 426//552
f 610//553 608//553 611//553
f 608//554 426//554 611//554
f 611//555 426//555 612//555
f 426//556 437//556 612//556
f 604//557 613//557 603//557
f 613//558 614//558 603//558
f 603//559 614//559 610//559
f 614//560 615//560 610//560
f 610//561 615//561 608//561
f 609//562 616//562 424//562
f 616//563 617//563 424//563
f 424//564 617//564 430//564
f 617//565 618//565 430//565
f 430//566 618//566 607//566
f 602//567 6//567 619//567
f 6//568 4//568 619//568
f 620//569 621//569 622//569
f 621//570 623//570 622//570
f 622//571 623//571 624//571
f 623//572 619//572 624//572
f 624//573 619//573 625//573
f 619//574 4//574 625//574
f 625//575 4//575 626//575
f 622//576 627//576 620//576
f 627//577 628//577 620//577
f 620//578 628//578 629//578
f 628//579 630//579 629//579
f 629//580 630//580 631//580
f 631//581 630//581 632//581
f 630//582 633//582 632//582
f 632//583 633//583 634//583
f 633//584 635//584 634//584
f 635//585 636//585 634//585
f 634//586 636//586 637//586
f 636//587 638//587 637//587
f 636//588 639//588 638//588
f 639//589 640//589 638//589
f 638//590 640//590 641//590
f 640//591 642//591 641//591
f 643//592 644//592 645//592
f 643//593 645//593 646//593
f 606//594 605//594 645//594
f 605//595 647//595 645//595
f 645//596 647//596 646//596
f 647//597 648//597 646//597
f 646//598 648//598 649//598
f 648//599 650//599 649//599
f 650//600 651//600 649//600
f 649//601 651//601 652//601
f 651//602 653//602 652//602
f 651//603 654//603 653//603
f 654//604 655//604 653//604
f 653//605 655//605 656//605
f 655//606 657//606 656//606
f 656//607 657//607 658//607
f 659//608 660//608 661//608
f 658//609 657//609 662//609
f 657//610 663//610 662//610
f 662//611 663//611 660//611
f 663//612 664//612 660//612
f 660//613 664//613 661//613
f 659//614 661//614 665//614
f 661//615 666//615 665//615
f 665//616 666//616 667//616
f 645//617 644//617 668//617
f 669//618 670//618 671//618
f 670//619 672//619 671//619
f 673//620 674//620 675//620
f 673//621 675//621 676//621
f 677//622 678//622 679//622
f 678//623 680//623 679//623
f 679//624 680//624 681//624
f 682//625 683//625 36//625
f 684//626 685//626 37//626
f 685//627 686//627 37//627
f 37//628 686//628 687//628
f 682//629 36//629 688//629
f 669//630 671//630 689//630
f 671//631 690//631 689//631
f 689//632 690//632 691//632
f 675//633 692//633 676//633
f 692//634 693//634 676//634
f 676//635 693//635 668//635
f 694//636 626//636 4//636
f 683//637 695//637 36//637
f 695//638 696//638 36//638
f 36//639 696//639 697//639
f 687//640 698//640 37//640
f 698//641 699//641 37//641
f 37//642 699//642 700//642
f 701//643 645//643 702//643
f 645//644 668//644 702//644
f 702//645 668//645 703//645
f 668//646 693//646 703//646
f 681//647 680//647 704//647
f 680//648 694//648 704//648
f 704//649 694//649 705//649
f 694//650 4//650 705//650
f 705//651 4//651 706//651
f 707//652 708//652 36//652
f 708//653 709//653 36//653
f 36//654 709//654 688//654
f 710//655 711//655 36//655
f 711//656 712//656 36//656
f 36//657 712//657 37//657
f 712//658 713//658 37//658
f 37//659 713//659 684//659
f 700//660 714//660 37//660
f 714//661 715//661 37//661
f 37//662 715//662 716//662
f 717//663 718//663 36//663
f 718//664 719//664 36//664
f 36//665 719//665 707//665
f 697//666 720//666 36//666
f 720//667 721//667 36//667
f 36//668 721//668 722//668
f 723//669 724//669 36//669
f 724//670 725//670 36//670
f 36//671 725//671 710//671
f 726//672 670//672 727//672
f 670//673 722//673 727//673
f 728//674 729//674 730//674
f 716//675 731//675 37//675
f 731//676 732//676 37//676
f 37//677 732//677 733//677
f 734//678 735//678 36//678
f 735//679 736//679 36//679
f 36//680 736//680 717//680
f 726//681 737//681 670//681
f 737//682 738//682 670//682
f 670//683 738//683 739//683
f 690//684 740//684 691//684
f 740//685 741//685 691//685
f 691//686 741//686 742//686
f 741//687 743//687 742//687
f 742//688 743//688 744//688
f 743//689 728//689 744//689
f 744//690 728//690 745//690
f 728//691 730//691 745//691
f 746//692 747//692 36//692
f 747//693 748//693 36//693
f 36//694 748//694 723//694
f 739//695 749//695 670//695
f 749//696 750//696 670//696
f 670//697 750//697 751//697
f 752//698 753//698 36//698
f 753//699 754//699 36//699
f 36//700 754//700 746//700
f 733//701 755//701 37//701
f 755//702 756//702 37//702
f 37//703 756//703 757//703
f 756//704 758//704 757//704
f 757//705 758//705 759//705
f 760//706 761//706 762//706
f 761//707 763//707 762//707
f 762//708 763//708 36//708
f 763//709 764//709 36//709
f 36//710 764//710 734//710
f 751//711 765//711 670//711
f 765//712 766//712 670//712
f 670//713 766//713 672//713
f 722//714 670//714 36//714
f 670//715 767//715 36//715
f 36//716 767//716 752//716
f 759//717 768//717 757//717
f 768//718 769//718 757//718
f 757//719 769//719 673//719
f 769//720 770//720 673//720
f 673//721 770//721 674//721
f 677//722 771//722 678//722
f 771//723 772//723 678//723
f 678//724 772//724 762//724
f 772//725 773//725 762//725
f 762//726 773//726 760//726
f 774//727 775//727 776//727
f 775//727 777//727 776//727
f 3//728 5//728 778//728
f 5//728 779//728 778//728
f 520//729 598//729 512//729
f 598//730 594//730 512//730
f 11//731 431//731 606//731
f 431//732 428//732 606//732
f 606//733 428//733 430//733
f 8//734 343//734 345//734
f 343//735 8//735 347//735
f 8//736 6//736 347//736
f 347//737 6//737 780//737
f 612//738 437//738 596//738
f 437//739 435//739 596//739
f 596//740 435//740 594//740
f 435//741 433//741 594//741
f 594//742 433//742 512//742
f 433//743 431//743 512//743
f 512//744 431//744 510//744
f 431//745 11//745 510//745
f 510//746 11//746 514//746
f 11//747 516//747 514//747
f 11//748 8//748 516//748
f 8//749 345//749 516//749
f 516//750 345//750 518//750
f 345//751 781//751 518//751
f 518//752 781//752 520//752
f 781//753 782//753 520//753
f 520//754 782//754 598//754
f 782//743 780//743 598//743
f 598//755 780//755 600//755
f 780//756 6//756 600//756
f 600//757 6//757 603//757
f 783//758 784//758 785//758
f 784//759 786//759 785//759
f 785//760 786//760 787//760
f 788//761 789//761 785//761
f 789//762 790//762 785//762
f 785//763 790//763 783//763
f 791//764 645//764 792//764
f 645//765 701//765 792//765
f 793//766 794//766 4//766
f 794//767 795//767 4//767
f 4//768 795//768 706//768
f 796//769 797//769 785//769
f 798//770 799//770 787//770
f 800//771 801//771 785//771
f 802//772 803//772 4//772
f 803//773 804//773 4//773
f 4//774 804//774 793//774
f 791//775 805//775 645//775
f 805//776 806//776 645//776
f 645//777 806//777 807//777
f 807//778 808//778 645//778
f 808//779 809//779 645//779
f 645//780 809//780 785//780
f 809//781 810//781 785//781
f 785//782 810//782 788//782
f 799//783 811//783 787//783
f 811//784 812//784 787//784
f 787//785 812//785 813//785
f 814//786 815//786 785//786
f 815//787 816//787 785//787
f 785//788 816//788 796//788
f 797//789 817//789 785//789
f 817//790 818//790 785//790
f 785//791 818//791 819//791
f 820//792 821//792 822//792
f 819//793 823//793 785//793
f 823//794 824//794 785//794
f 785//795 824//795 825//795
f 826//796 827//796 785//796
f 801//797 828//797 785//797
f 828//798 829//798 785//798
f 785//799 829//799 814//799
f 830//800 831//800 832//800
f 798//801 787//801 833//801
f 787//802 834//802 833//802
f 833//803 834//803 835//803
f 834//804 836//804 835//804
f 835//805 836//805 837//805
f 838//806 839//806 840//806
f 841//807 842//807 785//807
f 842//808 843//808 785//808
f 785//809 843//809 800//809
f 844//810 845//810 846//810
f 845//811 847//811 846//811
f 846//812 847//812 848//812
f 848//813 849//813 846//813
f 849//814 850//814 846//814
f 846//815 850//815 851//815
f 729//816 852//816 730//816
f 852//817 853//817 730//817
f 730//818 853//818 854//818
f 853//819 855//819 854//819
f 830//820 832//820 856//820
f 857//821 858//821 859//821
f 860//822 861//822 785//822
f 862//823 863//823 864//823
f 865//824 866//824 2//824
f 838//825 840//825 867//825
f 813//826 868//826 787//826
f 868//827 869//827 787//827
f 787//828 869//828 870//828
f 821//829 871//829 872//829
f 873//830 874//830 875//830
f 874//831 876//831 875//831
f 875//832 876//832 877//832
f 839//833 838//833 877//833
f 838//834 878//834 877//834
f 877//835 878//835 875//835
f 875//836 879//836 873//836
f 879//837 880//837 873//837
f 873//838 880//838 881//838
f 882//839 883//839 873//839
f 883//840 884//840 873//840
f 873//841 884//841 822//841
f 825//842 885//842 785//842
f 885//843 886//843 785//843
f 785//844 886//844 887//844
f 861//845 888//845 785//845
f 888//846 889//846 785//846
f 785//847 889//847 826//847
f 864//848 890//848 862//848
f 890//849 891//849 862//849
f 862//850 891//850 892//850
f 891//851 893//851 892//851
f 837//852 894//852 835//852
f 894//853 895//853 835//853
f 835//854 895//854 896//854
f 897//855 898//855 2//855
f 898//856 899//856 2//856
f 2//857 899//857 900//857
f 866//858 901//858 2//858
f 901//859 902//859 2//859
f 2//860 902//860 903//860
f 904//861 905//861 4//861
f 905//862 906//862 4//862
f 4//863 906//863 907//863
f 907//864 908//864 4//864
f 908//865 909//865 4//865
f 4//866 909//866 910//866
f 910//867 911//867 4//867
f 911//868 912//868 4//868
f 4//869 912//869 913//869
f 870//870 914//870 787//870
f 914//871 915//871 787//871
f 787//872 915//872 785//872
f 915//873 916//873 785//873
f 785//874 916//874 841//874
f 855//875 853//875 917//875
f 853//876 918//876 917//876
f 917//877 918//877 851//877
f 918//878 919//878 851//878
f 851//879 919//879 846//879
f 821//880 920//880 871//880
f 920//881 921//881 871//881
f 871//882 921//882 922//882
f 872//883 923//883 821//883
f 923//884 924//884 821//884
f 821//885 924//885 822//885
f 924//886 925//886 822//886
f 822//887 925//887 873//887
f 881//888 926//888 873//888
f 926//889 927//889 873//889
f 873//890 927//890 882//890
f 857//891 859//891 832//891
f 859//892 928//892 832//892
f 832//893 928//893 856//893
f 831//894 929//894 832//894
f 929//895 930//895 832//895
f 832//896 930//896 931//896
f 900//897 932//897 2//897
f 932//898 933//898 2//898
f 2//899 933//899 934//899
f 903//900 935//900 2//900
f 935//901 936//901 2//901
f 2//902 936//902 937//902
f 938//903 939//903 940//903
f 939//904 941//904 940//904
f 931//905 942//905 832//905
f 942//906 943//906 832//906
f 832//907 943//907 944//907
f 945//908 946//908 947//908
f 946//909 859//909 947//909
f 947//910 859//910 948//910
f 859//911 858//911 948//911
f 896//912 895//912 949//912
f 895//913 950//913 949//913
f 949//914 950//914 893//914
f 950//915 951//915 893//915
f 893//916 951//916 892//916
f 827//917 952//917 785//917
f 952//918 953//918 785//918
f 785//919 953//919 2//919
f 953//920 954//920 2//920
f 2//921 954//921 897//921
f 934//922 955//922 2//922
f 955//923 956//923 2//923
f 2//924 956//924 865//924
f 937//925 957//925 2//925
f 957//926 958//926 2//926
f 2//927 958//927 4//927
f 958//928 959//928 4//928
f 4//929 959//929 904//929
f 913//930 939//930 4//930
f 939//931 960//931 4//931
f 4//932 960//932 802//932
f 941//933 961//933 940//933
f 961//934 962//934 940//934
f 940//935 962//935 963//935
f 938//936 964//936 939//936
f 964//937 965//937 939//937
f 939//938 965//938 966//938
f 966//939 967//939 939//939
f 967//940 968//940 939//940
f 939//941 968//941 969//941
f 969//942 970//942 939//942
f 970//943 971//943 939//943
f 939//944 971//944 960//944
f 844//945 846//945 972//945
f 846//946 973//946 972//946
f 972//947 973//947 922//947
f 973//948 974//948 922//948
f 922//949 974//949 871//949
f 944//950 975//950 832//950
f 975//951 976//951 832//951
f 832//952 976//952 977//952
f 887//953 978//953 785//953
f 978//954 946//954 785//954
f 785//955 946//955 860//955
f 946//956 945//956 860//956
f 979//879 980//879 981//879
f 982//957 983//957 984//957
f 983//958 985//958 984//958
f 984//959 985//959 986//959
f 986//960 987//960 984//960
f 987//961 863//961 984//961
f 984//962 863//962 988//962
f 863//963 862//963 988//963
f 988//964 862//964 822//964
f 862//965 989//965 822//965
f 822//966 989//966 820//966
f 840//967 990//967 867//967
f 990//968 991//968 867//968
f 867//915 991//915 992//915
f 991//969 993//969 992//969
f 992//969 993//969 994//969
f 993//915 995//915 994//915
f 994//970 995//970 962//970
f 995//971 996//971 962//971
f 962//972 996//972 963//972
f 981//815 980//815 997//815
f 977//973 976//973 980//973
f 976//813 998//813 980//813
f 980//814 998//814 997//814
f 979//878 981//878 999//878
f 981//877 1000//877 999//877
f 999//876 1000//876 1001//876
f 1000//974 1002//974 1001//974
f 1001//975 1002//975 1003//975
f 1002//976 1004//976 1003//976
f 1003//814 1004//814 984//814
f 1004//977 1005//977 984//977
f 1005//978 1006//978 984//978
f 984//979 1006//979 1007//979
f 1007//980 1008//980 984//980
f 1008//981 1009//981 984//981
f 984//982 1009//982 982//982
f 1010//983 999//983 1011//983
f 999//984 1001//984 1011//984
f 1011//985 1001//985 1012//985
f 1001//986 1003//986 1012//986
f 1012//987 1003//987 1013//987
f 1003//987 984//987 1013//987
f 1013//988 984//988 1014//988
f 984//988 988//988 1014//988
f 1014//989 988//989 1015//989
f 988//989 822//989 1015//989
f 1015//990 822//990 1016//990
f 822//990 884//990 1016//990
f 1016//991 884//991 1017//991
f 884//992 883//992 1017//992
f 1017//993 883//993 1018//993
f 883//993 882//993 1018//993
f 1018//994 882//994 1019//994
f 882//994 927//994 1019//994
f 1019//995 927//995 1020//995
f 927//995 926//995 1020//995
f 1020//996 926//996 1021//996
f 926//997 881//997 1021//997
f 1021//998 881//998 1022//998
f 881//999 880//999 1022//999
f 1022//1000 880//1000 1023//1000
f 880//1001 879//1001 1023//1001
f 1023//1002 879//1002 1024//1002
f 879//1002 875//1002 1024//1002
f 1024//1003 875//1003 1025//1003
f 875//1003 878//1003 1025//1003
f 1025//1004 878//1004 1026//1004
f 878//1005 838//1005 1026//1005
f 1026//1006 838//1006 1027//1006
f 838//1007 867//1007 1027//1007
f 1027//1008 867//1008 1028//1008
f 867//1008 992//1008 1028//1008
f 1028//1009 992//1009 1029//1009
f 992//1009 994//1009 1029//1009
f 1029//1010 994//1010 1030//1010
f 994//1011 962//1011 1030//1011
f 1030//1012 962//1012 1031//1012
f 962//1012 961//1012 1031//1012
f 1031//1013 961//1013 1032//1013
f 961//1014 941//1014 1032//1014
f 1032//1015 941//1015 1033//1015
f 941//1016 939//1016 1033//1016
f 1033//1017 939//1017 1034//1017
f 939//1018 913//1018 1034//1018
f 1034//1019 913//1019 1035//1019
f 913//1020 912//1020 1035//1020
f 1035//1021 912//1021 1036//1021
f 912//1022 911//1022 1036//1022
f 1036//1023 911//1023 1037//1023
f 911//1024 910//1024 1037//1024
f 1037//1025 910//1025 1038//1025
f 910//1025 909//1025 1038//1025
f 1038//1026 909//1026 1039//1026
f 909//1027 908//1027 1039//1027
f 1039//1028 908//1028 1040//1028
f 908//1028 907//1028 1040//1028
f 1040//1029 907//1029 1041//1029
f 907//1030 906//1030 1041//1030
f 1041//1031 906//1031 1042//1031
f 906//1032 905//1032 1042//1032
f 1042//1033 905//1033 1043//1033
f 905//1034 904//1034 1043//1034
f 1043//1035 904//1035 1044//1035
f 904//1035 959//1035 1044//1035
f 1044//1036 959//1036 1045//1036
f 959//1037 958//1037 1045//1037
f 1045//1038 958//1038 1046//1038
f 958//1039 957//1039 1046//1039
f 1046//1040 957//1040 1047//1040
f 957//1041 937//1041 1047//1041
f 1047//1042 937//1042 1048//1042
f 937//1043 936//1043 1048//1043
f 1048//1044 936//1044 1049//1044
f 936//1045 935//1045 1049//1045
f 1049//1046 935//1046 1050//1046
f 935//1047 903//1047 1050//1047
f 1050//1048 903//1048 1051//1048
f 903//1048 902//1048 1051//1048
f 1051//1049 902//1049 1052//1049
f 902//1049 901//1049 1052//1049
f 1052//1050 901//1050 1053//1050
f 901//1051 866//1051 1053//1051
f 1053//1052 866//1052 1054//1052
f 866//1053 865//1053 1054//1053
f 1054//1054 865//1054 1055//1054
f 865//1055 956//1055 1055//1055
f 1055//1056 956//1056 1056//1056
f 956//1056 955//1056 1056//1056
f 1056//1057 955//1057 1057//1057
f 955//1058 934//1058 1057//1058
f 1057//1059 934//1059 1058//1059
f 934//1060 933//1060 1058//1060
f 1058//1061 933//1061 1059//1061
f 933//1062 932//1062 1059//1062
f 1059//1063 932//1063 1060//1063
f 932//1063 900//1063 1060//1063
f 1060//1064 900//1064 1061//1064
f 900//1065 899//1065 1061//1065
f 1061//1066 899//1066 1062//1066
f 899//1067 898//1067 1062//1067
f 1062//1068 898//1068 1063//1068
f 898//1069 897//1069 1063//1069
f 1063//1070 897//1070 1064//1070
f 897//1070 954//1070 1064//1070
f 1064//1071 954//1071 1065//1071
f 954//1071 953//1071 1065//1071
f 1065//1072 953//1072 1066//1072
f 953//1073 952//1073 1066//1073
f 1066//1074 952//1074 1067//1074
f 952//1074 827//1074 1067//1074
f 1067//1075 827//1075 1068//1075
f 827//1076 826//1076 1068//1076
f 1068//1077 826//1077 1069//1077
f 826//1078 889//1078 1069//1078
f 1069//1079 889//1079 1070//1079
f 889//1079 888//1079 1070//1079
f 1070//1080 888//1080 1071//1080
f 888//1080 861//1080 1071//1080
f 1071//1081 861//1081 1072//1081
f 861//1082 860//1082 1072//1082
f 1072//1083 860//1083 1073//1083
f 860//1083 945//1083 1073//1083
f 1073//1084 945//1084 1074//1084
f 945//1085 947//1085 1074//1085
f 1074//1086 947//1086 1075//1086
f 947//1086 948//1086 1075//1086
f 1075//1087 948//1087 1076//1087
f 948//1088 858//1088 1076//1088
f 1076//1089 858//1089 1077//1089
f 858//1089 857//1089 1077//1089
f 1077//1090 857//1090 1078//1090
f 857//1090 832//1090 1078//1090
f 1078//1091 832//1091 1079//1091
f 832//1091 977//1091 1079//1091
f 1079//1092 977//1092 1080//1092
f 977//1093 980//1093 1080//1093
f 1080//1094 980//1094 1081//1094
f 980//1094 979//1094 1081//1094
f 1081//1095 979//1095 1010//1095
f 979//1096 999//1096 1010//1096
f 1082//1097 1083//1097 760//1097
f 1084//1098 763//1098 1083//1098
f 763//1099 761//1099 1083//1099
f 1083//1100 761//1100 760//1100
f 1085//1101 734//1101 1084//1101
f 734//1102 764//1102 1084//1102
f 1084//1103 764//1103 763//1103
f 1086//1104 736//1104 1085//1104
f 736//1105 735//1105 1085//1105
f 1085//1106 735//1106 734//1106
f 1087//1107 718//1107 1086//1107
f 718//1108 717//1108 1086//1108
f 1086//1109 717//1109 736//1109
f 1088//1110 707//1110 1087//1110
f 707//1111 719//1111 1087//1111
f 1087//1112 719//1112 718//1112
f 1089//1113 709//1113 1088//1113
f 709//1114 708//1114 1088//1114
f 1088//1115 708//1115 707//1115
f 1090//1116 682//1116 1089//1116
f 682//1117 688//1117 1089//1117
f 1089//1118 688//1118 709//1118
f 1091//1119 695//1119 1090//1119
f 695//1120 683//1120 1090//1120
f 1090//1121 683//1121 682//1121
f 1092//1122 697//1122 1091//1122
f 697//1123 696//1123 1091//1123
f 1091//1124 696//1124 695//1124
f 1093//1125 721//1125 1092//1125
f 721//1126 720//1126 1092//1126
f 1092//1127 720//1127 697//1127
f 1094//1128 727//1128 1093//1128
f 727//1129 722//1129 1093//1129
f 1093//1130 722//1130 721//1130
f 1095//1131 737//1131 1094//1131
f 737//1132 726//1132 1094//1132
f 1094//1133 726//1133 727//1133
f 1096//1134 739//1134 1095//1134
f 739//1135 738//1135 1095//1135
f 1095//1136 738//1136 737//1136
f 1097//1137 750//1137 1096//1137
f 750//1138 749//1138 1096//1138
f 1096//1139 749//1139 739//1139
f 766//1140 765//1140 1097//1140
f 765//1141 751//1141 1097//1141
f 1097//1142 751//1142 750//1142
f 1097//1143 1098//1143 766//1143
f 1098//1144 1099//1144 766//1144
f 766//1145 1099//1145 672//1145
f 1099//1146 1100//1146 672//1146
f 672//1147 1100//1147 671//1147
f 1100//1148 1101//1148 671//1148
f 671//1149 1101//1149 690//1149
f 1101//1150 1102//1150 690//1150
f 690//1151 1102//1151 740//1151
f 1102//1152 1103//1152 740//1152
f 740//1153 1103//1153 741//1153
f 1103//1154 1104//1154 741//1154
f 741//1155 1104//1155 743//1155
f 1104//1156 1105//1156 743//1156
f 743//1157 1105//1157 728//1157
f 760//1158 773//1158 1082//1158
f 773//1159 772//1159 1082//1159
f 1082//1160 772//1160 1106//1160
f 772//1161 771//1161 1106//1161
f 1106//1162 771//1162 1107//1162
f 771//1163 677//1163 1107//1163
f 1107//1164 677//1164 1108//1164
f 677//1165 679//1165 1108//1165
f 1108//1166 679//1166 1109//1166
f 679//1167 681//1167 1109//1167
f 1109//1168 681//1168 1110//1168
f 681//1169 704//1169 1110//1169
f 1110//1170 704//1170 1111//1170
f 704//1171 705//1171 1111//1171
f 1111//1172 705//1172 1112//1172
f 705//1173 706//1173 1112//1173
f 1112//1174 706//1174 1113//1174
f 706//1175 795//1175 1113//1175
f 1113//1036 795//1036 1114//1036
f 795//1036 794//1036 1114//1036
f 1114//1176 794//1176 1115//1176
f 794//1176 793//1176 1115//1176
f 1115//1040 793//1040 1116//1040
f 793//1040 804//1040 1116//1040
f 1116//1177 804//1177 1117//1177
f 804//1177 803//1177 1117//1177
f 1117//1178 803//1178 1118//1178
f 803//1179 802//1179 1118//1179
f 1118//1180 802//1180 1119//1180
f 802//1047 960//1047 1119//1047
f 1119//1048 960//1048 1120//1048
f 960//1048 971//1048 1120//1048
f 1120//1049 971//1049 1121//1049
f 971//1049 970//1049 1121//1049
f 1121//1050 970//1050 1122//1050
f 970//1051 969//1051 1122//1051
f 1122//1181 969//1181 1123//1181
f 969//1182 968//1182 1123//1182
f 1123//1183 968//1183 1124//1183
f 968//1184 967//1184 1124//1184
f 1124//1185 967//1185 1125//1185
f 967//1186 966//1186 1125//1186
f 1125//1187 966//1187 1126//1187
f 966//1187 965//1187 1126//1187
f 1126//1188 965//1188 1127//1188
f 965//1188 964//1188 1127//1188
f 1127//1189 964//1189 1128//1189
f 964//1190 938//1190 1128//1190
f 1128//1191 938//1191 1129//1191
f 938//1063 940//1063 1129//1063
f 1129//1192 940//1192 1130//1192
f 940//1192 963//1192 1130//1192
f 1130//1193 963//1193 1131//1193
f 963//1067 996//1067 1131//1067
f 1131//1068 996//1068 1132//1068
f 996//1069 995//1069 1132//1069
f 1132//1070 995//1070 1133//1070
f 995//1070 993//1070 1133//1070
f 1133//1194 993//1194 1134//1194
f 993//1195 991//1195 1134//1195
f 1134//1073 991//1073 1135//1073
f 991//1073 990//1073 1135//1073
f 1135//1196 990//1196 1136//1196
f 990//1197 840//1197 1136//1197
f 1136//1198 840//1198 1137//1198
f 840//1199 839//1199 1137//1199
f 1137//1200 839//1200 1138//1200
f 839//1201 877//1201 1138//1201
f 1138//1202 877//1202 1139//1202
f 877//1203 876//1203 1139//1203
f 1139//1204 876//1204 1140//1204
f 876//1205 874//1205 1140//1205
f 1140//1206 874//1206 1141//1206
f 874//1207 873//1207 1141//1207
f 1141//1083 873//1083 1142//1083
f 873//1083 925//1083 1142//1083
f 1142//1084 925//1084 1143//1084
f 925//1084 924//1084 1143//1084
f 1143//1208 924//1208 1144//1208
f 924//1209 923//1209 1144//1209
f 1144//1210 923//1210 1145//1210
f 923//1211 872//1211 1145//1211
f 1145//1089 872//1089 1146//1089
f 872//1089 871//1089 1146//1089
f 1146//1090 871//1090 1147//1090
f 871//1212 974//1212 1147//1212
f 1147//1213 974//1213 1148//1213
f 974//1214 973//1214 1148//1214
f 1148//1092 973//1092 1149//1092
f 973//1093 846//1093 1149//1093
f 1149//1094 846//1094 1150//1094
f 846//1094 919//1094 1150//1094
f 1150//1215 919//1215 1151//1215
f 919//1215 918//1215 1151//1215
f 1151//984 918//984 1152//984
f 918//984 853//984 1152//984
f 1152//985 853//985 1153//985
f 853//986 852//986 1153//986
f 1153//987 852//987 1105//987
f 852//1216 729//1216 1105//1216
f 1105//1217 729//1217 728//1217
f 264//1218 262//1218 752//1218
f 260//1219 754//1219 262//1219
f 754//1220 753//1220 262//1220
f 262//1221 753//1221 752//1221
f 258//1101 747//1101 260//1101
f 747//1222 746//1222 260//1222
f 260//1223 746//1223 754//1223
f 256//1224 723//1224 258//1224
f 723//1225 748//1225 258//1225
f 258//1106 748//1106 747//1106
f 254//1226 725//1226 256//1226
f 725//1227 724//1227 256//1227
f 256//1228 724//1228 723//1228
f 252//1110 711//1110 254//1110
f 711//1229 710//1229 254//1229
f 254//1230 710//1230 725//1230
f 250//1231 713//1231 252//1231
f 713//1114 712//1114 252//1114
f 252//1115 712//1115 711//1115
f 248//1232 685//1232 250//1232
f 685//1233 684//1233 250//1233
f 250//1234 684//1234 713//1234
f 246//1119 687//1119 248//1119
f 687//1235 686//1235 248//1235
f 248//1236 686//1236 685//1236
f 244//1237 699//1237 246//1237
f 699//1238 698//1238 246//1238
f 246//1239 698//1239 687//1239
f 242//1240 714//1240 244//1240
f 714//1241 700//1241 244//1241
f 244//1242 700//1242 699//1242
f 240//1243 716//1243 242//1243
f 716//1244 715//1244 242//1244
f 242//1245 715//1245 714//1245
f 238//1246 732//1246 240//1246
f 732//1247 731//1247 240//1247
f 240//1248 731//1248 716//1248
f 236//1249 755//1249 238//1249
f 755//1135 733//1135 238//1135
f 238//1136 733//1136 732//1136
f 234//1250 758//1250 236//1250
f 758//1251 756//1251 236//1251
f 236//1252 756//1252 755//1252
f 769//1253 768//1253 234//1253
f 768//1254 759//1254 234//1254
f 234//1255 759//1255 758//1255
f 234//1256 232//1256 769//1256
f 232//1144 230//1144 769//1144
f 769//1257 230//1257 770//1257
f 230//1258 228//1258 770//1258
f 770//1259 228//1259 674//1259
f 228//1260 226//1260 674//1260
f 674//1261 226//1261 675//1261
f 226//1262 224//1262 675//1262
f 675//1263 224//1263 692//1263
f 224//1152 222//1152 692//1152
f 692//1264 222//1264 693//1264
f 222//1265 220//1265 693//1265
f 693//1266 220//1266 703//1266
f 220//1267 218//1267 703//1267
f 703//1268 218//1268 702//1268
f 752//1269 767//1269 264//1269
f 767//1159 670//1159 264//1159
f 264//1160 670//1160 266//1160
f 670//1161 669//1161 266//1161
f 266//1270 669//1270 268//1270
f 669//1271 689//1271 268//1271
f 268//1272 689//1272 270//1272
f 689//1273 691//1273 270//1273
f 270//1166 691//1166 272//1166
f 691//1167 742//1167 272//1167
f 272//1274 742//1274 274//1274
f 742//1275 744//1275 274//1275
f 274//1276 744//1276 276//1276
f 744//1171 745//1171 276//1171
f 276//1172 745//1172 278//1172
f 745//1277 730//1277 278//1277
f 278//1278 730//1278 280//1278
f 730//1279 854//1279 280//1279
f 280//1036 854//1036 282//1036
f 854//1036 855//1036 282//1036
f 282//1176 855//1176 284//1176
f 855//1176 917//1176 284//1176
f 284//1040 917//1040 286//1040
f 917//1041 851//1041 286//1041
f 286//1042 851//1042 288//1042
f 851//1043 850//1043 288//1043
f 288//1280 850//1280 290//1280
f 850//1280 849//1280 290//1280
f 290//1047 849//1047 292//1047
f 849//1047 848//1047 292//1047
f 292//1048 848//1048 294//1048
f 848//1048 847//1048 294//1048
f 294//1049 847//1049 296//1049
f 847//1049 845//1049 296//1049
f 296//1050 845//1050 298//1050
f 845//1051 844//1051 298//1051
f 298//1281 844//1281 300//1281
f 844//1281 972//1281 300//1281
f 300//1055 972//1055 302//1055
f 972//1282 922//1282 302//1282
f 302//1283 922//1283 304//1283
f 922//1283 921//1283 304//1283
f 304//1284 921//1284 306//1284
f 921//1284 920//1284 306//1284
f 306//1188 920//1188 308//1188
f 920//1060 821//1060 308//1060
f 308//1285 821//1285 310//1285
f 821//1286 820//1286 310//1286
f 310//1191 820//1191 312//1191
f 820//1063 989//1063 312//1063
f 312//1192 989//1192 314//1192
f 989//1192 862//1192 314//1192
f 314//1193 862//1193 316//1193
f 862//1067 892//1067 316//1067
f 316//1287 892//1287 318//1287
f 892//1288 951//1288 318//1288
f 318//1289 951//1289 320//1289
f 951//1289 950//1289 320//1289
f 320//1290 950//1290 322//1290
f 950//1291 895//1291 322//1291
f 322//1292 895//1292 324//1292
f 895//1292 894//1292 324//1292
f 324//1293 894//1293 326//1293
f 894//1293 837//1293 326//1293
f 326//1294 837//1294 328//1294
f 837//1295 836//1295 328//1295
f 328//1296 836//1296 330//1296
f 836//1297 834//1297 330//1297
f 330//1298 834//1298 332//1298
f 834//1299 787//1299 332//1299
f 332//1300 787//1300 334//1300
f 787//1301 786//1301 334//1301
f 334//1302 786//1302 336//1302
f 786//1302 784//1302 336//1302
f 336//1303 784//1303 338//1303
f 784//1304 783//1304 338//1304
f 338//1305 783//1305 340//1305
f 783//1306 790//1306 340//1306
f 340//1307 790//1307 342//1307
f 790//1308 789//1308 342//1308
f 342//1309 789//1309 200//1309
f 789//1310 788//1310 200//1310
f 200//1311 788//1311 202//1311
f 788//1311 810//1311 202//1311
f 202//1312 810//1312 204//1312
f 810//1312 809//1312 204//1312
f 204//1313 809//1313 206//1313
f 809//1314 808//1314 206//1314
f 206//1315 808//1315 208//1315
f 808//1316 807//1316 208//1316
f 208//1317 807//1317 210//1317
f 807//1318 806//1318 210//1318
f 210//1319 806//1319 212//1319
f 806//1320 805//1320 212//1320
f 212//1321 805//1321 214//1321
f 805//1322 791//1322 214//1322
f 214//1323 791//1323 216//1323
f 791//1324 792//1324 216//1324
f 216//1325 792//1325 218//1325
f 792//1326 701//1326 218//1326
f 218//1327 701//1327 702//1327
f 56//1328 800//1328 58//1328
f 800//1329 843//1329 58//1329
f 58//1323 843//1323 60//1323
f 843//1330 842//1330 60//1330
f 60//1331 842//1331 62//1331
f 842//1332 841//1332 62//1332
f 62//1333 841//1333 64//1333
f 841//1334 916//1334 64//1334
f 64//1335 916//1335 66//1335
f 916//1335 915//1335 66//1335
f 66//1336 915//1336 68//1336
f 915//1336 914//1336 68//1336
f 68//1337 914//1337 70//1337
f 914//1338 870//1338 70//1338
f 70//1339 870//1339 72//1339
f 870//1340 869//1340 72//1340
f 72//1341 869//1341 74//1341
f 869//1342 868//1342 74//1342
f 74//1343 868//1343 76//1343
f 868//1343 813//1343 76//1343
f 76//1344 813//1344 78//1344
f 813//1345 812//1345 78//1345
f 78//1346 812//1346 80//1346
f 812//1347 811//1347 80//1347
f 80//1348 811//1348 82//1348
f 811//1349 799//1349 82//1349
f 82//1350 799//1350 84//1350
f 799//1351 798//1351 84//1351
f 84//1352 798//1352 86//1352
f 798//1353 833//1353 86//1353
f 86//1354 833//1354 88//1354
f 833//1355 835//1355 88//1355
f 88//1356 835//1356 90//1356
f 835//1357 896//1357 90//1357
f 90//1358 896//1358 92//1358
f 896//1359 949//1359 92//1359
f 92//1360 949//1360 94//1360
f 949//1361 893//1361 94//1361
f 94//1362 893//1362 96//1362
f 893//1363 891//1363 96//1363
f 96//1364 891//1364 98//1364
f 891//1364 890//1364 98//1364
f 98//1365 890//1365 100//1365
f 890//1366 864//1366 100//1366
f 100//1367 864//1367 102//1367
f 864//1368 863//1368 102//1368
f 102//1369 863//1369 104//1369
f 863//1370 987//1370 104//1370
f 104//1371 987//1371 106//1371
f 987//1371 986//1371 106//1371
f 106//1372 986//1372 108//1372
f 986//1022 985//1022 108//1022
f 108//1373 985//1373 110//1373
f 985//1373 983//1373 110//1373
f 110//1374 983//1374 112//1374
f 983//1025 982//1025 112//1025
f 112//1375 982//1375 114//1375
f 982//1375 1009//1375 114//1375
f 114//1376 1009//1376 116//1376
f 1009//1377 1008//1377 116//1377
f 116//1378 1008//1378 118//1378
f 1008//1378 1007//1378 118//1378
f 118//1379 1007//1379 120//1379
f 1007//1379 1006//1379 120//1379
f 120//1034 1006//1034 122//1034
f 1006//1034 1005//1034 122//1034
f 122//1035 1005//1035 124//1035
f 1005//1035 1004//1035 124//1035
f 124//1036 1004//1036 126//1036
f 1004//1037 1002//1037 126//1037
f 126//1038 1002//1038 128//1038
f 1002//1039 1000//1039 128//1039
f 128//1040 1000//1040 130//1040
f 1000//1041 981//1041 130//1041
f 130//1042 981//1042 132//1042
f 981//1043 997//1043 132//1043
f 132//1280 997//1280 134//1280
f 997//1280 998//1280 134//1280
f 134//1047 998//1047 136//1047
f 998//1047 976//1047 136//1047
f 136//1048 976//1048 138//1048
f 976//1048 975//1048 138//1048
f 138//1380 975//1380 140//1380
f 975//1380 944//1380 140//1380
f 140//1381 944//1381 142//1381
f 944//1382 943//1382 142//1382
f 142//1281 943//1281 144//1281
f 943//1281 942//1281 144//1281
f 144//1055 942//1055 146//1055
f 942//1055 931//1055 146//1055
f 146//1383 931//1383 148//1383
f 931//1384 930//1384 148//1384
f 148//1385 930//1385 150//1385
f 930//1386 929//1386 150//1386
f 150//1387 929//1387 152//1387
f 929//1388 831//1388 152//1388
f 152//1061 831//1061 154//1061
f 831//1389 830//1389 154//1389
f 154//1390 830//1390 156//1390
f 830//1391 856//1391 156//1391
f 156//1392 856//1392 158//1392
f 856//1392 928//1392 158//1392
f 158//1393 928//1393 160//1393
f 928//1394 859//1394 160//1394
f 160//1395 859//1395 162//1395
f 859//1396 946//1396 162//1396
f 162//1397 946//1397 164//1397
f 946//1397 978//1397 164//1397
f 164//1398 978//1398 166//1398
f 978//1399 887//1399 166//1399
f 166//1400 887//1400 168//1400
f 887//1401 886//1401 168//1401
f 168//1293 886//1293 170//1293
f 886//1402 885//1402 170//1402
f 170//1403 885//1403 172//1403
f 885//1404 825//1404 172//1404
f 172//1405 825//1405 174//1405
f 825//1406 824//1406 174//1406
f 174//1299 824//1299 176//1299
f 824//1298 823//1298 176//1298
f 176//1407 823//1407 178//1407
f 823//1408 819//1408 178//1408
f 178//1409 819//1409 180//1409
f 819//1410 818//1410 180//1410
f 180//1411 818//1411 182//1411
f 818//1411 817//1411 182//1411
f 182//1305 817//1305 184//1305
f 817//1412 797//1412 184//1412
f 184//1413 797//1413 186//1413
f 797//1307 796//1307 186//1307
f 186//1414 796//1414 188//1414
f 796//1415 816//1415 188//1415
f 188//1416 816//1416 190//1416
f 816//1417 815//1417 190//1417
f 190//1418 815//1418 192//1418
f 815//1419 814//1419 192//1419
f 192//1420 814//1420 194//1420
f 814//1313 829//1313 194//1313
f 194//1421 829//1421 196//1421
f 829//1422 828//1422 196//1422
f 196//1423 828//1423 198//1423
f 828//1424 801//1424 198//1424
f 198//1319 801//1319 56//1319
f 801//1425 800//1425 56//1425
f 1154//1426 1155//1426 599//1426
f 1154//1427 599//1427 1156//1427
f 1155//1428 1157//1428 599//1428
f 1157//1429 1158//1429 599//1429
f 599//1430 1158//1430 595//1430
f 1158//325 1159//325 595//325
f 595//1431 1159//1431 1160//1431
f 1161//449 1162//449 1163//449
f 1162//1432 1164//1432 1163//1432
f 1165//317 1166//317 1167//317
f 1168//346 1169//346 1163//346
f 1169//328 1170//328 1163//328
f 1163//327 1170//327 1165//327
f 1170//540 1171//540 1165//540
f 1165//1433 1171//1433 1166//1433
f 1167//1434 1172//1434 1165//1434
f 1172//407 1173//407 1165//407
f 1165//1435 1173//1435 1174//1435
f 599//1436 1175//1436 1176//1436
f 1177//450 1178//450 599//450
f 1178//449 1179//449 599//449
f 599//1432 1179//1432 1175//1432
f 1176//1437 1180//1437 599//1437
f 1180//1438 1181//1438 599//1438
f 599//1439 1181//1439 1156//1439
f 597//1440 1182//1440 1183//1440
f 1184//505 1185//505 597//505
f 1185//1441 1186//1441 597//1441
f 1164//1436 1187//1436 1163//1436
f 1187//452 1188//452 1163//452
f 1163//1442 1188//1442 1189//1442
f 1174//1443 1190//1443 1165//1443
f 1190//1444 1191//1444 1165//1444
f 1165//331 1191//331 1192//331
f 1193//1445 1194//1445 601//1445
f 1194//1446 1195//1446 601//1446
f 1195//1447 1196//1447 601//1447
f 1196//1448 1197//1448 601//1448
f 601//475 1197//475 599//475
f 1197//1449 1198//1449 599//1449
f 599//1450 1198//1450 1177//1450
f 1160//1451 1199//1451 595//1451
f 1199//1452 1200//1452 595//1452
f 595//335 1200//335 1201//335
f 1201//1453 1202//1453 595//1453
f 1202//1454 1203//1454 595//1454
f 595//1455 1203//1455 1204//1455
f 1182//1456 597//1456 1205//1456
f 597//455 595//455 1205//455
f 1205//454 595//454 1206//454
f 1183//1457 1207//1457 597//1457
f 1207//1458 1208//1458 597//1458
f 597//504 1208//504 1184//504
f 1189//1459 1209//1459 1163//1459
f 1209//1427 1210//1427 1163//1427
f 1163//1426 1210//1426 1168//1426
f 1204//1460 1211//1460 595//1460
f 1211//1461 1212//1461 595//1461
f 595//1462 1212//1462 1206//1462
f 1186//439 1213//439 597//439
f 1213//1446 1214//1446 597//1446
f 597//1447 1214//1447 1215//1447
f 1192//347 1216//347 1165//347
f 1216//348 1217//348 1165//348
f 1165//466 1217//466 601//466
f 1217//1463 1218//1463 601//1463
f 601//1456 1218//1456 1219//1456
f 1219//1440 1220//1440 601//1440
f 1220//1457 1221//1457 601//1457
f 601//1458 1221//1458 1222//1458
f 1222//518 1223//518 601//518
f 1223//1464 1224//1464 601//1464
f 601//1465 1224//1465 1193//1465
f 1215//1466 1225//1466 597//1466
f 1225//1467 1226//1467 597//1467
f 597//1468 1226//1468 1163//1468
f 1226//1450 1227//1450 1163//1450
f 1163//450 1227//450 1161//450
f 596//1469 597//1469 612//1469
f 597//1470 1163//1470 612//1470
f 612//1471 1163//1471 611//1471
f 611//1472 1163//1472 610//1472
f 1163//394 1165//394 610//394
f 601//402 600//402 1165//402
f 600//403 603//403 1165//403
f 1165//404 603//404 610//404
f 345//1473 346//1473 781//1473
f 346//1473 391//1473 781//1473
f 781//1474 391//1474 782//1474
f 391//1475 363//1475 782//1475
f 782//1476 363//1476 780//1476
f 363//1477 353//1477 780//1477
f 780//481 353//481 347//481
f 353//481 348//481 347//481
f 1228//1478 247//1478 1229//1478
f 247//1479 249//1479 1229//1479
f 1229//1480 249//1480 1230//1480
f 249//1480 251//1480 1230//1480
f 1230//1481 251//1481 1231//1481
f 251//1482 253//1482 1231//1482
f 1231//1483 253//1483 1232//1483
f 253//1483 255//1483 1232//1483
f 1232//1484 255//1484 1233//1484
f 255//1485 257//1485 1233//1485
f 1233//1486 257//1486 1234//1486
f 257//1487 259//1487 1234//1487
f 1234//1488 259//1488 1235//1488
f 259//1489 261//1489 1235//1489
f 1235//1490 261//1490 1236//1490
f 261//1491 263//1491 1236//1491
f 1236//1492 263//1492 1237//1492
f 263//1493 265//1493 1237//1493
f 1237//1494 265//1494 1238//1494
f 265//1495 267//1495 1238//1495
f 1238//1496 267//1496 1239//1496
f 267//1497 269//1497 1239//1497
f 1239//1498 269//1498 1240//1498
f 269//1498 271//1498 1240//1498
f 1240//1499 271//1499 1241//1499
f 271//1500 273//1500 1241//1500
f 1241//1501 273//1501 1242//1501
f 273//1501 275//1501 1242//1501
f 1242//1502 275//1502 1243//1502
f 275//1503 277//1503 1243//1503
f 1243//1504 277//1504 1244//1504
f 277//1505 279//1505 1244//1505
f 1244//1506 279//1506 1245//1506
f 279//1507 281//1507 1245//1507
f 1245//1508 281//1508 1246//1508
f 281//1509 283//1509 1246//1509
f 1246//1510 283//1510 1247//1510
f 283//1510 285//1510 1247//1510
f 1247//1511 285//1511 1248//1511
f 285//1511 287//1511 1248//1511
f 1248//1512 287//1512 1249//1512
f 287//1513 289//1513 1249//1513
f 1249//1514 289//1514 1250//1514
f 289//1514 291//1514 1250//1514
f 1250//1515 291//1515 1251//1515
f 291//1516 293//1516 1251//1516
f 1251//1517 293//1517 1252//1517
f 293//1518 295//1518 1252//1518
f 1252//1519 295//1519 1253//1519
f 295//1520 297//1520 1253//1520
f 1253//1521 297//1521 1254//1521
f 297//1522 299//1522 1254//1522
f 1254//1523 299//1523 1255//1523
f 299//1524 301//1524 1255//1524
f 1255//1525 301//1525 1256//1525
f 301//1526 303//1526 1256//1526
f 1256//1527 303//1527 1257//1527
f 303//1528 305//1528 1257//1528
f 1257//1529 305//1529 1258//1529
f 305//1530 307//1530 1258//1530
f 1258//1531 307//1531 1259//1531
f 307//1532 309//1532 1259//1532
f 1259//1533 309//1533 1260//1533
f 309//1534 311//1534 1260//1534
f 1260//1535 311//1535 1261//1535
f 311//1536 313//1536 1261//1536
f 1261//1537 313//1537 1262//1537
f 313//1538 315//1538 1262//1538
f 1262//1539 315//1539 1263//1539
f 315//1540 317//1540 1263//1540
f 1263//1541 317//1541 1264//1541
f 317//1542 319//1542 1264//1542
f 1264//1543 319//1543 1265//1543
f 319//1543 321//1543 1265//1543
f 1265//1544 321//1544 1266//1544
f 321//1545 323//1545 1266//1545
f 1266//1546 323//1546 1267//1546
f 323//1547 325//1547 1267//1547
f 1267//1548 325//1548 1268//1548
f 325//1549 327//1549 1268//1549
f 1268//1550 327//1550 1269//1550
f 327//1551 329//1551 1269//1551
f 1269//1552 329//1552 1270//1552
f 329//1552 331//1552 1270//1552
f 1270//1553 331//1553 1271//1553
f 331//1554 333//1554 1271//1554
f 1271//1555 333//1555 1272//1555
f 333//1555 335//1555 1272//1555
f 1272//1556 335//1556 1273//1556
f 335//1557 337//1557 1273//1557
f 1273//1558 337//1558 1274//1558
f 337//1559 339//1559 1274//1559
f 1274//1560 339//1560 1275//1560
f 339//1561 341//1561 1275//1561
f 1275//1562 341//1562 1276//1562
f 341//1562 199//1562 1276//1562
f 1276//1563 199//1563 1277//1563
f 199//1564 201//1564 1277//1564
f 1277//1565 201//1565 1278//1565
f 201//1565 203//1565 1278//1565
f 1278//1566 203//1566 1279//1566
f 203//1567 205//1567 1279//1567
f 1279//1568 205//1568 1280//1568
f 205//1569 207//1569 1280//1569
f 1280//1570 207//1570 1281//1570
f 207//1570 209//1570 1281//1570
f 1281//1571 209//1571 1282//1571
f 209//1572 211//1572 1282//1572
f 1282//1573 211//1573 1283//1573
f 211//1573 213//1573 1283//1573
f 1283//1574 213//1574 1284//1574
f 213//1575 215//1575 1284//1575
f 1284//1576 215//1576 1285//1576
f 215//1577 217//1577 1285//1577
f 1285//1578 217//1578 1286//1578
f 217//1578 219//1578 1286//1578
f 1286//1579 219//1579 1287//1579
f 219//1580 221//1580 1287//1580
f 1287//1581 221//1581 1288//1581
f 221//1582 223//1582 1288//1582
f 1288//1583 223//1583 1289//1583
f 223//1584 225//1584 1289//1584
f 1289//1585 225//1585 1290//1585
f 225//1586 227//1586 1290//1586
f 1290//1587 227//1587 1291//1587
f 227//1588 229//1588 1291//1588
f 1291//1589 229//1589 1292//1589
f 229//1590 231//1590 1292//1590
f 1292//1591 231//1591 1293//1591
f 231//1592 233//1592 1293//1592
f 1293//1593 233//1593 1294//1593
f 233//1593 235//1593 1294//1593
f 1294//1594 235//1594 1295//1594
f 235//1595 237//1595 1295//1595
f 1295//1596 237//1596 1296//1596
f 237//1597 239//1597 1296//1597
f 1296//1598 239//1598 1297//1598
f 239//1599 241//1599 1297//1599
f 1297//1600 241//1600 1298//1600
f 241//1601 243//1601 1298//1601
f 1298//1602 243//1602 1299//1602
f 243//1603 245//1603 1299//1603
f 1299//1604 245//1604 1228//1604
f 245//1605 247//1605 1228//1605
f 1300//1479 91//1479 1301//1479
f 91//1478 93//1478 1301//1478
f 1301//1606 93//1606 1302//1606
f 93//1607 95//1607 1302//1607
f 1302//1608 95//1608 1303//1608
f 95//1609 97//1609 1303//1609
f 1303//1610 97//1610 1304//1610
f 97//1610 99//1610 1304//1610
f 1304//1611 99//1611 1305//1611
f 99//1612 101//1612 1305//1612
f 1305//1613 101//1613 1306//1613
f 101//1614 103//1614 1306//1614
f 1306//1615 103//1615 1307//1615
f 103//1616 105//1616 1307//1616
f 1307//1617 105//1617 1308//1617
f 105//1618 107//1618 1308//1618
f 1308//1619 107//1619 1309//1619
f 107//1620 109//1620 1309//1620
f 1309//1621 109//1621 1310//1621
f 109//1622 111//1622 1310//1622
f 1310//1623 111//1623 1311//1623
f 111//1624 113//1624 1311//1624
f 1311//1625 113//1625 1312//1625
f 113//1625 115//1625 1312//1625
f 1312//1626 115//1626 1313//1626
f 115//1627 117//1627 1313//1627
f 1313//1628 117//1628 1314//1628
f 117//1629 119//1629 1314//1629
f 1314//1630 119//1630 1315//1630
f 119//1631 121//1631 1315//1631
f 1315//1632 121//1632 1316//1632
f 121//1633 123//1633 1316//1633
f 1316//1634 123//1634 1317//1634
f 123//1634 125//1634 1317//1634
f 1317//1635 125//1635 1318//1635
f 125//1636 127//1636 1318//1636
f 1318//1637 127//1637 1319//1637
f 127//1638 129//1638 1319//1638
f 1319//1639 129//1639 1320//1639
f 129//1640 131//1640 1320//1640
f 1320//1641 131//1641 1321//1641
f 131//1642 133//1642 1321//1642
f 1321//1643 133//1643 1322//1643
f 133//1644 135//1644 1322//1644
f 1322//1645 135//1645 1323//1645
f 135//1646 137//1646 1323//1646
f 1323//1647 137//1647 1324//1647
f 137//1648 139//1648 1324//1648
f 1324//1519 139//1519 1325//1519
f 139//1649 141//1649 1325//1649
f 1325//1650 141//1650 1326//1650
f 141//1651 143//1651 1326//1651
f 1326//1652 143//1652 1327//1652
f 143//1653 145//1653 1327//1653
f 1327//1654 145//1654 1328//1654
f 145//1655 147//1655 1328//1655
f 1328//1656 147//1656 1329//1656
f 147//1656 149//1656 1329//1656
f 1329//1657 149//1657 1330//1657
f 149//1657 151//1657 1330//1657
f 1330//1658 151//1658 1331//1658
f 151//1532 153//1532 1331//1532
f 1331//1533 153//1533 1332//1533
f 153//1534 155//1534 1332//1534
f 1332//1659 155//1659 1333//1659
f 155//1660 157//1660 1333//1660
f 1333//1661 157//1661 1334//1661
f 157//1662 159//1662 1334//1662
f 1334//1663 159//1663 1335//1663
f 159//1663 161//1663 1335//1663
f 1335//1664 161//1664 1336//1664
f 161//1665 163//1665 1336//1665
f 1336//1666 163//1666 1337//1666
f 163//1667 165//1667 1337//1667
f 1337//1544 165//1544 1338//1544
f 165//1544 167//1544 1338//1544
f 1338//1668 167//1668 1339//1668
f 167//1669 169//1669 1339//1669
f 1339//1670 169//1670 1340//1670
f 169//1670 171//1670 1340//1670
f 1340//1551 171//1551 1341//1551
f 171//1551 173//1551 1341//1551
f 1341//1552 173//1552 1342//1552
f 173//1671 175//1671 1342//1671
f 1342//1672 175//1672 1343//1672
f 175//1673 177//1673 1343//1673
f 1343//1674 177//1674 1344//1674
f 177//1675 179//1675 1344//1675
f 1344//1676 179//1676 1345//1676
f 179//1677 181//1677 1345//1677
f 1345//1678 181//1678 1346//1678
f 181//1679 183//1679 1346//1679
f 1346//1680 183//1680 1347//1680
f 183//1681 185//1681 1347//1681
f 1347//1682 185//1682 1348//1682
f 185//1683 187//1683 1348//1683
f 1348//1684 187//1684 1349//1684
f 187//1685 189//1685 1349//1685
f 1349//1565 189//1565 1350//1565
f 189//1686 191//1686 1350//1686
f 1350//1687 191//1687 1351//1687
f 191//1688 193//1688 1351//1688
f 1351//1689 193//1689 1352//1689
f 193//1690 195//1690 1352//1690
f 1352//1691 195//1691 1353//1691
f 195//1692 197//1692 1353//1692
f 1353//1693 197//1693 1354//1693
f 197//1694 55//1694 1354//1694
f 1354//1573 55//1573 1355//1573
f 55//1695 57//1695 1355//1695
f 1355//1696 57//1696 1356//1696
f 57//1696 59//1696 1356//1696
f 1356//1697 59//1697 1357//1697
f 59//1698 61//1698 1357//1698
f 1357//1578 61//1578 1358//1578
f 61//1578 63//1578 1358//1578
f 1358//1699 63//1699 1359//1699
f 63//1700 65//1700 1359//1700
f 1359//1701 65//1701 1360//1701
f 65//1702 67//1702 1360//1702
f 1360//1584 67//1584 1361//1584
f 67//1584 69//1584 1361//1584
f 1361//1703 69//1703 1362//1703
f 69//1704 71//1704 1362//1704
f 1362//1705 71//1705 1363//1705
f 71//1706 73//1706 1363//1706
f 1363//1707 73//1707 1364//1707
f 73//1708 75//1708 1364//1708
f 1364//1709 75//1709 1365//1709
f 75//1709 77//1709 1365//1709
f 1365//1710 77//1710 1366//1710
f 77//1711 79//1711 1366//1711
f 1366//1712 79//1712 1367//1712
f 79//1713 81//1713 1367//1713
f 1367//1714 81//1714 1368//1714
f 81//1714 83//1714 1368//1714
f 1368//1715 83//1715 1369//1715
f 83//1716 85//1716 1369//1716
f 1369//1717 85//1717 1370//1717
f 85//1718 87//1718 1370//1718
f 1370//1719 87//1719 1371//1719
f 87//1720 89//1720 1371//1720
f 1371//1721 89//1721 1300//1721
f 89//1721 91//1721 1300//1721
f 1372//1722 1373//1722 1374//1722
f 1373//1478 1375//1478 1374//1478
f 1374//1723 1375//1723 1376//1723
f 1375//1724 1377//1724 1376//1724
f 1376//1725 1377//1725 1378//1725
f 1377//1726 1379//1726 1378//1726
f 1378//1727 1379//1727 1380//1727
f 1379//1728 1381//1728 1380//1728
f 1380//1729 1381//1729 1382//1729
f 1381//1730 1383//1730 1382//1730
f 1382//1731 1383//1731 1384//1731
f 1383//1732 1385//1732 1384//1732
f 1384//1733 1385//1733 1386//1733
f 1385//1734 1387//1734 1386//1734
f 1386//1735 1387//1735 1388//1735
f 1387//1735 1389//1735 1388//1735
f 1388//1736 1389//1736 1390//1736
f 1389//1737 1391//1737 1390//1737
f 1390//1738 1391//1738 1392//1738
f 1391//1739 1393//1739 1392//1739
f 1392//1740 1393//1740 1394//1740
f 1393//1741 1395//1741 1394//1741
f 1394//1742 1395//1742 1396//1742
f 1395//1742 1397//1742 1396//1742
f 1396//1743 1397//1743 1398//1743
f 1397//1744 1399//1744 1398//1744
f 1398//1745 1399//1745 1400//1745
f 1399//1746 1401//1746 1400//1746
f 1400//1503 1401//1503 1402//1503
f 1401//1503 1403//1503 1402//1503
f 1402//1504 1403//1504 1404//1504
f 1403//1747 1405//1747 1404//1747
f 1404//1748 1405//1748 1406//1748
f 1405//1749 1407//1749 1406//1749
f 1406//1750 1407//1750 1408//1750
f 1407//1509 1409//1509 1408//1509
f 1408//1751 1409//1751 1410//1751
f 1409//1752 1411//1752 1410//1752
f 1410//1640 1411//1640 1412//1640
f 1411//1753 1413//1753 1412//1753
f 1412//1754 1413//1754 1414//1754
f 1413//1755 1415//1755 1414//1755
f 1414//1756 1415//1756 1416//1756
f 1415//1757 1417//1757 1416//1757
f 1416//1758 1417//1758 1418//1758
f 1417//1759 1419//1759 1418//1759
f 1418//1760 1419//1760 1420//1760
f 1419//1761 1421//1761 1420//1761
f 1420//1519 1421//1519 1422//1519
f 1421//1520 1423//1520 1422//1520
f 1422//1762 1423//1762 1424//1762
f 1423//1762 1425//1762 1424//1762
f 1424//1763 1425//1763 1426//1763
f 1425//1764 1427//1764 1426//1764
f 1426//1765 1427//1765 1428//1765
f 1427//1766 1429//1766 1428//1766
f 1428//1528 1429//1528 1430//1528
f 1429//1528 1431//1528 1430//1528
f 1430//1767 1431//1767 1432//1767
f 1431//1768 1433//1768 1432//1768
f 1432//1769 1433//1769 1434//1769
f 1433//1770 1435//1770 1434//1770
f 1434//1534 1435//1534 1436//1534
f 1435//1534 1437//1534 1436//1534
f 1436//1659 1437//1659 1438//1659
f 1437//1660 1439//1660 1438//1660
f 1438//1771 1439//1771 1440//1771
f 1439//1772 1441//1772 1440//1772
f 1440//1773 1441//1773 1442//1773
f 1441//1774 1443//1774 1442//1774
f 1442//1775 1443//1775 1444//1775
f 1443//1776 1445//1776 1444//1776
f 1444//1777 1445//1777 1446//1777
f 1445//1778 1447//1778 1446//1778
f 1446//1779 1447//1779 1448//1779
f 1447//1780 1449//1780 1448//1780
f 1448//1781 1449//1781 1450//1781
f 1449//1782 1451//1782 1450//1782
f 1450//1783 1451//1783 1452//1783
f 1451//1783 1453//1783 1452//1783
f 1452//1784 1453//1784 1454//1784
f 1453//1785 1455//1785 1454//1785
f 1454//1786 1455//1786 1456//1786
f 1455//1552 1457//1552 1456//1552
f 1456//1787 1457//1787 1458//1787
f 1457//1788 1459//1788 1458//1788
f 1458//1789 1459//1789 1460//1789
f 1459//1790 1461//1790 1460//1790
f 1460//1791 1461//1791 1462//1791
f 1461//1792 1463//1792 1462//1792
f 1462//1793 1463//1793 1464//1793
f 1463//1794 1465//1794 1464//1794
f 1464//1795 1465//1795 1466//1795
f 1465//1796 1467//1796 1466//1796
f 1466//1797 1467//1797 1468//1797
f 1467//1683 1469//1683 1468//1683
f 1468//1684 1469//1684 1470//1684
f 1469//1685 1471//1685 1470//1685
f 1470//1798 1471//1798 1472//1798
f 1471//1798 1473//1798 1472//1798
f 1472//1799 1473//1799 1474//1799
f 1473//1799 1475//1799 1474//1799
f 1474//1800 1475//1800 1476//1800
f 1475//1801 1477//1801 1476//1801
f 1476//1802 1477//1802 1478//1802
f 1477//1803 1479//1803 1478//1803
f 1478//1804 1479//1804 1480//1804
f 1479//1805 1481//1805 1480//1805
f 1480//1806 1481//1806 1482//1806
f 1481//1806 1483//1806 1482//1806
f 1482//1807 1483//1807 1484//1807
f 1483//1808 1485//1808 1484//1808
f 1484//1809 1485//1809 1486//1809
f 1485//1810 1487//1810 1486//1810
f 1486//1578 1487//1578 1488//1578
f 1487//1578 1489//1578 1488//1578
f 1488//1811 1489//1811 1490//1811
f 1489//1812 1491//1812 1490//1812
f 1490//1813 1491//1813 1492//1813
f 1491//1814 1493//1814 1492//1814
f 1492//1815 1493//1815 1494//1815
f 1493//1816 1495//1816 1494//1816
f 1494//1817 1495//1817 1496//1817
f 1495//1818 1497//1818 1496//1818
f 1496//1706 1497//1706 1498//1706
f 1497//1705 1499//1705 1498//1705
f 1498//1819 1499//1819 1500//1819
f 1499//1820 1501//1820 1500//1820
f 1500//1821 1501//1821 1502//1821
f 1501//1709 1503//1709 1502//1709
f 1502//1822 1503//1822 1504//1822
f 1503//1823 1505//1823 1504//1823
f 1504//1824 1505//1824 1506//1824
f 1505//1825 1507//1825 1506//1825
f 1506//1826 1507//1826 1508//1826
f 1507//1714 1509//1714 1508//1714
f 1508//1715 1509//1715 1510//1715
f 1509//1827 1511//1827 1510//1827
f 1510//1828 1511//1828 1512//1828
f 1511//1829 1513//1829 1512//1829
f 1512//1830 1513//1830 1514//1830
f 1513//1831 1515//1831 1514//1831
f 1514//1832 1515//1832 1372//1832
f 1515//1833 1373//1833 1372//1833
f 1516//1478 1517//1478 1518//1478
f 1517//1479 1519//1479 1518//1479
f 1518//1834 1519//1834 1520//1834
f 1519//1835 1521//1835 1520//1835
f 1520//1836 1521//1836 1522//1836
f 1521//1837 1523//1837 1522//1837
f 1522//1838 1523//1838 1524//1838
f 1523//1839 1525//1839 1524//1839
f 1524//1840 1525//1840 1526//1840
f 1525//1840 1527//1840 1526//1840
f 1526//1841 1527//1841 1528//1841
f 1527//1732 1529//1732 1528//1732
f 1528//1733 1529//1733 1530//1733
f 1529//1842 1531//1842 1530//1842
f 1530//1843 1531//1843 1532//1843
f 1531//1844 1533//1844 1532//1844
f 1532//1845 1533//1845 1534//1845
f 1533//1846 1535//1846 1534//1846
f 1534//1739 1535//1739 1536//1739
f 1535//1739 1537//1739 1536//1739
f 1536//1847 1537//1847 1538//1847
f 1537//1624 1539//1624 1538//1624
f 1538//1848 1539//1848 1540//1848
f 1539//1849 1541//1849 1540//1849
f 1540//1850 1541//1850 1542//1850
f 1541//1851 1543//1851 1542//1851
f 1542//1852 1543//1852 1544//1852
f 1543//1852 1545//1852 1544//1852
f 1544//1503 1545//1503 1546//1503
f 1545//1853 1547//1853 1546//1853
f 1546//1854 1547//1854 1548//1854
f 1547//1855 1549//1855 1548//1855
f 1548//1856 1549//1856 1550//1856
f 1549//1856 1551//1856 1550//1856
f 1550//1857 1551//1857 1552//1857
f 1551//1509 1553//1509 1552//1509
f 1552//1510 1553//1510 1554//1510
f 1553//1510 1555//1510 1554//1510
f 1554//1858 1555//1858 1556//1858
f 1555//1859 1557//1859 1556//1859
f 1556//1860 1557//1860 1558//1860
f 1557//1861 1559//1861 1558//1861
f 1558//1862 1559//1862 1560//1862
f 1559//1863 1561//1863 1560//1863
f 1560//1864 1561//1864 1562//1864
f 1561//1515 1563//1515 1562//1515
f 1562//1760 1563//1760 1564//1760
f 1563//1761 1565//1761 1564//1761
f 1564//1519 1565//1519 1566//1519
f 1565//1520 1567//1520 1566//1520
f 1566//1762 1567//1762 1568//1762
f 1567//1865 1569//1865 1568//1865
f 1568//1866 1569//1866 1570//1866
f 1569//1867 1571//1867 1570//1867
f 1570//1868 1571//1868 1572//1868
f 1571//1869 1573//1869 1572//1869
f 1572//1870 1573//1870 1574//1870
f 1573//1870 1575//1870 1574//1870
f 1574//1529 1575//1529 1576//1529
f 1575//1530 1577//1530 1576//1530
f 1576//1531 1577//1531 1578//1531
f 1577//1871 1579//1871 1578//1871
f 1578//1872 1579//1872 1580//1872
f 1579//1873 1581//1873 1580//1873
f 1580//1659 1581//1659 1582//1659
f 1581//1660 1583//1660 1582//1660
f 1582//1771 1583//1771 1584//1771
f 1583//1874 1585//1874 1584//1874
f 1584//1539 1585//1539 1586//1539
f 1585//1540 1587//1540 1586//1540
f 1586//1875 1587//1875 1588//1875
f 1587//1876 1589//1876 1588//1876
f 1588//1877 1589//1877 1590//1877
f 1589//1777 1591//1777 1590//1777
f 1590//1878 1591//1878 1592//1878
f 1591//1879 1593//1879 1592//1879
f 1592//1880 1593//1880 1594//1880
f 1593//1881 1595//1881 1594//1881
f 1594//1882 1595//1882 1596//1882
f 1595//1883 1597//1883 1596//1883
f 1596//1884 1597//1884 1598//1884
f 1597//1885 1599//1885 1598//1885
f 1598//1886 1599//1886 1600//1886
f 1599//1887 1601//1887 1600//1887
f 1600//1888 1601//1888 1602//1888
f 1601//1889 1603//1889 1602//1889
f 1602//1890 1603//1890 1604//1890
f 1603//1891 1605//1891 1604//1891
f 1604//1892 1605//1892 1606//1892
f 1605//1892 1607//1892 1606//1892
f 1606//1893 1607//1893 1608//1893
f 1607//1894 1609//1894 1608//1894
f 1608//1895 1609//1895 1610//1895
f 1609//1896 1611//1896 1610//1896
f 1610//1682 1611//1682 1612//1682
f 1611//1682 1613//1682 1612//1682
f 1612//1897 1613//1897 1614//1897
f 1613//1898 1615//1898 1614//1898
f 1614//1899 1615//1899 1616//1899
f 1615//1900 1617//1900 1616//1900
f 1616//1901 1617//1901 1618//1901
f 1617//1902 1619//1902 1618//1902
f 1618//1800 1619//1800 1620//1800
f 1619//1903 1621//1903 1620//1903
f 1620//1904 1621//1904 1622//1904
f 1621//1570 1623//1570 1622//1570
f 1622//1905 1623//1905 1624//1905
f 1623//1905 1625//1905 1624//1905
f 1624//1906 1625//1906 1626//1906
f 1625//1907 1627//1907 1626//1907
f 1626//1908 1627//1908 1628//1908
f 1627//1908 1629//1908 1628//1908
f 1628//1909 1629//1909 1630//1909
f 1629//1910 1631//1910 1630//1910
f 1630//1911 1631//1911 1632//1911
f 1631//1912 1633//1912 1632//1912
f 1632//1913 1633//1913 1634//1913
f 1633//1914 1635//1914 1634//1914
f 1634//1915 1635//1915 1636//1915
f 1635//1916 1637//1916 1636//1916
f 1636//1815 1637//1815 1638//1815
f 1637//1816 1639//1816 1638//1816
f 1638//1817 1639//1817 1640//1817
f 1639//1818 1641//1818 1640//1818
f 1640//1706 1641//1706 1642//1706
f 1641//1705 1643//1705 1642//1705
f 1642//1917 1643//1917 1644//1917
f 1643//1918 1645//1918 1644//1918
f 1644//1709 1645//1709 1646//1709
f 1645//1709 1647//1709 1646//1709
f 1646//1919 1647//1919 1648//1919
f 1647//1920 1649//1920 1648//1920
f 1648//1594 1649//1594 1650//1594
f 1649//1595 1651//1595 1650//1595
f 1650//1714 1651//1714 1652//1714
f 1651//1921 1653//1921 1652//1921
f 1652//1922 1653//1922 1654//1922
f 1653//1923 1655//1923 1654//1923
f 1654//1924 1655//1924 1656//1924
f 1655//1925 1657//1925 1656//1925
f 1656//1926 1657//1926 1658//1926
f 1657//1926 1659//1926 1658//1926
f 1658//1721 1659//1721 1516//1721
f 1659//1927 1517//1927 1516//1927
f 1660//1928 1661//1928 1662//1928
f 1661//1929 1663//1929 1662//1929
f 1664//1930 1665//1930 1666//1930
f 1667//1931 1668//1931 1662//1931
f 1668//1932 1669//1932 1662//1932
f 1662//1933 1669//1933 1660//1933
f 1666//1934 1670//1934 1664//1934
f 1670//1935 1671//1935 1664//1935
f 1664//1936 1671//1936 1662//1936
f 1671//1937 1672//1937 1662//1937
f 1662//1938 1672//1938 1667//1938
f 1673//1939 1674//1939 2//1939
f 1675//1940 785//1940 1676//1940
f 785//1941 1677//1941 1676//1941
f 1674//1942 1678//1942 2//1942
f 1678//1943 1679//1943 2//1943
f 2//1944 1679//1944 1680//1944
f 1680//1945 1681//1945 2//1945
f 1681//1946 1682//1946 2//1946
f 2//1947 1682//1947 785//1947
f 1682//22 1683//22 785//22
f 785//1948 1683//1948 1677//1948
f 1675//1949 1684//1949 785//1949
f 1684//1950 1685//1950 785//1950
f 785//1951 1685//1951 1686//1951
f 1687//1952 1688//1952 2//1952
f 1688//1953 1689//1953 2//1953
f 2//1954 1689//1954 1673//1954
f 1686//1955 1690//1955 785//1955
f 1690//1956 1691//1956 785//1956
f 785//1957 1691//1957 1692//1957
f 1//1958 1693//1958 2//1958
f 1693//1959 1694//1959 2//1959
f 2//1960 1694//1960 1687//1960
f 1695//1961 1696//1961 1697//1961
f 1696//1962 785//1962 1697//1962
f 1697//1963 785//1963 1698//1963
f 785//1964 1692//1964 1698//1964
f 1699//1965 1700//1965 779//1965
f 1700//1965 778//1965 779//1965
f 1701//1966 779//1966 1702//1966
f 779//1967 1703//1967 1702//1967
f 1704//1968 1705//1968 779//1968
f 1706//1969 1707//1969 1708//1969
f 1709//1970 1710//1970 779//1970
f 1710//1971 1711//1971 779//1971
f 779//1972 1711//1972 1712//1972
f 1713//1973 1706//1973 1714//1973
f 1706//1974 1699//1974 1714//1974
f 1713//1975 1715//1975 1706//1975
f 1715//1976 1716//1976 1706//1976
f 1706//1977 1716//1977 1717//1977
f 1708//1978 1718//1978 1706//1978
f 1718//1979 1719//1979 1706//1979
f 1706//1980 1719//1980 1720//1980
f 1721//1981 1722//1981 7//1981
f 1722//1982 1723//1982 7//1982
f 1705//1983 1724//1983 779//1983
f 1724//1984 1725//1984 779//1984
f 779//1985 1725//1985 1726//1985
f 1717//1986 1727//1986 1706//1986
f 1727//1987 1728//1987 1706//1987
f 1706//1988 1728//1988 1707//1988
f 1701//1989 1729//1989 779//1989
f 1729//1990 1730//1990 779//1990
f 779//1991 1730//1991 1704//1991
f 1726//1992 1731//1992 779//1992
f 1731//1993 1732//1993 779//1993
f 779//1994 1732//1994 1709//1994
f 1733//1995 1734//1995 1735//1995
f 1735//1996 1736//1996 1737//1996
f 1737//1997 1738//1997 1735//1997
f 1738//1998 1739//1998 1735//1998
f 1735//1999 1739//1999 1740//1999
f 1741//2000 1742//2000 1699//2000
f 1720//2001 1743//2001 1706//2001
f 1743//2002 1744//2002 1706//2002
f 1706//2003 1744//2003 1745//2003
f 1745//2004 1746//2004 1706//2004
f 1746//2005 1747//2005 1706//2005
f 1706//2006 1747//2006 1748//2006
f 1749//2007 30//2007 1750//2007
f 30//2008 1751//2008 1750//2008
f 1752//2009 1753//2009 30//2009
f 1753//2010 1754//2010 30//2010
f 30//2011 1754//2011 1755//2011
f 1755//2012 1756//2012 30//2012
f 1756//2013 1757//2013 30//2013
f 30//2014 1757//2014 7//2014
f 1757//2015 1758//2015 7//2015
f 7//2016 1758//2016 1721//2016
f 1723//2017 1759//2017 7//2017
f 1759//2018 1760//2018 7//2018
f 7//2019 1760//2019 1761//2019
f 1742//2020 1762//2020 1699//2020
f 1762//2021 1763//2021 1699//2021
f 1699//2022 1763//2022 1764//2022
f 1764//2023 1765//2023 1699//2023
f 1765//2024 1766//2024 1699//2024
f 1699//2025 1766//2025 1714//2025
f 30//2026 1767//2026 1768//2026
f 1769//2027 1770//2027 30//2027
f 1770//2028 1771//2028 30//2028
f 30//2029 1771//2029 1751//2029
f 1749//2030 1772//2030 30//2030
f 1772//2031 1773//2031 30//2031
f 30//2032 1773//2032 1752//2032
f 1761//2033 1774//2033 7//2033
f 1774//2034 1775//2034 7//2034
f 7//2035 1775//2035 1776//2035
f 779//2036 5//2036 1703//2036
f 5//2037 7//2037 1703//2037
f 1703//2038 7//2038 1777//2038
f 7//2039 1776//2039 1777//2039
f 1734//2040 1778//2040 1735//2040
f 1778//2041 1779//2041 1735//2041
f 1735//2042 1779//2042 1780//2042
f 1780//2043 1781//2043 1735//2043
f 1781//2044 1782//2044 1735//2044
f 1735//2045 1782//2045 1783//2045
f 1784//2046 1785//2046 1699//2046
f 1785//2047 1786//2047 1699//2047
f 1699//2048 1786//2048 1787//2048
f 1788//2049 1789//2049 1787//2049
f 1790//2050 1791//2050 1699//2050
f 1791//2051 1792//2051 1699//2051
f 1793//2052 1794//2052 1706//2052
f 1794//2053 1795//2053 1706//2053
f 1706//2054 1795//2054 1796//2054
f 1768//2055 1797//2055 30//2055
f 1797//2056 1798//2056 30//2056
f 30//2057 1798//2057 1799//2057
f 1783//2058 1800//2058 1735//2058
f 1800//2059 1801//2059 1735//2059
f 1735//2060 1801//2060 1736//2060
f 1802//2061 1803//2061 1787//2061
f 1792//2062 1804//2062 1699//2062
f 1804//2063 1805//2063 1699//2063
f 1699//2064 1805//2064 1741//2064
f 1796//2065 1806//2065 1706//2065
f 1806//2066 1807//2066 1706//2066
f 1706//2067 1807//2067 1808//2067
f 1706//2068 1809//2068 30//2068
f 1809//2069 1810//2069 30//2069
f 30//2070 1810//2070 1767//2070
f 1799//2071 1811//2071 30//2071
f 1811//2072 1812//2072 30//2072
f 30//2073 1812//2073 1769//2073
f 1803//2074 1813//2074 1787//2074
f 1813//2075 1814//2075 1787//2075
f 1787//2076 1814//2076 1815//2076
f 1816//2077 1817//2077 1787//2077
f 1818//2078 1819//2078 1699//2078
f 1748//2079 1820//2079 1706//2079
f 1820//2080 1821//2080 1706//2080
f 1706//2081 1821//2081 1822//2081
f 1808//2082 1823//2082 1706//2082
f 1823//2083 1824//2083 1706//2083
f 1706//2084 1824//2084 1809//2084
f 1712//2085 1825//2085 779//2085
f 1825//2086 1826//2086 779//2086
f 779//2087 1826//2087 1699//2087
f 1826//2088 1827//2088 1699//2088
f 1699//2089 1827//2089 1784//2089
f 1815//2090 1828//2090 1787//2090
f 1828//2091 1829//2091 1787//2091
f 1787//2092 1829//2092 1788//2092
f 1818//2093 1699//2093 1830//2093
f 1733//2094 1735//2094 1822//2094
f 1735//2095 1831//2095 1822//2095
f 1822//2096 1831//2096 1706//2096
f 1831//2097 1832//2097 1706//2097
f 1706//2098 1832//2098 1793//2098
f 1802//2099 1787//2099 1833//2099
f 1787//2100 1834//2100 1833//2100
f 1833//2101 1834//2101 1835//2101
f 1834//2102 1836//2102 1835//2102
f 1835//2103 1836//2103 1740//2103
f 1836//2104 1837//2104 1740//2104
f 1740//2105 1837//2105 1735//2105
f 1787//2106 1817//2106 1699//2106
f 1817//2107 1838//2107 1699//2107
f 1699//2108 1838//2108 1830//2108
f 1789//2109 1839//2109 1787//2109
f 1839//2110 1840//2110 1787//2110
f 1787//2111 1840//2111 1816//2111
f 1819//2112 1841//2112 1699//2112
f 1841//2113 1842//2113 1699//2113
f 1699//2114 1842//2114 1843//2114
f 1843//2115 1844//2115 1699//2115
f 1844//2116 1845//2116 1699//2116
f 1699//2117 1845//2117 1790//2117
f 774//2118 1846//2118 775//2118
f 1846//2119 1847//2119 775//2119
f 1//2120 3//2120 778//2120
f 1436//2121 1438//2121 1//2121
f 1534//2122 1536//2122 1700//2122
f 1576//2123 1578//2123 1//2123
f 1544//2124 1546//2124 778//2124
f 1546//2125 1548//2125 778//2125
f 778//2126 1548//2126 1550//2126
f 1522//2127 1700//2127 1520//2127
f 1700//2128 1518//2128 1520//2128
f 1522//2129 1524//2129 1700//2129
f 1524//2130 1526//2130 1700//2130
f 1700//2131 1526//2131 1528//2131
f 1536//2132 1538//2132 1700//2132
f 1538//2133 1540//2133 1700//2133
f 1700//2134 1540//2134 778//2134
f 1540//2135 1542//2135 778//2135
f 778//2136 1542//2136 1544//2136
f 1562//2137 1564//2137 778//2137
f 1564//2138 1566//2138 778//2138
f 778//2139 1566//2139 1568//2139
f 1578//2140 1580//2140 1//2140
f 1580//2141 1582//2141 1//2141
f 1//2142 1582//2142 1584//2142
f 1598//2143 1600//2143 1498//2143
f 1584//2144 1384//2144 1386//2144
f 1648//2145 1650//2145 1848//2145
f 1650//2146 1652//2146 1848//2146
f 1848//2147 1652//2147 1654//2147
f 1528//2148 1530//2148 1700//2148
f 1530//2149 1532//2149 1700//2149
f 1700//2150 1532//2150 1534//2150
f 1550//2151 1552//2151 778//2151
f 1552//2152 1554//2152 778//2152
f 778//2153 1554//2153 1556//2153
f 1568//2154 1570//2154 778//2154
f 1570//2155 1572//2155 778//2155
f 778//2156 1572//2156 1//2156
f 1572//2157 1574//2157 1//2157
f 1//2158 1574//2158 1576//2158
f 1556//2159 1558//2159 778//2159
f 1558//2160 1560//2160 778//2160
f 778//2161 1560//2161 1562//2161
f 1438//2162 1440//2162 1//2162
f 1440//2163 1442//2163 1//2163
f 1//2164 1442//2164 1693//2164
f 1442//2165 1444//2165 1693//2165
f 1693//2166 1444//2166 1446//2166
f 1502//2167 1504//2167 1594//2167
f 1598//2168 1498//2168 1596//2168
f 1606//2169 1608//2169 1498//2169
f 1386//2170 1388//2170 1584//2170
f 1388//2171 1390//2171 1584//2171
f 1584//2172 1390//2172 1392//2172
f 1402//2173 1404//2173 1//2173
f 1//2174 1410//2174 1412//2174
f 1424//2175 1426//2175 1//2175
f 1426//2176 1428//2176 1//2176
f 1//2177 1428//2177 1430//2177
f 1430//2178 1432//2178 1//2178
f 1432//2179 1434//2179 1//2179
f 1//2180 1434//2180 1436//2180
f 1446//2181 1448//2181 1693//2181
f 1448//2182 1450//2182 1693//2182
f 1693//2183 1450//2183 1452//2183
f 1452//2184 1454//2184 1693//2184
f 1454//2185 1456//2185 1693//2185
f 1693//2186 1456//2186 1458//2186
f 1510//2187 1590//2187 1508//2187
f 1590//2188 1506//2188 1508//2188
f 1376//2189 1378//2189 1586//2189
f 1378//2190 1380//2190 1586//2190
f 1586//2191 1380//2191 1584//2191
f 1380//2192 1382//2192 1584//2192
f 1584//2193 1382//2193 1384//2193
f 1640//2194 1642//2194 1848//2194
f 1402//2195 1//2195 1400//2195
f 1404//2196 1406//2196 1//2196
f 1406//2197 1408//2197 1//2197
f 1//2198 1408//2198 1410//2198
f 1412//2199 1414//2199 1//2199
f 1414//2200 1416//2200 1//2200
f 1//2201 1416//2201 1418//2201
f 1418//2202 1420//2202 1//2202
f 1420//2203 1422//2203 1//2203
f 1//2204 1422//2204 1424//2204
f 1596//2205 1498//2205 1594//2205
f 1498//2206 1500//2206 1594//2206
f 1594//2207 1500//2207 1502//2207
f 1506//2208 1590//2208 1504//2208
f 1590//2209 1592//2209 1504//2209
f 1504//2210 1592//2210 1594//2210
f 1392//2211 1394//2211 1584//2211
f 1394//2212 1396//2212 1584//2212
f 1584//2213 1396//2213 1//2213
f 1396//2214 1398//2214 1//2214
f 1//2215 1398//2215 1400//2215
f 1654//2216 1656//2216 1848//2216
f 1656//2217 1658//2217 1848//2217
f 1848//2218 1658//2218 1700//2218
f 1658//2219 1516//2219 1700//2219
f 1700//2220 1516//2220 1518//2220
f 1458//2221 1460//2221 1693//2221
f 1460//2222 1462//2222 1693//2222
f 1693//2223 1462//2223 1464//2223
f 1464//2224 1466//2224 1693//2224
f 1466//2225 1468//2225 1693//2225
f 1693//2226 1468//2226 1470//2226
f 1498//2227 1848//2227 1496//2227
f 1848//2228 1494//2228 1496//2228
f 1510//2229 1512//2229 1590//2229
f 1512//2230 1514//2230 1590//2230
f 1590//2231 1514//2231 1588//2231
f 1514//2232 1372//2232 1588//2232
f 1588//2232 1372//2232 1586//2232
f 1372//2233 1374//2233 1586//2233
f 1586//2234 1374//2234 1376//2234
f 1600//2235 1602//2235 1498//2235
f 1602//2236 1604//2236 1498//2236
f 1498//2237 1604//2237 1606//2237
f 1608//2238 1610//2238 1498//2238
f 1610//2239 1612//2239 1498//2239
f 1498//2240 1612//2240 1614//2240
f 1642//2241 1644//2241 1848//2241
f 1644//2242 1646//2242 1848//2242
f 1848//2243 1646//2243 1648//2243
f 1488//2244 1490//2244 1848//2244
f 1490//2245 1492//2245 1848//2245
f 1848//2246 1492//2246 1494//2246
f 1622//2247 1624//2247 1848//2247
f 1624//2248 1626//2248 1848//2248
f 1848//2249 1626//2249 1628//2249
f 1628//2250 1630//2250 1848//2250
f 1630//2251 1632//2251 1848//2251
f 1848//2252 1632//2252 1634//2252
f 1480//2253 1693//2253 1478//2253
f 1693//2254 1476//2254 1478//2254
f 1480//2255 1482//2255 1693//2255
f 1482//2256 1484//2256 1693//2256
f 1693//2257 1484//2257 1848//2257
f 1484//2258 1486//2258 1848//2258
f 1848//2259 1486//2259 1488//2259
f 1634//2260 1636//2260 1848//2260
f 1636//2261 1638//2261 1848//2261
f 1848//2262 1638//2262 1640//2262
f 1470//2263 1472//2263 1693//2263
f 1472//2264 1474//2264 1693//2264
f 1693//2265 1474//2265 1476//2265
f 1614//2266 1616//2266 1498//2266
f 1616//2267 1618//2267 1498//2267
f 1498//2268 1618//2268 1848//2268
f 1618//2269 1620//2269 1848//2269
f 1848//2270 1620//2270 1622//2270
f 33//2271 11//2271 777//2271
f 11//2272 606//2272 777//2272
f 777//2273 606//2273 776//2273
f 606//2274 645//2274 776//2274
f 776//2275 645//2275 1696//2275
f 645//2276 785//2276 1696//2276
f 1849//2277 1850//2277 36//2277
f 1851//2278 624//2278 1852//2278
f 624//2279 625//2279 1852//2279
f 36//2280 1850//2280 762//2280
f 1850//2281 1853//2281 762//2281
f 762//2282 1853//2282 678//2282
f 1853//2283 1854//2283 678//2283
f 678//2284 1854//2284 680//2284
f 1854//2285 1852//2285 680//2285
f 680//2286 1852//2286 694//2286
f 1852//2287 625//2287 694//2287
f 694//2288 625//2288 626//2288
f 1855//2289 1856//2289 630//2289
f 630//2290 628//2290 1855//2290
f 628//2291 627//2291 1855//2291
f 1855//2292 627//2292 1851//2292
f 627//2293 622//2293 1851//2293
f 1851//2294 622//2294 624//2294
f 1857//2295 1858//2295 639//2295
f 639//2296 636//2296 1857//2296
f 636//2297 635//2297 1857//2297
f 1857//2298 635//2298 1856//2298
f 635//2299 633//2299 1856//2299
f 1856//2300 633//2300 630//2300
f 1859//2301 641//2301 1860//2301
f 641//2302 642//2302 1860//2302
f 1860//2303 642//2303 1858//2303
f 642//2304 640//2304 1858//2304
f 1858//2305 640//2305 639//2305
f 1861//2306 637//2306 1859//2306
f 637//2307 638//2307 1859//2307
f 1859//2308 638//2308 641//2308
f 1862//2309 632//2309 1861//2309
f 632//2310 634//2310 1861//2310
f 1861//2311 634//2311 637//2311
f 1863//2312 629//2312 1862//2312
f 629//2313 631//2313 1862//2313
f 1862//2314 631//2314 632//2314
f 1864//2315 621//2315 1863//2315
f 621//2316 620//2316 1863//2316
f 1863//2317 620//2317 629//2317
f 1865//2318 619//2318 1864//2318
f 619//2319 623//2319 1864//2319
f 1864//2320 623//2320 621//2320
f 1866//2321 614//2321 1867//2321
f 614//2322 613//2322 1867//2322
f 1867//2323 613//2323 1868//2323
f 613//2324 604//2324 1868//2324
f 1868//2325 604//2325 1865//2325
f 604//2326 602//2326 1865//2326
f 1865//2327 602//2327 619//2327
f 1869//2328 608//2328 1866//2328
f 608//2329 615//2329 1866//2329
f 1866//2330 615//2330 614//2330
f 1866//2331 1870//2331 1869//2331
f 1870//2332 1871//2332 1869//2332
f 1869//2333 1871//2333 1872//2333
f 1871//2334 1873//2334 1872//2334
f 1872//2335 1873//2335 1874//2335
f 1873//2336 1875//2336 1874//2336
f 1874//2337 1875//2337 1876//2337
f 1875//2338 1877//2338 1876//2338
f 1876//2339 1877//2339 1878//2339
f 1877//2340 1879//2340 1878//2340
f 1878//2340 1879//2340 1880//2340
f 1879//2341 1881//2341 1880//2341
f 1880//2342 1881//2342 1882//2342
f 1881//2343 1883//2343 1882//2343
f 1882//2344 1883//2344 1884//2344
f 1883//2345 1885//2345 1884//2345
f 1884//2345 1885//2345 1886//2345
f 1885//2346 1887//2346 1886//2346
f 1886//2347 1887//2347 1888//2347
f 1887//2348 1889//2348 1888//2348
f 1888//2349 1889//2349 1890//2349
f 1889//2350 1891//2350 1890//2350
f 1890//2351 1891//2351 1892//2351
f 1891//2352 1893//2352 1892//2352
f 1892//2353 1893//2353 1894//2353
f 1893//2354 1895//2354 1894//2354
f 1894//2355 1895//2355 1896//2355
f 1895//2356 1897//2356 1896//2356
f 1896//2357 1897//2357 1898//2357
f 1897//2358 1899//2358 1898//2358
f 1898//2359 1899//2359 1900//2359
f 1899//2360 1901//2360 1900//2360
f 1900//2361 1901//2361 1902//2361
f 1903//2362 648//2362 1904//2362
f 648//2363 647//2363 1904//2363
f 1902//2364 1901//2364 609//2364
f 1901//2365 1905//2365 609//2365
f 609//2366 1905//2366 616//2366
f 1905//2367 1906//2367 616//2367
f 616//2368 1906//2368 617//2368
f 1906//2369 1907//2369 617//2369
f 617//2370 1907//2370 618//2370
f 1907//2371 1904//2371 618//2371
f 618//2372 1904//2372 607//2372
f 1904//2373 647//2373 607//2373
f 607//2374 647//2374 605//2374
f 1908//2375 1909//2375 655//2375
f 655//2376 654//2376 1908//2376
f 654//2377 651//2377 1908//2377
f 1908//2378 651//2378 1903//2378
f 651//2379 650//2379 1903//2379
f 1903//2380 650//2380 648//2380
f 1910//2381 1911//2381 661//2381
f 661//2382 664//2382 1910//2382
f 664//2383 663//2383 1910//2383
f 1910//2384 663//2384 1909//2384
f 663//2385 657//2385 1909//2385
f 1909//2386 657//2386 655//2386
f 1912//2387 665//2387 1913//2387
f 665//2388 667//2388 1913//2388
f 1913//2389 667//2389 1911//2389
f 667//2390 666//2390 1911//2390
f 1911//2391 666//2391 661//2391
f 1914//2392 660//2392 1912//2392
f 660//2393 659//2393 1912//2393
f 1912//2394 659//2394 665//2394
f 1915//2395 658//2395 1914//2395
f 658//2396 662//2396 1914//2396
f 1914//2397 662//2397 660//2397
f 1916//2398 653//2398 1915//2398
f 653//2399 656//2399 1915//2399
f 1915//2400 656//2400 658//2400
f 1917//2401 649//2401 1916//2401
f 649//2402 652//2402 1916//2402
f 1916//2403 652//2403 653//2403
f 1918//2404 643//2404 1917//2404
f 643//2405 646//2405 1917//2405
f 1917//2406 646//2406 649//2406
f 1919//2407 673//2407 1920//2407
f 673//2408 676//2408 1920//2408
f 1920//2409 676//2409 1921//2409
f 676//2410 668//2410 1921//2410
f 1921//2411 668//2411 1918//2411
f 668//2412 644//2412 1918//2412
f 1918//2413 644//2413 643//2413
f 39//2414 37//2414 1919//2414
f 37//2415 757//2415 1919//2415
f 1919//2416 757//2416 673//2416
f 36//2417 38//2417 1849//2417
f 38//2418 46//2418 1849//2418
f 1849//2419 46//2419 1922//2419
f 46//2420 41//2420 1922//2420
f 1922//2421 41//2421 1923//2421
f 41//2422 40//2422 1923//2422
f 1923//2423 40//2423 1924//2423
f 40//2424 54//2424 1924//2424
f 1924//2425 54//2425 1925//2425
f 54//2426 53//2426 1925//2426
f 1925//2426 53//2426 1926//2426
f 53//2427 50//2427 1926//2427
f 1926//2428 50//2428 1927//2428
f 50//2429 51//2429 1927//2429
f 1927//2430 51//2430 1928//2430
f 51//2431 52//2431 1928//2431
f 1928//2431 52//2431 1929//2431
f 52//2432 42//2432 1929//2432
f 1929//2433 42//2433 1930//2433
f 42//2434 49//2434 1930//2434
f 1930//2435 49//2435 1931//2435
f 49//2436 45//2436 1931//2436
f 1931//2437 45//2437 1932//2437
f 45//2438 44//2438 1932//2438
f 1932//2438 44//2438 1933//2438
f 44//2439 43//2439 1933//2439
f 1933//2440 43//2440 1934//2440
f 43//2441 48//2441 1934//2441
f 1934//2441 48//2441 1935//2441
f 48//2442 47//2442 1935//2442
f 1935//2443 47//2443 1936//2443
f 47//2444 39//2444 1936//2444
f 1936//2445 39//2445 1937//2445
f 39//2446 1919//2446 1937//2446
f 1938//2447 1939//2447 1940//2447
f 1939//2448 1941//2448 1940//2448
f 1940//2449 1941//2449 1942//2449
f 1941//2450 1943//2450 1942//2450
f 1942//2451 1943//2451 1944//2451
f 1943//2452 1945//2452 1944//2452
f 1944//2453 1945//2453 1946//2453
f 1945//2454 1947//2454 1946//2454
f 1946//2455 1947//2455 1948//2455
f 1947//2456 1949//2456 1948//2456
f 1948//2457 1949//2457 1950//2457
f 1949//2458 1951//2458 1950//2458
f 1950//2459 1951//2459 1952//2459
f 1951//2460 1953//2460 1952//2460
f 1952//2461 1953//2461 1954//2461
f 1953//2462 1955//2462 1954//2462
f 1954//2463 1955//2463 1956//2463
f 1955//2464 1957//2464 1956//2464
f 1956//2465 1957//2465 1958//2465
f 1957//2466 1959//2466 1958//2466
f 1958//2467 1959//2467 1960//2467
f 1959//2468 1961//2468 1960//2468
f 1960//2469 1961//2469 1962//2469
f 1961//2470 1963//2470 1962//2470
f 1962//2471 1963//2471 1964//2471
f 1963//2472 1965//2472 1964//2472
f 1964//2473 1965//2473 1966//2473
f 1965//2474 1967//2474 1966//2474
f 1966//2475 1967//2475 1968//2475
f 1967//2476 1969//2476 1968//2476
f 1968//2477 1969//2477 1970//2477
f 1969//2478 1971//2478 1970//2478
f 1970//2479 1971//2479 1972//2479
f 1971//2480 1973//2480 1972//2480
f 1972//2481 1973//2481 1974//2481
f 1973//2482 1975//2482 1974//2482
f 1974//2483 1975//2483 1976//2483
f 1975//2484 1977//2484 1976//2484
f 1976//2485 1977//2485 1978//2485
f 1977//2486 1979//2486 1978//2486
f 1978//2487 1979//2487 1980//2487
f 1979//2488 1981//2488 1980//2488
f 1980//2489 1981//2489 1982//2489
f 1981//2490 1983//2490 1982//2490
f 1982//2491 1983//2491 1984//2491
f 1983//2492 1985//2492 1984//2492
f 1984//2493 1985//2493 1986//2493
f 1985//2494 1987//2494 1986//2494
f 1986//2495 1987//2495 1988//2495
f 1987//2496 1989//2496 1988//2496
f 1988//2497 1989//2497 1990//2497
f 1989//2498 1991//2498 1990//2498
f 1990//2499 1991//2499 1992//2499
f 1991//2500 1993//2500 1992//2500
f 1992//2501 1993//2501 1994//2501
f 1993//2502 1995//2502 1994//2502
f 1994//2503 1995//2503 1996//2503
f 1995//2504 1997//2504 1996//2504
f 1996//2505 1997//2505 1998//2505
f 1997//2506 1999//2506 1998//2506
f 1998//2507 1999//2507 2000//2507
f 1999//2508 2001//2508 2000//2508
f 2000//2509 2001//2509 2002//2509
f 2001//2510 2003//2510 2002//2510
f 2002//2511 2003//2511 2004//2511
f 2003//2512 2005//2512 2004//2512
f 2004//2513 2005//2513 2006//2513
f 2005//2514 2007//2514 2006//2514
f 2006//2515 2007//2515 2008//2515
f 2007//2516 2009//2516 2008//2516
f 2008//2517 2009//2517 2010//2517
f 2009//2518 2011//2518 2010//2518
f 2010//2519 2011//2519 2012//2519
f 2011//2520 2013//2520 2012//2520
f 2012//2521 2013//2521 2014//2521
f 2013//2522 2015//2522 2014//2522
f 2014//2451 2015//2451 2016//2451
f 2015//2452 2017//2452 2016//2452
f 2016//2453 2017//2453 2018//2453
f 2017//2523 2019//2523 2018//2523
f 2018//2524 2019//2524 2020//2524
f 2019//2525 2021//2525 2020//2525
f 2020//2457 2021//2457 2022//2457
f 2021//2526 2023//2526 2022//2526
f 2022//2527 2023//2527 2024//2527
f 2023//2528 2025//2528 2024//2528
f 2024//2529 2025//2529 2026//2529
f 2025//2530 2027//2530 2026//2530
f 2026//2531 2027//2531 2028//2531
f 2027//2532 2029//2532 2028//2532
f 2028//2533 2029//2533 2030//2533
f 2029//2534 2031//2534 2030//2534
f 2030//2467 2031//2467 2032//2467
f 2031//2535 2033//2535 2032//2535
f 2032//2536 2033//2536 2034//2536
f 2033//2537 2035//2537 2034//2537
f 2034//2538 2035//2538 2036//2538
f 2035//2539 2037//2539 2036//2539
f 2036//2540 2037//2540 2038//2540
f 2037//2541 2039//2541 2038//2541
f 2038//2542 2039//2542 2040//2542
f 2039//2543 2041//2543 2040//2543
f 2040//2477 2041//2477 2042//2477
f 2041//2478 2043//2478 2042//2478
f 2042//2479 2043//2479 2044//2479
f 2043//2480 2045//2480 2044//2480
f 2044//2481 2045//2481 2046//2481
f 2045//2544 2047//2544 2046//2544
f 2046//2545 2047//2545 2048//2545
f 2047//2546 2049//2546 2048//2546
f 2048//2547 2049//2547 2050//2547
f 2049//2548 2051//2548 2050//2548
f 2050//2549 2051//2549 2052//2549
f 2051//2550 2053//2550 2052//2550
f 2052//2489 2053//2489 2054//2489
f 2053//2490 2055//2490 2054//2490
f 2054//2491 2055//2491 2056//2491
f 2055//2551 2057//2551 2056//2551
f 2056//2552 2057//2552 2058//2552
f 2057//2553 2059//2553 2058//2553
f 2058//2554 2059//2554 2060//2554
f 2059//2555 2061//2555 2060//2555
f 2060//2556 2061//2556 2062//2556
f 2061//2557 2063//2557 2062//2557
f 2062//2499 2063//2499 2064//2499
f 2063//2558 2065//2558 2064//2558
f 2064//2559 2065//2559 2066//2559
f 2065//2560 2067//2560 2066//2560
f 2066//2503 2067//2503 2068//2503
f 2067//2561 2069//2561 2068//2561
f 2068//2562 2069//2562 2070//2562
f 2069//2563 2071//2563 2070//2563
f 2070//2564 2071//2564 2072//2564
f 2071//2565 2073//2565 2072//2565
f 2072//2566 2073//2566 2074//2566
f 2073//2567 2075//2567 2074//2567
f 2074//2568 2075//2568 2076//2568
f 2075//2569 2077//2569 2076//2569
f 2076//2570 2077//2570 2078//2570
f 2077//2571 2079//2571 2078//2571
f 2078//2572 2079//2572 2080//2572
f 2079//2573 2081//2573 2080//2573
f 2080//2517 2081//2517 1938//2517
f 2081//2574 1939//2574 1938//2574
f 1663//2575 2082//2575 2083//2575
f 1706//2576 30//2576 31//2576
f 2084//2577 1848//2577 2085//2577
f 1848//2578 2086//2578 2085//2578
f 2085//2579 2086//2579 2087//2579
f 2086//2580 2088//2580 2087//2580
f 2087//2581 2088//2581 2089//2581
f 2088//2582 2090//2582 2089//2582
f 2089//2583 2090//2583 2091//2583
f 2090//2584 2092//2584 2091//2584
f 2091//2585 2092//2585 2093//2585
f 2092//2586 2094//2586 2093//2586
f 2093//2587 2094//2587 2095//2587
f 2094//2588 2096//2588 2095//2588
f 2095//2589 2096//2589 2097//2589
f 2096//2590 2098//2590 2097//2590
f 2097//2591 2098//2591 2099//2591
f 2098//2592 2100//2592 2099//2592
f 2099//2593 2100//2593 2101//2593
f 2100//2593 2102//2593 2101//2593
f 2101//2594 2102//2594 2103//2594
f 2102//2595 2104//2595 2103//2595
f 2103//2596 2104//2596 2105//2596
f 2104//2597 2106//2597 2105//2597
f 2105//2598 2106//2598 2107//2598
f 2106//2599 2108//2599 2107//2599
f 2107//2600 2108//2600 2109//2600
f 2108//2601 2110//2601 2109//2601
f 2109//2602 2110//2602 2111//2602
f 35//2603 34//2603 2112//2603
f 22//2604 1661//2604 23//2604
f 1661//2605 1660//2605 23//2605
f 23//2606 1660//2606 9//2606
f 1660//2607 1669//2607 9//2607
f 9//2608 1669//2608 10//2608
f 1669//2609 1668//2609 10//2609
f 10//2610 1668//2610 24//2610
f 1668//2611 1667//2611 24//2611
f 24//2612 1667//2612 25//2612
f 1667//2613 1672//2613 25//2613
f 25//2614 1672//2614 26//2614
f 1672//2614 1671//2614 26//2614
f 26//2615 1671//2615 15//2615
f 1671//2616 1670//2616 15//2616
f 15//2617 1670//2617 16//2617
f 1670//2618 1666//2618 16//2618
f 16//2619 1666//2619 17//2619
f 1666//2620 1665//2620 17//2620
f 17//2621 1665//2621 12//2621
f 1665//2622 1664//2622 12//2622
f 12//2623 1664//2623 13//2623
f 1664//2624 1662//2624 13//2624
f 13//2625 1662//2625 14//2625
f 2113//2626 1697//2626 2114//2626
f 1697//2627 1698//2627 2114//2627
f 2114//2628 1698//2628 2115//2628
f 1698//2629 1692//2629 2115//2629
f 2115//2630 1692//2630 2116//2630
f 1692//2631 1691//2631 2116//2631
f 2116//2632 1691//2632 2117//2632
f 1691//2633 1690//2633 2117//2633
f 2117//2634 1690//2634 2118//2634
f 1690//2635 1686//2635 2118//2635
f 2118//2636 1686//2636 2119//2636
f 1686//2637 1685//2637 2119//2637
f 2119//2638 1685//2638 2120//2638
f 1685//2639 1684//2639 2120//2639
f 2120//2640 1684//2640 2121//2640
f 1684//2641 1675//2641 2121//2641
f 2121//2642 1675//2642 2122//2642
f 1675//2643 1676//2643 2122//2643
f 2122//2644 1676//2644 2123//2644
f 1676//2644 1677//2644 2123//2644
f 2123//2645 1677//2645 2124//2645
f 1677//2645 1683//2645 2124//2645
f 2124//2646 1683//2646 2125//2646
f 1683//2647 1682//2647 2125//2647
f 2125//2648 1682//2648 2126//2648
f 1682//2649 1681//2649 2126//2649
f 2126//2650 1681//2650 2127//2650
f 1681//2651 1680//2651 2127//2651
f 2127//2652 1680//2652 2128//2652
f 1680//2653 1679//2653 2128//2653
f 2128//2654 1679//2654 2129//2654
f 1679//2655 1678//2655 2129//2655
f 2129//2656 1678//2656 2130//2656
f 1678//2657 1674//2657 2130//2657
f 2130//2658 1674//2658 2131//2658
f 1674//2659 1673//2659 2131//2659
f 2131//2660 1673//2660 2132//2660
f 1673//2661 1689//2661 2132//2661
f 2132//2662 1689//2662 2133//2662
f 1689//2662 1688//2662 2133//2662
f 2133//2663 1688//2663 2134//2663
f 1688//2664 1687//2664 2134//2664
f 2134//2665 1687//2665 2084//2665
f 1687//2666 1694//2666 2084//2666
f 2084//2667 1694//2667 1848//2667
f 1694//2668 1693//2668 1848//2668
f 2110//2669 1706//2669 2111//2669
f 1706//2670 31//2670 2111//2670
f 2111//2671 31//2671 2135//2671
f 31//2671 32//2671 2135//2671
f 2135//2672 32//2672 2136//2672
f 32//2672 29//2672 2136//2672
f 2136//2673 29//2673 2137//2673
f 29//2674 28//2674 2137//2674
f 2137//2675 28//2675 2138//2675
f 28//2676 27//2676 2138//2676
f 2138//2677 27//2677 2083//2677
f 27//2678 14//2678 2083//2678
f 2083//2679 14//2679 1663//2679
f 14//2680 1662//2680 1663//2680
f 2139//2681 1661//2681 2140//2681
f 1661//2682 22//2682 2140//2682
f 2140//2683 22//2683 2141//2683
f 22//2684 21//2684 2141//2684
f 2141//2685 21//2685 2142//2685
f 21//2686 20//2686 2142//2686
f 2142//2687 20//2687 2143//2687
f 20//2688 19//2688 2143//2688
f 2143//2689 19//2689 2144//2689
f 19//2690 18//2690 2144//2690
f 2144//2691 18//2691 2145//2691
f 1695//2692 1697//2692 2146//2692
f 1697//2693 2113//2693 2146//2693
f 2146//2694 2113//2694 2147//2694
f 2113//2695 2148//2695 2147//2695
f 2147//2696 2148//2696 2149//2696
f 2148//2697 2150//2697 2149//2697
f 2149//2698 2150//2698 2151//2698
f 2150//2699 2152//2699 2151//2699
f 2151//2700 2152//2700 2153//2700
f 2152//2701 2154//2701 2153//2701
f 2153//2702 2154//2702 2155//2702
f 2154//2703 2156//2703 2155//2703
f 2155//2704 2156//2704 2157//2704
f 2156//2705 2158//2705 2157//2705
f 2157//2706 2158//2706 2159//2706
f 2158//2707 2160//2707 2159//2707
f 2159//2708 2160//2708 2161//2708
f 2160//2709 2162//2709 2161//2709
f 2161//2710 2162//2710 2163//2710
f 2162//2711 2164//2711 2163//2711
f 2163//2712 2164//2712 2165//2712
f 2164//2712 2166//2712 2165//2712
f 2165//2713 2166//2713 2167//2713
f 2166//2714 2168//2714 2167//2714
f 2167//2715 2168//2715 2169//2715
f 2168//2716 2170//2716 2169//2716
f 2169//2717 2170//2717 2171//2717
f 2170//2718 2172//2718 2171//2718
f 2171//2719 2172//2719 2112//2719
f 2172//2720 2145//2720 2112//2720
f 2112//2721 2145//2721 35//2721
f 2145//2722 18//2722 35//2722
f 1663//2723 1661//2723 2082//2723
f 1661//2724 2139//2724 2082//2724
f 1846//2725 2151//2725 2153//2725
f 2112//2726 1847//2726 2171//2726
f 1847//2727 2169//2727 2171//2727
f 2146//2728 2147//2728 1846//2728
f 2147//2729 2149//2729 1846//2729
f 1846//2730 2149//2730 2151//2730
f 1847//2731 2161//2731 2163//2731
f 2163//2732 2165//2732 1847//2732
f 2165//2733 2167//2733 1847//2733
f 1847//2734 2167//2734 2169//2734
f 2153//2735 2155//2735 1846//2735
f 2155//2736 2157//2736 1846//2736
f 1846//2737 2157//2737 1847//2737
f 2157//2738 2159//2738 1847//2738
f 1847//2739 2159//2739 2161//2739
f 2173//2740 2174//2740 2082//2740
f 2174//2741 2175//2741 2082//2741
f 2176//2742 2177//2742 2139//2742
f 2177//2743 2178//2743 2139//2743
f 2139//2744 2178//2744 2082//2744
f 2178//2745 2179//2745 2082//2745
f 2082//2746 2179//2746 2173//2746
f 2140//2747 2180//2747 2139//2747
f 2180//2748 2181//2748 2139//2748
f 2139//2749 2181//2749 2176//2749
f 2175//2750 2182//2750 2082//2750
f 2182//2751 2183//2751 2082//2751
f 2082//2752 2183//2752 2083//2752
f 2183//2753 2184//2753 2083//2753
f 2083//2754 2184//2754 2138//2754
f 2184//2755 2185//2755 2138//2755
f 2138//2756 2185//2756 2137//2756
f 2185//2757 2186//2757 2137//2757
f 2137//2758 2186//2758 2136//2758
f 2186//2759 2187//2759 2136//2759
f 2136//2760 2187//2760 2135//2760
f 2187//2761 2188//2761 2135//2761
f 2135//2762 2188//2762 2111//2762
f 2188//2763 2189//2763 2111//2763
f 2111//2764 2189//2764 2109//2764
f 2189//2765 2190//2765 2109//2765
f 2109//2766 2190//2766 2107//2766
f 2190//2767 2191//2767 2107//2767
f 2107//2768 2191//2768 2105//2768
f 2191//2769 2192//2769 2105//2769
f 2105//2770 2192//2770 2103//2770
f 2192//2771 2193//2771 2103//2771
f 2103//2772 2193//2772 2101//2772
f 2193//2773 2194//2773 2101//2773
f 2101//2774 2194//2774 2099//2774
f 2194//2775 2195//2775 2099//2775
f 2099//2776 2195//2776 2097//2776
f 2195//2777 2196//2777 2097//2777
f 2097//2778 2196//2778 2095//2778
f 2196//2779 2197//2779 2095//2779
f 2095//2780 2197//2780 2093//2780
f 2197//2781 2198//2781 2093//2781
f 2093//2782 2198//2782 2091//2782
f 2198//2783 2199//2783 2091//2783
f 2091//2784 2199//2784 2089//2784
f 2199//2785 2200//2785 2089//2785
f 2089//2786 2200//2786 2087//2786
f 2200//2787 2201//2787 2087//2787
f 2087//2788 2201//2788 2085//2788
f 2201//2789 2202//2789 2085//2789
f 2085//2790 2202//2790 2084//2790
f 2202//2791 2203//2791 2084//2791
f 2084//2792 2203//2792 2134//2792
f 2203//2793 2204//2793 2134//2793
f 2134//2794 2204//2794 2133//2794
f 2204//2795 2205//2795 2133//2795
f 2133//2796 2205//2796 2132//2796
f 2205//2797 2206//2797 2132//2797
f 2132//2798 2206//2798 2131//2798
f 2206//2799 2207//2799 2131//2799
f 2131//2800 2207//2800 2130//2800
f 2207//2801 2208//2801 2130//2801
f 2130//2802 2208//2802 2129//2802
f 2208//2803 2209//2803 2129//2803
f 2129//2804 2209//2804 2128//2804
f 2209//2805 2210//2805 2128//2805
f 2128//2806 2210//2806 2127//2806
f 2210//2807 2211//2807 2127//2807
f 2127//2808 2211//2808 2126//2808
f 2211//2809 2212//2809 2126//2809
f 2126//2810 2212//2810 2125//2810
f 2212//2811 2213//2811 2125//2811
f 2125//2812 2213//2812 2124//2812
f 2213//2813 2214//2813 2124//2813
f 2124//2814 2214//2814 2123//2814
f 2214//2815 2215//2815 2123//2815
f 2123//2816 2215//2816 2122//2816
f 2215//2817 2216//2817 2122//2817
f 2122//2818 2216//2818 2121//2818
f 2216//2819 2217//2819 2121//2819
f 2121//2820 2217//2820 2120//2820
f 2217//2821 2218//2821 2120//2821
f 2120//2822 2218//2822 2119//2822
f 2218//2823 2219//2823 2119//2823
f 2119//2824 2219//2824 2118//2824
f 2219//2825 2220//2825 2118//2825
f 2118//2826 2220//2826 2117//2826
f 2220//2827 2221//2827 2117//2827
f 2117//2828 2221//2828 2116//2828
f 2221//2829 2222//2829 2116//2829
f 2116//2830 2222//2830 2115//2830
f 2222//2831 2223//2831 2115//2831
f 2115//2832 2223//2832 2114//2832
f 2223//2833 2224//2833 2114//2833
f 2114//2834 2224//2834 2113//2834
f 2224//2763 2225//2763 2113//2763
f 2113//2835 2225//2835 2148//2835
f 2225//2836 2226//2836 2148//2836
f 2148//2837 2226//2837 2150//2837
f 2226//2838 2227//2838 2150//2838
f 2150//2839 2227//2839 2152//2839
f 2227//2840 2228//2840 2152//2840
f 2152//2841 2228//2841 2154//2841
f 2228//2842 2229//2842 2154//2842
f 2154//2843 2229//2843 2156//2843
f 2229//2844 2230//2844 2156//2844
f 2156//2845 2230//2845 2158//2845
f 2230//2846 2231//2846 2158//2846
f 2158//2847 2231//2847 2160//2847
f 2231//2848 2232//2848 2160//2848
f 2160//2778 2232//2778 2162//2778
f 2232//2779 2233//2779 2162//2779
f 2162//2849 2233//2849 2164//2849
f 2233//2850 2234//2850 2164//2850
f 2164//2851 2234//2851 2166//2851
f 2234//2852 2235//2852 2166//2852
f 2166//2853 2235//2853 2168//2853
f 2235//2854 2236//2854 2168//2854
f 2168//2855 2236//2855 2170//2855
f 2236//2856 2237//2856 2170//2856
f 2170//2857 2237//2857 2172//2857
f 2237//2858 2238//2858 2172//2858
f 2172//2859 2238//2859 2145//2859
f 2238//2860 2239//2860 2145//2860
f 2145//2861 2239//2861 2144//2861
f 2239//2862 2240//2862 2144//2862
f 2144//2863 2240//2863 2143//2863
f 2240//2864 2241//2864 2143//2864
f 2143//2865 2241//2865 2142//2865
f 2241//2866 2242//2866 2142//2866
f 2142//2867 2242//2867 2141//2867
f 2242//2868 2243//2868 2141//2868
f 2141//2869 2243//2869 2140//2869
f 2243//2870 2244//2870 2140//2870
f 2140//2871 2244//2871 2180//2871
f 1946//2872 2231//2872 1944//2872
f 2231//2873 2230//2873 1944//2873
f 1944//2874 2230//2874 1942//2874
f 2230//2875 2229//2875 1942//2875
f 1942//2875 2229//2875 1940//2875
f 2229//2876 2228//2876 1940//2876
f 1940//2877 2228//2877 1938//2877
f 2228//2878 2227//2878 1938//2878
f 1938//2879 2227//2879 2080//2879
f 2227//2880 2226//2880 2080//2880
f 2080//2881 2226//2881 2078//2881
f 2226//2882 2225//2882 2078//2882
f 2078//2882 2225//2882 2076//2882
f 2225//2883 2224//2883 2076//2883
f 2076//2883 2224//2883 2074//2883
f 2224//2884 2223//2884 2074//2884
f 2074//2885 2223//2885 2072//2885
f 2223//2886 2222//2886 2072//2886
f 2072//2887 2222//2887 2070//2887
f 2222//2888 2221//2888 2070//2888
f 2070//2889 2221//2889 2068//2889
f 2221//2890 2220//2890 2068//2890
f 2068//2891 2220//2891 2066//2891
f 2220//2892 2219//2892 2066//2892
f 2066//2893 2219//2893 2064//2893
f 2219//2894 2218//2894 2064//2894
f 2064//2895 2218//2895 2062//2895
f 2218//2896 2217//2896 2062//2896
f 2062//2897 2217//2897 2060//2897
f 2217//2898 2216//2898 2060//2898
f 2060//2899 2216//2899 2058//2899
f 2216//2900 2215//2900 2058//2900
f 2058//2901 2215//2901 2056//2901
f 2215//2902 2214//2902 2056//2902
f 2056//2903 2214//2903 2054//2903
f 2214//2904 2213//2904 2054//2904
f 2054//2905 2213//2905 2052//2905
f 2213//2906 2212//2906 2052//2906
f 2052//2907 2212//2907 2050//2907
f 2212//2908 2211//2908 2050//2908
f 2050//2909 2211//2909 2048//2909
f 2211//2910 2210//2910 2048//2910
f 2048//2910 2210//2910 2046//2910
f 2210//2911 2209//2911 2046//2911
f 2046//2912 2209//2912 2044//2912
f 2209//2913 2208//2913 2044//2913
f 2044//2914 2208//2914 2042//2914
f 2208//2915 2207//2915 2042//2915
f 2042//2916 2207//2916 2040//2916
f 2207//2917 2206//2917 2040//2917
f 2040//2918 2206//2918 2038//2918
f 2206//2919 2205//2919 2038//2919
f 2038//2920 2205//2920 2036//2920
f 2205//2921 2204//2921 2036//2921
f 2036//2922 2204//2922 2034//2922
f 2204//2923 2203//2923 2034//2923
f 2034//2924 2203//2924 2032//2924
f 2203//2925 2202//2925 2032//2925
f 2032//2925 2202//2925 2030//2925
f 2202//2926 2201//2926 2030//2926
f 2030//2927 2201//2927 2028//2927
f 2201//2928 2200//2928 2028//2928
f 2028//2929 2200//2929 2026//2929
f 2200//2930 2199//2930 2026//2930
f 2026//2931 2199//2931 2024//2931
f 2199//2932 2198//2932 2024//2932
f 2024//2933 2198//2933 2022//2933
f 2198//2934 2197//2934 2022//2934
f 2022//2934 2197//2934 2020//2934
f 2197//2935 2196//2935 2020//2935
f 2020//2936 2196//2936 2018//2936
f 2196//2937 2195//2937 2018//2937
f 2018//2937 2195//2937 2016//2937
f 2195//2938 2194//2938 2016//2938
f 2016//2939 2194//2939 2014//2939
f 2194//2940 2193//2940 2014//2940
f 2014//2941 2193//2941 2012//2941
f 2193//2942 2192//2942 2012//2942
f 2012//2943 2192//2943 2010//2943
f 2192//2944 2191//2944 2010//2944
f 2010//2945 2191//2945 2008//2945
f 2191//2946 2190//2946 2008//2946
f 2008//2947 2190//2947 2006//2947
f 2190//2948 2189//2948 2006//2948
f 2006//2949 2189//2949 2004//2949
f 2189//2950 2188//2950 2004//2950
f 2004//2950 2188//2950 2002//2950
f 2188//2951 2187//2951 2002//2951
f 2002//2952 2187//2952 2000//2952
f 2187//2953 2186//2953 2000//2953
f 2000//2954 2186//2954 1998//2954
f 2186//2955 2185//2955 1998//2955
f 1998//2956 2185//2956 1996//2956
f 2185//2957 2184//2957 1996//2957
f 1996//2958 2184//2958 1994//2958
f 2184//2959 2183//2959 1994//2959
f 1994//2960 2183//2960 1992//2960
f 2183//2961 2182//2961 1992//2961
f 1992//2962 2182//2962 1990//2962
f 2182//2963 2175//2963 1990//2963
f 1990//2963 2175//2963 1988//2963
f 2175//2964 2174//2964 1988//2964
f 1988//2965 2174//2965 1986//2965
f 2174//2966 2173//2966 1986//2966
f 1986//2966 2173//2966 1984//2966
f 2173//2967 2179//2967 1984//2967
f 1984//2968 2179//2968 1982//2968
f 2179//2969 2178//2969 1982//2969
f 1982//2970 2178//2970 1980//2970
f 2178//2971 2177//2971 1980//2971
f 1980//2971 2177//2971 1978//2971
f 2177//2972 2176//2972 1978//2972
f 1978//2972 2176//2972 1976//2972
f 2176//2973 2181//2973 1976//2973
f 1976//2973 2181//2973 1974//2973
f 2181//2974 2180//2974 1974//2974
f 1974//2975 2180//2975 1972//2975
f 2180//2976 2244//2976 1972//2976
f 1972//2977 2244//2977 1970//2977
f 2244//2978 2243//2978 1970//2978
f 1970//2979 2243//2979 1968//2979
f 2243//2980 2242//2980 1968//2980
f 1968//2981 2242//2981 1966//2981
f 2242//2982 2241//2982 1966//2982
f 1966//2983 2241//2983 1964//2983
f 2241//2984 2240//2984 1964//2984
f 1964//2985 2240//2985 1962//2985
f 2240//2986 2239//2986 1962//2986
f 1962//2987 2239//2987 1960//2987
f 2239//2988 2238//2988 1960//2988
f 1960//2989 2238//2989 1958//2989
f 2238//2990 2237//2990 1958//2990
f 1958//2991 2237//2991 1956//2991
f 2237//2992 2236//2992 1956//2992
f 1956//2992 2236//2992 1954//2992
f 2236//2993 2235//2993 1954//2993
f 1954//2994 2235//2994 1952//2994
f 2235//2995 2234//2995 1952//2995
f 1952//2996 2234//2996 1950//2996
f 2234//2997 2233//2997 1950//2997
f 1950//2998 2233//2998 1948//2998
f 2233//2999 2232//2999 1948//2999
f 1948//3000 2232//3000 1946//3000
f 2232//3001 2231//3001 1946//3001
f 2245//3002 2246//3002 2247//3002
f 2246//3003 2248//3003 2247//3003
f 2247//3004 2248//3004 2249//3004
f 2250//3005 2251//3005 2252//3005
f 2253//3006 2254//3006 2255//3006
f 2254//3007 2256//3007 2255//3007
f 2255//3008 2256//3008 2257//3008
f 2258//3009 2259//3009 2260//3009
f 2259//3010 2247//3010 2260//3010
f 2260//3011 2247//3011 2261//3011
f 2247//3012 2249//3012 2261//3012
f 2252//3013 2251//3013 2262//3013
f 2251//3014 2263//3014 2262//3014
f 2263//3015 2264//3015 2262//3015
f 2262//3016 2264//3016 2265//3016
f 2264//3017 2266//3017 2265//3017
f 2266//3018 2267//3018 2265//3018
f 2267//3019 2268//3019 2265//3019
f 2265//3020 2268//3020 2255//3020
f 2268//3021 2269//3021 2255//3021
f 2255//3022 2269//3022 2253//3022
f 2257//3023 2270//3023 2255//3023
f 2270//3024 2271//3024 2255//3024
f 2255//3025 2271//3025 2272//3025
f 2271//3026 2273//3026 2272//3026
f 2272//3027 2273//3027 2274//3027
f 2274//3028 2275//3028 2272//3028
f 2275//3029 2276//3029 2272//3029
f 2272//3030 2276//3030 2277//3030
f 2278//3031 2279//3031 2280//3031
f 2281//3032 2282//3032 2283//3032
f 2277//3033 2284//3033 2272//3033
f 2284//3034 2285//3034 2272//3034
f 2272//3035 2285//3035 2247//3035
f 2285//3036 2286//3036 2247//3036
f 2247//3037 2286//3037 2245//3037
f 2258//3038 2287//3038 2259//3038
f 2287//3039 2288//3039 2259//3039
f 2259//3040 2288//3040 2279//3040
f 2288//3041 2289//3041 2279//3041
f 2279//3042 2289//3042 2280//3042
f 2290//3043 2291//3043 2292//3043
f 2291//3044 2293//3044 2292//3044
f 2292//3045 2293//3045 2294//3045
f 2295//3046 2296//3046 2297//3046
f 2296//3047 2298//3047 2297//3047
f 2298//3048 2299//3048 2297//3048
f 2297//3049 2299//3049 2281//3049
f 2299//3050 2300//3050 2281//3050
f 2281//3051 2300//3051 2282//3051
f 2283//3052 2301//3052 2281//3052
f 2301//3053 2302//3053 2281//3053
f 2281//3054 2302//3054 2303//3054
f 2302//3055 2304//3055 2303//3055
f 2280//3056 2305//3056 2278//3056
f 2305//3057 2306//3057 2278//3057
f 2278//3058 2306//3058 2307//3058
f 2306//3059 2308//3059 2307//3059
f 2307//3060 2308//3060 2309//3060
f 2308//3061 2310//3061 2309//3061
f 2309//3062 2310//3062 2311//3062
f 2310//3063 2312//3063 2311//3063
f 2311//3064 2312//3064 2313//3064
f 2314//3065 2315//3065 2316//3065
f 2250//3066 2252//3066 2317//3066
f 2252//3067 2318//3067 2317//3067
f 2317//3068 2318//3068 2319//3068
f 2318//3069 2320//3069 2319//3069
f 2319//3070 2320//3070 2290//3070
f 2320//3071 2321//3071 2290//3071
f 2290//3072 2321//3072 2291//3072
f 2314//3073 2316//3073 2322//3073
f 2323//3074 2324//3074 2325//3074
f 2326//3075 2327//3075 2293//3075
f 2327//3076 2328//3076 2293//3076
f 2293//3077 2328//3077 2329//3077
f 2313//3078 2312//3078 2316//3078
f 2312//3079 2330//3079 2316//3079
f 2316//3080 2330//3080 2322//3080
f 2331//3081 2332//3081 2333//3081
f 2332//3082 2334//3082 2333//3082
f 2333//3083 2334//3083 2325//3083
f 2334//3084 2335//3084 2325//3084
f 2325//3085 2335//3085 2323//3085
f 2304//3086 2336//3086 2303//3086
f 2336//3087 2337//3087 2303//3087
f 2303//3088 2337//3088 2338//3088
f 2337//3089 2339//3089 2338//3089
f 2338//3090 2339//3090 2340//3090
f 2341//3091 2342//3091 2316//3091
f 2342//3092 2343//3092 2316//3092
f 2329//3093 2344//3093 2293//3093
f 2344//3094 2345//3094 2293//3094
f 2293//3095 2345//3095 2294//3095
f 2345//3096 2338//3096 2294//3096
f 2294//3097 2338//3097 2346//3097
f 2338//3098 2340//3098 2346//3098
f 2324//3099 2347//3099 2325//3099
f 2347//3100 2348//3100 2325//3100
f 2325//3101 2348//3101 2297//3101
f 2348//3102 2349//3102 2297//3102
f 2297//3103 2349//3103 2295//3103
f 2331//3104 2333//3104 2350//3104
f 2333//3105 2351//3105 2350//3105
f 2350//3106 2351//3106 2315//3106
f 2351//3107 2352//3107 2315//3107
f 2315//3108 2352//3108 2316//3108
f 2352//3109 2353//3109 2316//3109
f 2316//3110 2353//3110 2341//3110
f 2354//3111 2355//3111 2356//3111
f 2357//3112 2358//3112 2359//3112
f 2360//3113 2361//3113 2362//3113
f 2354//3114 2356//3114 2359//3114
f 2356//3115 2363//3115 2359//3115
f 2359//3116 2363//3116 2357//3116
f 2364//3117 2365//3117 2366//3117
f 2367//3118 2368//3118 2369//3118
f 2364//3119 2366//3119 2370//3119
f 2371//3120 2372//3120 2373//3120
f 2372//3121 2374//3121 2373//3121
f 2373//3122 2374//3122 2375//3122
f 2367//3123 2369//3123 2376//3123
f 2369//3124 2377//3124 2376//3124
f 2376//3125 2377//3125 2354//3125
f 2377//3126 2378//3126 2354//3126
f 2354//3127 2378//3127 2355//3127
f 2379//3128 2380//3128 2381//3128
f 2380//3129 2382//3129 2381//3129
f 2382//3130 2383//3130 2381//3130
f 2381//3131 2383//3131 2362//3131
f 2383//3132 2384//3132 2362//3132
f 2362//3133 2384//3133 2360//3133
f 2361//3134 2385//3134 2362//3134
f 2385//3135 2386//3135 2362//3135
f 2362//3136 2386//3136 2387//3136
f 2386//3137 2388//3137 2387//3137
f 2388//3138 2389//3138 2387//3138
f 2389//3139 2390//3139 2387//3139
f 2387//3140 2390//3140 2391//3140
f 2366//3141 2392//3141 2370//3141
f 2392//3142 2393//3142 2370//3142
f 2370//3143 2393//3143 2394//3143
f 2393//3144 2395//3144 2394//3144
f 2395//3145 2396//3145 2394//3145
f 2396//3146 2397//3146 2394//3146
f 2394//3147 2397//3147 2373//3147
f 2397//3148 2398//3148 2373//3148
f 2373//3149 2398//3149 2371//3149
f 2358//3150 2399//3150 2359//3150
f 2399//3151 2400//3151 2359//3151
f 2359//3152 2400//3152 2381//3152
f 2400//3153 2401//3153 2381//3153
f 2381//3154 2401//3154 2379//3154
f 2343//3155 2402//3155 2316//3155
f 2402//3156 2403//3156 2316//3156
f 2316//3157 2403//3157 2404//3157
f 2404//3158 2405//3158 2316//3158
f 2405//3159 2406//3159 2316//3159
f 2316//3160 2406//3160 2407//3160
f 2408//3161 2409//3161 2410//3161
f 2409//3162 2316//3162 2410//3162
f 2365//3163 2364//3163 2411//3163
f 2364//3164 2412//3164 2411//3164
f 2411//3165 2412//3165 2413//3165
f 2412//3166 2414//3166 2413//3166
f 2413//3167 2414//3167 2408//3167
f 2414//3168 2415//3168 2408//3168
f 2408//3169 2415//3169 2409//3169
f 2390//3170 2416//3170 2391//3170
f 2416//3171 2417//3171 2391//3171
f 2391//3172 2417//3172 2407//3172
f 2417//3173 2418//3173 2407//3173
f 2407//3174 2418//3174 2316//3174
f 2418//3175 2419//3175 2316//3175
f 2316//3176 2419//3176 2410//3176
f 2375//3177 2420//3177 2373//3177
f 2420//3178 2421//3178 2373//3178
f 2373//3179 2421//3179 2422//3179
f 2421//3180 2423//3180 2422//3180
f 2422//3181 2423//3181 2424//3181
f 2425//3182 2426//3182 2427//3182
f 2428//3183 2429//3183 2430//3183
f 2367//3184 2431//3184 2368//3184
f 2431//3185 2432//3185 2368//3185
f 2368//3186 2432//3186 2433//3186
f 2432//3187 2434//3187 2433//3187
f 2425//3188 2427//3188 2429//3188
f 2427//3189 2435//3189 2429//3189
f 2429//3190 2435//3190 2430//3190
f 2436//3191 2437//3191 2438//3191
f 2437//3192 2439//3192 2438//3192
f 2438//3193 2439//3193 2425//3193
f 2439//3194 2440//3194 2425//3194
f 2425//3195 2440//3195 2426//3195
f 2424//3196 2441//3196 2422//3196
f 2441//3197 2442//3197 2422//3197
f 2422//3129 2442//3129 2443//3129
f 2443//3130 2444//3130 2422//3130
f 2444//3198 2445//3198 2422//3198
f 2422//3199 2445//3199 2438//3199
f 2445//3200 2446//3200 2438//3200
f 2438//3201 2446//3201 2447//3201
f 2447//3202 2448//3202 2438//3202
f 2448//3203 2449//3203 2438//3203
f 2438//3204 2449//3204 2436//3204
f 2430//3205 2450//3205 2428//3205
f 2450//3206 2451//3206 2428//3206
f 2428//3207 2451//3207 2452//3207
f 2451//3208 2453//3208 2452//3208
f 2452//3209 2453//3209 2454//3209
f 2453//3210 2455//3210 2454//3210
f 2454//3211 2455//3211 2456//3211
f 2455//3212 2457//3212 2456//3212
f 2456//3213 2457//3213 2434//3213
f 2457//3214 2458//3214 2434//3214
f 2434//3215 2458//3215 2433//3215
f 2459//3216 2460//3216 2461//3216
f 2462//3217 2463//3217 2464//3217
f 2465//3218 2466//3218 2467//3218
f 2468//3219 2469//3219 2470//3219
f 2471//3220 2472//3220 2473//3220
f 2472//3221 2461//3221 2473//3221
f 2473//3222 2461//3222 2474//3222
f 2461//3223 2460//3223 2474//3223
f 2463//3224 2475//3224 2464//3224
f 2475//3225 2476//3225 2464//3225
f 2464//3226 2476//3226 2461//3226
f 2476//3227 2477//3227 2461//3227
f 2461//3228 2477//3228 2459//3228
f 2478//3229 2479//3229 2466//3229
f 2479//3230 2480//3230 2466//3230
f 2466//3231 2480//3231 2467//3231
f 2471//3232 2481//3232 2472//3232
f 2481//3233 2482//3233 2472//3233
f 2472//3234 2482//3234 2467//3234
f 2482//3235 2483//3235 2467//3235
f 2467//3236 2483//3236 2465//3236
f 2484//3237 2485//3237 2486//3237
f 2485//3238 2487//3238 2486//3238
f 2486//3239 2487//3239 2488//3239
f 2487//3240 2489//3240 2488//3240
f 2490//3241 2491//3241 2492//3241
f 2491//3242 2493//3242 2492//3242
f 2492//3243 2493//3243 2470//3243
f 2493//3244 2494//3244 2470//3244
f 2470//3245 2494//3245 2468//3245
f 2432//3246 2495//3246 2434//3246
f 2495//3247 2496//3247 2434//3247
f 2434//3248 2496//3248 2497//3248
f 2496//3249 2498//3249 2497//3249
f 2497//3250 2498//3250 2499//3250
f 2500//3251 2501//3251 2502//3251
f 2503//3252 2504//3252 2487//3252
f 2504//3253 2505//3253 2487//3253
f 2487//3254 2505//3254 2489//3254
f 2469//3255 2506//3255 2470//3255
f 2506//3256 2507//3256 2470//3256
f 2470//3257 2507//3257 2464//3257
f 2507//3258 2508//3258 2464//3258
f 2464//3259 2508//3259 2462//3259
f 2502//3260 2501//3260 2509//3260
f 2501//3261 2510//3261 2509//3261
f 2509//3262 2510//3262 2511//3262
f 2512//3263 2513//3263 2514//3263
f 2515//3264 2516//3264 2517//3264
f 2516//3265 2518//3265 2517//3265
f 2517//3266 2518//3266 2519//3266
f 2519//3267 2520//3267 2517//3267
f 2520//3268 2521//3268 2517//3268
f 2517//3269 2521//3269 2487//3269
f 2521//3270 2522//3270 2487//3270
f 2487//3271 2522//3271 2503//3271
f 2523//3272 2524//3272 2525//3272
f 2498//3273 2526//3273 2499//3273
f 2526//3274 2527//3274 2499//3274
f 2499//3275 2527//3275 2478//3275
f 2510//3276 2528//3276 2511//3276
f 2528//3277 2529//3277 2511//3277
f 2511//3278 2529//3278 2530//3278
f 2513//3279 2512//3279 2531//3279
f 2512//3280 2532//3280 2531//3280
f 2531//3281 2532//3281 2533//3281
f 2514//3282 2534//3282 2512//3282
f 2534//3283 2535//3283 2512//3283
f 2512//3284 2535//3284 2536//3284
f 2484//3285 2537//3285 2485//3285
f 2537//3286 2538//3286 2485//3286
f 2485//3287 2538//3287 2524//3287
f 2538//3288 2539//3288 2524//3288
f 2524//3289 2539//3289 2525//3289
f 2502//3290 2540//3290 2500//3290
f 2540//3291 2499//3291 2500//3291
f 2500//3292 2499//3292 2541//3292
f 2499//3293 2478//3293 2541//3293
f 2541//3294 2478//3294 2542//3294
f 2478//3295 2466//3295 2542//3295
f 2543//3296 2544//3296 2545//3296
f 2544//3297 2546//3297 2545//3297
f 2490//3298 2492//3298 2547//3298
f 2492//3299 2548//3299 2547//3299
f 2547//3106 2548//3106 2549//3106
f 2550//3109 2551//3109 2545//3109
f 2551//3300 2552//3300 2545//3300
f 2545//3301 2552//3301 2553//3301
f 2548//3107 2550//3107 2549//3107
f 2550//3108 2545//3108 2549//3108
f 2549//3065 2545//3065 2554//3065
f 2545//3073 2546//3073 2554//3073
f 2529//3302 2555//3302 2530//3302
f 2555//3303 2556//3303 2530//3303
f 2530//3304 2556//3304 2532//3304
f 2556//3305 2557//3305 2532//3305
f 2532//3306 2557//3306 2533//3306
f 2536//3307 2558//3307 2512//3307
f 2558//3308 2559//3308 2512//3308
f 2512//3309 2559//3309 2517//3309
f 2559//3310 2560//3310 2517//3310
f 2517//3311 2560//3311 2515//3311
f 2525//3312 2561//3312 2523//3312
f 2561//3313 2562//3313 2523//3313
f 2523//3314 2562//3314 2563//3314
f 2562//3315 2564//3315 2563//3315
f 2563//3316 2564//3316 2565//3316
f 2564//3317 2566//3317 2565//3317
f 2565//3318 2566//3318 2567//3318
f 2566//3319 2543//3319 2567//3319
f 2567//3320 2543//3320 2568//3320
f 2543//3321 2545//3321 2568//3321
f 2569//3322 2570//3322 2293//3322
f 2571//3323 2572//3323 2573//3323
f 2574//3324 2575//3324 2576//3324
f 2577//3325 2578//3325 2579//3325
f 2578//3326 2580//3326 2579//3326
f 2579//3327 2580//3327 2581//3327
f 2580//3328 2582//3328 2581//3328
f 2569//3329 2293//3329 2583//3329
f 2571//3330 2573//3330 2576//3330
f 2573//3331 2584//3331 2576//3331
f 2576//3332 2584//3332 2574//3332
f 2585//3333 2586//3333 2587//3333
f 2588//3334 2589//3334 2590//3334
f 2591//3335 2592//3335 2593//3335
f 2582//3336 2594//3336 2581//3336
f 2594//3337 2595//3337 2581//3337
f 2581//3338 2595//3338 2596//3338
f 2595//3339 2597//3339 2596//3339
f 2597//3340 2598//3340 2596//3340
f 2596//3341 2598//3341 2599//3341
f 2592//3342 2600//3342 2593//3342
f 2600//3343 2601//3343 2593//3343
f 2593//3344 2601//3344 2602//3344
f 2598//3345 2603//3345 2599//3345
f 2603//3346 2604//3346 2599//3346
f 2599//3347 2604//3347 2605//3347
f 2604//3348 2606//3348 2605//3348
f 2605//3349 2606//3349 2607//3349
f 2606//3350 2608//3350 2607//3350
f 2607//3351 2608//3351 2609//3351
f 2608//3352 2583//3352 2609//3352
f 2609//3353 2583//3353 2610//3353
f 2583//3354 2293//3354 2610//3354
f 2590//3355 2611//3355 2612//3355
f 2590//3356 2589//3356 2579//3356
f 2589//3357 2613//3357 2579//3357
f 2579//3358 2613//3358 2614//3358
f 2570//3359 2615//3359 2616//3359
f 2615//3360 2617//3360 2616//3360
f 2616//3361 2617//3361 2618//3361
f 2617//3362 2619//3362 2618//3362
f 2618//3363 2619//3363 2571//3363
f 2619//3364 2620//3364 2571//3364
f 2571//3365 2620//3365 2572//3365
f 2570//3366 2616//3366 2293//3366
f 2616//3367 2621//3367 2293//3367
f 2293//3368 2621//3368 2622//3368
f 2622//3369 2623//3369 2293//3369
f 2623//3370 2624//3370 2293//3370
f 2293//3371 2624//3371 2326//3371
f 2587//3372 2586//3372 2625//3372
f 2612//3373 2626//3373 2590//3373
f 2626//3374 2627//3374 2590//3374
f 2590//3375 2627//3375 2588//3375
f 2614//3376 2628//3376 2579//3376
f 2628//3377 2629//3377 2579//3377
f 2579//3378 2629//3378 2577//3378
f 2630//3379 2631//3379 2632//3379
f 2585//3380 2587//3380 2633//3380
f 2587//3381 2634//3381 2633//3381
f 2633//3382 2634//3382 2635//3382
f 2634//3383 2636//3383 2635//3383
f 2635//3384 2636//3384 2637//3384
f 2591//3385 2593//3385 2638//3385
f 2593//3386 2639//3386 2638//3386
f 2638//3387 2639//3387 2640//3387
f 2602//3177 2641//3177 2593//3177
f 2641//3388 2642//3388 2593//3388
f 2593//3389 2642//3389 2590//3389
f 2642//3390 2643//3390 2590//3390
f 2590//3391 2643//3391 2611//3391
f 2575//3392 2644//3392 2576//3392
f 2644//3393 2645//3393 2576//3393
f 2576//3394 2645//3394 2632//3394
f 2645//3395 2646//3395 2632//3395
f 2632//3396 2646//3396 2630//3396
f 2586//3397 2647//3397 2625//3397
f 2647//3398 2648//3398 2625//3398
f 2625//3399 2648//3399 2639//3399
f 2648//3400 2649//3400 2639//3400
f 2639//3401 2649//3401 2640//3401
f 2553//3402 2650//3402 2545//3402
f 2650//3403 2651//3403 2545//3403
f 2545//3404 2651//3404 2652//3404
f 2653//3405 2654//3405 2655//3405
f 2655//3406 2656//3406 2653//3406
f 2656//3407 2657//3407 2653//3407
f 2653//3408 2657//3408 2658//3408
f 2657//3409 2659//3409 2658//3409
f 2660//3410 2661//3410 2662//3410
f 2661//3411 2663//3411 2662//3411
f 2662//3412 2663//3412 2664//3412
f 2663//3413 2658//3413 2664//3413
f 2664//3414 2658//3414 2665//3414
f 2658//3415 2659//3415 2665//3415
f 2662//3416 2666//3416 2660//3416
f 2666//3417 2667//3417 2660//3417
f 2660//3418 2667//3418 2668//3418
f 2631//3419 2669//3419 2632//3419
f 2669//3420 2670//3420 2632//3420
f 2632//3421 2670//3421 2653//3421
f 2670//3422 2671//3422 2653//3422
f 2653//3423 2671//3423 2654//3423
f 2651//3424 2672//3424 2652//3424
f 2672//3425 2673//3425 2652//3425
f 2652//3426 2673//3426 2668//3426
f 2636//3427 2674//3427 2637//3427
f 2674//3428 2652//3428 2637//3428
f 2637//3161 2652//3161 2675//3161
f 2652//3429 2668//3429 2675//3429
f 2675//3430 2668//3430 2676//3430
f 2668//3431 2667//3431 2676//3431
f 2677//3432 2678//3432 2679//3432
f 2680//3433 2681//3433 2682//3433
f 2679//3434 2678//3434 2683//3434
f 2678//3435 2684//3435 2683//3435
f 2683//3436 2684//3436 2685//3436
f 2686//3437 2687//3437 2688//3437
f 2687//3438 2689//3438 2688//3438
f 2688//3439 2689//3439 2690//3439
f 2691//3440 2692//3440 2693//3440
f 2692//3441 2694//3441 2693//3441
f 2693//3442 2694//3442 2695//3442
f 2695//3443 2696//3443 2693//3443
f 2696//3444 2697//3444 2693//3444
f 2693//3445 2697//3445 2698//3445
f 2697//3446 2699//3446 2698//3446
f 2682//3447 2681//3447 2700//3447
f 2685//3448 2701//3448 2683//3448
f 2701//3449 2702//3449 2683//3449
f 2683//3450 2702//3450 2703//3450
f 2704//3451 2705//3451 2706//3451
f 2707//3452 2708//3452 1919//3452
f 2703//3453 2709//3453 2683//3453
f 2709//3454 2710//3454 2683//3454
f 2683//3455 2710//3455 2688//3455
f 2710//3456 2711//3456 2688//3456
f 2688//3457 2711//3457 2686//3457
f 2699//3458 2712//3458 2698//3458
f 2712//3459 2713//3459 2698//3459
f 2698//3460 2713//3460 2705//3460
f 2713//3461 2714//3461 2705//3461
f 2705//3462 2714//3462 2706//3462
f 2706//3463 2715//3463 2704//3463
f 2715//3464 2716//3464 2704//3464
f 2704//3465 2716//3465 2717//3465
f 2716//3466 2718//3466 2717//3466
f 2717//3467 2718//3467 2719//3467
f 2718//3468 2720//3468 2719//3468
f 2719//3469 2720//3469 2721//3469
f 2720//3470 2722//3470 2721//3470
f 2721//3471 2722//3471 2723//3471
f 2724//3472 1921//3472 2725//3472
f 1921//3473 1918//3473 2725//3473
f 2725//3474 1918//3474 2726//3474
f 1918//3475 1917//3475 2726//3475
f 2726//3476 1917//3476 2727//3476
f 1917//3477 1916//3477 2727//3477
f 2727//3478 1916//3478 2728//3478
f 2681//3479 2729//3479 2700//3479
f 2729//3480 2730//3480 2700//3480
f 2700//3481 2730//3481 2679//3481
f 2730//3482 2731//3482 2679//3482
f 2679//3483 2731//3483 2677//3483
f 2690//3484 2732//3484 2688//3484
f 2732//3485 2733//3485 2688//3485
f 2688//3486 2733//3486 2693//3486
f 2733//3487 2734//3487 2693//3487
f 2693//3488 2734//3488 2691//3488
f 2722//3489 2735//3489 2723//3489
f 2735//3490 2736//3490 2723//3490
f 2723//3491 2736//3491 2728//3491
f 2724//3492 2737//3492 1921//3492
f 2737//3493 2738//3493 1921//3493
f 1921//3494 2738//3494 1920//3494
f 2738//3495 2739//3495 1920//3495
f 1920//3496 2739//3496 2740//3496
f 2740//3497 2741//3497 1920//3497
f 2741//3498 2742//3498 1920//3498
f 1920//3499 2742//3499 1919//3499
f 2742//3500 2743//3500 1919//3500
f 1919//3501 2743//3501 2707//3501
f 2744//3502 2745//3502 1937//3502
f 2745//3503 2746//3503 1937//3503
f 1937//3504 2746//3504 1936//3504
f 2746//3505 2747//3505 1936//3505
f 1929//3506 1930//3506 2748//3506
f 1930//3507 1931//3507 2748//3507
f 2748//3508 1931//3508 2749//3508
f 1931//3509 1932//3509 2749//3509
f 2749//3510 1932//3510 2750//3510
f 1932//3511 1933//3511 2750//3511
f 2750//3512 1933//3512 1934//3512
f 2747//3513 2751//3513 1936//3513
f 2751//3514 2752//3514 1936//3514
f 1936//3515 2752//3515 1935//3515
f 2752//3516 2753//3516 1935//3516
f 1935//3517 2753//3517 1934//3517
f 2753//3518 2754//3518 1934//3518
f 1934//3519 2754//3519 2750//3519
f 2749//3520 2755//3520 2748//3520
f 2755//3521 2756//3521 2748//3521
f 2748//3522 2756//3522 2757//3522
f 2756//3523 2758//3523 2757//3523
f 2708//3524 2759//3524 1919//3524
f 2759//3525 2760//3525 1919//3525
f 1919//3526 2760//3526 1937//3526
f 2760//3527 2761//3527 1937//3527
f 1937//3528 2761//3528 2744//3528
f 2680//3529 2682//3529 2762//3529
f 2682//3530 2763//3530 2762//3530
f 2762//3531 2763//3531 2764//3531
f 2763//3532 2765//3532 2764//3532
f 2764//3533 2765//3533 2758//3533
f 2765//3534 2766//3534 2758//3534
f 2758//3535 2766//3535 2757//3535
f 1850//3536 2767//3536 2768//3536
f 2769//3537 2770//3537 2771//3537
f 2770//3538 2772//3538 2771//3538
f 2771//3539 2772//3539 2773//3539
f 1849//3540 2774//3540 2775//3540
f 2775//3541 2776//3541 1849//3541
f 2776//3542 2777//3542 1849//3542
f 1849//3543 2777//3543 1850//3543
f 2777//3544 2778//3544 1850//3544
f 1850//3545 2778//3545 2767//3545
f 2779//3546 1854//3546 2780//3546
f 1854//3547 1853//3547 2780//3547
f 2780//3548 1853//3548 2781//3548
f 1853//3549 2782//3549 2781//3549
f 1860//3550 1858//3550 2783//3550
f 1858//3551 1857//3551 2783//3551
f 1857//3552 1856//3552 2783//3552
f 1856//3553 1855//3553 2783//3553
f 2783//3554 1855//3554 1851//3554
f 2774//3555 1849//3555 2784//3555
f 1849//3556 1922//3556 2784//3556
f 2784//3557 1922//3557 2785//3557
f 2779//3558 2786//3558 1854//3558
f 2786//3559 2787//3559 1854//3559
f 1854//3560 2787//3560 1852//3560
f 2787//3561 2788//3561 1852//3561
f 1852//3562 2788//3562 1851//3562
f 2789//3563 2790//3563 2791//3563
f 2768//3564 2792//3564 1850//3564
f 2792//3565 2793//3565 1850//3565
f 1850//3566 2793//3566 1853//3566
f 2793//3567 2794//3567 1853//3567
f 1853//3568 2794//3568 2782//3568
f 2788//3569 2795//3569 1851//3569
f 2795//3570 2796//3570 1851//3570
f 1851//3571 2796//3571 2783//3571
f 2796//3572 2797//3572 2783//3572
f 2798//3573 2799//3573 2800//3573
f 2799//3574 2783//3574 2800//3574
f 2800//3575 2783//3575 2801//3575
f 2783//3576 2797//3576 2801//3576
f 2773//3577 2802//3577 2771//3577
f 2802//3578 2803//3578 2771//3578
f 2771//3579 2803//3579 2804//3579
f 2803//3580 2805//3580 2804//3580
f 2805//3581 2806//3581 2804//3581
f 2806//3582 2807//3582 2804//3582
f 2804//3583 2807//3583 2790//3583
f 2807//3584 2808//3584 2790//3584
f 2790//3585 2808//3585 2791//3585
f 2809//3586 1924//3586 1925//3586
f 2810//3587 2811//3587 2812//3587
f 2813//3588 2814//3588 2815//3588
f 2814//3589 2816//3589 2815//3589
f 2815//3590 2816//3590 2817//3590
f 2817//3591 2818//3591 2815//3591
f 2818//3592 2819//3592 2815//3592
f 2815//3593 2819//3593 2820//3593
f 2819//3594 2821//3594 2820//3594
f 2820//3595 2821//3595 2822//3595
f 2822//3596 2823//3596 2820//3596
f 2823//3597 2824//3597 2820//3597
f 2820//3598 2824//3598 2825//3598
f 2826//3599 2827//3599 2748//3599
f 2827//3600 2828//3600 2748//3600
f 2748//3601 2828//3601 2809//3601
f 2809//3602 2829//3602 1924//3602
f 2829//3603 2830//3603 1924//3603
f 1924//3604 2830//3604 1923//3604
f 2830//3605 2831//3605 1923//3605
f 1923//3606 2831//3606 1922//3606
f 2831//3607 2832//3607 1922//3607
f 1922//3608 2832//3608 2785//3608
f 2833//3609 2834//3609 2835//3609
f 2834//3610 2836//3610 2835//3610
f 2791//3611 2837//3611 2789//3611
f 2837//3612 2838//3612 2789//3612
f 2789//3613 2838//3613 2839//3613
f 2838//3614 2840//3614 2839//3614
f 2839//3615 2840//3615 2841//3615
f 2840//3616 2842//3616 2841//3616
f 2841//3617 2842//3617 2843//3617
f 2842//3618 2826//3618 2843//3618
f 2843//3619 2826//3619 2844//3619
f 2826//3620 2748//3620 2844//3620
f 1925//3621 1926//3621 2809//3621
f 1926//3622 1927//3622 2809//3622
f 2809//3623 1927//3623 2748//3623
f 1927//3624 1928//3624 2748//3624
f 2748//3625 1928//3625 1929//3625
f 2812//3626 2811//3626 2845//3626
f 2811//3627 2846//3627 2845//3627
f 2845//3628 2846//3628 2798//3628
f 2846//3629 2847//3629 2798//3629
f 2798//3630 2847//3630 2799//3630
f 2812//3631 2848//3631 2810//3631
f 2848//3632 2849//3632 2810//3632
f 2810//3633 2849//3633 2833//3633
f 2849//3634 2850//3634 2833//3634
f 2833//3635 2850//3635 2834//3635
f 2836//3636 2851//3636 2835//3636
f 2851//3637 2852//3637 2835//3637
f 2835//3638 2852//3638 2815//3638
f 2852//3639 2853//3639 2815//3639
f 2815//3640 2853//3640 2813//3640
f 2825//3641 2854//3641 2820//3641
f 2854//3642 2855//3642 2820//3642
f 2820//3643 2855//3643 2771//3643
f 2855//3644 2856//3644 2771//3644
f 2771//3645 2856//3645 2769//3645
f 2857//3646 2858//3646 2859//3646
f 2859//3647 2858//3647 2860//3647
f 2858//3648 2861//3648 2860//3648
f 2860//3649 2861//3649 2862//3649
f 2863//3650 2864//3650 1868//3650
f 2865//3651 2866//3651 1866//3651
f 1863//3652 1862//3652 2783//3652
f 2867//3653 2868//3653 2859//3653
f 2868//3654 2869//3654 2859//3654
f 2859//3655 2869//3655 2857//3655
f 2870//3656 2871//3656 2872//3656
f 1868//3657 2864//3657 1867//3657
f 2864//3658 2873//3658 1867//3658
f 1867//3659 2873//3659 2874//3659
f 2872//3660 2871//3660 2875//3660
f 1862//3661 1861//3661 2783//3661
f 1861//3662 1859//3662 2783//3662
f 2783//3663 1859//3663 1860//3663
f 2862//3664 2876//3664 2860//3664
f 2876//3665 2877//3665 2860//3665
f 2860//3666 2877//3666 2878//3666
f 1863//3667 2879//3667 1864//3667
f 2879//3668 2880//3668 1864//3668
f 1864//3669 2880//3669 1865//3669
f 2880//3670 2881//3670 1865//3670
f 1865//3671 2881//3671 1868//3671
f 2881//3672 2882//3672 1868//3672
f 1868//3673 2882//3673 2863//3673
f 2874//3674 2883//3674 1867//3674
f 2883//3675 2884//3675 1867//3675
f 1867//3676 2884//3676 1866//3676
f 2884//3677 2885//3677 1866//3677
f 1866//3678 2885//3678 2865//3678
f 2878//3679 2886//3679 2860//3679
f 2886//3680 2887//3680 2860//3680
f 2860//3681 2887//3681 2888//3681
f 2887//3682 2889//3682 2888//3682
f 2888//3683 2889//3683 2890//3683
f 2890//3684 2891//3684 2888//3684
f 2891//3685 2892//3685 2888//3685
f 2888//3686 2892//3686 2893//3686
f 2871//3687 2894//3687 2875//3687
f 2894//3688 2895//3688 2875//3688
f 2875//3689 2895//3689 2896//3689
f 2866//3690 2897//3690 1866//3690
f 2897//3691 2898//3691 1866//3691
f 1866//3692 2898//3692 1870//3692
f 2898//3693 2899//3693 1870//3693
f 1870//3694 2899//3694 2900//3694
f 2900//3695 2901//3695 1870//3695
f 2901//3696 2902//3696 1870//3696
f 1870//3697 2902//3697 1871//3697
f 2902//3698 2903//3698 1871//3698
f 2903//3699 2904//3699 1871//3699
f 2904//3700 2905//3700 1871//3700
f 1871//3701 2905//3701 1873//3701
f 2905//3702 2906//3702 1873//3702
f 1873//3703 2906//3703 1875//3703
f 2906//3704 2907//3704 1875//3704
f 1875//3705 2907//3705 2908//3705
f 1885//3706 1883//3706 2909//3706
f 1883//3707 1881//3707 2909//3707
f 2909//3708 1881//3708 2910//3708
f 1881//3709 1879//3709 2910//3709
f 2910//3710 1879//3710 2908//3710
f 1879//3711 1877//3711 2908//3711
f 2908//3712 1877//3712 1875//3712
f 2910//3713 2911//3713 2909//3713
f 2911//3714 2912//3714 2909//3714
f 2909//3715 2912//3715 2913//3715
f 2912//3716 2914//3716 2913//3716
f 2913//3717 2914//3717 2915//3717
f 2895//3718 2916//3718 2896//3718
f 2916//3719 2917//3719 2896//3719
f 2896//3720 2917//3720 2918//3720
f 2917//3721 2919//3721 2918//3721
f 2918//3722 2919//3722 2920//3722
f 2919//3723 2921//3723 2920//3723
f 2920//3724 2921//3724 2922//3724
f 2921//3725 2923//3725 2922//3725
f 2922//3726 2923//3726 2924//3726
f 2923//3727 2783//3727 2924//3727
f 2923//3728 2925//3728 2783//3728
f 2925//3729 2926//3729 2783//3729
f 2783//3730 2926//3730 1863//3730
f 2926//3731 2927//3731 1863//3731
f 1863//3732 2927//3732 2879//3732
f 2915//3733 2914//3733 2928//3733
f 2914//3734 2929//3734 2928//3734
f 2928//3735 2929//3735 2930//3735
f 2929//3736 2931//3736 2930//3736
f 2930//3737 2931//3737 2932//3737
f 2931//3738 2933//3738 2932//3738
f 2933//3739 2934//3739 2932//3739
f 2932//3740 2934//3740 2867//3740
f 2934//3741 2935//3741 2867//3741
f 2867//3742 2935//3742 2868//3742
f 2893//3743 2936//3743 2888//3743
f 2936//3744 2937//3744 2888//3744
f 2888//3745 2937//3745 2938//3745
f 2937//3746 2939//3746 2938//3746
f 2938//3747 2939//3747 2940//3747
f 2940//3748 2941//3748 2938//3748
f 2941//3749 2942//3749 2938//3749
f 2938//3750 2942//3750 2943//3750
f 2943//3751 2944//3751 2938//3751
f 2944//3752 2945//3752 2938//3752
f 2938//3753 2945//3753 2872//3753
f 2945//3754 2946//3754 2872//3754
f 2872//3755 2946//3755 2870//3755
f 2947//3756 2948//3756 1907//3756
f 2949//3757 2950//3757 1899//3757
f 1907//3758 2948//3758 1904//3758
f 2951//3759 2952//3759 2953//3759
f 2952//3760 2954//3760 2953//3760
f 2953//3761 2954//3761 2955//3761
f 2956//3762 2957//3762 2958//3762
f 2957//3763 2953//3763 2958//3763
f 2958//3764 2953//3764 2959//3764
f 2953//3765 2955//3765 2959//3765
f 1916//3766 1915//3766 2728//3766
f 1915//3767 1914//3767 2728//3767
f 2728//3768 1914//3768 2723//3768
f 1914//3769 1912//3769 2723//3769
f 2723//3770 1912//3770 2960//3770
f 1912//3771 1913//3771 2960//3771
f 2960//3772 1913//3772 1911//3772
f 2961//3773 2962//3773 2963//3773
f 2962//3774 2964//3774 2963//3774
f 2963//3775 2964//3775 2965//3775
f 2966//3776 2967//3776 2968//3776
f 2967//3777 2969//3777 2968//3777
f 2968//3778 2969//3778 2970//3778
f 2956//3779 2971//3779 2957//3779
f 2971//3780 2972//3780 2957//3780
f 2957//3781 2972//3781 2973//3781
f 2965//3782 2964//3782 2974//3782
f 2964//3783 2975//3783 2974//3783
f 2974//3784 2975//3784 2976//3784
f 2961//3785 2977//3785 2962//3785
f 2977//3786 2978//3786 2962//3786
f 2962//3787 2978//3787 2968//3787
f 2978//3788 2979//3788 2968//3788
f 2968//3789 2979//3789 2966//3789
f 2970//3790 2980//3790 2968//3790
f 2980//3791 2981//3791 2968//3791
f 2968//3792 2981//3792 2982//3792
f 2981//3793 2983//3793 2982//3793
f 2982//3794 2983//3794 2984//3794
f 2984//3795 2985//3795 2982//3795
f 2985//3796 2986//3796 2982//3796
f 2982//3797 2986//3797 2987//3797
f 2972//3798 2988//3798 2973//3798
f 2988//3799 2989//3799 2973//3799
f 2973//3800 2989//3800 2990//3800
f 2991//3801 2992//3801 2909//3801
f 1899//3802 2950//3802 1901//3802
f 2950//3803 2993//3803 1901//3803
f 1901//3804 2993//3804 2994//3804
f 1911//3805 1910//3805 2960//3805
f 1910//3806 1909//3806 2960//3806
f 2960//3807 1909//3807 1908//3807
f 2948//3808 2995//3808 1904//3808
f 2995//3809 2996//3809 1904//3809
f 1904//3810 2996//3810 1903//3810
f 2996//3811 2997//3811 1903//3811
f 1903//3812 2997//3812 1908//3812
f 2997//3813 2998//3813 1908//3813
f 1908//3814 2998//3814 2960//3814
f 2998//3815 2999//3815 2960//3815
f 2999//3816 3000//3816 2960//3816
f 2960//3817 3000//3817 3001//3817
f 3000//3818 3002//3818 3001//3818
f 2987//3819 3003//3819 2982//3819
f 3003//3820 3004//3820 2982//3820
f 2982//3821 3004//3821 2953//3821
f 3004//3822 3005//3822 2953//3822
f 2953//3823 3005//3823 2951//3823
f 2994//3824 3006//3824 1901//3824
f 3006//3825 3007//3825 1901//3825
f 1901//3826 3007//3826 1905//3826
f 3007//3827 3008//3827 1905//3827
f 3008//3828 3009//3828 1905//3828
f 1905//3829 3009//3829 3010//3829
f 3010//3830 3011//3830 1905//3830
f 3011//3831 3012//3831 1905//3831
f 1905//3832 3012//3832 1906//3832
f 3012//3833 3013//3833 1906//3833
f 1906//3834 3013//3834 3014//3834
f 3014//3835 3015//3835 1906//3835
f 3015//3836 3016//3836 1906//3836
f 1906//3837 3016//3837 1907//3837
f 3016//3838 3017//3838 1907//3838
f 1907//3839 3017//3839 2947//3839
f 2976//3840 2975//3840 3018//3840
f 2975//3841 3019//3841 3018//3841
f 3018//3842 3019//3842 3020//3842
f 3019//3843 3021//3843 3020//3843
f 3020//3844 3021//3844 3002//3844
f 3021//3845 3022//3845 3002//3845
f 3002//3846 3022//3846 3001//3846
f 2991//3847 2909//3847 3023//3847
f 3024//3848 3025//3848 1897//3848
f 1891//3849 1889//3849 2909//3849
f 1889//3850 1887//3850 2909//3850
f 2909//3851 1887//3851 1885//3851
f 2989//3852 3026//3852 2990//3852
f 3026//3853 3027//3853 2990//3853
f 2990//3854 3027//3854 3028//3854
f 3027//3855 3029//3855 3028//3855
f 3028//3856 3029//3856 3030//3856
f 3029//3857 3031//3857 3030//3857
f 3030//3858 3031//3858 3032//3858
f 3031//3859 3023//3859 3032//3859
f 3032//3860 3023//3860 3033//3860
f 3023//3861 2909//3861 3033//3861
f 3024//3862 1897//3862 2992//3862
f 1897//3863 1895//3863 2992//3863
f 2992//3864 1895//3864 2909//3864
f 1895//3865 1893//3865 2909//3865
f 2909//3866 1893//3866 1891//3866
f 3025//3867 3034//3867 1897//3867
f 3034//3868 3035//3868 1897//3868
f 1897//3869 3035//3869 1899//3869
f 3035//3870 3036//3870 1899//3870
f 1899//3871 3036//3871 2949//3871
f 3037//3872 3038//3872 3039//3872
f 3038//3873 3040//3873 3039//3873
f 3039//3874 3040//3874 3041//3874
f 3040//3875 3042//3875 3041//3875
f 3041//3876 3042//3876 3043//3876
f 3042//3877 3044//3877 3043//3877
f 3043//3878 3044//3878 3045//3878
f 3044//3879 3046//3879 3045//3879
f 3045//3880 3046//3880 3047//3880
f 3046//3881 3048//3881 3047//3881
f 3047//3882 3048//3882 3049//3882
f 3048//3883 3050//3883 3049//3883
f 3049//3884 3050//3884 3051//3884
f 3050//3885 3052//3885 3051//3885
f 3051//3886 3052//3886 3053//3886
f 3052//3887 3054//3887 3053//3887
f 3053//3888 3054//3888 3055//3888
f 3054//3889 3056//3889 3055//3889
f 3055//3890 3056//3890 3057//3890
f 3056//3891 3058//3891 3057//3891
f 3057//3892 3058//3892 3059//3892
f 3058//3893 3060//3893 3059//3893
f 3059//3894 3060//3894 3061//3894
f 3060//3895 3062//3895 3061//3895
f 3061//3896 3062//3896 3063//3896
f 3062//3897 3064//3897 3063//3897
f 3063//3898 3064//3898 3065//3898
f 3064//3899 3066//3899 3065//3899
f 3065//3900 3066//3900 3067//3900
f 3066//3901 3068//3901 3067//3901
f 3067//3902 3068//3902 3069//3902
f 3068//3903 3070//3903 3069//3903
f 3069//3904 3070//3904 3071//3904
f 3070//3905 3072//3905 3071//3905
f 3071//3906 3072//3906 3073//3906
f 3072//3907 3074//3907 3073//3907
f 3073//3908 3074//3908 3075//3908
f 3074//3909 3076//3909 3075//3909
f 3075//3910 3076//3910 3077//3910
f 3076//3911 3078//3911 3077//3911
f 3077//3912 3078//3912 3079//3912
f 3078//3913 3080//3913 3079//3913
f 3079//3914 3080//3914 3081//3914
f 3080//3915 3082//3915 3081//3915
f 3081//3916 3082//3916 3083//3916
f 3082//3917 3084//3917 3083//3917
f 3083//3918 3084//3918 3085//3918
f 3084//3919 3086//3919 3085//3919
f 3085//3920 3086//3920 3087//3920
f 3086//3921 3088//3921 3087//3921
f 3087//3922 3088//3922 3089//3922
f 3088//3923 3090//3923 3089//3923
f 3089//3924 3090//3924 3091//3924
f 3090//3925 3092//3925 3091//3925
f 3091//3926 3092//3926 3093//3926
f 3092//3927 3094//3927 3093//3927
f 3093//3928 3094//3928 3095//3928
f 3094//3929 3096//3929 3095//3929
f 3095//3930 3096//3930 3097//3930
f 3096//3931 3098//3931 3097//3931
f 3097//3932 3098//3932 3099//3932
f 3098//3933 3100//3933 3099//3933
f 3099//3934 3100//3934 3101//3934
f 3100//3935 3102//3935 3101//3935
f 3101//3936 3102//3936 3103//3936
f 3102//3937 3104//3937 3103//3937
f 3103//3938 3104//3938 3105//3938
f 3104//3939 3106//3939 3105//3939
f 3105//3940 3106//3940 3107//3940
f 3106//3941 3108//3941 3107//3941
f 3107//3942 3108//3942 3109//3942
f 3108//3943 3110//3943 3109//3943
f 3109//3944 3110//3944 3111//3944
f 3110//3945 3112//3945 3111//3945
f 3111//3946 3112//3946 3113//3946
f 3112//3947 3114//3947 3113//3947
f 3113//3948 3114//3948 3115//3948
f 3114//3949 3116//3949 3115//3949
f 3115//3950 3116//3950 3117//3950
f 3116//3951 3118//3951 3117//3951
f 3117//3952 3118//3952 3119//3952
f 3118//3953 3120//3953 3119//3953
f 3119//3954 3120//3954 3121//3954
f 3120//3955 3122//3955 3121//3955
f 3121//3956 3122//3956 3123//3956
f 3122//3957 3124//3957 3123//3957
f 3123//3886 3124//3886 3125//3886
f 3124//3958 3126//3958 3125//3958
f 3125//3959 3126//3959 3127//3959
f 3126//3960 3128//3960 3127//3960
f 3127//3961 3128//3961 3129//3961
f 3128//3962 3130//3962 3129//3962
f 3129//3963 3130//3963 3131//3963
f 3130//3964 3132//3964 3131//3964
f 3131//3965 3132//3965 3133//3965
f 3132//3966 3134//3966 3133//3966
f 3133//3967 3134//3967 3135//3967
f 3134//3968 3136//3968 3135//3968
f 3135//3969 3136//3969 3137//3969
f 3136//3970 3138//3970 3137//3970
f 3137//3971 3138//3971 3139//3971
f 3138//3972 3140//3972 3139//3972
f 3139//3973 3140//3973 3141//3973
f 3140//3974 3142//3974 3141//3974
f 3141//3975 3142//3975 3143//3975
f 3142//3976 3144//3976 3143//3976
f 3143//3977 3144//3977 3145//3977
f 3144//3978 3146//3978 3145//3978
f 3145//3979 3146//3979 3147//3979
f 3146//3980 3148//3980 3147//3980
f 3147//3981 3148//3981 3149//3981
f 3148//3982 3150//3982 3149//3982
f 3149//3983 3150//3983 3151//3983
f 3150//3984 3152//3984 3151//3984
f 3151//3985 3152//3985 3153//3985
f 3152//3986 3154//3986 3153//3986
f 3153//3987 3154//3987 3155//3987
f 3154//3988 3156//3988 3155//3988
f 3155//3989 3156//3989 3157//3989
f 3156//3990 3158//3990 3157//3990
f 3157//3991 3158//3991 3159//3991
f 3158//3992 3160//3992 3159//3992
f 3159//3993 3160//3993 3161//3993
f 3160//3994 3162//3994 3161//3994
f 3161//3995 3162//3995 3163//3995
f 3162//3996 3164//3996 3163//3996
f 3163//3997 3164//3997 3165//3997
f 3164//3998 3166//3998 3165//3998
f 3165//3999 3166//3999 3167//3999
f 3166//4000 3168//4000 3167//4000
f 3167//4001 3168//4001 3169//4001
f 3168//4002 3170//4002 3169//4002
f 3169//4003 3170//4003 3171//4003
f 3170//4004 3172//4004 3171//4004
f 3171//4005 3172//4005 3173//4005
f 3172//4006 3174//4006 3173//4006
f 3173//4007 3174//4007 3175//4007
f 3174//4008 3176//4008 3175//4008
f 3175//4009 3176//4009 3177//4009
f 3176//4010 3178//4010 3177//4010
f 3177//4011 3178//4011 3179//4011
f 3178//4012 3180//4012 3179//4012
f 3179//4013 3180//4013 3037//4013
f 3180//4014 3038//4014 3037//4014
f 3118//4015 2326//4015 3120//4015
f 2326//4015 2624//4015 3120//4015
f 3120//4016 2624//4016 3122//4016
f 2624//4017 2623//4017 3122//4017
f 3122//4018 2623//4018 3124//4018
f 2623//4019 2622//4019 3124//4019
f 3124//4020 2622//4020 3126//4020
f 2622//4020 2621//4020 3126//4020
f 3126//4021 2621//4021 3128//4021
f 2621//4022 2616//4022 3128//4022
f 3128//4023 2616//4023 3130//4023
f 2616//4024 2618//4024 3130//4024
f 3130//4025 2618//4025 3132//4025
f 2618//4025 2571//4025 3132//4025
f 3132//4026 2571//4026 3134//4026
f 2571//4026 2576//4026 3134//4026
f 3134//4027 2576//4027 3136//4027
f 2576//4028 2632//4028 3136//4028
f 3136//4029 2632//4029 3138//4029
f 2632//4030 2653//4030 3138//4030
f 3138//4031 2653//4031 3140//4031
f 2653//4032 2658//4032 3140//4032
f 3140//4033 2658//4033 3142//4033
f 2658//4034 2663//4034 3142//4034
f 3142//4035 2663//4035 3144//4035
f 2663//4035 2661//4035 3144//4035
f 3144//4036 2661//4036 3146//4036
f 2661//4037 2660//4037 3146//4037
f 3146//4038 2660//4038 3148//4038
f 2660//4039 2668//4039 3148//4039
f 3148//4040 2668//4040 3150//4040
f 2668//4041 2673//4041 3150//4041
f 3150//4042 2673//4042 3152//4042
f 2673//4043 2672//4043 3152//4043
f 3152//4044 2672//4044 3154//4044
f 2672//4045 2651//4045 3154//4045
f 3154//4046 2651//4046 3156//4046
f 2651//4046 2650//4046 3156//4046
f 3156//4047 2650//4047 3158//4047
f 2650//4047 2553//4047 3158//4047
f 3158//4048 2553//4048 3160//4048
f 2553//4048 2552//4048 3160//4048
f 3160//4049 2552//4049 3162//4049
f 2552//4050 2551//4050 3162//4050
f 3162//4051 2551//4051 3164//4051
f 2551//4052 2550//4052 3164//4052
f 3164//4053 2550//4053 3166//4053
f 2550//4054 2548//4054 3166//4054
f 3166//4055 2548//4055 3168//4055
f 2548//4056 2492//4056 3168//4056
f 3168//4057 2492//4057 3170//4057
f 2492//4057 2470//4057 3170//4057
f 3170//4058 2470//4058 3172//4058
f 2470//4059 2464//4059 3172//4059
f 3172//4060 2464//4060 3174//4060
f 2464//4060 2461//4060 3174//4060
f 3174//4061 2461//4061 3176//4061
f 2461//4061 2472//4061 3176//4061
f 3176//4062 2472//4062 3178//4062
f 2472//4063 2467//4063 3178//4063
f 3178//4064 2467//4064 3180//4064
f 2467//4064 2480//4064 3180//4064
f 3180//4065 2480//4065 3038//4065
f 2480//4065 2479//4065 3038//4065
f 3038//4066 2479//4066 3040//4066
f 2479//4067 2478//4067 3040//4067
f 3040//4068 2478//4068 3042//4068
f 2478//4068 2527//4068 3042//4068
f 3042//4069 2527//4069 3044//4069
f 2527//4070 2526//4070 3044//4070
f 3044//4071 2526//4071 3046//4071
f 2526//4072 2498//4072 3046//4072
f 3046//4073 2498//4073 3048//4073
f 2498//4073 2496//4073 3048//4073
f 3048//4074 2496//4074 3050//4074
f 2496//4075 2495//4075 3050//4075
f 3050//4076 2495//4076 3052//4076
f 2495//4077 2432//4077 3052//4077
f 3052//4078 2432//4078 3054//4078
f 2432//4078 2431//4078 3054//4078
f 3054//4079 2431//4079 3056//4079
f 2431//4080 2367//4080 3056//4080
f 3056//4081 2367//4081 3058//4081
f 2367//4082 2376//4082 3058//4082
f 3058//4083 2376//4083 3060//4083
f 2376//4083 2354//4083 3060//4083
f 3060//4084 2354//4084 3062//4084
f 2354//4084 2359//4084 3062//4084
f 3062//4085 2359//4085 3064//4085
f 2359//4085 2381//4085 3064//4085
f 3064//4086 2381//4086 3066//4086
f 2381//4086 2362//4086 3066//4086
f 3066//4087 2362//4087 3068//4087
f 2362//4088 2387//4088 3068//4088
f 3068//4089 2387//4089 3070//4089
f 2387//4090 2391//4090 3070//4090
f 3070//4091 2391//4091 3072//4091
f 2391//4092 2407//4092 3072//4092
f 3072//4093 2407//4093 3074//4093
f 2407//4093 2406//4093 3074//4093
f 3074//4094 2406//4094 3076//4094
f 2406//4095 2405//4095 3076//4095
f 3076//4096 2405//4096 3078//4096
f 2405//4097 2404//4097 3078//4097
f 3078//4098 2404//4098 3080//4098
f 2404//4098 2403//4098 3080//4098
f 3080//4099 2403//4099 3082//4099
f 2403//4099 2402//4099 3082//4099
f 3082//4100 2402//4100 3084//4100
f 2402//4101 2343//4101 3084//4101
f 3084//4102 2343//4102 3086//4102
f 2343//4103 2342//4103 3086//4103
f 3086//4104 2342//4104 3088//4104
f 2342//4105 2341//4105 3088//4105
f 3088//4106 2341//4106 3090//4106
f 2341//4107 2353//4107 3090//4107
f 3090//4108 2353//4108 3092//4108
f 2353//4108 2352//4108 3092//4108
f 3092//4109 2352//4109 3094//4109
f 2352//4110 2351//4110 3094//4110
f 3094//4111 2351//4111 3096//4111
f 2351//4112 2333//4112 3096//4112
f 3096//4113 2333//4113 3098//4113
f 2333//4113 2325//4113 3098//4113
f 3098//4114 2325//4114 3100//4114
f 2325//4114 2297//4114 3100//4114
f 3100//4115 2297//4115 3102//4115
f 2297//4115 2281//4115 3102//4115
f 3102//4116 2281//4116 3104//4116
f 2281//4117 2303//4117 3104//4117
f 3104//4118 2303//4118 3106//4118
f 2303//4119 2338//4119 3106//4119
f 3106//4120 2338//4120 3108//4120
f 2338//4121 2345//4121 3108//4121
f 3108//4122 2345//4122 3110//4122
f 2345//4123 2344//4123 3110//4123
f 3110//4124 2344//4124 3112//4124
f 2344//4125 2329//4125 3112//4125
f 3112//4126 2329//4126 3114//4126
f 2329//4126 2328//4126 3114//4126
f 3114//4127 2328//4127 3116//4127
f 2328//4127 2327//4127 3116//4127
f 3116//4128 2327//4128 3118//4128
f 2327//4128 2326//4128 3118//4128
f 2437//4129 2966//4129 2439//4129
f 2966//4129 2979//4129 2439//4129
f 2439//4130 2979//4130 2440//4130
f 2979//4131 2978//4131 2440//4131
f 2440//4132 2978//4132 2426//4132
f 2978//4133 2977//4133 2426//4133
f 2426//4134 2977//4134 2427//4134
f 2977//4135 2961//4135 2427//4135
f 2427//4136 2961//4136 2435//4136
f 2961//4137 2963//4137 2435//4137
f 2435//4138 2963//4138 2430//4138
f 2963//4139 2965//4139 2430//4139
f 2430//4140 2965//4140 2450//4140
f 2965//4140 2974//4140 2450//4140
f 2450//4141 2974//4141 2451//4141
f 2974//4142 2976//4142 2451//4142
f 2451//4143 2976//4143 2453//4143
f 2976//4144 3018//4144 2453//4144
f 2453//4145 3018//4145 2455//4145
f 3018//4145 3020//4145 2455//4145
f 2455//4146 3020//4146 2457//4146
f 3020//4147 3002//4147 2457//4147
f 2457//4148 3002//4148 2458//4148
f 3002//4149 3000//4149 2458//4149
f 2458//4150 3000//4150 2433//4150
f 3000//4151 2999//4151 2433//4151
f 2433//4152 2999//4152 2368//4152
f 2999//4153 2998//4153 2368//4153
f 2368//4154 2998//4154 2369//4154
f 2998//4154 2997//4154 2369//4154
f 2369//4155 2997//4155 2377//4155
f 2997//4155 2996//4155 2377//4155
f 2377//4156 2996//4156 2378//4156
f 2996//4157 2995//4157 2378//4157
f 2378//4158 2995//4158 2355//4158
f 2995//4159 2948//4159 2355//4159
f 2355//4160 2948//4160 2356//4160
f 2948//4161 2947//4161 2356//4161
f 2356//4162 2947//4162 2363//4162
f 2947//4163 3017//4163 2363//4163
f 2363//4164 3017//4164 2357//4164
f 3017//4165 3016//4165 2357//4165
f 2357//4166 3016//4166 2358//4166
f 3016//4167 3015//4167 2358//4167
f 2358//4168 3015//4168 2399//4168
f 3015//4169 3014//4169 2399//4169
f 2399//4170 3014//4170 2400//4170
f 3014//4170 3013//4170 2400//4170
f 2400//4171 3013//4171 2401//4171
f 3013//4171 3012//4171 2401//4171
f 2401//4172 3012//4172 2379//4172
f 3012//4173 3011//4173 2379//4173
f 2379//4174 3011//4174 2380//4174
f 3011//4175 3010//4175 2380//4175
f 2380//4176 3010//4176 2382//4176
f 3010//4176 3009//4176 2382//4176
f 2382//4177 3009//4177 2383//4177
f 3009//4178 3008//4178 2383//4178
f 2383//4179 3008//4179 2384//4179
f 3008//4180 3007//4180 2384//4180
f 2384//4181 3007//4181 2360//4181
f 3007//4182 3006//4182 2360//4182
f 2360//4183 3006//4183 2361//4183
f 3006//4184 2994//4184 2361//4184
f 2361//4185 2994//4185 2385//4185
f 2994//4186 2993//4186 2385//4186
f 2385//4187 2993//4187 2386//4187
f 2993//4188 2950//4188 2386//4188
f 2386//4189 2950//4189 2388//4189
f 2950//4190 2949//4190 2388//4190
f 2388//4191 2949//4191 2389//4191
f 2949//4192 3036//4192 2389//4192
f 2389//4193 3036//4193 2390//4193
f 3036//4193 3035//4193 2390//4193
f 2390//4194 3035//4194 2416//4194
f 3035//4195 3034//4195 2416//4195
f 2416//4196 3034//4196 2417//4196
f 3034//4197 3025//4197 2417//4197
f 2417//4198 3025//4198 2418//4198
f 3025//4199 3024//4199 2418//4199
f 2418//4200 3024//4200 2419//4200
f 3024//4200 2992//4200 2419//4200
f 2419//4201 2992//4201 2410//4201
f 2992//4202 2991//4202 2410//4202
f 2410//4203 2991//4203 2408//4203
f 2991//4203 3023//4203 2408//4203
f 2408//4204 3023//4204 2413//4204
f 3023//4205 3031//4205 2413//4205
f 2413//4206 3031//4206 2411//4206
f 3031//4207 3029//4207 2411//4207
f 2411//4208 3029//4208 2365//4208
f 3029//4209 3027//4209 2365//4209
f 2365//4210 3027//4210 2366//4210
f 3027//4211 3026//4211 2366//4211
f 2366//4212 3026//4212 2392//4212
f 3026//4213 2989//4213 2392//4213
f 2392//4214 2989//4214 2393//4214
f 2989//4215 2988//4215 2393//4215
f 2393//4216 2988//4216 2395//4216
f 2988//4217 2972//4217 2395//4217
f 2395//4218 2972//4218 2396//4218
f 2972//4219 2971//4219 2396//4219
f 2396//4220 2971//4220 2397//4220
f 2971//4220 2956//4220 2397//4220
f 2397//4221 2956//4221 2398//4221
f 2956//4221 2958//4221 2398//4221
f 2398//4222 2958//4222 2371//4222
f 2958//4222 2959//4222 2371//4222
f 2371//4223 2959//4223 2372//4223
f 2959//4224 2955//4224 2372//4224
f 2372//4225 2955//4225 2374//4225
f 2955//4226 2954//4226 2374//4226
f 2374//4227 2954//4227 2375//4227
f 2954//4228 2952//4228 2375//4228
f 2375//4229 2952//4229 2420//4229
f 2952//4230 2951//4230 2420//4230
f 2420//4231 2951//4231 2421//4231
f 2951//4232 3005//4232 2421//4232
f 2421//4233 3005//4233 2423//4233
f 3005//4234 3004//4234 2423//4234
f 2423//4235 3004//4235 2424//4235
f 3004//4236 3003//4236 2424//4236
f 2424//4237 3003//4237 2441//4237
f 3003//4238 2987//4238 2441//4238
f 2441//4239 2987//4239 2442//4239
f 2987//4240 2986//4240 2442//4240
f 2442//4241 2986//4241 2443//4241
f 2986//4241 2985//4241 2443//4241
f 2443//4242 2985//4242 2444//4242
f 2985//4243 2984//4243 2444//4243
f 2444//4244 2984//4244 2445//4244
f 2984//4245 2983//4245 2445//4245
f 2445//4246 2983//4246 2446//4246
f 2983//4247 2981//4247 2446//4247
f 2446//4248 2981//4248 2447//4248
f 2981//4249 2980//4249 2447//4249
f 2447//4250 2980//4250 2448//4250
f 2980//4251 2970//4251 2448//4251
f 2448//4252 2970//4252 2449//4252
f 2970//4253 2969//4253 2449//4253
f 2449//4254 2969//4254 2436//4254
f 2969//4255 2967//4255 2436//4255
f 2436//4256 2967//4256 2437//4256
f 2967//4257 2966//4257 2437//4257
f 2514//4258 2696//4258 2534//4258
f 2696//4259 2695//4259 2534//4259
f 2534//4260 2695//4260 2535//4260
f 2695//4261 2694//4261 2535//4261
f 2535//4262 2694//4262 2536//4262
f 2694//4263 2692//4263 2536//4263
f 2536//4264 2692//4264 2558//4264
f 2692//4265 2691//4265 2558//4265
f 2558//4266 2691//4266 2559//4266
f 2691//4267 2734//4267 2559//4267
f 2559//4268 2734//4268 2560//4268
f 2734//4268 2733//4268 2560//4268
f 2560//4269 2733//4269 2515//4269
f 2733//4269 2732//4269 2515//4269
f 2515//4270 2732//4270 2516//4270
f 2732//4271 2690//4271 2516//4271
f 2516//4272 2690//4272 2518//4272
f 2690//4273 2689//4273 2518//4273
f 2518//4274 2689//4274 2519//4274
f 2689//4275 2687//4275 2519//4275
f 2519//4276 2687//4276 2520//4276
f 2687//4276 2686//4276 2520//4276
f 2520//4149 2686//4149 2521//4149
f 2686//4277 2711//4277 2521//4277
f 2521//4278 2711//4278 2522//4278
f 2711//4278 2710//4278 2522//4278
f 2522//4279 2710//4279 2503//4279
f 2710//4280 2709//4280 2503//4280
f 2503//4281 2709//4281 2504//4281
f 2709//4281 2703//4281 2504//4281
f 2504//4282 2703//4282 2505//4282
f 2703//4282 2702//4282 2505//4282
f 2505//4283 2702//4283 2489//4283
f 2702//4284 2701//4284 2489//4284
f 2489//4285 2701//4285 2488//4285
f 2701//4286 2685//4286 2488//4286
f 2488//4287 2685//4287 2486//4287
f 2685//4288 2684//4288 2486//4288
f 2486//4289 2684//4289 2484//4289
f 2684//4290 2678//4290 2484//4290
f 2484//4291 2678//4291 2537//4291
f 2678//4292 2677//4292 2537//4292
f 2537//4293 2677//4293 2538//4293
f 2677//4293 2731//4293 2538//4293
f 2538//4294 2731//4294 2539//4294
f 2731//4295 2730//4295 2539//4295
f 2539//4296 2730//4296 2525//4296
f 2730//4297 2729//4297 2525//4297
f 2525//4298 2729//4298 2561//4298
f 2729//4299 2681//4299 2561//4299
f 2561//4300 2681//4300 2562//4300
f 2681//4301 2680//4301 2562//4301
f 2562//4302 2680//4302 2564//4302
f 2680//4303 2762//4303 2564//4303
f 2564//4304 2762//4304 2566//4304
f 2762//4304 2764//4304 2566//4304
f 2566//4305 2764//4305 2543//4305
f 2764//4306 2758//4306 2543//4306
f 2543//4307 2758//4307 2544//4307
f 2758//4307 2756//4307 2544//4307
f 2544//4308 2756//4308 2546//4308
f 2756//4309 2755//4309 2546//4309
f 2546//4310 2755//4310 2554//4310
f 2755//4311 2749//4311 2554//4311
f 2554//4312 2749//4312 2549//4312
f 2749//4313 2750//4313 2549//4313
f 2549//4314 2750//4314 2547//4314
f 2750//4315 2754//4315 2547//4315
f 2547//4316 2754//4316 2490//4316
f 2754//4317 2753//4317 2490//4317
f 2490//4318 2753//4318 2491//4318
f 2753//4318 2752//4318 2491//4318
f 2491//4319 2752//4319 2493//4319
f 2752//4319 2751//4319 2493//4319
f 2493//4320 2751//4320 2494//4320
f 2751//4321 2747//4321 2494//4321
f 2494//4322 2747//4322 2468//4322
f 2747//4323 2746//4323 2468//4323
f 2468//4324 2746//4324 2469//4324
f 2746//4324 2745//4324 2469//4324
f 2469//4325 2745//4325 2506//4325
f 2745//4326 2744//4326 2506//4326
f 2506//4327 2744//4327 2507//4327
f 2744//4328 2761//4328 2507//4328
f 2507//4329 2761//4329 2508//4329
f 2761//4330 2760//4330 2508//4330
f 2508//4331 2760//4331 2462//4331
f 2760//4332 2759//4332 2462//4332
f 2462//4207 2759//4207 2463//4207
f 2759//4207 2708//4207 2463//4207
f 2463//4333 2708//4333 2475//4333
f 2708//4334 2707//4334 2475//4334
f 2475//4335 2707//4335 2476//4335
f 2707//4335 2743//4335 2476//4335
f 2476//4336 2743//4336 2477//4336
f 2743//4337 2742//4337 2477//4337
f 2477//4338 2742//4338 2459//4338
f 2742//4339 2741//4339 2459//4339
f 2459//4340 2741//4340 2460//4340
f 2741//4217 2740//4217 2460//4217
f 2460//4341 2740//4341 2474//4341
f 2740//4341 2739//4341 2474//4341
f 2474//4342 2739//4342 2473//4342
f 2739//4342 2738//4342 2473//4342
f 2473//4343 2738//4343 2471//4343
f 2738//4344 2737//4344 2471//4344
f 2471//4345 2737//4345 2481//4345
f 2737//4346 2724//4346 2481//4346
f 2481//4347 2724//4347 2482//4347
f 2724//4348 2725//4348 2482//4348
f 2482//4349 2725//4349 2483//4349
f 2725//4350 2726//4350 2483//4350
f 2483//4351 2726//4351 2465//4351
f 2726//4352 2727//4352 2465//4352
f 2465//4353 2727//4353 2466//4353
f 2727//4353 2728//4353 2466//4353
f 2466//4354 2728//4354 2542//4354
f 2728//4355 2736//4355 2542//4355
f 2542//4356 2736//4356 2541//4356
f 2736//4234 2735//4234 2541//4234
f 2541//4357 2735//4357 2500//4357
f 2735//4358 2722//4358 2500//4358
f 2500//4359 2722//4359 2501//4359
f 2722//4360 2720//4360 2501//4360
f 2501//4361 2720//4361 2510//4361
f 2720//4361 2718//4361 2510//4361
f 2510//4362 2718//4362 2528//4362
f 2718//4363 2716//4363 2528//4363
f 2528//4364 2716//4364 2529//4364
f 2716//4365 2715//4365 2529//4365
f 2529//4366 2715//4366 2555//4366
f 2715//4367 2706//4367 2555//4367
f 2555//4247 2706//4247 2556//4247
f 2706//4368 2714//4368 2556//4368
f 2556//4369 2714//4369 2557//4369
f 2714//4369 2713//4369 2557//4369
f 2557//4370 2713//4370 2533//4370
f 2713//4370 2712//4370 2533//4370
f 2533//4252 2712//4252 2531//4252
f 2712//4371 2699//4371 2531//4371
f 2531//4372 2699//4372 2513//4372
f 2699//4373 2697//4373 2513//4373
f 2513//4256 2697//4256 2514//4256
f 2697//4256 2696//4256 2514//4256
f 2665//4374 2832//4374 2664//4374
f 2832//4374 2831//4374 2664//4374
f 2664//4375 2831//4375 2662//4375
f 2831//4376 2830//4376 2662//4376
f 2662//4377 2830//4377 2666//4377
f 2830//4378 2829//4378 2666//4378
f 2666//4379 2829//4379 2667//4379
f 2829//4379 2809//4379 2667//4379
f 2667//4380 2809//4380 2676//4380
f 2809//4380 2828//4380 2676//4380
f 2676//4381 2828//4381 2675//4381
f 2828//4382 2827//4382 2675//4382
f 2675//4383 2827//4383 2637//4383
f 2827//4384 2826//4384 2637//4384
f 2637//4385 2826//4385 2635//4385
f 2826//4385 2842//4385 2635//4385
f 2635//4386 2842//4386 2633//4386
f 2842//4387 2840//4387 2633//4387
f 2633//4388 2840//4388 2585//4388
f 2840//4389 2838//4389 2585//4389
f 2585//4390 2838//4390 2586//4390
f 2838//4391 2837//4391 2586//4391
f 2586//4392 2837//4392 2647//4392
f 2837//4392 2791//4392 2647//4392
f 2647//4393 2791//4393 2648//4393
f 2791//4393 2808//4393 2648//4393
f 2648//4394 2808//4394 2649//4394
f 2808//4395 2807//4395 2649//4395
f 2649//4396 2807//4396 2640//4396
f 2807//4397 2806//4397 2640//4397
f 2640//4398 2806//4398 2638//4398
f 2806//4399 2805//4399 2638//4399
f 2638//4400 2805//4400 2591//4400
f 2805//4401 2803//4401 2591//4401
f 2591//4402 2803//4402 2592//4402
f 2803//4402 2802//4402 2592//4402
f 2592//4403 2802//4403 2600//4403
f 2802//4403 2773//4403 2600//4403
f 2600//4404 2773//4404 2601//4404
f 2773//4404 2772//4404 2601//4404
f 2601//4405 2772//4405 2602//4405
f 2772//4405 2770//4405 2602//4405
f 2602//4406 2770//4406 2641//4406
f 2770//4407 2769//4407 2641//4407
f 2641//4408 2769//4408 2642//4408
f 2769//4409 2856//4409 2642//4409
f 2642//4410 2856//4410 2643//4410
f 2856//4410 2855//4410 2643//4410
f 2643//4411 2855//4411 2611//4411
f 2855//4411 2854//4411 2611//4411
f 2611//4412 2854//4412 2612//4412
f 2854//4412 2825//4412 2612//4412
f 2612//4413 2825//4413 2626//4413
f 2825//4413 2824//4413 2626//4413
f 2626//4414 2824//4414 2627//4414
f 2824//4415 2823//4415 2627//4415
f 2627//4416 2823//4416 2588//4416
f 2823//4416 2822//4416 2588//4416
f 2588//4417 2822//4417 2589//4417
f 2822//4418 2821//4418 2589//4418
f 2589//4419 2821//4419 2613//4419
f 2821//4419 2819//4419 2613//4419
f 2613//4420 2819//4420 2614//4420
f 2819//4421 2818//4421 2614//4421
f 2614//4422 2818//4422 2628//4422
f 2818//4423 2817//4423 2628//4423
f 2628//4424 2817//4424 2629//4424
f 2817//4424 2816//4424 2629//4424
f 2629//4425 2816//4425 2577//4425
f 2816//4425 2814//4425 2577//4425
f 2577//4426 2814//4426 2578//4426
f 2814//4427 2813//4427 2578//4427
f 2578//4428 2813//4428 2580//4428
f 2813//4428 2853//4428 2580//4428
f 2580//4429 2853//4429 2582//4429
f 2853//4430 2852//4430 2582//4430
f 2582//4431 2852//4431 2594//4431
f 2852//4432 2851//4432 2594//4432
f 2594//4433 2851//4433 2595//4433
f 2851//4434 2836//4434 2595//4434
f 2595//4435 2836//4435 2597//4435
f 2836//4436 2834//4436 2597//4436
f 2597//4437 2834//4437 2598//4437
f 2834//4438 2850//4438 2598//4438
f 2598//4439 2850//4439 2603//4439
f 2850//4439 2849//4439 2603//4439
f 2603//4440 2849//4440 2604//4440
f 2849//4440 2848//4440 2604//4440
f 2604//4441 2848//4441 2606//4441
f 2848//4442 2812//4442 2606//4442
f 2606//4443 2812//4443 2608//4443
f 2812//4444 2845//4444 2608//4444
f 2608//4445 2845//4445 2583//4445
f 2845//4446 2798//4446 2583//4446
f 2583//4447 2798//4447 2569//4447
f 2798//4448 2800//4448 2569//4448
f 2569//4449 2800//4449 2570//4449
f 2800//4449 2801//4449 2570//4449
f 2570//4450 2801//4450 2615//4450
f 2801//4450 2797//4450 2615//4450
f 2615//4451 2797//4451 2617//4451
f 2797//4451 2796//4451 2617//4451
f 2617//4452 2796//4452 2619//4452
f 2796//4453 2795//4453 2619//4453
f 2619//4454 2795//4454 2620//4454
f 2795//4455 2788//4455 2620//4455
f 2620//4456 2788//4456 2572//4456
f 2788//4457 2787//4457 2572//4457
f 2572//4458 2787//4458 2573//4458
f 2787//4459 2786//4459 2573//4459
f 2573//4460 2786//4460 2584//4460
f 2786//4460 2779//4460 2584//4460
f 2584//4461 2779//4461 2574//4461
f 2779//4461 2780//4461 2574//4461
f 2574//4462 2780//4462 2575//4462
f 2780//4463 2781//4463 2575//4463
f 2575//4464 2781//4464 2644//4464
f 2781//4465 2782//4465 2644//4465
f 2644//4466 2782//4466 2645//4466
f 2782//4467 2794//4467 2645//4467
f 2645//4468 2794//4468 2646//4468
f 2794//4468 2793//4468 2646//4468
f 2646//4469 2793//4469 2630//4469
f 2793//4470 2792//4470 2630//4470
f 2630//4471 2792//4471 2631//4471
f 2792//4472 2768//4472 2631//4472
f 2631//4473 2768//4473 2669//4473
f 2768//4474 2767//4474 2669//4474
f 2669//4475 2767//4475 2670//4475
f 2767//4475 2778//4475 2670//4475
f 2670//4476 2778//4476 2671//4476
f 2778//4476 2777//4476 2671//4476
f 2671//4477 2777//4477 2654//4477
f 2777//4477 2776//4477 2654//4477
f 2654//4478 2776//4478 2655//4478
f 2776//4478 2775//4478 2655//4478
f 2655//4479 2775//4479 2656//4479
f 2775//4479 2774//4479 2656//4479
f 2656//4480 2774//4480 2657//4480
f 2774//4481 2784//4481 2657//4481
f 2657//4482 2784//4482 2659//4482
f 2784//4483 2785//4483 2659//4483
f 2659//4484 2785//4484 2665//4484
f 2785//4484 2832//4484 2665//4484
f 2332//4485 2905//4485 2334//4485
f 2905//4485 2904//4485 2334//4485
f 2334//4486 2904//4486 2335//4486
f 2904//4487 2903//4487 2335//4487
f 2335//4488 2903//4488 2323//4488
f 2903//4489 2902//4489 2323//4489
f 2323//4490 2902//4490 2324//4490
f 2902//4491 2901//4491 2324//4491
f 2324//4492 2901//4492 2347//4492
f 2901//4493 2900//4493 2347//4493
f 2347//4494 2900//4494 2348//4494
f 2900//4495 2899//4495 2348//4495
f 2348//4496 2899//4496 2349//4496
f 2899//4496 2898//4496 2349//4496
f 2349//4497 2898//4497 2295//4497
f 2898//4497 2897//4497 2295//4497
f 2295//4498 2897//4498 2296//4498
f 2897//4499 2866//4499 2296//4499
f 2296//4500 2866//4500 2298//4500
f 2866//4500 2865//4500 2298//4500
f 2298//4501 2865//4501 2299//4501
f 2865//4502 2885//4502 2299//4502
f 2299//4503 2885//4503 2300//4503
f 2885//4504 2884//4504 2300//4504
f 2300//4505 2884//4505 2282//4505
f 2884//4506 2883//4506 2282//4506
f 2282//4507 2883//4507 2283//4507
f 2883//4508 2874//4508 2283//4508
f 2283//4509 2874//4509 2301//4509
f 2874//4510 2873//4510 2301//4510
f 2301//4511 2873//4511 2302//4511
f 2873//4512 2864//4512 2302//4512
f 2302//4513 2864//4513 2304//4513
f 2864//4514 2863//4514 2304//4514
f 2304//4515 2863//4515 2336//4515
f 2863//4516 2882//4516 2336//4516
f 2336//4517 2882//4517 2337//4517
f 2882//4518 2881//4518 2337//4518
f 2337//4519 2881//4519 2339//4519
f 2881//4520 2880//4520 2339//4520
f 2339//4521 2880//4521 2340//4521
f 2880//4522 2879//4522 2340//4522
f 2340//4523 2879//4523 2346//4523
f 2879//4524 2927//4524 2346//4524
f 2346//4525 2927//4525 2294//4525
f 2927//4526 2926//4526 2294//4526
f 2294//4527 2926//4527 2292//4527
f 2926//4528 2925//4528 2292//4528
f 2292//4529 2925//4529 2290//4529
f 2925//4530 2923//4530 2290//4530
f 2290//4531 2923//4531 2319//4531
f 2923//4532 2921//4532 2319//4532
f 2319//4533 2921//4533 2317//4533
f 2921//4534 2919//4534 2317//4534
f 2317//4535 2919//4535 2250//4535
f 2919//4536 2917//4536 2250//4536
f 2250//4537 2917//4537 2251//4537
f 2917//4538 2916//4538 2251//4538
f 2251//4539 2916//4539 2263//4539
f 2916//4540 2895//4540 2263//4540
f 2263//4541 2895//4541 2264//4541
f 2895//4541 2894//4541 2264//4541
f 2264//4542 2894//4542 2266//4542
f 2894//4543 2871//4543 2266//4543
f 2266//4544 2871//4544 2267//4544
f 2871//4545 2870//4545 2267//4545
f 2267//4546 2870//4546 2268//4546
f 2870//4547 2946//4547 2268//4547
f 2268//4548 2946//4548 2269//4548
f 2946//4549 2945//4549 2269//4549
f 2269//4550 2945//4550 2253//4550
f 2945//4551 2944//4551 2253//4551
f 2253//4552 2944//4552 2254//4552
f 2944//4552 2943//4552 2254//4552
f 2254//4553 2943//4553 2256//4553
f 2943//4554 2942//4554 2256//4554
f 2256//4555 2942//4555 2257//4555
f 2942//4556 2941//4556 2257//4556
f 2257//4433 2941//4433 2270//4433
f 2941//4434 2940//4434 2270//4434
f 2270//4557 2940//4557 2271//4557
f 2940//4558 2939//4558 2271//4558
f 2271//4559 2939//4559 2273//4559
f 2939//4560 2937//4560 2273//4560
f 2273//4561 2937//4561 2274//4561
f 2937//4562 2936//4562 2274//4562
f 2274//4563 2936//4563 2275//4563
f 2936//4563 2893//4563 2275//4563
f 2275//4564 2893//4564 2276//4564
f 2893//4565 2892//4565 2276//4565
f 2276//4566 2892//4566 2277//4566
f 2892//4567 2891//4567 2277//4567
f 2277//4568 2891//4568 2284//4568
f 2891//4569 2890//4569 2284//4569
f 2284//4570 2890//4570 2285//4570
f 2890//4571 2889//4571 2285//4571
f 2285//4572 2889//4572 2286//4572
f 2889//4573 2887//4573 2286//4573
f 2286//4574 2887//4574 2245//4574
f 2887//4575 2886//4575 2245//4575
f 2245//4576 2886//4576 2246//4576
f 2886//4576 2878//4576 2246//4576
f 2246//4577 2878//4577 2248//4577
f 2878//4577 2877//4577 2248//4577
f 2248//4578 2877//4578 2249//4578
f 2877//4579 2876//4579 2249//4579
f 2249//4580 2876//4580 2261//4580
f 2876//4581 2862//4581 2261//4581
f 2261//4582 2862//4582 2260//4582
f 2862//4583 2861//4583 2260//4583
f 2260//4584 2861//4584 2258//4584
f 2861//4585 2858//4585 2258//4585
f 2258//4586 2858//4586 2287//4586
f 2858//4586 2857//4586 2287//4586
f 2287//4587 2857//4587 2288//4587
f 2857//4588 2869//4588 2288//4588
f 2288//4589 2869//4589 2289//4589
f 2869//4590 2868//4590 2289//4590
f 2289//4591 2868//4591 2280//4591
f 2868//4592 2935//4592 2280//4592
f 2280//4593 2935//4593 2305//4593
f 2935//4594 2934//4594 2305//4594
f 2305//4595 2934//4595 2306//4595
f 2934//4596 2933//4596 2306//4596
f 2306//4597 2933//4597 2308//4597
f 2933//4598 2931//4598 2308//4598
f 2308//4599 2931//4599 2310//4599
f 2931//4600 2929//4600 2310//4600
f 2310//4601 2929//4601 2312//4601
f 2929//4601 2914//4601 2312//4601
f 2312//4602 2914//4602 2330//4602
f 2914//4603 2912//4603 2330//4603
f 2330//4604 2912//4604 2322//4604
f 2912//4605 2911//4605 2322//4605
f 2322//4606 2911//4606 2314//4606
f 2911//4607 2910//4607 2314//4607
f 2314//4608 2910//4608 2315//4608
f 2910//4609 2908//4609 2315//4609
f 2315//4610 2908//4610 2350//4610
f 2908//4611 2907//4611 2350//4611
f 2350//4612 2907//4612 2331//4612
f 2907//4613 2906//4613 2331//4613
f 2331//4614 2906//4614 2332//4614
f 2906//4615 2905//4615 2332//4615
f 2293//4616 2799//4616 2610//4616
f 2799//4617 2847//4617 2610//4617
f 2610//4618 2847//4618 2609//4618
f 2847//4619 2846//4619 2609//4619
f 2609//4620 2846//4620 2607//4620
f 2846//4621 2811//4621 2607//4621
f 2607//4622 2811//4622 2605//4622
f 2811//4623 2810//4623 2605//4623
f 2605//4624 2810//4624 2599//4624
f 2810//4625 2833//4625 2599//4625
f 2599//4626 2833//4626 2596//4626
f 2833//4627 2835//4627 2596//4627
f 2596//4628 2835//4628 2581//4628
f 2835//4629 2815//4629 2581//4629
f 2581//4630 2815//4630 2579//4630
f 2815//4631 2820//4631 2579//4631
f 2579//4631 2820//4631 2590//4631
f 2820//4632 2771//4632 2590//4632
f 2590//4632 2771//4632 2593//4632
f 2771//4633 2804//4633 2593//4633
f 2593//4633 2804//4633 2639//4633
f 2804//4634 2790//4634 2639//4634
f 2639//4634 2790//4634 2625//4634
f 2790//4635 2789//4635 2625//4635
f 2625//4635 2789//4635 2587//4635
f 2789//4636 2839//4636 2587//4636
f 2587//4637 2839//4637 2634//4637
f 2839//4638 2841//4638 2634//4638
f 2634//4639 2841//4639 2636//4639
f 2841//4640 2843//4640 2636//4640
f 2636//4640 2843//4640 2674//4640
f 2843//4641 2844//4641 2674//4641
f 2674//4642 2844//4642 2652//4642
f 2844//4643 2748//4643 2652//4643
f 2652//4644 2748//4644 2545//4644
f 2748//4645 2757//4645 2545//4645
f 2545//4645 2757//4645 2568//4645
f 2757//4646 2766//4646 2568//4646
f 2568//4646 2766//4646 2567//4646
f 2766//4647 2765//4647 2567//4647
f 2567//4647 2765//4647 2565//4647
f 2765//4648 2763//4648 2565//4648
f 2565//4648 2763//4648 2563//4648
f 2763//4649 2682//4649 2563//4649
f 2563//4649 2682//4649 2523//4649
f 2682//4650 2700//4650 2523//4650
f 2523//4650 2700//4650 2524//4650
f 2700//4651 2679//4651 2524//4651
f 2524//4652 2679//4652 2485//4652
f 2679//4653 2683//4653 2485//4653
f 2485//4654 2683//4654 2487//4654
f 2683//4655 2688//4655 2487//4655
f 2487//4656 2688//4656 2517//4656
f 2688//4657 2693//4657 2517//4657
f 2517//4657 2693//4657 2512//4657
f 2693//4658 2698//4658 2512//4658
f 2512//4659 2698//4659 2532//4659
f 2698//4660 2705//4660 2532//4660
f 2532//4661 2705//4661 2530//4661
f 2705//4662 2704//4662 2530//4662
f 2530//4663 2704//4663 2511//4663
f 2704//4664 2717//4664 2511//4664
f 2511//4665 2717//4665 2509//4665
f 2717//4666 2719//4666 2509//4666
f 2509//4667 2719//4667 2502//4667
f 2719//4668 2721//4668 2502//4668
f 2502//4668 2721//4668 2540//4668
f 2721//4669 2723//4669 2540//4669
f 2540//4670 2723//4670 2499//4670
f 2723//4671 2960//4671 2499//4671
f 2499//4672 2960//4672 2497//4672
f 2960//4673 3001//4673 2497//4673
f 2497//4674 3001//4674 2434//4674
f 3001//4675 3022//4675 2434//4675
f 2434//4676 3022//4676 2456//4676
f 3022//4677 3021//4677 2456//4677
f 2456//4677 3021//4677 2454//4677
f 3021//4678 3019//4678 2454//4678
f 2454//4678 3019//4678 2452//4678
f 3019//4679 2975//4679 2452//4679
f 2452//4679 2975//4679 2428//4679
f 2975//4680 2964//4680 2428//4680
f 2428//4680 2964//4680 2429//4680
f 2964//4681 2962//4681 2429//4681
f 2429//4681 2962//4681 2425//4681
f 2962//4682 2968//4682 2425//4682
f 2425//4682 2968//4682 2438//4682
f 2968//4683 2982//4683 2438//4683
f 2438//4684 2982//4684 2422//4684
f 2982//4685 2953//4685 2422//4685
f 2422//4686 2953//4686 2373//4686
f 2953//4687 2957//4687 2373//4687
f 2373//4688 2957//4688 2394//4688
f 2957//4689 2973//4689 2394//4689
f 2394//4690 2973//4690 2370//4690
f 2973//4691 2990//4691 2370//4691
f 2370//4692 2990//4692 2364//4692
f 2990//4693 3028//4693 2364//4693
f 2364//4694 3028//4694 2412//4694
f 3028//4695 3030//4695 2412//4695
f 2412//4695 3030//4695 2414//4695
f 3030//4696 3032//4696 2414//4696
f 2414//4696 3032//4696 2415//4696
f 3032//4697 3033//4697 2415//4697
f 2415//4698 3033//4698 2409//4698
f 3033//4699 2909//4699 2409//4699
f 2409//4700 2909//4700 2316//4700
f 2909//4701 2913//4701 2316//4701
f 2316//4702 2913//4702 2313//4702
f 2913//4703 2915//4703 2313//4703
f 2313//4704 2915//4704 2311//4704
f 2915//4705 2928//4705 2311//4705
f 2311//4706 2928//4706 2309//4706
f 2928//4707 2930//4707 2309//4707
f 2309//4708 2930//4708 2307//4708
f 2930//4709 2932//4709 2307//4709
f 2307//4709 2932//4709 2278//4709
f 2932//4710 2867//4710 2278//4710
f 2278//4711 2867//4711 2279//4711
f 2867//4712 2859//4712 2279//4712
f 2279//4713 2859//4713 2259//4713
f 2859//4714 2860//4714 2259//4714
f 2259//4715 2860//4715 2247//4715
f 2860//4716 2888//4716 2247//4716
f 2247//4717 2888//4717 2272//4717
f 2888//4718 2938//4718 2272//4718
f 2272//4718 2938//4718 2255//4718
f 2938//4719 2872//4719 2255//4719
f 2255//4720 2872//4720 2265//4720
f 2872//4721 2875//4721 2265//4721
f 2265//4722 2875//4722 2262//4722
f 2875//4723 2896//4723 2262//4723
f 2262//4724 2896//4724 2252//4724
f 2896//4725 2918//4725 2252//4725
f 2252//4726 2918//4726 2318//4726
f 2918//4727 2920//4727 2318//4727
f 2318//4728 2920//4728 2320//4728
f 2920//4729 2922//4729 2320//4729
f 2320//4729 2922//4729 2321//4729
f 2922//4730 2924//4730 2321//4730
f 2321//4731 2924//4731 2291//4731
f 2924//4732 2783//4732 2291//4732
f 2291//4733 2783//4733 2293//4733
f 2783//4616 2799//4616 2293//4616
f 2019//4734 3117//4734 2021//4734
f 3117//4735 3119//4735 2021//4735
f 2021//4736 3119//4736 2023//4736
f 3119//4736 3121//4736 2023//4736
f 2023//4737 3121//4737 2025//4737
f 3121//4738 3123//4738 2025//4738
f 2025//4739 3123//4739 2027//4739
f 3123//4739 3125//4739 2027//4739
f 2027//4740 3125//4740 2029//4740
f 3125//4740 3127//4740 2029//4740
f 2029//4741 3127//4741 2031//4741
f 3127//4742 3129//4742 2031//4742
f 2031//4743 3129//4743 2033//4743
f 3129//4744 3131//4744 2033//4744
f 2033//4745 3131//4745 2035//4745
f 3131//4746 3133//4746 2035//4746
f 2035//4747 3133//4747 2037//4747
f 3133//4748 3135//4748 2037//4748
f 2037//4749 3135//4749 2039//4749
f 3135//4750 3137//4750 2039//4750
f 2039//4751 3137//4751 2041//4751
f 3137//4752 3139//4752 2041//4752
f 2041//4753 3139//4753 2043//4753
f 3139//4754 3141//4754 2043//4754
f 2043//4755 3141//4755 2045//4755
f 3141//4756 3143//4756 2045//4756
f 2045//4757 3143//4757 2047//4757
f 3143//4758 3145//4758 2047//4758
f 2047//4759 3145//4759 2049//4759
f 3145//4760 3147//4760 2049//4760
f 2049//4761 3147//4761 2051//4761
f 3147//4762 3149//4762 2051//4762
f 2051//4763 3149//4763 2053//4763
f 3149//4763 3151//4763 2053//4763
f 2053//4764 3151//4764 2055//4764
f 3151//4765 3153//4765 2055//4765
f 2055//4766 3153//4766 2057//4766
f 3153//4767 3155//4767 2057//4767
f 2057//4768 3155//4768 2059//4768
f 3155//4769 3157//4769 2059//4769
f 2059//4770 3157//4770 2061//4770
f 3157//4771 3159//4771 2061//4771
f 2061//4772 3159//4772 2063//4772
f 3159//4773 3161//4773 2063//4773
f 2063//4774 3161//4774 2065//4774
f 3161//4774 3163//4774 2065//4774
f 2065//4775 3163//4775 2067//4775
f 3163//4775 3165//4775 2067//4775
f 2067//4776 3165//4776 2069//4776
f 3165//4777 3167//4777 2069//4777
f 2069//4778 3167//4778 2071//4778
f 3167//4779 3169//4779 2071//4779
f 2071//4780 3169//4780 2073//4780
f 3169//4781 3171//4781 2073//4781
f 2073//4782 3171//4782 2075//4782
f 3171//4783 3173//4783 2075//4783
f 2075//4784 3173//4784 2077//4784
f 3173//4785 3175//4785 2077//4785
f 2077//4786 3175//4786 2079//4786
f 3175//4787 3177//4787 2079//4787
f 2079//4788 3177//4788 2081//4788
f 3177//4789 3179//4789 2081//4789
f 2081//4790 3179//4790 1939//4790
f 3179//4791 3037//4791 1939//4791
f 1939//4792 3037//4792 1941//4792
f 3037//4793 3039//4793 1941//4793
f 1941//4794 3039//4794 1943//4794
f 3039//4794 3041//4794 1943//4794
f 1943//4795 3041//4795 1945//4795
f 3041//4796 3043//4796 1945//4796
f 1945//4797 3043//4797 1947//4797
f 3043//4798 3045//4798 1947//4798
f 1947//4799 3045//4799 1949//4799
f 3045//4800 3047//4800 1949//4800
f 1949//4801 3047//4801 1951//4801
f 3047//4802 3049//4802 1951//4802
f 1951//4803 3049//4803 1953//4803
f 3049//4804 3051//4804 1953//4804
f 1953//4805 3051//4805 1955//4805
f 3051//4805 3053//4805 1955//4805
f 1955//4806 3053//4806 1957//4806
f 3053//4806 3055//4806 1957//4806
f 1957//4807 3055//4807 1959//4807
f 3055//4807 3057//4807 1959//4807
f 1959//4808 3057//4808 1961//4808
f 3057//4809 3059//4809 1961//4809
f 1961//4810 3059//4810 1963//4810
f 3059//4811 3061//4811 1963//4811
f 1963//4812 3061//4812 1965//4812
f 3061//4812 3063//4812 1965//4812
f 1965//4813 3063//4813 1967//4813
f 3063//4813 3065//4813 1967//4813
f 1967//4814 3065//4814 1969//4814
f 3065//4814 3067//4814 1969//4814
f 1969//4815 3067//4815 1971//4815
f 3067//4816 3069//4816 1971//4816
f 1971//4817 3069//4817 1973//4817
f 3069//4818 3071//4818 1973//4818
f 1973//4819 3071//4819 1975//4819
f 3071//4820 3073//4820 1975//4820
f 1975//4821 3073//4821 1977//4821
f 3073//4822 3075//4822 1977//4822
f 1977//4823 3075//4823 1979//4823
f 3075//4823 3077//4823 1979//4823
f 1979//4824 3077//4824 1981//4824
f 3077//4825 3079//4825 1981//4825
f 1981//4826 3079//4826 1983//4826
f 3079//4827 3081//4827 1983//4827
f 1983//4828 3081//4828 1985//4828
f 3081//4828 3083//4828 1985//4828
f 1985//4829 3083//4829 1987//4829
f 3083//4829 3085//4829 1987//4829
f 1987//4830 3085//4830 1989//4830
f 3085//4831 3087//4831 1989//4831
f 1989//4832 3087//4832 1991//4832
f 3087//4833 3089//4833 1991//4833
f 1991//4834 3089//4834 1993//4834
f 3089//4835 3091//4835 1993//4835
f 1993//4836 3091//4836 1995//4836
f 3091//4837 3093//4837 1995//4837
f 1995//4838 3093//4838 1997//4838
f 3093//4839 3095//4839 1997//4839
f 1997//4840 3095//4840 1999//4840
f 3095//4840 3097//4840 1999//4840
f 1999//4841 3097//4841 2001//4841
f 3097//4841 3099//4841 2001//4841
f 2001//4842 3099//4842 2003//4842
f 3099//4842 3101//4842 2003//4842
f 2003//4843 3101//4843 2005//4843
f 3101//4844 3103//4844 2005//4844
f 2005//4845 3103//4845 2007//4845
f 3103//4846 3105//4846 2007//4846
f 2007//4847 3105//4847 2009//4847
f 3105//4848 3107//4848 2009//4848
f 2009//4849 3107//4849 2011//4849
f 3107//4849 3109//4849 2011//4849
f 2011//4850 3109//4850 2013//4850
f 3109//4851 3111//4851 2013//4851
f 2013//4852 3111//4852 2015//4852
f 3111//4852 3113//4852 2015//4852
f 2015//4853 3113//4853 2017//4853
f 3113//4853 3115//4853 2017//4853
f 2017//4854 3115//4854 2019//4854
f 3115//4854 3117//4854 2019//4854
f 1872//4855 1902//4855 1869//4855
f 1902//4856 609//4856 1869//4856
f 1869//4857 609//4857 608//4857
f 1878//4858 1880//4858 1882//4858
f 1886//4859 1888//4859 1876//4859
f 1888//4860 1890//4860 1876//4860
f 1876//4861 1890//4861 1892//4861
f 1878//4862 1882//4862 1876//4862
f 1882//4863 1884//4863 1876//4863
f 1876//4864 1884//4864 1886//4864
f 1892//4865 1894//4865 1876//4865
f 1894//4866 1896//4866 1876//4866
f 1876//4867 1896//4867 1898//4867
f 1872//4868 1874//4868 1902//4868
f 1874//4869 1876//4869 1902//4869
f 1902//4870 1876//4870 1900//4870
f 1876//4871 1898//4871 1900//4871
f 2090//4872 2088//4872 1700//4872
f 2088//4873 2086//4873 1700//4873
f 1700//4874 2086//4874 1848//4874
f 1699//4875 2106//4875 2104//4875
f 2096//2731 2094//2731 1700//2731
f 2094//2732 2092//2732 1700//2732
f 1700//4876 2092//4876 2090//4876
f 1706//4877 2110//4877 1699//4877
f 2110//4878 2108//4878 1699//4878
f 1699//4879 2108//4879 2106//4879
f 2104//4880 2102//4880 1699//4880
f 2102//4881 2100//4881 1699//4881
f 1699//4882 2100//4882 1700//4882
f 2100//4883 2098//4883 1700//4883
f 1700//4884 2098//4884 2096//4884
f 3181//4885 3182//4885 2112//4885
f 775//4886 3183//4886 3184//4886
f 3185//4887 3186//4887 775//4887
f 3181//4888 2112//4888 3187//4888
f 3184//4889 3188//4889 3189//4889
f 3188//4890 3190//4890 3189//4890
f 3191//4891 3192//4891 2112//4891
f 3193//4892 3194//4892 1847//4892
f 3194//4893 3195//4893 1847//4893
f 1847//4894 3195//4894 3196//4894
f 3197//4895 3198//4895 1847//4895
f 3198//4896 3199//4896 1847//4896
f 1847//4897 3199//4897 3200//4897
f 1847//4898 3201//4898 775//4898
f 3201//4899 3202//4899 775//4899
f 775//4900 3202//4900 3183//4900
f 3184//4901 3189//4901 775//4901
f 3189//4902 3203//4902 775//4902
f 775//4903 3203//4903 3185//4903
f 3186//4904 3204//4904 775//4904
f 3204//4905 3205//4905 775//4905
f 775//4906 3205//4906 3206//4906
f 3207//4907 33//4907 3208//4907
f 33//4908 3209//4908 3208//4908
f 3207//4909 3210//4909 33//4909
f 3210//4910 3211//4910 33//4910
f 33//4911 3211//4911 3212//4911
f 3190//4912 3213//4912 3189//4912
f 3213//4913 3214//4913 3189//4913
f 3189//4914 3214//4914 3215//4914
f 3216//4915 3217//4915 2112//4915
f 1847//4916 3218//4916 3219//4916
f 3200//4917 3220//4917 1847//4917
f 3220//4918 3221//4918 1847//4918
f 1847//4919 3221//4919 3201//4919
f 3222//4920 3223//4920 34//4920
f 3223//4921 3224//4921 34//4921
f 34//4922 3224//4922 3225//4922
f 3225//4923 3226//4923 34//4923
f 3226//4924 3227//4924 34//4924
f 34//4925 3227//4925 2112//4925
f 3227//4926 3228//4926 2112//4926
f 2112//4927 3228//4927 3187//4927
f 3229//4928 3230//4928 2112//4928
f 3230//4929 3231//4929 2112//4929
f 3196//4930 3232//4930 1847//4930
f 3232//4931 3233//4931 1847//4931
f 1847//4932 3233//4932 3218//4932
f 3212//4933 3234//4933 33//4933
f 3234//4934 3235//4934 33//4934
f 33//4935 3235//4935 3236//4935
f 3236//4936 3237//4936 33//4936
f 3237//4937 3238//4937 33//4937
f 33//4938 3238//4938 3239//4938
f 3240//4939 3241//4939 3242//4939
f 3241//4940 3243//4940 3242//4940
f 3242//4941 3243//4941 3244//4941
f 3245//4942 3246//4942 3247//4942
f 3248//4943 3182//4943 3242//4943
f 3182//4944 3249//4944 3242//4944
f 3242//4945 3249//4945 3240//4945
f 3250//4946 3251//4946 2112//4946
f 3251//4947 3252//4947 2112//4947
f 2112//4948 3252//4948 3253//4948
f 3253//4949 3254//4949 2112//4949
f 3254//4950 3255//4950 2112//4950
f 2112//4951 3255//4951 3229//4951
f 3231//4952 3256//4952 2112//4952
f 3256//4953 3257//4953 2112//4953
f 2112//4954 3257//4954 1847//4954
f 3257//4955 3258//4955 1847//4955
f 1847//4956 3258//4956 3193//4956
f 3219//4957 3259//4957 1847//4957
f 3259//4958 3260//4958 1847//4958
f 1847//4959 3260//4959 3197//4959
f 3206//4960 3261//4960 775//4960
f 3261//4961 3262//4961 775//4961
f 775//4962 3262//4962 777//4962
f 3262//4963 3263//4963 777//4963
f 777//4964 3263//4964 3264//4964
f 3239//4965 3265//4965 33//4965
f 3265//4966 3266//4966 33//4966
f 33//4967 3266//4967 3267//4967
f 3268//4968 3269//4968 34//4968
f 3269//4969 3270//4969 34//4969
f 3244//4970 3271//4970 3242//4970
f 3271//4971 3272//4971 3242//4971
f 3242//4972 3272//4972 3273//4972
f 3273//4973 3274//4973 3242//4973
f 3274//4974 3275//4974 3242//4974
f 3242//2076 3275//2076 3276//2076
f 3275//4975 3247//4975 3276//4975
f 3276//4976 3247//4976 3277//4976
f 3247//4977 3246//4977 3277//4977
f 3215//4978 3278//4978 3189//4978
f 3278//4979 3279//4979 3189//4979
f 3189//4980 3279//4980 3280//4980
f 3280//4981 3281//4981 3189//4981
f 3281//4982 3282//4982 3189//4982
f 3189//4983 3282//4983 3283//4983
f 3248//4984 3284//4984 3182//4984
f 3284//4985 3285//4985 3182//4985
f 3182//4986 3285//4986 3286//4986
f 3217//4987 3287//4987 2112//4987
f 3287//4988 3288//4988 2112//4988
f 2112//4989 3288//4989 3191//4989
f 3192//4990 3289//4990 2112//4990
f 3289//4991 3290//4991 2112//4991
f 2112//4992 3290//4992 3250//4992
f 3264//4993 3291//4993 777//4993
f 3291//4994 3292//4994 777//4994
f 777//4995 3292//4995 3293//4995
f 3267//4996 3294//4996 33//4996
f 3294//4997 3295//4997 33//4997
f 33//4998 3295//4998 34//4998
f 3295//4999 3296//4999 34//4999
f 34//5000 3296//5000 3297//5000
f 3297//5001 3298//5001 34//5001
f 3298//5002 3299//5002 34//5002
f 34//5003 3299//5003 3300//5003
f 3270//5004 3301//5004 34//5004
f 3301//5005 3302//5005 34//5005
f 34//5006 3302//5006 3303//5006
f 3303//5007 3304//5007 34//5007
f 3304//5008 3305//5008 34//5008
f 34//5009 3305//5009 3222//5009
f 3293//5010 3306//5010 777//5010
f 3306//5011 3307//5011 777//5011
f 777//5012 3307//5012 33//5012
f 3307//5013 3308//5013 33//5013
f 33//5014 3308//5014 3209//5014
f 3300//5015 3309//5015 34//5015
f 3309//5016 3310//5016 34//5016
f 34//5017 3310//5017 3268//5017
f 3282//5018 3311//5018 3283//5018
f 3311//5019 3312//5019 3283//5019
f 3283//5020 3312//5020 3313//5020
f 3313//5021 3314//5021 3283//5021
f 3314//5022 3315//5022 3283//5022
f 3283//5023 3315//5023 3316//5023
f 3315//5024 3317//5024 3316//5024
f 3316//5024 3317//5024 3247//5024
f 3317//5023 3318//5023 3247//5023
f 3247//5025 3318//5025 3245//5025
f 3286//5026 3319//5026 3182//5026
f 3319//5027 3320//5027 3182//5027
f 3182//5028 3320//5028 3321//5028
f 3321//5029 3322//5029 3182//5029
f 3322//5030 3323//5030 3182//5030
f 3182//5031 3323//5031 2112//5031
f 3323//5032 3324//5032 2112//5032
f 2112//5033 3324//5033 3216//5033
f 1333//5034 1334//5034 1695//5034
f 1363//5035 1364//5035 774//5035
f 1258//5036 1259//5036 1695//5036
f 1338//5037 1339//5037 1696//5037
f 1339//5038 1340//5038 1696//5038
f 1696//5039 1340//5039 1341//5039
f 1230//5040 1231//5040 2146//5040
f 1258//5041 1695//5041 1257//5041
f 1695//5042 1315//5042 1316//5042
f 1319//5043 1320//5043 1695//5043
f 1320//5044 1321//5044 1695//5044
f 1321//5045 1322//5045 1695//5045
f 1322//5046 1323//5046 1695//5046
f 1695//5047 1323//5047 1324//5047
f 1346//5048 1696//5048 1345//5048
f 1696//5049 1344//5049 1345//5049
f 1346//5050 1347//5050 1696//5050
f 1347//5051 1348//5051 1696//5051
f 1696//5052 1348//5052 1349//5052
f 1349//5053 1350//5053 1696//5053
f 1350//5054 1351//5054 1696//5054
f 1696//5055 1351//5055 1352//5055
f 1273//5056 1274//5056 774//5056
f 1274//5057 1275//5057 774//5057
f 774//5058 1275//5058 1276//5058
f 1252//5059 1253//5059 1695//5059
f 1253//5060 1254//5060 1695//5060
f 1259//5061 1260//5061 1695//5061
f 1260//5062 1261//5062 1695//5062
f 1695//5063 1261//5063 1262//5063
f 1316//5064 1317//5064 1695//5064
f 1317//5065 1318//5065 1695//5065
f 1695//5066 1318//5066 1319//5066
f 1334//5067 1335//5067 1695//5067
f 1335//5068 1336//5068 1695//5068
f 1695//5069 1336//5069 1696//5069
f 1336//5070 1337//5070 1696//5070
f 1696//5071 1337//5071 1338//5071
f 1341//5072 1342//5072 1696//5072
f 1342//5073 1343//5073 1696//5073
f 1696//5074 1343//5074 1344//5074
f 1309//5075 1310//5075 1262//5075
f 1285//5076 1286//5076 1846//5076
f 1254//5077 1255//5077 1695//5077
f 1255//5078 1256//5078 1695//5078
f 1695//5079 1256//5079 1257//5079
f 1262//5080 1313//5080 1695//5080
f 1313//5081 1314//5081 1695//5081
f 1695//5082 1314//5082 1315//5082
f 1324//5083 1325//5083 1695//5083
f 1325//5084 1326//5084 1695//5084
f 1695//5085 1326//5085 1327//5085
f 1310//5086 1311//5086 1262//5086
f 1311//2212 1312//2212 1262//2212
f 1262//5087 1312//5087 1313//5087
f 774//5088 1279//5088 1280//5088
f 1285//5089 1846//5089 1284//5089
f 1237//5090 1238//5090 2146//5090
f 1238//5091 1239//5091 2146//5091
f 1242//5092 1243//5092 2146//5092
f 1243//5093 1244//5093 2146//5093
f 2146//5094 1244//5094 1245//5094
f 1249//5095 1250//5095 1695//5095
f 1250//5096 1251//5096 1695//5096
f 1695//5097 1251//5097 1252//5097
f 1327//5098 1328//5098 1695//5098
f 1328//5099 1329//5099 1695//5099
f 1695//5100 1329//5100 1330//5100
f 1356//5101 1357//5101 776//5101
f 1357//5102 1358//5102 776//5102
f 776//5103 1358//5103 1359//5103
f 1364//5104 1365//5104 774//5104
f 1365//5105 1366//5105 774//5105
f 774//5106 1366//5106 1273//5106
f 1366//5107 1367//5107 1273//5107
f 1273//5108 1367//5108 1368//5108
f 1301//5109 1302//5109 1263//5109
f 1304//5110 1305//5110 1262//5110
f 1305//5111 1306//5111 1262//5111
f 1368//5112 1369//5112 1273//5112
f 1369//5113 1370//5113 1273//5113
f 1273//5114 1370//5114 1272//5114
f 1370//5115 1271//5115 1272//5115
f 1276//5116 1277//5116 774//5116
f 1277//5117 1278//5117 774//5117
f 774//5118 1278//5118 1279//5118
f 1286//5119 1287//5119 1846//5119
f 1287//5120 1288//5120 1846//5120
f 1846//5121 1288//5121 1289//5121
f 1289//5122 1290//5122 1846//5122
f 1290//5123 1291//5123 1846//5123
f 1846//5124 1291//5124 1292//5124
f 1292//5125 1293//5125 1846//5125
f 1293//5126 1294//5126 1846//5126
f 1846//5127 1294//5127 1295//5127
f 1298//5128 1299//5128 1846//5128
f 1299//5129 1228//5129 1846//5129
f 1846//5130 1228//5130 2146//5130
f 1228//5131 1229//5131 2146//5131
f 2146//5132 1229//5132 1230//5132
f 1231//5133 1232//5133 2146//5133
f 1232//5134 1233//5134 2146//5134
f 2146//5135 1233//5135 1234//5135
f 1234//5136 1235//5136 2146//5136
f 1235//5137 1236//5137 2146//5137
f 2146//5138 1236//5138 1237//5138
f 1239//5139 1240//5139 2146//5139
f 1240//5140 1241//5140 2146//5140
f 2146//5141 1241//5141 1242//5141
f 1245//5142 1246//5142 2146//5142
f 1246//5143 1247//5143 2146//5143
f 2146//5144 1247//5144 1695//5144
f 1247//5145 1248//5145 1695//5145
f 1695//5146 1248//5146 1249//5146
f 1352//5147 1353//5147 1696//5147
f 1353//5148 1354//5148 1696//5148
f 1696//5149 1354//5149 776//5149
f 1354//5150 1355//5150 776//5150
f 776//5151 1355//5151 1356//5151
f 1359//5152 1360//5152 776//5152
f 1360//5153 1361//5153 776//5153
f 776//5154 1361//5154 774//5154
f 1361//5155 1362//5155 774//5155
f 774//5156 1362//5156 1363//5156
f 1306//5157 1307//5157 1262//5157
f 1307//5158 1308//5158 1262//5158
f 1262//5159 1308//5159 1309//5159
f 1295//5160 1296//5160 1846//5160
f 1296//5161 1297//5161 1846//5161
f 1846//5162 1297//5162 1298//5162
f 1330//5163 1331//5163 1695//5163
f 1331//5164 1332//5164 1695//5164
f 1695//5165 1332//5165 1333//5165
f 1263//5166 1302//5166 1262//5166
f 1302//5167 1303//5167 1262//5167
f 1262//5168 1303//5168 1304//5168
f 1280//5169 1281//5169 774//5169
f 1281//5170 1282//5170 774//5170
f 774//5171 1282//5171 1846//5171
f 1282//5172 1283//5172 1846//5172
f 1846//5173 1283//5173 1284//5173
f 1267//5174 1268//5174 1370//5174
f 1268//5175 1269//5175 1370//5175
f 1269//5176 1270//5176 1370//5176
f 1370//5177 1270//5177 1271//5177
f 1301//5178 1263//5178 1300//5178
f 1263//5179 1264//5179 1300//5179
f 1300//5180 1264//5180 1371//5180
f 1264//5181 1265//5181 1371//5181
f 1371//5182 1265//5182 1370//5182
f 1265//5183 1266//5183 1370//5183
f 1370//5184 1266//5184 1267//5184
f 362//5185 1836//5185 351//5185
f 1836//5186 1834//5186 351//5186
f 351//5187 1834//5187 352//5187
f 1834//5188 1787//5188 352//5188
f 352//5189 1787//5189 354//5189
f 1787//5189 1786//5189 354//5189
f 354//5190 1786//5190 355//5190
f 1786//5191 1785//5191 355//5191
f 355//5192 1785//5192 356//5192
f 1785//5192 1784//5192 356//5192
f 356//5193 1784//5193 357//5193
f 1784//5194 1827//5194 357//5194
f 357//5195 1827//5195 365//5195
f 1827//5195 1826//5195 365//5195
f 365//5196 1826//5196 366//5196
f 1826//5196 1825//5196 366//5196
f 366//5197 1825//5197 367//5197
f 1825//5197 1712//5197 367//5197
f 367//5198 1712//5198 383//5198
f 1712//5198 1711//5198 383//5198
f 383//5199 1711//5199 384//5199
f 1711//5199 1710//5199 384//5199
f 384//5200 1710//5200 385//5200
f 1710//5200 1709//5200 385//5200
f 385//5201 1709//5201 386//5201
f 1709//5201 1732//5201 386//5201
f 386//5202 1732//5202 419//5202
f 1732//5203 1731//5203 419//5203
f 419//5204 1731//5204 420//5204
f 1731//5205 1726//5205 420//5205
f 420//5206 1726//5206 421//5206
f 1726//5207 1725//5207 421//5207
f 421//5208 1725//5208 422//5208
f 1725//5209 1724//5209 422//5209
f 422//5210 1724//5210 423//5210
f 1724//5211 1705//5211 423//5211
f 423//5212 1705//5212 393//5212
f 1705//5213 1704//5213 393//5213
f 393//5214 1704//5214 394//5214
f 1704//5214 1730//5214 394//5214
f 394//5215 1730//5215 395//5215
f 1730//5215 1729//5215 395//5215
f 395//5216 1729//5216 407//5216
f 1729//5216 1701//5216 407//5216
f 407//5217 1701//5217 408//5217
f 1701//5217 1702//5217 408//5217
f 408//5218 1702//5218 409//5218
f 1702//5219 1703//5219 409//5219
f 409//5220 1703//5220 396//5220
f 1703//5220 1777//5220 396//5220
f 396//5221 1777//5221 397//5221
f 1777//5222 1776//5222 397//5222
f 397//5223 1776//5223 398//5223
f 1776//5223 1775//5223 398//5223
f 398//5224 1775//5224 387//5224
f 1775//5224 1774//5224 387//5224
f 387//5225 1774//5225 388//5225
f 1774//5226 1761//5226 388//5226
f 388//5227 1761//5227 399//5227
f 1761//5228 1760//5228 399//5228
f 399//5229 1760//5229 400//5229
f 1760//5229 1759//5229 400//5229
f 400//5230 1759//5230 349//5230
f 1759//5230 1723//5230 349//5230
f 349//5231 1723//5231 350//5231
f 1723//5232 1722//5232 350//5232
f 350//5233 1722//5233 358//5233
f 1722//5234 1721//5234 358//5234
f 358//5235 1721//5235 359//5235
f 1721//5236 1758//5236 359//5236
f 359//5237 1758//5237 360//5237
f 1758//5238 1757//5238 360//5238
f 360//5239 1757//5239 361//5239
f 1757//5239 1756//5239 361//5239
f 361//5240 1756//5240 368//5240
f 1756//5240 1755//5240 368//5240
f 368//5241 1755//5241 369//5241
f 1755//5242 1754//5242 369//5242
f 369//5243 1754//5243 370//5243
f 1754//5244 1753//5244 370//5244
f 370//5245 1753//5245 371//5245
f 1753//5245 1752//5245 371//5245
f 371//5246 1752//5246 372//5246
f 1752//5247 1773//5247 372//5247
f 372//5248 1773//5248 373//5248
f 1773//5249 1772//5249 373//5249
f 373//5250 1772//5250 401//5250
f 1772//5251 1749//5251 401//5251
f 401//5252 1749//5252 402//5252
f 1749//5253 1750//5253 402//5253
f 402//5254 1750//5254 403//5254
f 1750//5255 1751//5255 403//5255
f 403//5256 1751//5256 410//5256
f 1751//5257 1771//5257 410//5257
f 410//5258 1771//5258 411//5258
f 1771//5259 1770//5259 411//5259
f 411//5260 1770//5260 412//5260
f 1770//5260 1769//5260 412//5260
f 412//5261 1769//5261 413//5261
f 1769//5261 1812//5261 413//5261
f 413//5262 1812//5262 414//5262
f 1812//5263 1811//5263 414//5263
f 414//5264 1811//5264 415//5264
f 1811//5264 1799//5264 415//5264
f 415//5265 1799//5265 389//5265
f 1799//5265 1798//5265 389//5265
f 389//5266 1798//5266 390//5266
f 1798//5266 1797//5266 390//5266
f 390//5267 1797//5267 392//5267
f 1797//5267 1768//5267 392//5267
f 392//5268 1768//5268 404//5268
f 1768//5269 1767//5269 404//5269
f 404//5270 1767//5270 405//5270
f 1767//5271 1810//5271 405//5271
f 405//5272 1810//5272 406//5272
f 1810//5273 1809//5273 406//5273
f 406//5274 1809//5274 416//5274
f 1809//5275 1824//5275 416//5275
f 416//5276 1824//5276 417//5276
f 1824//5276 1823//5276 417//5276
f 417//5277 1823//5277 418//5277
f 1823//5277 1808//5277 418//5277
f 418//5278 1808//5278 374//5278
f 1808//5279 1807//5279 374//5279
f 374//5280 1807//5280 375//5280
f 1807//5281 1806//5281 375//5281
f 375//5282 1806//5282 376//5282
f 1806//5282 1796//5282 376//5282
f 376//5283 1796//5283 377//5283
f 1796//5284 1795//5284 377//5284
f 377//5285 1795//5285 378//5285
f 1795//5286 1794//5286 378//5286
f 378//5287 1794//5287 379//5287
f 1794//5287 1793//5287 379//5287
f 379//5288 1793//5288 380//5288
f 1793//5289 1832//5289 380//5289
f 380//5290 1832//5290 381//5290
f 1832//5290 1831//5290 381//5290
f 381//5291 1831//5291 382//5291
f 1831//5291 1735//5291 382//5291
f 382//5292 1735//5292 364//5292
f 1735//5292 1837//5292 364//5292
f 364//5293 1837//5293 362//5293
f 1837//5293 1836//5293 362//5293
f 465//5294 3258//5294 453//5294
f 3258//5294 3257//5294 453//5294
f 453//5295 3257//5295 454//5295
f 3257//5187 3256//5187 454//5187
f 454//5296 3256//5296 455//5296
f 3256//5189 3231//5189 455//5189
f 455//5190 3231//5190 442//5190
f 3231//5190 3230//5190 442//5190
f 442//5297 3230//5297 441//5297
f 3230//5297 3229//5297 441//5297
f 441//5298 3229//5298 440//5298
f 3229//5299 3255//5299 440//5299
f 440//5300 3255//5300 475//5300
f 3255//5301 3254//5301 475//5301
f 475//5302 3254//5302 476//5302
f 3254//5196 3253//5196 476//5196
f 476//5197 3253//5197 477//5197
f 3253//5197 3252//5197 477//5197
f 477//5198 3252//5198 501//5198
f 3252//5198 3251//5198 501//5198
f 501//5303 3251//5303 502//5303
f 3251//5304 3250//5304 502//5304
f 502//5305 3250//5305 503//5305
f 3250//5200 3290//5200 503//5200
f 503//5201 3290//5201 443//5201
f 3290//5201 3289//5201 443//5201
f 443//5306 3289//5306 444//5306
f 3289//5306 3192//5306 444//5306
f 444//5307 3192//5307 466//5307
f 3192//5307 3191//5307 466//5307
f 466//5207 3191//5207 467//5207
f 3191//5207 3288//5207 467//5207
f 467//5308 3288//5308 468//5308
f 3288//5308 3287//5308 468//5308
f 468//5309 3287//5309 478//5309
f 3287//5310 3217//5310 478//5310
f 478//5311 3217//5311 479//5311
f 3217//5312 3216//5312 479//5312
f 479//5313 3216//5313 456//5313
f 3216//5314 3324//5314 456//5314
f 456//5315 3324//5315 457//5315
f 3324//5215 3323//5215 457//5215
f 457//5216 3323//5216 507//5216
f 3323//5216 3322//5216 507//5216
f 507//5316 3322//5316 508//5316
f 3322//5316 3321//5316 508//5316
f 508//5317 3321//5317 509//5317
f 3321//5317 3320//5317 509//5317
f 509//5318 3320//5318 489//5318
f 3320//5318 3319//5318 489//5318
f 489//5319 3319//5319 488//5319
f 3319//5320 3286//5320 488//5320
f 488//5321 3286//5321 487//5321
f 3286//5321 3285//5321 487//5321
f 487//5322 3285//5322 490//5322
f 3285//5323 3284//5323 490//5323
f 490//5324 3284//5324 491//5324
f 3284//5325 3248//5325 491//5325
f 491//5326 3248//5326 469//5326
f 3248//5326 3242//5326 469//5326
f 469//5327 3242//5327 470//5327
f 3242//5328 3276//5328 470//5328
f 470//5329 3276//5329 480//5329
f 3276//5330 3277//5330 480//5330
f 480//5331 3277//5331 481//5331
f 3277//5331 3246//5331 481//5331
f 481//5332 3246//5332 471//5332
f 3246//5333 3245//5333 471//5333
f 471//5334 3245//5334 472//5334
f 3245//5334 3318//5334 472//5334
f 472//5335 3318//5335 473//5335
f 3318//5336 3317//5336 473//5336
f 473//5337 3317//5337 474//5337
f 3317//5337 3315//5337 474//5337
f 474//5338 3315//5338 438//5338
f 3315//5339 3314//5339 438//5339
f 438//5340 3314//5340 439//5340
f 3314//5341 3313//5341 439//5341
f 439//5342 3313//5342 458//5342
f 3313//5343 3312//5343 458//5343
f 458//5344 3312//5344 459//5344
f 3312//5344 3311//5344 459//5344
f 459//5345 3311//5345 445//5345
f 3311//5346 3282//5346 445//5346
f 445//5347 3282//5347 446//5347
f 3282//5348 3281//5348 446//5348
f 446//5349 3281//5349 460//5349
f 3281//5350 3280//5350 460//5350
f 460//5351 3280//5351 461//5351
f 3280//5352 3279//5352 461//5352
f 461//5353 3279//5353 462//5353
f 3279//5354 3278//5354 462//5354
f 462//5355 3278//5355 492//5355
f 3278//5356 3215//5356 492//5356
f 492//5357 3215//5357 493//5357
f 3215//5357 3214//5357 493//5357
f 493//5358 3214//5358 494//5358
f 3214//5359 3213//5359 494//5359
f 494//5360 3213//5360 463//5360
f 3213//5361 3190//5361 463//5361
f 463//5362 3190//5362 464//5362
f 3190//5363 3188//5363 464//5363
f 464//5364 3188//5364 495//5364
f 3188//5365 3184//5365 495//5365
f 495//5366 3184//5366 496//5366
f 3184//5367 3183//5367 496//5367
f 496//5368 3183//5368 497//5368
f 3183//5369 3202//5369 497//5369
f 497//5370 3202//5370 498//5370
f 3202//5371 3201//5371 498//5371
f 498//5372 3201//5372 499//5372
f 3201//5373 3221//5373 499//5373
f 499//5374 3221//5374 500//5374
f 3221//5375 3220//5375 500//5375
f 500//5376 3220//5376 504//5376
f 3220//5377 3200//5377 504//5377
f 504//5378 3200//5378 505//5378
f 3200//5379 3199//5379 505//5379
f 505//5380 3199//5380 506//5380
f 3199//5381 3198//5381 506//5381
f 506//5382 3198//5382 447//5382
f 3198//5383 3197//5383 447//5383
f 447//5384 3197//5384 448//5384
f 3197//5385 3260//5385 448//5385
f 448//5386 3260//5386 449//5386
f 3260//5386 3259//5386 449//5386
f 449//5387 3259//5387 450//5387
f 3259//5388 3219//5388 450//5388
f 450//5389 3219//5389 482//5389
f 3219//5390 3218//5390 482//5390
f 482//5391 3218//5391 483//5391
f 3218//5392 3233//5392 483//5392
f 483//5393 3233//5393 484//5393
f 3233//5393 3232//5393 484//5393
f 484//5394 3232//5394 485//5394
f 3232//5395 3196//5395 485//5395
f 485//5396 3196//5396 486//5396
f 3196//5397 3195//5397 486//5397
f 486//5398 3195//5398 451//5398
f 3195//5399 3194//5399 451//5399
f 451//5400 3194//5400 452//5400
f 3194//5401 3193//5401 452//5401
f 452//5402 3193//5402 465//5402
f 3193//5402 3258//5402 465//5402
f 588//5403 3316//5403 589//5403
f 3316//5404 3247//5404 589//5404
f 589//5405 3247//5405 592//5405
f 3247//5295 3275//5295 592//5295
f 592//5406 3275//5406 593//5406
f 3275//5407 3274//5407 593//5407
f 593//5408 3274//5408 568//5408
f 3274//5409 3273//5409 568//5409
f 568//5410 3273//5410 569//5410
f 3273//5411 3272//5411 569//5411
f 569//5412 3272//5412 570//5412
f 3272//5413 3271//5413 570//5413
f 570//5414 3271//5414 590//5414
f 3271//5415 3244//5415 590//5415
f 590//5416 3244//5416 591//5416
f 3244//5417 3243//5417 591//5417
f 591//5418 3243//5418 546//5418
f 3243//5419 3241//5419 546//5419
f 546//5420 3241//5420 547//5420
f 3241//5421 3240//5421 547//5421
f 547//5422 3240//5422 548//5422
f 3240//5423 3249//5423 548//5423
f 548//5424 3249//5424 549//5424
f 3249//5425 3182//5425 549//5425
f 549//5426 3182//5426 539//5426
f 3182//5426 3181//5426 539//5426
f 539//5427 3181//5427 540//5427
f 3181//5428 3187//5428 540//5428
f 540//5429 3187//5429 541//5429
f 3187//5430 3228//5430 541//5430
f 541//5431 3228//5431 542//5431
f 3228//5432 3227//5432 542//5432
f 542//5433 3227//5433 550//5433
f 3227//5433 3226//5433 550//5433
f 550//5434 3226//5434 551//5434
f 3226//5434 3225//5434 551//5434
f 551//5435 3225//5435 531//5435
f 3225//5436 3224//5436 531//5436
f 531//5437 3224//5437 532//5437
f 3224//5438 3223//5438 532//5438
f 532//5439 3223//5439 533//5439
f 3223//5440 3222//5440 533//5440
f 533//5441 3222//5441 552//5441
f 3222//5441 3305//5441 552//5441
f 552//5442 3305//5442 553//5442
f 3305//5443 3304//5443 553//5443
f 553//5444 3304//5444 554//5444
f 3304//5445 3303//5445 554//5445
f 554//5446 3303//5446 543//5446
f 3303//5446 3302//5446 543//5446
f 543//5447 3302//5447 534//5447
f 3302//5448 3301//5448 534//5448
f 534//5449 3301//5449 535//5449
f 3301//5450 3270//5450 535//5450
f 535//5451 3270//5451 558//5451
f 3270//5452 3269//5452 558//5452
f 558//5453 3269//5453 559//5453
f 3269//5453 3268//5453 559//5453
f 559//5454 3268//5454 560//5454
f 3268//5455 3310//5455 560//5455
f 560//5456 3310//5456 561//5456
f 3310//5457 3309//5457 561//5457
f 561//5458 3309//5458 562//5458
f 3309//5459 3300//5459 562//5459
f 562//5460 3300//5460 522//5460
f 3300//5460 3299//5460 522//5460
f 522//5333 3299//5333 523//5333
f 3299//5332 3298//5332 523//5332
f 523//5461 3298//5461 524//5461
f 3298//5461 3297//5461 524//5461
f 524//5336 3297//5336 525//5336
f 3297//5335 3296//5335 525//5335
f 525//5462 3296//5462 528//5462
f 3296//5463 3295//5463 528//5463
f 528//5464 3295//5464 529//5464
f 3295//5338 3294//5338 529//5338
f 529//5465 3294//5465 530//5465
f 3294//5466 3267//5466 530//5466
f 530//5467 3267//5467 536//5467
f 3267//5468 3266//5468 536//5468
f 536//5469 3266//5469 537//5469
f 3266//5469 3265//5469 537//5469
f 537//5470 3265//5470 538//5470
f 3265//5471 3239//5471 538//5471
f 538//5347 3239//5347 544//5347
f 3239//5472 3238//5472 544//5472
f 544//5473 3238//5473 545//5473
f 3238//5474 3237//5474 545//5474
f 545//5475 3237//5475 526//5475
f 3237//5351 3236//5351 526//5351
f 526//5354 3236//5354 527//5354
f 3236//5353 3235//5353 527//5353
f 527//5356 3235//5356 571//5356
f 3235//5355 3234//5355 571//5355
f 571//5476 3234//5476 572//5476
f 3234//5476 3212//5476 572//5476
f 572//5477 3212//5477 573//5477
f 3212//5477 3211//5477 573//5477
f 573//5478 3211//5478 555//5478
f 3211//5479 3210//5479 555//5479
f 555//5480 3210//5480 556//5480
f 3210//5481 3207//5481 556//5481
f 556//5482 3207//5482 557//5482
f 3207//5483 3208//5483 557//5483
f 557//5484 3208//5484 563//5484
f 3208//5484 3209//5484 563//5484
f 563//5485 3209//5485 564//5485
f 3209//5486 3308//5486 564//5486
f 564//5487 3308//5487 565//5487
f 3308//5370 3307//5370 565//5370
f 565//5373 3307//5373 574//5373
f 3307//5372 3306//5372 574//5372
f 574//5488 3306//5488 575//5488
f 3306//5374 3293//5374 575//5374
f 575//5489 3293//5489 576//5489
f 3293//5489 3292//5489 576//5489
f 576//5490 3292//5490 577//5490
f 3292//5491 3291//5491 577//5491
f 577//5492 3291//5492 578//5492
f 3291//5493 3264//5493 578//5493
f 578//5494 3264//5494 579//5494
f 3264//5494 3263//5494 579//5494
f 579//5495 3263//5495 566//5495
f 3263//5496 3262//5496 566//5496
f 566//5497 3262//5497 567//5497
f 3262//5497 3261//5497 567//5497
f 567//5388 3261//5388 580//5388
f 3261//5387 3206//5387 580//5387
f 580//5498 3206//5498 581//5498
f 3206//5499 3205//5499 581//5499
f 581//5500 3205//5500 582//5500
f 3205//5501 3204//5501 582//5501
f 582//5502 3204//5502 583//5502
f 3204//5502 3186//5502 583//5502
f 583//5503 3186//5503 584//5503
f 3186//5503 3185//5503 584//5503
f 584//5504 3185//5504 585//5504
f 3185//5504 3203//5504 585//5504
f 585//5505 3203//5505 586//5505
f 3203//5506 3189//5506 586//5506
f 586//5507 3189//5507 587//5507
f 3189//5508 3283//5508 587//5508
f 587//5509 3283//5509 588//5509
f 3283//5510 3316//5510 588//5510
f 1170//5186 1714//5186 1171//5186
f 1714//5185 1766//5185 1171//5185
f 1171//5188 1766//5188 1166//5188
f 1766//5188 1765//5188 1166//5188
f 1166//5189 1765//5189 1167//5189
f 1765//5296 1764//5296 1167//5296
f 1167//5191 1764//5191 1172//5191
f 1764//5190 1763//5190 1172//5190
f 1172//5297 1763//5297 1173//5297
f 1763//5511 1762//5511 1173//5511
f 1173//5512 1762//5512 1174//5512
f 1762//5513 1742//5513 1174//5513
f 1174//5514 1742//5514 1190//5514
f 1742//5514 1741//5514 1190//5514
f 1190//5515 1741//5515 1191//5515
f 1741//5515 1805//5515 1191//5515
f 1191//5197 1805//5197 1192//5197
f 1805//5516 1804//5516 1192//5516
f 1192//5517 1804//5517 1216//5517
f 1804//5517 1792//5517 1216//5517
f 1216//5304 1792//5304 1217//5304
f 1792//5303 1791//5303 1217//5303
f 1217//5200 1791//5200 1218//5200
f 1791//5200 1790//5200 1218//5200
f 1218//5518 1790//5518 1219//5518
f 1790//5518 1845//5518 1219//5518
f 1219//5306 1845//5306 1220//5306
f 1845//5519 1844//5519 1220//5519
f 1220//5520 1844//5520 1221//5520
f 1844//5521 1843//5521 1221//5521
f 1221//5522 1843//5522 1222//5522
f 1843//5522 1842//5522 1222//5522
f 1222//5523 1842//5523 1223//5523
f 1842//5524 1841//5524 1223//5524
f 1223//5525 1841//5525 1224//5525
f 1841//5309 1819//5309 1224//5309
f 1224//5526 1819//5526 1193//5526
f 1819//5527 1818//5527 1193//5527
f 1193//5314 1818//5314 1194//5314
f 1818//5313 1830//5313 1194//5313
f 1194//5215 1830//5215 1195//5215
f 1830//5215 1838//5215 1195//5215
f 1195//5216 1838//5216 1196//5216
f 1838//5216 1817//5216 1196//5216
f 1196//5217 1817//5217 1197//5217
f 1817//5217 1816//5217 1197//5217
f 1197//5528 1816//5528 1198//5528
f 1816//5528 1840//5528 1198//5528
f 1198//5529 1840//5529 1177//5529
f 1840//5529 1839//5529 1177//5529
f 1177//5319 1839//5319 1178//5319
f 1839//5319 1789//5319 1178//5319
f 1178//5530 1789//5530 1179//5530
f 1789//5530 1788//5530 1179//5530
f 1179//5531 1788//5531 1175//5531
f 1788//5531 1829//5531 1175//5531
f 1175//5532 1829//5532 1176//5532
f 1829//5532 1828//5532 1176//5532
f 1176//5228 1828//5228 1180//5228
f 1828//5227 1815//5227 1180//5227
f 1180//5533 1815//5533 1181//5533
f 1815//5533 1814//5533 1181//5533
f 1181//5534 1814//5534 1156//5534
f 1814//5535 1813//5535 1156//5535
f 1156//5536 1813//5536 1154//5536
f 1813//5536 1803//5536 1154//5536
f 1154//5234 1803//5234 1155//5234
f 1803//5234 1802//5234 1155//5234
f 1155//5537 1802//5537 1157//5537
f 1802//5461 1833//5461 1157//5461
f 1157//5538 1833//5538 1158//5538
f 1833//5539 1835//5539 1158//5539
f 1158//5540 1835//5540 1159//5540
f 1835//5540 1740//5540 1159//5540
f 1159//5541 1740//5541 1160//5541
f 1740//5542 1739//5542 1160//5542
f 1160//5543 1739//5543 1199//5543
f 1739//5544 1738//5544 1199//5544
f 1199//5545 1738//5545 1200//5545
f 1738//5545 1737//5545 1200//5545
f 1200//5546 1737//5546 1201//5546
f 1737//5547 1736//5547 1201//5547
f 1201//5548 1736//5548 1202//5548
f 1736//5549 1801//5549 1202//5549
f 1202//5249 1801//5249 1203//5249
f 1801//5249 1800//5249 1203//5249
f 1203//5550 1800//5550 1204//5550
f 1800//5550 1783//5550 1204//5550
f 1204//5253 1783//5253 1211//5253
f 1783//5551 1782//5551 1211//5551
f 1211//5255 1782//5255 1212//5255
f 1782//5254 1781//5254 1212//5254
f 1212//5552 1781//5552 1206//5552
f 1781//5553 1780//5553 1206//5553
f 1206//5554 1780//5554 1205//5554
f 1780//5555 1779//5555 1205//5555
f 1205//5556 1779//5556 1182//5556
f 1779//5556 1778//5556 1182//5556
f 1182//5557 1778//5557 1183//5557
f 1778//5557 1734//5557 1183//5557
f 1183//5558 1734//5558 1207//5558
f 1734//5558 1733//5558 1207//5558
f 1207//5559 1733//5559 1208//5559
f 1733//5559 1822//5559 1208//5559
f 1208//5265 1822//5265 1184//5265
f 1822//5560 1821//5560 1184//5560
f 1184//5561 1821//5561 1185//5561
f 1821//5561 1820//5561 1185//5561
f 1185//5562 1820//5562 1186//5562
f 1820//5562 1748//5562 1186//5562
f 1186//5269 1748//5269 1213//5269
f 1748//5268 1747//5268 1213//5268
f 1213//5563 1747//5563 1214//5563
f 1747//5563 1746//5563 1214//5563
f 1214//5564 1746//5564 1215//5564
f 1746//5564 1745//5564 1215//5564
f 1215//5275 1745//5275 1225//5275
f 1745//5565 1744//5565 1225//5565
f 1225//5566 1744//5566 1226//5566
f 1744//5567 1743//5567 1226//5567
f 1226//5568 1743//5568 1227//5568
f 1743//5569 1720//5569 1227//5569
f 1227//5570 1720//5570 1161//5570
f 1720//5571 1719//5571 1161//5571
f 1161//5572 1719//5572 1162//5572
f 1719//5572 1718//5572 1162//5572
f 1162//5573 1718//5573 1164//5573
f 1718//5573 1708//5573 1164//5573
f 1164//5574 1708//5574 1187//5574
f 1708//5574 1707//5574 1187//5574
f 1187//5575 1707//5575 1188//5575
f 1707//5576 1728//5576 1188//5576
f 1188//5577 1728//5577 1189//5577
f 1728//5577 1727//5577 1189//5577
f 1189//5578 1727//5578 1209//5578
f 1727//5579 1717//5579 1209//5579
f 1209//5580 1717//5580 1210//5580
f 1717//5580 1716//5580 1210//5580
f 1210//5581 1716//5581 1168//5581
f 1716//5581 1715//5581 1168//5581
f 1168//5292 1715//5292 1169//5292
f 1715//5292 1713//5292 1169//5292
f 1169//5293 1713//5293 1170//5293
f 1713//5582 1714//5582 1170//5582
f 1421//275 1052//275 1423//275
f 1052//276 1053//276 1423//276
f 1423//5583 1053//5583 1425//5583
f 1053//5584 1054//5584 1425//5584
f 1425//139 1054//139 1427//139
f 1054//5585 1055//5585 1427//5585
f 1427//5586 1055//5586 1429//5586
f 1055//5587 1056//5587 1429//5587
f 1429//218 1056//218 1431//218
f 1056//5588 1057//5588 1431//5588
f 1431//5589 1057//5589 1433//5589
f 1057//5590 1058//5590 1433//5590
f 1433//146 1058//146 1435//146
f 1058//147 1059//147 1435//147
f 1435//148 1059//148 1437//148
f 1059//5591 1060//5591 1437//5591
f 1437//5592 1060//5592 1439//5592
f 1060//5593 1061//5593 1439//5593
f 1439//5594 1061//5594 1441//5594
f 1061//5595 1062//5595 1441//5595
f 1441//154 1062//154 1443//154
f 1062//5596 1063//5596 1443//5596
f 1443//5597 1063//5597 1445//5597
f 1063//86 1064//86 1445//86
f 1445//87 1064//87 1447//87
f 1064//5598 1065//5598 1447//5598
f 1447//236 1065//236 1449//236
f 1065//5599 1066//5599 1449//5599
f 1449//5600 1066//5600 1451//5600
f 1066//158 1067//158 1451//158
f 1451//239 1067//239 1453//239
f 1067//5601 1068//5601 1453//5601
f 1453//5602 1068//5602 1455//5602
f 1068//5603 1069//5603 1455//5603
f 1455//301 1069//301 1457//301
f 1069//244 1070//244 1457//244
f 1457//5604 1070//5604 1459//5604
f 1070//5605 1071//5605 1459//5605
f 1459//5606 1071//5606 1461//5606
f 1071//168 1072//168 1461//168
f 1461//5607 1072//5607 1463//5607
f 1072//104 1073//104 1463//104
f 1463//5608 1073//5608 1465//5608
f 1073//172 1074//172 1465//172
f 1465//5609 1074//5609 1467//5609
f 1074//254 1075//254 1467//254
f 1467//5610 1075//5610 1469//5610
f 1075//5611 1076//5611 1469//5611
f 1469//5612 1076//5612 1471//5612
f 1076//258 1077//258 1471//258
f 1471//259 1077//259 1473//259
f 1077//5613 1078//5613 1473//5613
f 1473//5614 1078//5614 1475//5614
f 1078//116 1079//116 1475//116
f 1475//5615 1079//5615 1477//5615
f 1079//5616 1080//5616 1477//5616
f 1477//5617 1080//5617 1479//5617
f 1080//5618 1081//5618 1479//5618
f 1479//186 1081//186 1481//186
f 1081//5619 1010//5619 1481//5619
f 1481//5620 1010//5620 1483//5620
f 1010//5621 1011//5621 1483//5621
f 1483//5622 1011//5622 1485//5622
f 1011//5623 1012//5623 1485//5623
f 1485//5624 1012//5624 1487//5624
f 1012//56 1013//56 1487//56
f 1487//57 1013//57 1489//57
f 1013//58 1014//58 1489//58
f 1489//5625 1014//5625 1491//5625
f 1014//5626 1015//5626 1491//5626
f 1491//5627 1015//5627 1493//5627
f 1015//5628 1016//5628 1493//5628
f 1493//5629 1016//5629 1495//5629
f 1016//5630 1017//5630 1495//5630
f 1495//277 1017//277 1497//277
f 1017//138 1018//138 1497//138
f 1497//5631 1018//5631 1499//5631
f 1018//5632 1019//5632 1499//5632
f 1499//5633 1019//5633 1501//5633
f 1019//5587 1020//5587 1501//5587
f 1501//218 1020//218 1503//218
f 1020//5634 1021//5634 1503//5634
f 1503//5635 1021//5635 1505//5635
f 1021//5636 1022//5636 1505//5636
f 1505//5637 1022//5637 1507//5637
f 1022//5638 1023//5638 1507//5638
f 1507//77 1023//77 1509//77
f 1023//5639 1024//5639 1509//5639
f 1509//5640 1024//5640 1511//5640
f 1024//5641 1025//5641 1511//5641
f 1511//5642 1025//5642 1513//5642
f 1025//5643 1026//5643 1513//5643
f 1513//5644 1026//5644 1515//5644
f 1026//5645 1027//5645 1515//5645
f 1515//85 1027//85 1373//85
f 1027//86 1028//86 1373//86
f 1373//87 1028//87 1375//87
f 1028//5598 1029//5598 1375//5598
f 1375//5646 1029//5646 1377//5646
f 1029//5647 1030//5647 1377//5647
f 1377//5648 1030//5648 1379//5648
f 1030//92 1031//92 1379//92
f 1379//5649 1031//5649 1381//5649
f 1031//5650 1032//5650 1381//5650
f 1381//5651 1032//5651 1383//5651
f 1032//5652 1033//5652 1383//5652
f 1383//5653 1033//5653 1385//5653
f 1033//244 1034//244 1385//244
f 1385//5654 1034//5654 1387//5654
f 1034//5655 1035//5655 1387//5655
f 1387//5656 1035//5656 1389//5656
f 1035//5657 1036//5657 1389//5657
f 1389//5658 1036//5658 1391//5658
f 1036//250 1037//250 1391//250
f 1391//251 1037//251 1393//251
f 1037//252 1038//252 1393//252
f 1393//5659 1038//5659 1395//5659
f 1038//5660 1039//5660 1395//5660
f 1395//5661 1039//5661 1397//5661
f 1039//5662 1040//5662 1397//5662
f 1397//5663 1040//5663 1399//5663
f 1040//5664 1041//5664 1399//5664
f 1399//5665 1041//5665 1401//5665
f 1041//5666 1042//5666 1401//5666
f 1401//5667 1042//5667 1403//5667
f 1042//5668 1043//5668 1403//5668
f 1403//5669 1043//5669 1405//5669
f 1043//5670 1044//5670 1405//5670
f 1405//184 1044//184 1407//184
f 1044//266 1045//266 1407//266
f 1407//198 1045//198 1409//198
f 1045//122 1046//122 1409//122
f 1409//123 1046//123 1411//123
f 1046//124 1047//124 1411//124
f 1411//5671 1047//5671 1413//5671
f 1047//5672 1048//5672 1413//5672
f 1413//5673 1048//5673 1415//5673
f 1048//5674 1049//5674 1415//5674
f 1415//5675 1049//5675 1417//5675
f 1049//5676 1050//5676 1417//5676
f 1417//5677 1050//5677 1419//5677
f 1050//132 1051//132 1419//132
f 1419//5678 1051//5678 1421//5678
f 1051//274 1052//274 1421//274
f 1635//5678 1103//5678 1637//5678
f 1103//210 1102//210 1637//210
f 1637//63 1102//63 1639//63
f 1102//5679 1101//5679 1639//5679
f 1639//277 1101//277 1641//277
f 1101//138 1100//138 1641//138
f 1641//5631 1100//5631 1643//5631
f 1100//5632 1099//5632 1643//5632
f 1643//5633 1099//5633 1645//5633
f 1099//5680 1098//5680 1645//5680
f 1645//5681 1098//5681 1647//5681
f 1098//5682 1097//5682 1647//5682
f 1647//5683 1097//5683 1649//5683
f 1097//5684 1096//5684 1649//5684
f 1649//5685 1096//5685 1651//5685
f 1096//5638 1095//5638 1651//5638
f 1651//5686 1095//5686 1653//5686
f 1095//5687 1094//5687 1653//5687
f 1653//5688 1094//5688 1655//5688
f 1094//5689 1093//5689 1655//5689
f 1655//5690 1093//5690 1657//5690
f 1093//5691 1092//5691 1657//5691
f 1657//5692 1092//5692 1659//5692
f 1092//231 1091//231 1659//231
f 1659//5693 1091//5693 1517//5693
f 1091//5694 1090//5694 1517//5694
f 1517//5695 1090//5695 1519//5695
f 1090//5696 1089//5696 1519//5696
f 1519//89 1089//89 1521//89
f 1089//90 1088//90 1521//90
f 1521//5697 1088//5697 1523//5697
f 1088//5698 1087//5698 1523//5698
f 1523//5699 1087//5699 1525//5699
f 1087//5700 1086//5700 1525//5700
f 1525//5701 1086//5701 1527//5701
f 1086//5702 1085//5702 1527//5702
f 1527//5653 1085//5653 1529//5653
f 1085//244 1084//244 1529//244
f 1529//245 1084//245 1531//245
f 1084//246 1083//246 1531//246
f 1531//5703 1083//5703 1533//5703
f 1083//5704 1082//5704 1533//5704
f 1533//5705 1082//5705 1535//5705
f 1082//250 1106//250 1535//250
f 1535//251 1106//251 1537//251
f 1106//5706 1107//5706 1537//5706
f 1537//107 1107//107 1539//107
f 1107//108 1108//108 1539//108
f 1539//109 1108//109 1541//109
f 1108//5707 1109//5707 1541//5707
f 1541//5708 1109//5708 1543//5708
f 1109//5709 1110//5709 1543//5709
f 1543//5710 1110//5710 1545//5710
f 1110//5711 1111//5711 1545//5711
f 1545//5712 1111//5712 1547//5712
f 1111//5713 1112//5713 1547//5713
f 1547//5714 1112//5714 1549//5714
f 1112//5670 1113//5670 1549//5670
f 1549//184 1113//184 1551//184
f 1113//266 1114//266 1551//266
f 1551//198 1114//198 1553//198
f 1114//122 1115//122 1553//122
f 1553//123 1115//123 1555//123
f 1115//124 1116//124 1555//124
f 1555//125 1116//125 1557//125
f 1116//126 1117//126 1557//126
f 1557//127 1117//127 1559//127
f 1117//5715 1118//5715 1559//5715
f 1559//5716 1118//5716 1561//5716
f 1118//5717 1119//5717 1561//5717
f 1561//5718 1119//5718 1563//5718
f 1119//132 1120//132 1563//132
f 1563//5678 1120//5678 1565//5678
f 1120//274 1121//274 1565//274
f 1565//275 1121//275 1567//275
f 1121//276 1122//276 1567//276
f 1567//5719 1122//5719 1569//5719
f 1122//5720 1123//5720 1569//5720
f 1569//5721 1123//5721 1571//5721
f 1123//5722 1124//5722 1571//5722
f 1571//5723 1124//5723 1573//5723
f 1124//5680 1125//5680 1573//5680
f 1573//5724 1125//5724 1575//5724
f 1125//5725 1126//5725 1575//5725
f 1575//282 1126//282 1577//282
f 1126//145 1127//145 1577//145
f 1577//5726 1127//5726 1579//5726
f 1127//5727 1128//5727 1579//5727
f 1579//5728 1128//5728 1581//5728
f 1128//283 1129//283 1581//283
f 1581//5592 1129//5592 1583//5592
f 1129//5729 1130//5729 1583//5729
f 1583//5690 1130//5690 1585//5690
f 1130//287 1131//287 1585//287
f 1585//288 1131//288 1587//288
f 1131//5596 1132//5596 1587//5596
f 1587//5597 1132//5597 1589//5597
f 1132//86 1133//86 1589//86
f 1589//234 1133//234 1591//234
f 1133//235 1134//235 1591//235
f 1591//5730 1134//5730 1593//5730
f 1134//5731 1135//5731 1593//5731
f 1593//5600 1135//5600 1595//5600
f 1135//5732 1136//5732 1595//5732
f 1595//5733 1136//5733 1597//5733
f 1136//5734 1137//5734 1597//5734
f 1597//5735 1137//5735 1599//5735
f 1137//5736 1138//5736 1599//5736
f 1599//5737 1138//5737 1601//5737
f 1138//98 1139//98 1601//98
f 1601//5604 1139//5604 1603//5604
f 1139//5738 1140//5738 1603//5738
f 1603//304 1140//304 1605//304
f 1140//168 1141//168 1605//168
f 1605//5607 1141//5607 1607//5607
f 1141//104 1142//104 1607//104
f 1607//5608 1142//5608 1609//5608
f 1142//172 1143//172 1609//172
f 1609//5609 1143//5609 1611//5609
f 1143//108 1144//108 1611//108
f 1611//109 1144//109 1613//109
f 1144//5739 1145//5739 1613//5739
f 1613//5740 1145//5740 1615//5740
f 1145//112 1146//112 1615//112
f 1615//5710 1146//5710 1617//5710
f 1146//5741 1147//5741 1617//5741
f 1617//5742 1147//5742 1619//5742
f 1147//116 1148//116 1619//116
f 1619//194 1148//194 1621//194
f 1148//5743 1149//5743 1621//5743
f 1621//119 1149//119 1623//119
f 1149//120 1150//120 1623//120
f 1623//121 1150//121 1625//121
f 1150//122 1151//122 1625//122
f 1625//123 1151//123 1627//123
f 1151//124 1152//124 1627//124
f 1627//125 1152//125 1629//125
f 1152//5744 1153//5744 1629//5744
f 1629//5745 1153//5745 1631//5745
f 1153//56 1105//56 1631//56
f 1631//57 1105//57 1633//57
f 1105//5717 1104//5717 1633//5717
f 1633//5718 1104//5718 1635//5718
f 1104//132 1103//132 1635//132
f 3325//5746 3326//5746 3327//5746
f 3326//5747 3328//5747 3327//5747
f 3327//5748 3328//5748 3329//5748
f 3328//5749 3330//5749 3329//5749
f 3329//5750 3330//5750 3331//5750
f 3330//5751 3332//5751 3331//5751
f 3331//5752 3332//5752 3333//5752
f 3332//5753 3334//5753 3333//5753
f 3333//5754 3334//5754 3335//5754
f 3334//5755 3336//5755 3335//5755
f 3335//5756 3336//5756 3337//5756
f 3336//5757 3338//5757 3337//5757
f 3337//5758 3338//5758 3339//5758
f 3338//5759 3340//5759 3339//5759
f 3339//5760 3340//5760 3341//5760
f 3340//5761 3342//5761 3341//5761
f 3341//5762 3342//5762 3343//5762
f 3342//5763 3344//5763 3343//5763
f 3343//5764 3344//5764 3345//5764
f 3344//5765 3346//5765 3345//5765
f 3345//5766 3346//5766 3347//5766
f 3346//5767 3348//5767 3347//5767
f 3347//5768 3348//5768 3349//5768
f 3348//5769 3350//5769 3349//5769
f 3349//5770 3350//5770 3351//5770
f 3350//5771 3352//5771 3351//5771
f 3351//5772 3352//5772 3353//5772
f 3352//5773 3354//5773 3353//5773
f 3353//5774 3354//5774 3355//5774
f 3354//5775 3356//5775 3355//5775
f 3355//5776 3356//5776 3357//5776
f 3356//5777 3358//5777 3357//5777
f 3357//5778 3358//5778 3359//5778
f 3358//5779 3360//5779 3359//5779
f 3359//5780 3360//5780 3361//5780
f 3360//5781 3362//5781 3361//5781
f 3361//5782 3362//5782 3363//5782
f 3362//5783 3364//5783 3363//5783
f 3363//5784 3364//5784 3365//5784
f 3364//5785 3366//5785 3365//5785
f 3365//5786 3366//5786 3367//5786
f 3366//5787 3368//5787 3367//5787
f 3367//5788 3368//5788 3369//5788
f 3368//5789 3370//5789 3369//5789
f 3369//5790 3370//5790 3371//5790
f 3370//5791 3372//5791 3371//5791
f 3371//5792 3372//5792 3373//5792
f 3372//5793 3374//5793 3373//5793
f 3373//5794 3374//5794 3375//5794
f 3374//5795 3376//5795 3375//5795
f 3375//5796 3376//5796 3377//5796
f 3376//5797 3378//5797 3377//5797
f 3377//5798 3378//5798 3379//5798
f 3378//5799 3380//5799 3379//5799
f 3379//5800 3380//5800 3381//5800
f 3380//5801 3382//5801 3381//5801
f 3381//5802 3382//5802 3383//5802
f 3382//5803 3384//5803 3383//5803
f 3383//5804 3384//5804 3385//5804
f 3384//5805 3386//5805 3385//5805
f 3385//5806 3386//5806 3387//5806
f 3386//5807 3388//5807 3387//5807
f 3387//5808 3388//5808 3389//5808
f 3388//5809 3390//5809 3389//5809
f 3389//5810 3390//5810 3391//5810
f 3390//5811 3392//5811 3391//5811
f 3391//5812 3392//5812 3393//5812
f 3392//5813 3394//5813 3393//5813
f 3393//5814 3394//5814 3395//5814
f 3394//5815 3396//5815 3395//5815
f 3395//5816 3396//5816 3397//5816
f 3396//5817 3398//5817 3397//5817
f 3397//5818 3398//5818 3399//5818
f 3398//5819 3400//5819 3399//5819
f 3399//5820 3400//5820 3401//5820
f 3400//5821 3402//5821 3401//5821
f 3401//5822 3402//5822 3403//5822
f 3402//5823 3404//5823 3403//5823
f 3403//5824 3404//5824 3405//5824
f 3404//5825 3406//5825 3405//5825
f 3405//5826 3406//5826 3407//5826
f 3406//5827 3408//5827 3407//5827
f 3407//5828 3408//5828 3409//5828
f 3408//5829 3410//5829 3409//5829
f 3409//5830 3410//5830 3411//5830
f 3410//5831 3412//5831 3411//5831
f 3411//5832 3412//5832 3413//5832
f 3412//5833 3414//5833 3413//5833
f 3413//5834 3414//5834 3415//5834
f 3414//5835 3416//5835 3415//5835
f 3415//5836 3416//5836 3417//5836
f 3416//5837 3418//5837 3417//5837
f 3417//5838 3418//5838 3419//5838
f 3418//5839 3420//5839 3419//5839
f 3419//5840 3420//5840 3421//5840
f 3420//5841 3422//5841 3421//5841
f 3421//5842 3422//5842 3423//5842
f 3422//5843 3424//5843 3423//5843
f 3423//5844 3424//5844 3425//5844
f 3424//5845 3426//5845 3425//5845
f 3425//5846 3426//5846 3427//5846
f 3426//5847 3428//5847 3427//5847
f 3427//5848 3428//5848 3429//5848
f 3428//5849 3430//5849 3429//5849
f 3429//5850 3430//5850 3431//5850
f 3430//5851 3432//5851 3431//5851
f 3431//5852 3432//5852 3433//5852
f 3432//5853 3434//5853 3433//5853
f 3433//5854 3434//5854 3435//5854
f 3434//5855 3436//5855 3435//5855
f 3435//5856 3436//5856 3437//5856
f 3436//5857 3438//5857 3437//5857
f 3437//5858 3438//5858 3439//5858
f 3438//5859 3440//5859 3439//5859
f 3439//5860 3440//5860 3441//5860
f 3440//5861 3442//5861 3441//5861
f 3441//5862 3442//5862 3443//5862
f 3442//5863 3444//5863 3443//5863
f 3443//5864 3444//5864 3445//5864
f 3444//5865 3446//5865 3445//5865
f 3445//5866 3446//5866 3447//5866
f 3446//5867 3448//5867 3447//5867
f 3447//5868 3448//5868 3449//5868
f 3448//5869 3450//5869 3449//5869
f 3449//5870 3450//5870 3451//5870
f 3450//5871 3452//5871 3451//5871
f 3451//5872 3452//5872 3453//5872
f 3452//5873 3454//5873 3453//5873
f 3453//5874 3454//5874 3455//5874
f 3454//5875 3456//5875 3455//5875
f 3455//5876 3456//5876 3457//5876
f 3456//5877 3458//5877 3457//5877
f 3457//5878 3458//5878 3459//5878
f 3458//5879 3460//5879 3459//5879
f 3459//5880 3460//5880 3461//5880
f 3460//5881 3462//5881 3461//5881
f 3461//5882 3462//5882 3463//5882
f 3462//5883 3464//5883 3463//5883
f 3463//5884 3464//5884 3465//5884
f 3464//5885 3466//5885 3465//5885
f 3465//5886 3466//5886 3467//5886
f 3466//5887 3468//5887 3467//5887
f 3467//5888 3468//5888 3325//5888
f 3468//5889 3326//5889 3325//5889
f 3469//5890 3403//5890 3470//5890
f 3403//5890 3405//5890 3470//5890
f 3470//5891 3405//5891 3471//5891
f 3405//5892 3407//5892 3471//5892
f 3471//5893 3407//5893 3472//5893
f 3407//5894 3409//5894 3472//5894
f 3472//5895 3409//5895 3473//5895
f 3409//4793 3411//4793 3473//4793
f 3473//5896 3411//5896 3474//5896
f 3411//5896 3413//5896 3474//5896
f 3474//5897 3413//5897 3475//5897
f 3413//5898 3415//5898 3475//5898
f 3475//5899 3415//5899 3476//5899
f 3415//5900 3417//5900 3476//5900
f 3476//5901 3417//5901 3477//5901
f 3417//5902 3419//5902 3477//5902
f 3477//5903 3419//5903 3478//5903
f 3419//5904 3421//5904 3478//5904
f 3478//5905 3421//5905 3479//5905
f 3421//5905 3423//5905 3479//5905
f 3479//5906 3423//5906 3480//5906
f 3423//5907 3425//5907 3480//5907
f 3480//5908 3425//5908 3481//5908
f 3425//5909 3427//5909 3481//5909
f 3481//5910 3427//5910 3482//5910
f 3427//5911 3429//5911 3482//5911
f 3482//5912 3429//5912 3483//5912
f 3429//5912 3431//5912 3483//5912
f 3483//5913 3431//5913 3484//5913
f 3431//5913 3433//5913 3484//5913
f 3484//5914 3433//5914 3485//5914
f 3433//5914 3435//5914 3485//5914
f 3485//5915 3435//5915 3486//5915
f 3435//5916 3437//5916 3486//5916
f 3486//5917 3437//5917 3487//5917
f 3437//5918 3439//5918 3487//5918
f 3487//5919 3439//5919 3488//5919
f 3439//5920 3441//5920 3488//5920
f 3488//5921 3441//5921 3489//5921
f 3441//5921 3443//5921 3489//5921
f 3489//5922 3443//5922 3490//5922
f 3443//5922 3445//5922 3490//5922
f 3490//5923 3445//5923 3491//5923
f 3445//5923 3447//5923 3491//5923
f 3491//5924 3447//5924 3492//5924
f 3447//5925 3449//5925 3492//5925
f 3492//5926 3449//5926 3493//5926
f 3449//5927 3451//5927 3493//5927
f 3493//5928 3451//5928 3494//5928
f 3451//5928 3453//5928 3494//5928
f 3494//5929 3453//5929 3495//5929
f 3453//5930 3455//5930 3495//5930
f 3495//5931 3455//5931 3496//5931
f 3455//5932 3457//5932 3496//5932
f 3496//5933 3457//5933 3497//5933
f 3457//5933 3459//5933 3497//5933
f 3497//5934 3459//5934 3498//5934
f 3459//5935 3461//5935 3498//5935
f 3498//5936 3461//5936 3499//5936
f 3461//5937 3463//5937 3499//5937
f 3499//5938 3463//5938 3500//5938
f 3463//5939 3465//5939 3500//5939
f 3500//5940 3465//5940 3501//5940
f 3465//5941 3467//5941 3501//5941
f 3501//5942 3467//5942 3502//5942
f 3467//5943 3325//5943 3502//5943
f 3502//5944 3325//5944 3503//5944
f 3325//5945 3327//5945 3503//5945
f 3503//5946 3327//5946 3504//5946
f 3327//5947 3329//5947 3504//5947
f 3504//5948 3329//5948 3505//5948
f 3329//5948 3331//5948 3505//5948
f 3505//5949 3331//5949 3506//5949
f 3331//5950 3333//5950 3506//5950
f 3506//5951 3333//5951 3507//5951
f 3333//5951 3335//5951 3507//5951
f 3507//5952 3335//5952 3508//5952
f 3335//5953 3337//5953 3508//5953
f 3508//5954 3337//5954 3509//5954
f 3337//5955 3339//5955 3509//5955
f 3509//5956 3339//5956 3510//5956
f 3339//5957 3341//5957 3510//5957
f 3510//5958 3341//5958 3511//5958
f 3341//5959 3343//5959 3511//5959
f 3511//5960 3343//5960 3512//5960
f 3343//5961 3345//5961 3512//5961
f 3512//5962 3345//5962 3513//5962
f 3345//5962 3347//5962 3513//5962
f 3513//5963 3347//5963 3514//5963
f 3347//5964 3349//5964 3514//5964
f 3514//5965 3349//5965 3515//5965
f 3349//5965 3351//5965 3515//5965
f 3515//5966 3351//5966 3516//5966
f 3351//5967 3353//5967 3516//5967
f 3516//5968 3353//5968 3517//5968
f 3353//5969 3355//5969 3517//5969
f 3517//5970 3355//5970 3518//5970
f 3355//5971 3357//5971 3518//5971
f 3518//5972 3357//5972 3519//5972
f 3357//5973 3359//5973 3519//5973
f 3519//5974 3359//5974 3520//5974
f 3359//5975 3361//5975 3520//5975
f 3520//5976 3361//5976 3521//5976
f 3361//5977 3363//5977 3521//5977
f 3521//5978 3363//5978 3522//5978
f 3363//5979 3365//5979 3522//5979
f 3522//5980 3365//5980 3523//5980
f 3365//5981 3367//5981 3523//5981
f 3523//5982 3367//5982 3524//5982
f 3367//5983 3369//5983 3524//5983
f 3524//5984 3369//5984 3525//5984
f 3369//5985 3371//5985 3525//5985
f 3525//5986 3371//5986 3526//5986
f 3371//5987 3373//5987 3526//5987
f 3526//5988 3373//5988 3527//5988
f 3373//5989 3375//5989 3527//5989
f 3527//5990 3375//5990 3528//5990
f 3375//5991 3377//5991 3528//5991
f 3528//5992 3377//5992 3529//5992
f 3377//5993 3379//5993 3529//5993
f 3529//5994 3379//5994 3530//5994
f 3379//5994 3381//5994 3530//5994
f 3530//5995 3381//5995 3531//5995
f 3381//5996 3383//5996 3531//5996
f 3531//5997 3383//5997 3532//5997
f 3383//5998 3385//5998 3532//5998
f 3532//5999 3385//5999 3533//5999
f 3385//6000 3387//6000 3533//6000
f 3533//6001 3387//6001 3534//6001
f 3387//6002 3389//6002 3534//6002
f 3534//6003 3389//6003 3535//6003
f 3389//6004 3391//6004 3535//6004
f 3535//6005 3391//6005 3536//6005
f 3391//6006 3393//6006 3536//6006
f 3536//6007 3393//6007 3537//6007
f 3393//6008 3395//6008 3537//6008
f 3537//6009 3395//6009 3538//6009
f 3395//6010 3397//6010 3538//6010
f 3538//6011 3397//6011 3539//6011
f 3397//6011 3399//6011 3539//6011
f 3539//6012 3399//6012 3540//6012
f 3399//6013 3401//6013 3540//6013
f 3540//6014 3401//6014 3469//6014
f 3401//6015 3403//6015 3469//6015
f 3541//6016 3542//6016 3543//6016
f 3542//6017 3544//6017 3543//6017
f 3543//6018 3544//6018 3545//6018
f 3544//6019 3546//6019 3545//6019
f 3545//6020 3546//6020 3547//6020
f 3546//6021 3548//6021 3547//6021
f 3547//6022 3548//6022 3549//6022
f 3548//6023 3550//6023 3549//6023
f 3549//6023 3550//6023 3551//6023
f 3550//6024 3552//6024 3551//6024
f 3551//6024 3552//6024 3553//6024
f 3552//6025 3554//6025 3553//6025
f 3553//6026 3554//6026 3555//6026
f 3554//6027 3556//6027 3555//6027
f 3555//6028 3556//6028 3557//6028
f 3556//6029 3558//6029 3557//6029
f 3557//6030 3558//6030 3559//6030
f 3558//6031 3560//6031 3559//6031
f 3559//6032 3560//6032 3561//6032
f 3560//6033 3562//6033 3561//6033
f 3561//6034 3562//6034 3563//6034
f 3562//6035 3564//6035 3563//6035
f 3563//6036 3564//6036 3565//6036
f 3564//6037 3566//6037 3565//6037
f 3565//6038 3566//6038 3567//6038
f 3566//6039 3568//6039 3567//6039
f 3567//6040 3568//6040 3569//6040
f 3568//6041 3570//6041 3569//6041
f 3569//6042 3570//6042 3571//6042
f 3570//6043 3572//6043 3571//6043
f 3571//6044 3572//6044 3573//6044
f 3572//6045 3574//6045 3573//6045
f 3573//6046 3574//6046 3575//6046
f 3574//6047 3576//6047 3575//6047
f 3575//6048 3576//6048 3577//6048
f 3576//6049 3578//6049 3577//6049
f 3577//6050 3578//6050 3579//6050
f 3578//6051 3580//6051 3579//6051
f 3579//6052 3580//6052 3581//6052
f 3580//6053 3582//6053 3581//6053
f 3581//6053 3582//6053 3583//6053
f 3582//6054 3584//6054 3583//6054
f 3583//6055 3584//6055 3585//6055
f 3584//6056 3586//6056 3585//6056
f 3585//6056 3586//6056 3587//6056
f 3586//6057 3588//6057 3587//6057
f 3587//6058 3588//6058 3589//6058
f 3588//6059 3590//6059 3589//6059
f 3589//6060 3590//6060 3591//6060
f 3590//6061 3592//6061 3591//6061
f 3591//6062 3592//6062 3593//6062
f 3592//6063 3594//6063 3593//6063
f 3593//6064 3594//6064 3595//6064
f 3594//6065 3596//6065 3595//6065
f 3595//6065 3596//6065 3597//6065
f 3596//6066 3598//6066 3597//6066
f 3597//6067 3598//6067 3599//6067
f 3598//6068 3600//6068 3599//6068
f 3599//6069 3600//6069 3601//6069
f 3600//6070 3602//6070 3601//6070
f 3601//6071 3602//6071 3603//6071
f 3602//6072 3604//6072 3603//6072
f 3603//6073 3604//6073 3605//6073
f 3604//6074 3606//6074 3605//6074
f 3605//6075 3606//6075 3607//6075
f 3606//6076 3608//6076 3607//6076
f 3607//6077 3608//6077 3609//6077
f 3608//6078 3610//6078 3609//6078
f 3609//6079 3610//6079 3611//6079
f 3610//6080 3612//6080 3611//6080
f 3611//6081 3612//6081 3613//6081
f 3612//6082 3614//6082 3613//6082
f 3613//6083 3614//6083 3615//6083
f 3614//6084 3616//6084 3615//6084
f 3615//6085 3616//6085 3617//6085
f 3616//6086 3618//6086 3617//6086
f 3617//6087 3618//6087 3619//6087
f 3618//6088 3620//6088 3619//6088
f 3619//6089 3620//6089 3621//6089
f 3620//6090 3622//6090 3621//6090
f 3621//6091 3622//6091 3623//6091
f 3622//6092 3624//6092 3623//6092
f 3623//6093 3624//6093 3625//6093
f 3624//6094 3626//6094 3625//6094
f 3625//6095 3626//6095 3627//6095
f 3626//6096 3628//6096 3627//6096
f 3627//6097 3628//6097 3629//6097
f 3628//6098 3630//6098 3629//6098
f 3629//6099 3630//6099 3631//6099
f 3630//6100 3632//6100 3631//6100
f 3631//6101 3632//6101 3633//6101
f 3632//6102 3634//6102 3633//6102
f 3633//6103 3634//6103 3635//6103
f 3634//6104 3636//6104 3635//6104
f 3635//6105 3636//6105 3637//6105
f 3636//6106 3638//6106 3637//6106
f 3637//6106 3638//6106 3639//6106
f 3638//6107 3640//6107 3639//6107
f 3639//6108 3640//6108 3641//6108
f 3640//6109 3642//6109 3641//6109
f 3641//6110 3642//6110 3643//6110
f 3642//6111 3644//6111 3643//6111
f 3643//6111 3644//6111 3645//6111
f 3644//6112 3646//6112 3645//6112
f 3645//6112 3646//6112 3647//6112
f 3646//6113 3648//6113 3647//6113
f 3647//6114 3648//6114 3649//6114
f 3648//6115 3650//6115 3649//6115
f 3649//6116 3650//6116 3651//6116
f 3650//6117 3652//6117 3651//6117
f 3651//6117 3652//6117 3653//6117
f 3652//6118 3654//6118 3653//6118
f 3653//6118 3654//6118 3655//6118
f 3654//6119 3656//6119 3655//6119
f 3655//6120 3656//6120 3657//6120
f 3656//6121 3658//6121 3657//6121
f 3657//6121 3658//6121 3659//6121
f 3658//6122 3660//6122 3659//6122
f 3659//6123 3660//6123 3661//6123
f 3660//6124 3662//6124 3661//6124
f 3661//6125 3662//6125 3663//6125
f 3662//6126 3664//6126 3663//6126
f 3663//6127 3664//6127 3665//6127
f 3664//6128 3666//6128 3665//6128
f 3665//6129 3666//6129 3667//6129
f 3666//6130 3668//6130 3667//6130
f 3667//6131 3668//6131 3669//6131
f 3668//6132 3670//6132 3669//6132
f 3669//6132 3670//6132 3671//6132
f 3670//6133 3672//6133 3671//6133
f 3671//6133 3672//6133 3673//6133
f 3672//6134 3674//6134 3673//6134
f 3673//6135 3674//6135 3675//6135
f 3674//6136 3676//6136 3675//6136
f 3675//6137 3676//6137 3677//6137
f 3676//6138 3678//6138 3677//6138
f 3677//6139 3678//6139 3679//6139
f 3678//6140 3680//6140 3679//6140
f 3679//6141 3680//6141 3681//6141
f 3680//6142 3682//6142 3681//6142
f 3681//6143 3682//6143 3683//6143
f 3682//6144 3684//6144 3683//6144
f 3683//6144 3684//6144 3541//6144
f 3684//6145 3542//6145 3541//6145
f 3685//6146 3562//6146 3686//6146
f 3562//6147 3560//6147 3686//6147
f 3686//6148 3560//6148 3687//6148
f 3560//6149 3688//6149 3687//6149
f 3689//6150 3690//6150 3479//6150
f 3478//6151 3691//6151 3692//6151
f 3566//6152 3564//6152 3693//6152
f 3479//6153 3694//6153 3478//6153
f 3694//6154 3695//6154 3478//6154
f 3478//6155 3695//6155 3691//6155
f 3692//6156 3696//6156 3478//6156
f 3696//6157 3697//6157 3478//6157
f 3478//6158 3697//6158 3477//6158
f 3697//6159 3698//6159 3477//6159
f 3477//6160 3698//6160 3699//6160
f 3700//6161 3472//6161 3701//6161
f 3472//6162 3473//6162 3701//6162
f 3685//6163 3702//6163 3562//6163
f 3702//6164 3703//6164 3562//6164
f 3562//6165 3703//6165 3564//6165
f 3703//6166 3704//6166 3564//6166
f 3564//6167 3704//6167 3693//6167
f 3690//6168 3705//6168 3479//6168
f 3705//6169 3706//6169 3479//6169
f 3479//6170 3706//6170 3694//6170
f 3707//6171 3476//6171 3708//6171
f 3476//6172 3477//6172 3708//6172
f 3708//6173 3477//6173 3709//6173
f 3477//6174 3699//6174 3709//6174
f 3707//6175 3710//6175 3476//6175
f 3710//6176 3711//6176 3476//6176
f 3476//6177 3711//6177 3475//6177
f 3711//6178 3701//6178 3475//6178
f 3475//6179 3701//6179 3474//6179
f 3701//6180 3473//6180 3474//6180
f 3712//6181 3713//6181 3560//6181
f 3713//6182 3714//6182 3560//6182
f 3560//6183 3714//6183 3688//6183
f 3715//6184 3481//6184 3716//6184
f 3481//6185 3482//6185 3716//6185
f 3716//6186 3482//6186 3483//6186
f 3574//6187 3717//6187 3716//6187
f 3715//6188 3718//6188 3481//6188
f 3718//6189 3719//6189 3481//6189
f 3481//6190 3719//6190 3480//6190
f 3719//6191 3720//6191 3480//6191
f 3480//6192 3720//6192 3479//6192
f 3720//6193 3721//6193 3479//6193
f 3479//6194 3721//6194 3689//6194
f 3684//6195 3469//6195 3542//6195
f 3469//6196 3470//6196 3542//6196
f 3542//6197 3470//6197 3471//6197
f 3550//6198 3548//6198 3722//6198
f 3723//6199 3724//6199 3558//6199
f 3558//6200 3725//6200 3560//6200
f 3725//6201 3726//6201 3560//6201
f 3560//6202 3726//6202 3712//6202
f 3487//6203 3576//6203 3486//6203
f 3576//6204 3574//6204 3486//6204
f 3486//6205 3574//6205 3485//6205
f 3574//6206 3716//6206 3485//6206
f 3485//6207 3716//6207 3484//6207
f 3716//6208 3483//6208 3484//6208
f 3700//6209 3727//6209 3472//6209
f 3727//6210 3728//6210 3472//6210
f 3472//6211 3728//6211 3471//6211
f 3728//6212 3729//6212 3471//6212
f 3471//6213 3729//6213 3542//6213
f 3729//6214 3730//6214 3542//6214
f 3542//6215 3730//6215 3731//6215
f 3723//6216 3558//6216 3732//6216
f 3724//6217 3733//6217 3558//6217
f 3733//6218 3734//6218 3558//6218
f 3558//6219 3734//6219 3725//6219
f 3693//6220 3735//6220 3566//6220
f 3735//6221 3736//6221 3566//6221
f 3566//6222 3736//6222 3568//6222
f 3736//6223 3737//6223 3568//6223
f 3568//6224 3737//6224 3570//6224
f 3737//6225 3738//6225 3570//6225
f 3570//6226 3738//6226 3572//6226
f 3738//6227 3739//6227 3572//6227
f 3572//6228 3739//6228 3574//6228
f 3739//6229 3740//6229 3574//6229
f 3574//6230 3740//6230 3717//6230
f 3722//6231 3548//6231 3741//6231
f 3548//6232 3546//6232 3741//6232
f 3741//6233 3546//6233 3731//6233
f 3546//6234 3544//6234 3731//6234
f 3731//6235 3544//6235 3542//6235
f 3722//6236 3742//6236 3550//6236
f 3742//6237 3743//6237 3550//6237
f 3550//6238 3743//6238 3552//6238
f 3744//6239 3554//6239 3745//6239
f 3554//6240 3552//6240 3745//6240
f 3745//6241 3552//6241 3746//6241
f 3552//6242 3743//6242 3746//6242
f 3747//6243 3748//6243 3556//6243
f 3748//6244 3749//6244 3556//6244
f 3556//6245 3749//6245 3558//6245
f 3749//6246 3750//6246 3558//6246
f 3558//6247 3750//6247 3732//6247
f 3751//6248 3752//6248 3556//6248
f 3752//6249 3753//6249 3556//6249
f 3556//6250 3753//6250 3747//6250
f 3744//6251 3754//6251 3554//6251
f 3754//6252 3755//6252 3554//6252
f 3554//6253 3755//6253 3556//6253
f 3755//6254 3756//6254 3556//6254
f 3556//6255 3756//6255 3751//6255
f 3757//6256 3758//6256 3662//6256
f 3759//6257 3760//6257 3658//6257
f 3662//6258 3758//6258 3664//6258
f 3758//6259 3761//6259 3664//6259
f 3664//6260 3761//6260 3762//6260
f 3533//6261 3763//6261 3764//6261
f 3764//6262 3765//6262 3533//6262
f 3765//6263 3766//6263 3533//6263
f 3533//6264 3766//6264 3532//6264
f 3524//6265 3525//6265 3648//6265
f 3762//6266 3767//6266 3664//6266
f 3767//6267 3768//6267 3664//6267
f 3664//6268 3768//6268 3769//6268
f 3770//6269 3650//6269 3771//6269
f 3650//6270 3648//6270 3771//6270
f 3771//6271 3648//6271 3772//6271
f 3658//6272 3760//6272 3660//6272
f 3766//6273 3773//6273 3532//6273
f 3773//6274 3774//6274 3532//6274
f 3532//6275 3774//6275 3775//6275
f 3525//6276 3526//6276 3648//6276
f 3526//6277 3527//6277 3648//6277
f 3648//6278 3527//6278 3528//6278
f 3760//6279 3776//6279 3660//6279
f 3776//6280 3777//6280 3660//6280
f 3660//6281 3777//6281 3662//6281
f 3777//6282 3778//6282 3662//6282
f 3662//6283 3778//6283 3757//6283
f 3763//6284 3533//6284 3779//6284
f 3533//6285 3534//6285 3779//6285
f 3779//6286 3534//6286 3780//6286
f 3781//6287 3782//6287 3531//6287
f 3782//6288 3783//6288 3531//6288
f 3531//6289 3783//6289 3530//6289
f 3783//6290 3784//6290 3530//6290
f 3784//6291 3785//6291 3530//6291
f 3785//6292 3786//6292 3530//6292
f 3530//6293 3786//6293 3529//6293
f 3786//6294 3787//6294 3529//6294
f 3529//6295 3787//6295 3528//6295
f 3759//6296 3658//6296 3788//6296
f 3658//6297 3656//6297 3788//6297
f 3788//6298 3656//6298 3789//6298
f 3656//6299 3654//6299 3789//6299
f 3789//6300 3654//6300 3770//6300
f 3654//6301 3652//6301 3770//6301
f 3770//6302 3652//6302 3650//6302
f 3672//6303 3790//6303 3791//6303
f 3537//6304 3792//6304 3793//6304
f 3769//6305 3794//6305 3664//6305
f 3794//6306 3795//6306 3664//6306
f 3664//6307 3795//6307 3666//6307
f 3795//6308 3796//6308 3666//6308
f 3666//6309 3796//6309 3797//6309
f 3797//6310 3798//6310 3666//6310
f 3798//6311 3799//6311 3666//6311
f 3666//6312 3799//6312 3800//6312
f 3800//6313 3801//6313 3666//6313
f 3801//6314 3802//6314 3666//6314
f 3666//6315 3802//6315 3668//6315
f 3802//6316 3803//6316 3668//6316
f 3668//6317 3803//6317 3804//6317
f 3672//6318 3791//6318 3674//6318
f 3537//6319 3793//6319 3536//6319
f 3793//6320 3805//6320 3536//6320
f 3536//6321 3805//6321 3535//6321
f 3805//6322 3806//6322 3535//6322
f 3535//6323 3806//6323 3534//6323
f 3806//6324 3807//6324 3534//6324
f 3534//6325 3807//6325 3780//6325
f 3808//6326 3809//6326 3684//6326
f 3809//6327 3810//6327 3684//6327
f 3684//6328 3810//6328 3792//6328
f 3775//6329 3811//6329 3532//6329
f 3811//6330 3812//6330 3532//6330
f 3532//6331 3812//6331 3531//6331
f 3812//6332 3813//6332 3531//6332
f 3531//6333 3813//6333 3781//6333
f 3787//6334 3814//6334 3528//6334
f 3814//6335 3815//6335 3528//6335
f 3528//6336 3815//6336 3648//6336
f 3815//6337 3816//6337 3648//6337
f 3648//6338 3816//6338 3772//6338
f 3790//6339 3672//6339 3817//6339
f 3672//6340 3670//6340 3817//6340
f 3817//6341 3670//6341 3818//6341
f 3791//6342 3819//6342 3674//6342
f 3819//6343 3820//6343 3674//6343
f 3674//6344 3820//6344 3676//6344
f 3820//6345 3821//6345 3676//6345
f 3676//6346 3821//6346 3678//6346
f 3821//6347 3822//6347 3678//6347
f 3678//6348 3822//6348 3680//6348
f 3822//6349 3808//6349 3680//6349
f 3680//6350 3808//6350 3682//6350
f 3808//6351 3684//6351 3682//6351
f 3537//6352 3538//6352 3792//6352
f 3538//6353 3539//6353 3792//6353
f 3792//6354 3539//6354 3684//6354
f 3539//6355 3540//6355 3684//6355
f 3684//6356 3540//6356 3469//6356
f 3804//6357 3823//6357 3668//6357
f 3823//6358 3824//6358 3668//6358
f 3668//6359 3824//6359 3825//6359
f 3825//6360 3826//6360 3668//6360
f 3826//6361 3827//6361 3668//6361
f 3668//6362 3827//6362 3670//6362
f 3827//6363 3828//6363 3670//6363
f 3670//6364 3828//6364 3818//6364
f 3829//6365 3634//6365 3830//6365
f 3634//6366 3632//6366 3830//6366
f 3830//6367 3632//6367 3831//6367
f 3632//6368 3832//6368 3831//6368
f 3833//6369 3834//6369 3632//6369
f 3834//6370 3835//6370 3632//6370
f 3632//6371 3835//6371 3832//6371
f 3836//6372 3837//6372 3626//6372
f 3838//6373 3839//6373 3628//6373
f 3839//6374 3840//6374 3628//6374
f 3628//6375 3840//6375 3841//6375
f 3624//6376 3622//6376 3842//6376
f 3843//6377 3844//6377 3630//6377
f 3844//6378 3845//6378 3630//6378
f 3630//6379 3845//6379 3846//6379
f 3846//6380 3847//6380 3630//6380
f 3847//6381 3848//6381 3630//6381
f 3630//6382 3848//6382 3632//6382
f 3848//6383 3849//6383 3632//6383
f 3632//6384 3849//6384 3833//6384
f 3514//6385 3850//6385 3513//6385
f 3850//6386 3851//6386 3513//6386
f 3513//6387 3851//6387 3852//6387
f 3852//6388 3853//6388 3513//6388
f 3853//6389 3854//6389 3513//6389
f 3513//6390 3854//6390 3512//6390
f 3854//6391 3855//6391 3512//6391
f 3626//3020 3837//3020 3628//3020
f 3837//6392 3856//6392 3628//6392
f 3628//6393 3856//6393 3838//6393
f 3841//6394 3857//6394 3628//6394
f 3857//6395 3858//6395 3628//6395
f 3628//6396 3858//6396 3630//6396
f 3858//6397 3859//6397 3630//6397
f 3630//3258 3859//3258 3843//3258
f 3638//6398 3636//6398 3860//6398
f 3861//6399 3509//6399 3510//6399
f 3509//6400 3861//6400 3508//6400
f 3861//2506 3862//2506 3508//2506
f 3508//6401 3862//6401 3507//6401
f 3842//6402 3863//6402 3624//6402
f 3863//6403 3864//6403 3624//6403
f 3624//6404 3864//6404 3626//6404
f 3864//6405 3865//6405 3626//6405
f 3626//6406 3865//6406 3836//6406
f 3829//6407 3866//6407 3634//6407
f 3866//6408 3867//6408 3634//6408
f 3634//6409 3867//6409 3636//6409
f 3867//6410 3868//6410 3636//6410
f 3636//6411 3868//6411 3860//6411
f 3646//6412 3869//6412 3870//6412
f 3871//6413 3872//6413 3514//6413
f 3872//6414 3873//6414 3514//6414
f 3514//6415 3873//6415 3850//6415
f 3874//6416 3875//6416 3616//6416
f 3875//6417 3876//6417 3616//6417
f 3616//6418 3876//6418 3618//6418
f 3876//6419 3877//6419 3618//6419
f 3618//6420 3877//6420 3620//6420
f 3877//6421 3878//6421 3620//6421
f 3620//6422 3878//6422 3622//6422
f 3878//6423 3879//6423 3622//6423
f 3622//6424 3879//6424 3842//6424
f 3860//6425 3880//6425 3638//6425
f 3880//6426 3881//6426 3638//6426
f 3638//6427 3881//6427 3640//6427
f 3881//6428 3882//6428 3640//6428
f 3640//6264 3882//6264 3642//6264
f 3882//6429 3883//6429 3642//6429
f 3642//6430 3883//6430 3644//6430
f 3883//6431 3884//6431 3644//6431
f 3644//6432 3884//6432 3646//6432
f 3884//6433 3885//6433 3646//6433
f 3646//6434 3885//6434 3869//6434
f 3870//6435 3521//6435 3646//6435
f 3521//6436 3522//6436 3646//6436
f 3646//6437 3522//6437 3648//6437
f 3522//6438 3523//6438 3648//6438
f 3648//6439 3523//6439 3524//6439
f 3886//6440 3887//6440 3515//6440
f 3887//6441 3888//6441 3515//6441
f 3515//6442 3888//6442 3514//6442
f 3888//6443 3889//6443 3514//6443
f 3514//6444 3889//6444 3871//6444
f 3855//6445 3890//6445 3512//6445
f 3890//6446 3891//6446 3512//6446
f 3512//6447 3891//6447 3511//6447
f 3891//6448 3892//6448 3511//6448
f 3511//6449 3892//6449 3510//6449
f 3892//6450 3893//6450 3510//6450
f 3510//6451 3893//6451 3861//6451
f 3894//6452 3516//6452 3895//6452
f 3516//6453 3517//6453 3895//6453
f 3895//6454 3517//6454 3896//6454
f 3517//6455 3518//6455 3896//6455
f 3896//6456 3518//6456 3897//6456
f 3518//6457 3519//6457 3897//6457
f 3897//6458 3519//6458 3870//6458
f 3519//6459 3520//6459 3870//6459
f 3870//6460 3520//6460 3521//6460
f 3894//6461 3898//6461 3516//6461
f 3898//6462 3899//6462 3516//6462
f 3516//6463 3899//6463 3515//6463
f 3899//6464 3900//6464 3515//6464
f 3515//6465 3900//6465 3886//6465
f 3901//6466 3902//6466 3586//6466
f 3586//6467 3902//6467 3588//6467
f 3497//6468 3903//6468 3904//6468
f 3903//6469 3497//6469 3905//6469
f 3497//6470 3498//6470 3905//6470
f 3905//6471 3498//6471 3906//6471
f 3904//6472 3907//6472 3497//6472
f 3907//6473 3908//6473 3497//6473
f 3497//6474 3908//6474 3496//6474
f 3909//6475 3590//6475 3910//6475
f 3590//6476 3588//6476 3910//6476
f 3910//6477 3588//6477 3911//6477
f 3588//6478 3902//6478 3911//6478
f 3912//6479 3913//6479 3592//6479
f 3913//6480 3914//6480 3592//6480
f 3592//6481 3914//6481 3915//6481
f 3916//6482 3917//6482 3594//6482
f 3602//6483 3918//6483 3604//6483
f 3918//6484 3919//6484 3604//6484
f 3604//6485 3919//6485 3606//6485
f 3919//6486 3920//6486 3606//6486
f 3606//6487 3920//6487 3608//6487
f 3920//6488 3921//6488 3608//6488
f 3608//6489 3921//6489 3610//6489
f 3921//6490 3612//6490 3610//6490
f 3502//6491 3503//6491 3612//6491
f 3909//6492 3922//6492 3590//6492
f 3922//6493 3923//6493 3590//6493
f 3590//6494 3923//6494 3592//6494
f 3923//6495 3924//6495 3592//6495
f 3592//6496 3924//6496 3912//6496
f 3502//6497 3612//6497 3501//6497
f 3862//6498 3874//6498 3507//6498
f 3874//6499 3616//6499 3507//6499
f 3507//6500 3616//6500 3506//6500
f 3616//6501 3614//6501 3506//6501
f 3506//6502 3614//6502 3505//6502
f 3614//6503 3612//6503 3505//6503
f 3505//6504 3612//6504 3504//6504
f 3612//6505 3503//6505 3504//6505
f 3908//6506 3925//6506 3496//6506
f 3925//6507 3926//6507 3496//6507
f 3496//6508 3926//6508 3927//6508
f 3594//6509 3917//6509 3596//6509
f 3928//6510 3598//6510 3929//6510
f 3598//6511 3596//6511 3929//6511
f 3929//6512 3596//6512 3930//6512
f 3928//6513 3931//6513 3598//6513
f 3931//6514 3932//6514 3598//6514
f 3598//6515 3932//6515 3600//6515
f 3932//6516 3933//6516 3600//6516
f 3933//3340 3934//3340 3600//3340
f 3600//6517 3934//6517 3602//6517
f 3934//6518 3935//6518 3602//6518
f 3602//6519 3935//6519 3918//6519
f 3927//6520 3936//6520 3496//6520
f 3936//6521 3937//6521 3496//6521
f 3496//6522 3937//6522 3495//6522
f 3937//6523 3938//6523 3495//6523
f 3495//6524 3938//6524 3939//6524
f 3940//6525 3494//6525 3941//6525
f 3494//6526 3495//6526 3941//6526
f 3941//6527 3495//6527 3942//6527
f 3495//6528 3939//6528 3942//6528
f 3594//6529 3943//6529 3944//6529
f 3917//6530 3945//6530 3596//6530
f 3945//6531 3946//6531 3596//6531
f 3596//6532 3946//6532 3947//6532
f 3940//6533 3948//6533 3494//6533
f 3948//6534 3949//6534 3494//6534
f 3494//6293 3949//6293 3493//6293
f 3949//6535 3950//6535 3493//6535
f 3493//6536 3950//6536 3492//6536
f 3950//6537 3951//6537 3492//6537
f 3492//6538 3951//6538 3952//6538
f 3487//6539 3488//6539 3576//6539
f 3488//6540 3489//6540 3576//6540
f 3576//6541 3489//6541 3953//6541
f 3489//6542 3490//6542 3953//6542
f 3953//6543 3490//6543 3952//6543
f 3490//6544 3491//6544 3952//6544
f 3952//6545 3491//6545 3492//6545
f 3915//6546 3954//6546 3592//6546
f 3954//6547 3955//6547 3592//6547
f 3592//6548 3955//6548 3594//6548
f 3955//6549 3956//6549 3594//6549
f 3594//6550 3956//6550 3943//6550
f 3944//6551 3957//6551 3594//6551
f 3957//6552 3958//6552 3594//6552
f 3594//6553 3958//6553 3916//6553
f 3947//6554 3959//6554 3596//6554
f 3959//6555 3960//6555 3596//6555
f 3596//6556 3960//6556 3930//6556
f 3921//6557 3961//6557 3612//6557
f 3961//6558 3962//6558 3612//6558
f 3612//6559 3962//6559 3501//6559
f 3963//6560 3578//6560 3964//6560
f 3578//6561 3576//6561 3964//6561
f 3964//6562 3576//6562 3965//6562
f 3576//6563 3953//6563 3965//6563
f 3901//6564 3586//6564 3966//6564
f 3586//6565 3584//6565 3966//6565
f 3966//6566 3584//6566 3967//6566
f 3584//6567 3582//6567 3967//6567
f 3967//6568 3582//6568 3963//6568
f 3582//6569 3580//6569 3963//6569
f 3963//6570 3580//6570 3578//6570
f 3962//6571 3968//6571 3501//6571
f 3968//6572 3969//6572 3501//6572
f 3501//6573 3969//6573 3500//6573
f 3969//6574 3970//6574 3500//6574
f 3500//6575 3970//6575 3499//6575
f 3970//6576 3971//6576 3499//6576
f 3499//6577 3971//6577 3498//6577
f 3971//6578 3972//6578 3498//6578
f 3498//6579 3972//6579 3906//6579
f 3751//6580 3973//6580 3752//6580
f 3973//6580 3974//6580 3752//6580
f 3752//6581 3974//6581 3753//6581
f 3974//6582 3975//6582 3753//6582
f 3753//6583 3975//6583 3747//6583
f 3975//6584 3976//6584 3747//6584
f 3747//6585 3976//6585 3748//6585
f 3976//6586 3977//6586 3748//6586
f 3748//6587 3977//6587 3749//6587
f 3977//6587 3978//6587 3749//6587
f 3749//6588 3978//6588 3750//6588
f 3978//6589 3979//6589 3750//6589
f 3750//6590 3979//6590 3732//6590
f 3979//6591 3980//6591 3732//6591
f 3732//6592 3980//6592 3723//6592
f 3980//6593 3981//6593 3723//6593
f 3723//6594 3981//6594 3724//6594
f 3981//6595 3982//6595 3724//6595
f 3724//6596 3982//6596 3733//6596
f 3982//6597 3983//6597 3733//6597
f 3733//6598 3983//6598 3734//6598
f 3983//6599 3984//6599 3734//6599
f 3734//6600 3984//6600 3725//6600
f 3984//6601 3985//6601 3725//6601
f 3725//6602 3985//6602 3726//6602
f 3985//6603 3986//6603 3726//6603
f 3726//6604 3986//6604 3712//6604
f 3986//6605 3987//6605 3712//6605
f 3712//6606 3987//6606 3713//6606
f 3987//6607 3988//6607 3713//6607
f 3713//6608 3988//6608 3714//6608
f 3988//6609 3989//6609 3714//6609
f 3714//6610 3989//6610 3688//6610
f 3989//6611 3990//6611 3688//6611
f 3688//6612 3990//6612 3687//6612
f 3990//6613 3991//6613 3687//6613
f 3687//6614 3991//6614 3686//6614
f 3991//6615 3992//6615 3686//6615
f 3686//6616 3992//6616 3685//6616
f 3992//6617 3993//6617 3685//6617
f 3685//6618 3993//6618 3702//6618
f 3993//6619 3994//6619 3702//6619
f 3702//6620 3994//6620 3703//6620
f 3994//6621 3995//6621 3703//6621
f 3703//6622 3995//6622 3704//6622
f 3995//6623 3996//6623 3704//6623
f 3704//6624 3996//6624 3693//6624
f 3996//6625 3997//6625 3693//6625
f 3693//6626 3997//6626 3735//6626
f 3997//6627 3998//6627 3735//6627
f 3735//6628 3998//6628 3736//6628
f 3998//6629 3999//6629 3736//6629
f 3736//6630 3999//6630 3737//6630
f 3999//6631 4000//6631 3737//6631
f 3737//6632 4000//6632 3738//6632
f 4000//6633 4001//6633 3738//6633
f 3738//6634 4001//6634 3739//6634
f 4001//6635 4002//6635 3739//6635
f 3739//6636 4002//6636 3740//6636
f 4002//6637 4003//6637 3740//6637
f 3740//6638 4003//6638 3717//6638
f 4003//6639 4004//6639 3717//6639
f 3717//6640 4004//6640 3716//6640
f 4004//6641 4005//6641 3716//6641
f 3716//6642 4005//6642 3715//6642
f 4005//6643 4006//6643 3715//6643
f 3715//6644 4006//6644 3718//6644
f 4006//6644 4007//6644 3718//6644
f 3718//6645 4007//6645 3719//6645
f 4007//6646 4008//6646 3719//6646
f 3719//6647 4008//6647 3720//6647
f 4008//6648 4009//6648 3720//6648
f 3720//6649 4009//6649 3721//6649
f 4009//6650 4010//6650 3721//6650
f 3721//6651 4010//6651 3689//6651
f 4010//6652 4011//6652 3689//6652
f 3689//6653 4011//6653 3690//6653
f 4011//6654 4012//6654 3690//6654
f 3690//6655 4012//6655 3705//6655
f 4012//6656 4013//6656 3705//6656
f 3705//6657 4013//6657 3706//6657
f 4013//6658 4014//6658 3706//6658
f 3706//6659 4014//6659 3694//6659
f 4014//6660 4015//6660 3694//6660
f 3694//6661 4015//6661 3695//6661
f 4015//6662 4016//6662 3695//6662
f 3695//6663 4016//6663 3691//6663
f 4016//6664 4017//6664 3691//6664
f 3691//6665 4017//6665 3692//6665
f 4017//6666 4018//6666 3692//6666
f 3692//6667 4018//6667 3696//6667
f 4018//6668 4019//6668 3696//6668
f 3696//6669 4019//6669 3697//6669
f 4019//6670 4020//6670 3697//6670
f 3697//6671 4020//6671 3698//6671
f 4020//6672 4021//6672 3698//6672
f 3698//6673 4021//6673 3699//6673
f 4021//6674 4022//6674 3699//6674
f 3699//6675 4022//6675 3709//6675
f 4022//6676 4023//6676 3709//6676
f 3709//6677 4023//6677 3708//6677
f 4023//6678 4024//6678 3708//6678
f 3708//6679 4024//6679 3707//6679
f 4024//6680 4025//6680 3707//6680
f 3707//6681 4025//6681 3710//6681
f 4025//6682 4026//6682 3710//6682
f 3710//6683 4026//6683 3711//6683
f 4026//6684 4027//6684 3711//6684
f 3711//6685 4027//6685 3701//6685
f 4027//6686 4028//6686 3701//6686
f 3701//6687 4028//6687 3700//6687
f 4028//6688 4029//6688 3700//6688
f 3700//6689 4029//6689 3727//6689
f 4029//6690 4030//6690 3727//6690
f 3727//6691 4030//6691 3728//6691
f 4030//6692 4031//6692 3728//6692
f 3728//6693 4031//6693 3729//6693
f 4031//6694 4032//6694 3729//6694
f 3729//6695 4032//6695 3730//6695
f 4032//6696 4033//6696 3730//6696
f 3730//6697 4033//6697 3731//6697
f 4033//6698 4034//6698 3731//6698
f 3731//6699 4034//6699 3741//6699
f 4034//6700 4035//6700 3741//6700
f 3741//6701 4035//6701 3722//6701
f 4035//6702 4036//6702 3722//6702
f 3722//6703 4036//6703 3742//6703
f 4036//6704 4037//6704 3742//6704
f 3742//6705 4037//6705 3743//6705
f 4037//6706 4038//6706 3743//6706
f 3743//6707 4038//6707 3746//6707
f 4038//6708 4039//6708 3746//6708
f 3746//6709 4039//6709 3745//6709
f 4039//6710 4040//6710 3745//6710
f 3745//6711 4040//6711 3744//6711
f 4040//6712 4041//6712 3744//6712
f 3744//6713 4041//6713 3754//6713
f 4041//6714 4042//6714 3754//6714
f 3754//6715 4042//6715 3755//6715
f 4042//6715 4043//6715 3755//6715
f 3755//6716 4043//6716 3756//6716
f 4043//6717 4044//6717 3756//6717
f 3756//6718 4044//6718 3751//6718
f 4044//6719 3973//6719 3751//6719
f 3826//6720 4045//6720 3827//6720
f 4045//6720 4046//6720 3827//6720
f 3827//6721 4046//6721 3828//6721
f 4046//6721 4047//6721 3828//6721
f 3828//6722 4047//6722 3818//6722
f 4047//6723 4048//6723 3818//6723
f 3818//6724 4048//6724 3817//6724
f 4048//6586 4049//6586 3817//6586
f 3817//6587 4049//6587 3790//6587
f 4049//6587 4050//6587 3790//6587
f 3790//6725 4050//6725 3791//6725
f 4050//6726 4051//6726 3791//6726
f 3791//6727 4051//6727 3819//6727
f 4051//6727 4052//6727 3819//6727
f 3819//6728 4052//6728 3820//6728
f 4052//6729 4053//6729 3820//6729
f 3820//6730 4053//6730 3821//6730
f 4053//6731 4054//6731 3821//6731
f 3821//6732 4054//6732 3822//6732
f 4054//6733 4055//6733 3822//6733
f 3822//6734 4055//6734 3808//6734
f 4055//6734 4056//6734 3808//6734
f 3808//6735 4056//6735 3809//6735
f 4056//6736 4057//6736 3809//6736
f 3809//6737 4057//6737 3810//6737
f 4057//6738 4058//6738 3810//6738
f 3810//6739 4058//6739 3792//6739
f 4058//6740 4059//6740 3792//6740
f 3792//6741 4059//6741 3793//6741
f 4059//6742 4060//6742 3793//6742
f 3793//6743 4060//6743 3805//6743
f 4060//6744 4061//6744 3805//6744
f 3805//6745 4061//6745 3806//6745
f 4061//6746 4062//6746 3806//6746
f 3806//6747 4062//6747 3807//6747
f 4062//6748 4063//6748 3807//6748
f 3807//6749 4063//6749 3780//6749
f 4063//6750 4064//6750 3780//6750
f 3780//6751 4064//6751 3779//6751
f 4064//6752 4065//6752 3779//6752
f 3779//6753 4065//6753 3763//6753
f 4065//6754 4066//6754 3763//6754
f 3763//6755 4066//6755 3764//6755
f 4066//6756 4067//6756 3764//6756
f 3764//6757 4067//6757 3765//6757
f 4067//6758 4068//6758 3765//6758
f 3765//6759 4068//6759 3766//6759
f 4068//6760 4069//6760 3766//6760
f 3766//6761 4069//6761 3773//6761
f 4069//6762 4070//6762 3773//6762
f 3773//6763 4070//6763 3774//6763
f 4070//6764 4071//6764 3774//6764
f 3774//6765 4071//6765 3775//6765
f 4071//6766 4072//6766 3775//6766
f 3775//6767 4072//6767 3811//6767
f 4072//6768 4073//6768 3811//6768
f 3811//6769 4073//6769 3812//6769
f 4073//6770 4074//6770 3812//6770
f 3812//6771 4074//6771 3813//6771
f 4074//6772 4075//6772 3813//6772
f 3813//6773 4075//6773 3781//6773
f 4075//6774 4076//6774 3781//6774
f 3781//6775 4076//6775 3782//6775
f 4076//6776 4077//6776 3782//6776
f 3782//6777 4077//6777 3783//6777
f 4077//6777 4078//6777 3783//6777
f 3783//6778 4078//6778 3784//6778
f 4078//6779 4079//6779 3784//6779
f 3784//6780 4079//6780 3785//6780
f 4079//6781 4080//6781 3785//6781
f 3785//6782 4080//6782 3786//6782
f 4080//6783 4081//6783 3786//6783
f 3786//6784 4081//6784 3787//6784
f 4081//6784 4082//6784 3787//6784
f 3787//6785 4082//6785 3814//6785
f 4082//6786 4083//6786 3814//6786
f 3814//6787 4083//6787 3815//6787
f 4083//6788 4084//6788 3815//6788
f 3815//6789 4084//6789 3816//6789
f 4084//6790 4085//6790 3816//6790
f 3816//6791 4085//6791 3772//6791
f 4085//6792 4086//6792 3772//6792
f 3772//6793 4086//6793 3771//6793
f 4086//6794 4087//6794 3771//6794
f 3771//6795 4087//6795 3770//6795
f 4087//6796 4088//6796 3770//6796
f 3770//6797 4088//6797 3789//6797
f 4088//6798 4089//6798 3789//6798
f 3789//6799 4089//6799 3788//6799
f 4089//6666 4090//6666 3788//6666
f 3788//6800 4090//6800 3759//6800
f 4090//6800 4091//6800 3759//6800
f 3759//6801 4091//6801 3760//6801
f 4091//6802 4092//6802 3760//6802
f 3760//6803 4092//6803 3776//6803
f 4092//6804 4093//6804 3776//6804
f 3776//6805 4093//6805 3777//6805
f 4093//6806 4094//6806 3777//6806
f 3777//6807 4094//6807 3778//6807
f 4094//6808 4095//6808 3778//6808
f 3778//6809 4095//6809 3757//6809
f 4095//6810 4096//6810 3757//6810
f 3757//6811 4096//6811 3758//6811
f 4096//6812 4097//6812 3758//6812
f 3758//6813 4097//6813 3761//6813
f 4097//6814 4098//6814 3761//6814
f 3761//6815 4098//6815 3762//6815
f 4098//6816 4099//6816 3762//6816
f 3762//6817 4099//6817 3767//6817
f 4099//6818 4100//6818 3767//6818
f 3767//6819 4100//6819 3768//6819
f 4100//6820 4101//6820 3768//6820
f 3768//6821 4101//6821 3769//6821
f 4101//6822 4102//6822 3769//6822
f 3769//6823 4102//6823 3794//6823
f 4102//6824 4103//6824 3794//6824
f 3794//6825 4103//6825 3795//6825
f 4103//6826 4104//6826 3795//6826
f 3795//6696 4104//6696 3796//6696
f 4104//6827 4105//6827 3796//6827
f 3796//6828 4105//6828 3797//6828
f 4105//6829 4106//6829 3797//6829
f 3797//6830 4106//6830 3798//6830
f 4106//6831 4107//6831 3798//6831
f 3798//6832 4107//6832 3799//6832
f 4107//6833 4108//6833 3799//6833
f 3799//6834 4108//6834 3800//6834
f 4108//6835 4109//6835 3800//6835
f 3800//6836 4109//6836 3801//6836
f 4109//6837 4110//6837 3801//6837
f 3801//6838 4110//6838 3802//6838
f 4110//6839 4111//6839 3802//6839
f 3802//6840 4111//6840 3803//6840
f 4111//6841 4112//6841 3803//6841
f 3803//6842 4112//6842 3804//6842
f 4112//6843 4113//6843 3804//6843
f 3804//6844 4113//6844 3823//6844
f 4113//6845 4114//6845 3823//6845
f 3823//6846 4114//6846 3824//6846
f 4114//6847 4115//6847 3824//6847
f 3824//6848 4115//6848 3825//6848
f 4115//6849 4116//6849 3825//6849
f 3825//6850 4116//6850 3826//6850
f 4116//6851 4045//6851 3826//6851
f 3949//6852 4117//6852 3950//6852
f 4117//6853 4118//6853 3950//6853
f 3950//6854 4118//6854 3951//6854
f 4118//6855 4119//6855 3951//6855
f 3951//6856 4119//6856 3952//6856
f 4119//6857 4120//6857 3952//6857
f 3952//6858 4120//6858 3953//6858
f 4120//6858 4121//6858 3953//6858
f 3953//6859 4121//6859 3965//6859
f 4121//6860 4122//6860 3965//6860
f 3965//6861 4122//6861 3964//6861
f 4122//6862 4123//6862 3964//6862
f 3964//6863 4123//6863 3963//6863
f 4123//6863 4124//6863 3963//6863
f 3963//6593 4124//6593 3967//6593
f 4124//6864 4125//6864 3967//6864
f 3967//6865 4125//6865 3966//6865
f 4125//6866 4126//6866 3966//6866
f 3966//6867 4126//6867 3901//6867
f 4126//6868 4127//6868 3901//6868
f 3901//6869 4127//6869 3902//6869
f 4127//6870 4128//6870 3902//6870
f 3902//6871 4128//6871 3911//6871
f 4128//6872 4129//6872 3911//6872
f 3911//6873 4129//6873 3910//6873
f 4129//6873 4130//6873 3910//6873
f 3910//6874 4130//6874 3909//6874
f 4130//6875 4131//6875 3909//6875
f 3909//6876 4131//6876 3922//6876
f 4131//6876 4132//6876 3922//6876
f 3922//6877 4132//6877 3923//6877
f 4132//6877 4133//6877 3923//6877
f 3923//6878 4133//6878 3924//6878
f 4133//6879 4134//6879 3924//6879
f 3924//6880 4134//6880 3912//6880
f 4134//6881 4135//6881 3912//6881
f 3912//6882 4135//6882 3913//6882
f 4135//6883 4136//6883 3913//6883
f 3913//6884 4136//6884 3914//6884
f 4136//6885 4137//6885 3914//6885
f 3914//6886 4137//6886 3915//6886
f 4137//6887 4138//6887 3915//6887
f 3915//6888 4138//6888 3954//6888
f 4138//6889 4139//6889 3954//6889
f 3954//6622 4139//6622 3955//6622
f 4139//6623 4140//6623 3955//6623
f 3955//6890 4140//6890 3956//6890
f 4140//6625 4141//6625 3956//6625
f 3956//6891 4141//6891 3943//6891
f 4141//6891 4142//6891 3943//6891
f 3943//6892 4142//6892 3944//6892
f 4142//6892 4143//6892 3944//6892
f 3944//6893 4143//6893 3957//6893
f 4143//6893 4144//6893 3957//6893
f 3957//6894 4144//6894 3958//6894
f 4144//6895 4145//6895 3958//6895
f 3958//6896 4145//6896 3916//6896
f 4145//6896 4146//6896 3916//6896
f 3916//6897 4146//6897 3917//6897
f 4146//6898 4147//6898 3917//6898
f 3917//6899 4147//6899 3945//6899
f 4147//6900 4148//6900 3945//6900
f 3945//6901 4148//6901 3946//6901
f 4148//6902 4149//6902 3946//6902
f 3946//6903 4149//6903 3947//6903
f 4149//6904 4150//6904 3947//6904
f 3947//6905 4150//6905 3959//6905
f 4150//6906 4151//6906 3959//6906
f 3959//6907 4151//6907 3960//6907
f 4151//6907 4152//6907 3960//6907
f 3960//6908 4152//6908 3930//6908
f 4152//6909 4153//6909 3930//6909
f 3930//6910 4153//6910 3929//6910
f 4153//6910 4154//6910 3929//6910
f 3929//6911 4154//6911 3928//6911
f 4154//6912 4155//6912 3928//6912
f 3928//6913 4155//6913 3931//6913
f 4155//6914 4156//6914 3931//6914
f 3931//6915 4156//6915 3932//6915
f 4156//6916 4157//6916 3932//6916
f 3932//6917 4157//6917 3933//6917
f 4157//6917 4158//6917 3933//6917
f 3933//6918 4158//6918 3934//6918
f 4158//6918 4159//6918 3934//6918
f 3934//6919 4159//6919 3935//6919
f 4159//6920 4160//6920 3935//6920
f 3935//6921 4160//6921 3918//6921
f 4160//6921 4161//6921 3918//6921
f 3918//6666 4161//6666 3919//6666
f 4161//6922 4162//6922 3919//6922
f 3919//6923 4162//6923 3920//6923
f 4162//6924 4163//6924 3920//6924
f 3920//6925 4163//6925 3921//6925
f 4163//6926 4164//6926 3921//6926
f 3921//6927 4164//6927 3961//6927
f 4164//6928 4165//6928 3961//6928
f 3961//6929 4165//6929 3962//6929
f 4165//6930 4166//6930 3962//6930
f 3962//6931 4166//6931 3968//6931
f 4166//6932 4167//6932 3968//6932
f 3968//6933 4167//6933 3969//6933
f 4167//6934 4168//6934 3969//6934
f 3969//6935 4168//6935 3970//6935
f 4168//6936 4169//6936 3970//6936
f 3970//6937 4169//6937 3971//6937
f 4169//6938 4170//6938 3971//6938
f 3971//6939 4170//6939 3972//6939
f 4170//6940 4171//6940 3972//6940
f 3972//6941 4171//6941 3906//6941
f 4171//6942 4172//6942 3906//6942
f 3906//6943 4172//6943 3905//6943
f 4172//6943 4173//6943 3905//6943
f 3905//6944 4173//6944 3903//6944
f 4173//6945 4174//6945 3903//6945
f 3903//6946 4174//6946 3904//6946
f 4174//6947 4175//6947 3904//6947
f 3904//6948 4175//6948 3907//6948
f 4175//6949 4176//6949 3907//6949
f 3907//6950 4176//6950 3908//6950
f 4176//6951 4177//6951 3908//6951
f 3908//6698 4177//6698 3925//6698
f 4177//6952 4178//6952 3925//6952
f 3925//6953 4178//6953 3926//6953
f 4178//6954 4179//6954 3926//6954
f 3926//6955 4179//6955 3927//6955
f 4179//6956 4180//6956 3927//6956
f 3927//6957 4180//6957 3936//6957
f 4180//6957 4181//6957 3936//6957
f 3936//6958 4181//6958 3937//6958
f 4181//6958 4182//6958 3937//6958
f 3937//6959 4182//6959 3938//6959
f 4182//6959 4183//6959 3938//6959
f 3938//6960 4183//6960 3939//6960
f 4183//6710 4184//6710 3939//6710
f 3939//6961 4184//6961 3942//6961
f 4184//6961 4185//6961 3942//6961
f 3942//6962 4185//6962 3941//6962
f 4185//6963 4186//6963 3941//6963
f 3941//6715 4186//6715 3940//6715
f 4186//6715 4187//6715 3940//6715
f 3940//6964 4187//6964 3948//6964
f 4187//6964 4188//6964 3948//6964
f 3948//6965 4188//6965 3949//6965
f 4188//6965 4117//6965 3949//6965
f 3894//6720 4189//6720 3898//6720
f 4189//6720 4190//6720 3898//6720
f 3898//6966 4190//6966 3899//6966
f 4190//6967 4191//6967 3899//6967
f 3899//6968 4191//6968 3900//6968
f 4191//6584 4192//6584 3900//6584
f 3900//6585 4192//6585 3886//6585
f 4192//6586 4193//6586 3886//6586
f 3886//6969 4193//6969 3887//6969
f 4193//6969 4194//6969 3887//6969
f 3887//6970 4194//6970 3888//6970
f 4194//6971 4195//6971 3888//6971
f 3888//6972 4195//6972 3889//6972
f 4195//6973 4196//6973 3889//6973
f 3889//6974 4196//6974 3871//6974
f 4196//6975 4197//6975 3871//6975
f 3871//6976 4197//6976 3872//6976
f 4197//6977 4198//6977 3872//6977
f 3872//6978 4198//6978 3873//6978
f 4198//6979 4199//6979 3873//6979
f 3873//6980 4199//6980 3850//6980
f 4199//6981 4200//6981 3850//6981
f 3850//6871 4200//6871 3851//6871
f 4200//6872 4201//6872 3851//6872
f 3851//6982 4201//6982 3852//6982
f 4201//6983 4202//6983 3852//6983
f 3852//6984 4202//6984 3853//6984
f 4202//6985 4203//6985 3853//6985
f 3853//6986 4203//6986 3854//6986
f 4203//6607 4204//6607 3854//6607
f 3854//6987 4204//6987 3855//6987
f 4204//6988 4205//6988 3855//6988
f 3855//6989 4205//6989 3890//6989
f 4205//6990 4206//6990 3890//6990
f 3890//6991 4206//6991 3891//6991
f 4206//6992 4207//6992 3891//6992
f 3891//6993 4207//6993 3892//6993
f 4207//6994 4208//6994 3892//6994
f 3892//6995 4208//6995 3893//6995
f 4208//6996 4209//6996 3893//6996
f 3893//6997 4209//6997 3861//6997
f 4209//6998 4210//6998 3861//6998
f 3861//6999 4210//6999 3862//6999
f 4210//7000 4211//7000 3862//7000
f 3862//7001 4211//7001 3874//7001
f 4211//7002 4212//7002 3874//7002
f 3874//6625 4212//6625 3875//6625
f 4212//6625 4213//6625 3875//6625
f 3875//7003 4213//7003 3876//7003
f 4213//7004 4214//7004 3876//7004
f 3876//7005 4214//7005 3877//7005
f 4214//6892 4215//6892 3877//6892
f 3877//7006 4215//7006 3878//7006
f 4215//7007 4216//7007 3878//7007
f 3878//7008 4216//7008 3879//7008
f 4216//7009 4217//7009 3879//7009
f 3879//7010 4217//7010 3842//7010
f 4217//6635 4218//6635 3842//6635
f 3842//7011 4218//7011 3863//7011
f 4218//7012 4219//7012 3863//7012
f 3863//7013 4219//7013 3864//7013
f 4219//6774 4220//6774 3864//6774
f 3864//6641 4220//6641 3865//6641
f 4220//6641 4221//6641 3865//6641
f 3865//7014 4221//7014 3836//7014
f 4221//6643 4222//6643 3836//6643
f 3836//6644 4222//6644 3837//6644
f 4222//6644 4223//6644 3837//6644
f 3837//7015 4223//7015 3856//7015
f 4223//7016 4224//7016 3856//7016
f 3856//6783 4224//6783 3838//6783
f 4224//7017 4225//7017 3838//7017
f 3838//7018 4225//7018 3839//7018
f 4225//7018 4226//7018 3839//7018
f 3839//7019 4226//7019 3840//7019
f 4226//7019 4227//7019 3840//7019
f 3840//7020 4227//7020 3841//7020
f 4227//7021 4228//7021 3841//7021
f 3841//7022 4228//7022 3857//7022
f 4228//6656 4229//6656 3857//6656
f 3857//7023 4229//7023 3858//7023
f 4229//7024 4230//7024 3858//7024
f 3858//7025 4230//7025 3859//7025
f 4230//7026 4231//7026 3859//7026
f 3859//7027 4231//7027 3843//7027
f 4231//7027 4232//7027 3843//7027
f 3843//7028 4232//7028 3844//7028
f 4232//7029 4233//7029 3844//7029
f 3844//6665 4233//6665 3845//6665
f 4233//6666 4234//6666 3845//6666
f 3845//7030 4234//7030 3846//7030
f 4234//7031 4235//7031 3846//7031
f 3846//7032 4235//7032 3847//7032
f 4235//7032 4236//7032 3847//7032
f 3847//7033 4236//7033 3848//7033
f 4236//7034 4237//7034 3848//7034
f 3848//7035 4237//7035 3849//7035
f 4237//7036 4238//7036 3849//7036
f 3849//7037 4238//7037 3833//7037
f 4238//6676 4239//6676 3833//6676
f 3833//7038 4239//7038 3834//7038
f 4239//7039 4240//7039 3834//7039
f 3834//7040 4240//7040 3835//7040
f 4240//7041 4241//7041 3835//7041
f 3835//7042 4241//7042 3832//7042
f 4241//7042 4242//7042 3832//7042
f 3832//7043 4242//7043 3831//7043
f 4242//7044 4243//7044 3831//7044
f 3831//7045 4243//7045 3830//7045
f 4243//7046 4244//7046 3830//7046
f 3830//7047 4244//7047 3829//7047
f 4244//7048 4245//7048 3829//7048
f 3829//7049 4245//7049 3866//7049
f 4245//7050 4246//7050 3866//7050
f 3866//7051 4246//7051 3867//7051
f 4246//7052 4247//7052 3867//7052
f 3867//7053 4247//7053 3868//7053
f 4247//7054 4248//7054 3868//7054
f 3868//7055 4248//7055 3860//7055
f 4248//7056 4249//7056 3860//7056
f 3860//7057 4249//7057 3880//7057
f 4249//7058 4250//7058 3880//7058
f 3880//7059 4250//7059 3881//7059
f 4250//7060 4251//7060 3881//7060
f 3881//7061 4251//7061 3882//7061
f 4251//7062 4252//7062 3882//7062
f 3882//7063 4252//7063 3883//7063
f 4252//7064 4253//7064 3883//7064
f 3883//7065 4253//7065 3884//7065
f 4253//7066 4254//7066 3884//7066
f 3884//7067 4254//7067 3885//7067
f 4254//6959 4255//6959 3885//6959
f 3885//7068 4255//7068 3869//7068
f 4255//7068 4256//7068 3869//7068
f 3869//7069 4256//7069 3870//7069
f 4256//7070 4257//7070 3870//7070
f 3870//7071 4257//7071 3897//7071
f 4257//7072 4258//7072 3897//7072
f 3897//6715 4258//6715 3896//6715
f 4258//6715 4259//6715 3896//6715
f 3896//7073 4259//7073 3895//7073
f 4259//7073 4260//7073 3895//7073
f 3895//7074 4260//7074 3894//7074
f 4260//7075 4189//7075 3894//7075
f 4246//7076 4245//7076 3635//7076
f 3635//7077 4245//7077 3633//7077
f 4245//7078 4244//7078 3633//7078
f 3633//7079 4244//7079 4243//7079
f 4199//7080 4198//7080 4261//7080
f 4251//7081 4250//7081 3639//7081
f 4214//7082 4213//7082 3613//7082
f 4262//7083 4263//7083 4259//7083
f 4263//7084 4264//7084 4259//7084
f 4259//7085 4264//7085 4260//7085
f 4264//7086 4265//7086 4260//7086
f 4260//7087 4265//7087 4189//7087
f 4259//7088 4258//7088 4262//7088
f 4258//7089 4257//7089 4262//7089
f 4262//7090 4257//7090 4266//7090
f 3639//7091 4250//7091 3637//7091
f 4243//7092 4242//7092 3633//7092
f 4242//7093 4241//7093 3633//7093
f 3633//7094 4241//7094 4240//7094
f 4213//7095 4212//7095 3613//7095
f 4212//7096 4211//7096 3613//7096
f 3613//7097 4211//7097 4210//7097
f 4267//7098 4194//7098 4193//7098
f 4268//7099 4201//7099 4261//7099
f 4201//7100 4200//7100 4261//7100
f 4261//7101 4200//7101 4199//7101
f 4198//7102 4197//7102 4261//7102
f 4197//3484 4196//3484 4261//3484
f 4261//7103 4196//7103 4267//7103
f 4196//7104 4195//7104 4267//7104
f 4267//7105 4195//7105 4194//7105
f 4269//7106 4270//7106 3647//7106
f 4270//7107 4266//7107 3647//7107
f 4251//7108 3639//7108 4252//7108
f 3639//7109 3641//7109 4252//7109
f 4252//7110 3641//7110 4253//7110
f 3641//7111 3643//7111 4253//7111
f 4253//7112 3643//7112 4254//7112
f 4250//7113 4249//7113 3637//7113
f 4249//7114 4248//7114 3637//7114
f 3637//7115 4248//7115 3635//7115
f 4248//7116 4247//7116 3635//7116
f 3635//7117 4247//7117 4246//7117
f 4240//7118 4239//7118 3633//7118
f 4239//7119 4238//7119 3633//7119
f 3633//7120 4238//7120 3631//7120
f 4238//7121 4237//7121 3631//7121
f 3631//7100 4237//7100 4236//7100
f 4229//7122 4228//7122 3629//7122
f 4228//7123 4227//7123 3629//7123
f 3629//7124 4227//7124 4226//7124
f 4223//7125 3627//7125 4224//7125
f 3627//7126 3629//7126 4224//7126
f 4224//7127 3629//7127 4225//7127
f 3629//7128 4226//7128 4225//7128
f 4204//7129 4203//7129 4268//7129
f 4203//7130 4202//7130 4268//7130
f 4268//7131 4202//7131 4201//7131
f 4193//7132 4192//7132 4267//7132
f 4192//7133 4191//7133 4267//7133
f 4267//7134 4191//7134 4265//7134
f 4191//7135 4190//7135 4265//7135
f 4265//7136 4190//7136 4189//7136
f 3643//7137 3645//7137 4254//7137
f 3645//7138 3647//7138 4254//7138
f 4254//7139 3647//7139 4255//7139
f 3647//7140 4266//7140 4255//7140
f 4255//7141 4266//7141 4256//7141
f 4266//7142 4257//7142 4256//7142
f 4236//7101 4235//7101 3631//7101
f 4235//7080 4234//7080 3631//7080
f 3631//7102 4234//7102 4233//7102
f 3613//7143 3615//7143 4214//7143
f 3615//7144 3617//7144 4214//7144
f 4214//7145 3617//7145 4215//7145
f 3617//7146 3619//7146 4215//7146
f 4215//7147 3619//7147 4216//7147
f 3619//7148 3621//7148 4216//7148
f 4216//7149 3621//7149 4217//7149
f 3621//7150 3623//7150 4217//7150
f 4271//7151 4272//7151 3613//7151
f 4208//7152 4207//7152 4273//7152
f 4207//7153 4206//7153 4273//7153
f 4273//7154 4206//7154 4268//7154
f 4206//7155 4205//7155 4268//7155
f 4268//7156 4205//7156 4204//7156
f 4233//7157 4232//7157 3631//7157
f 4232//7158 4231//7158 3631//7158
f 3631//7159 4231//7159 3629//7159
f 4231//7160 4230//7160 3629//7160
f 3629//7161 4230//7161 4229//7161
f 4271//7162 3613//7162 4274//7162
f 4223//7163 4222//7163 3627//7163
f 4222//7164 4221//7164 3627//7164
f 3627//7165 4221//7165 3625//7165
f 4221//7166 4220//7166 3625//7166
f 4220//7167 4219//7167 3625//7167
f 3625//7168 4219//7168 3623//7168
f 4219//7169 4218//7169 3623//7169
f 3623//7170 4218//7170 4217//7170
f 4208//7171 4273//7171 4209//7171
f 4273//7172 4275//7172 4209//7172
f 4209//7173 4275//7173 4210//7173
f 4275//7174 4276//7174 4210//7174
f 4210//7175 4276//7175 3613//7175
f 4276//7176 4277//7176 3613//7176
f 3613//7177 4277//7177 4274//7177
f 4097//7178 3663//7178 4098//7178
f 3663//7179 3665//7179 4098//7179
f 4102//7180 4101//7180 3665//7180
f 4278//7181 4068//7181 4067//7181
f 3681//7182 3683//7182 4056//7182
f 4045//7183 4116//7183 3669//7183
f 4116//7184 4115//7184 3669//7184
f 3669//7185 4115//7185 4114//7185
f 4102//7186 3665//7186 4103//7186
f 4101//7187 4100//7187 3665//7187
f 4100//7188 4099//7188 3665//7188
f 3665//7189 4099//7189 4098//7189
f 4067//7190 4066//7190 4278//7190
f 4066//7191 4065//7191 4278//7191
f 4278//7192 4065//7192 4279//7192
f 4065//7193 4064//7193 4279//7193
f 4114//7194 4113//7194 3669//7194
f 4113//7195 4112//7195 3669//7195
f 3669//7196 4112//7196 3667//7196
f 4112//7197 4111//7197 3667//7197
f 3667//7198 4111//7198 4110//7198
f 4110//7199 4109//7199 3667//7199
f 4109//7200 4108//7200 3667//7200
f 3667//7201 4108//7201 4107//7201
f 4107//7202 4106//7202 3667//7202
f 4106//7203 4105//7203 3667//7203
f 3667//7204 4105//7204 3665//7204
f 4105//7205 4104//7205 3665//7205
f 3665//7206 4104//7206 4103//7206
f 4097//7207 4096//7207 3663//7207
f 4096//7208 4095//7208 3663//7208
f 3663//7209 4095//7209 3661//7209
f 4280//7210 4070//7210 4278//7210
f 4070//7211 4069//7211 4278//7211
f 4278//7212 4069//7212 4068//7212
f 4064//7213 4063//7213 4279//7213
f 4063//7214 4062//7214 4279//7214
f 4279//7215 4062//7215 4281//7215
f 4059//7216 4282//7216 4060//7216
f 4282//7217 4281//7217 4060//7217
f 4060//7218 4281//7218 4061//7218
f 4281//7219 4062//7219 4061//7219
f 4095//7220 4094//7220 3661//7220
f 4094//7221 4093//7221 3661//7221
f 3661//7222 4093//7222 3659//7222
f 4269//7223 3647//7223 4283//7223
f 3647//7224 3649//7224 4283//7224
f 4283//7225 3649//7225 4284//7225
f 4073//7226 4072//7226 4280//7226
f 4072//7227 4071//7227 4280//7227
f 4280//7228 4071//7228 4070//7228
f 4285//7229 4286//7229 3541//7229
f 4286//7230 4287//7230 3541//7230
f 3673//3774 4050//3774 3671//3774
f 4050//7231 4049//7231 3671//7231
f 4049//7232 4048//7232 3671//7232
f 4048//7233 4047//7233 3671//7233
f 3671//7234 4047//7234 3669//7234
f 4047//7235 4046//7235 3669//7235
f 3669//3789 4046//3789 4045//3789
f 4056//7236 3683//7236 4057//7236
f 3683//7237 3541//7237 4057//7237
f 4057//7238 3541//7238 4058//7238
f 3541//7239 4287//7239 4058//7239
f 4058//7240 4287//7240 4059//7240
f 4287//7241 4288//7241 4059//7241
f 4059//7242 4288//7242 4282//7242
f 4093//7243 4092//7243 3659//7243
f 4092//7244 4091//7244 3659//7244
f 3659//7245 4091//7245 3657//7245
f 4091//7246 4090//7246 3657//7246
f 3657//7247 4090//7247 3655//7247
f 4090//3857 4089//3857 3655//3857
f 3655//7248 4089//7248 3653//7248
f 4089//7249 4088//7249 3653//7249
f 3653//7250 4088//7250 3651//7250
f 4088//7251 3649//7251 3651//7251
f 4077//7252 4289//7252 4078//7252
f 4289//7253 4079//7253 4078//7253
f 4077//7254 4076//7254 4289//7254
f 4076//7255 4075//7255 4289//7255
f 4289//7256 4075//7256 4280//7256
f 4075//7257 4074//7257 4280//7257
f 4280//7258 4074//7258 4073//7258
f 3681//7259 4056//7259 3679//7259
f 4056//7260 4055//7260 3679//7260
f 3679//7261 4055//7261 3677//7261
f 4055//7262 4054//7262 3677//7262
f 3677//7263 4054//7263 3675//7263
f 4054//7264 4053//7264 3675//7264
f 4053//7265 4052//7265 3675//7265
f 3675//7266 4052//7266 3673//7266
f 4052//7267 4051//7267 3673//7267
f 3673//7268 4051//7268 4050//7268
f 4079//7269 4289//7269 4080//7269
f 4289//7270 4290//7270 4080//7270
f 4080//7271 4290//7271 4081//7271
f 4291//7272 4292//7272 3649//7272
f 4292//7273 4293//7273 3649//7273
f 3649//7274 4293//7274 4284//7274
f 4088//7275 4087//7275 3649//7275
f 4087//7276 4086//7276 3649//7276
f 3649//7277 4086//7277 4291//7277
f 4086//7278 4085//7278 4291//7278
f 4291//7279 4085//7279 4294//7279
f 4085//7280 4084//7280 4294//7280
f 4294//7281 4084//7281 4295//7281
f 4084//7282 4083//7282 4295//7282
f 4295//7283 4083//7283 4290//7283
f 4083//7284 4082//7284 4290//7284
f 4290//7285 4082//7285 4081//7285
f 3994//7286 3993//7286 3563//7286
f 4027//7287 4026//7287 4296//7287
f 3563//7288 3993//7288 3561//7288
f 3993//7289 3992//7289 3561//7289
f 3561//7290 3992//7290 3991//7290
f 4297//7291 4024//7291 4023//7291
f 4031//7292 4298//7292 4299//7292
f 4296//7293 4026//7293 4297//7293
f 4026//7294 4025//7294 4297//7294
f 4297//7295 4025//7295 4024//7295
f 3999//7296 3998//7296 3567//7296
f 3991//7297 3990//7297 3561//7297
f 3990//7298 3989//7298 3561//7298
f 3561//7299 3989//7299 3988//7299
f 3551//7300 3553//7300 4039//7300
f 4031//7301 4030//7301 4298//7301
f 4030//7302 4029//7302 4298//7302
f 4298//7303 4029//7303 4296//7303
f 4029//7304 4028//7304 4296//7304
f 4296//7305 4028//7305 4027//7305
f 3567//7306 3998//7306 3565//7306
f 4023//7307 4022//7307 4297//7307
f 4022//7308 4021//7308 4297//7308
f 4297//7309 4021//7309 4300//7309
f 3988//7310 3987//7310 3561//7310
f 3987//7311 3986//7311 3561//7311
f 3561//7312 3986//7312 3559//7312
f 3986//7313 3985//7313 3559//7313
f 3559//7314 3985//7314 3984//7314
f 3984//7315 3983//7315 3559//7315
f 3983//7316 3982//7316 3559//7316
f 3559//7317 3982//7317 3981//7317
f 3977//7318 3976//7318 3557//7318
f 3976//7319 3975//7319 3557//7319
f 3557//7320 3975//7320 3974//7320
f 4039//7321 4038//7321 3551//7321
f 4038//7322 4037//7322 3551//7322
f 3551//7323 4037//7323 3549//7323
f 4037//7324 4036//7324 3549//7324
f 3549//7325 4036//7325 3547//7325
f 4036//7326 4035//7326 3547//7326
f 3547//7327 4035//7327 3545//7327
f 4035//7328 4034//7328 3545//7328
f 3545//7144 4034//7144 3543//7144
f 3998//7329 3997//7329 3565//7329
f 3997//7330 3996//7330 3565//7330
f 3565//7331 3996//7331 3563//7331
f 3996//7332 3995//7332 3563//7332
f 3563//7333 3995//7333 3994//7333
f 3981//7334 3980//7334 3559//7334
f 3980//7335 3979//7335 3559//7335
f 3559//7336 3979//7336 3557//7336
f 3979//7337 3978//7337 3557//7337
f 3557//7338 3978//7338 3977//7338
f 3974//7339 3973//7339 3557//7339
f 3973//7340 4044//7340 3557//7340
f 3557//7341 4044//7341 3555//7341
f 4044//7342 4043//7342 3555//7342
f 4301//7343 4302//7343 3543//7343
f 4302//7344 4303//7344 3543//7344
f 3543//7345 4303//7345 3541//7345
f 4303//7346 4304//7346 3541//7346
f 3541//7347 4304//7347 4285//7347
f 4043//7348 4042//7348 3555//7348
f 4042//7349 4041//7349 3555//7349
f 3555//7350 4041//7350 3553//7350
f 4041//7166 4040//7166 3553//7166
f 3553//7351 4040//7351 4039//7351
f 4014//7352 4013//7352 4305//7352
f 3999//7353 3567//7353 4000//7353
f 3567//7354 3569//7354 4000//7354
f 4000//7355 3569//7355 4001//7355
f 3569//3735 3571//3735 4001//3735
f 4001//7356 3571//7356 4002//7356
f 4299//7357 4306//7357 4031//7357
f 4306//7358 4301//7358 4031//7358
f 4031//7359 4301//7359 4032//7359
f 4301//7360 3543//7360 4032//7360
f 4032//7361 3543//7361 4033//7361
f 3543//7362 4034//7362 4033//7362
f 4013//7363 4012//7363 4305//7363
f 4012//7364 4011//7364 4305//7364
f 4305//7365 4011//7365 4307//7365
f 4011//7135 4010//7135 4307//7135
f 4308//7366 4309//7366 4006//7366
f 4309//7367 4310//7367 4006//7367
f 4006//7368 4310//7368 4311//7368
f 4010//7369 4009//7369 4307//7369
f 4009//7370 4008//7370 4307//7370
f 4307//7371 4008//7371 4311//7371
f 4008//7372 4007//7372 4311//7372
f 4311//7373 4007//7373 4006//7373
f 4021//7100 4020//7100 4300//7100
f 4020//7374 4019//7374 4300//7374
f 4300//7375 4019//7375 4018//7375
f 4018//7102 4017//7102 4300//7102
f 4017//7376 4016//7376 4300//7376
f 4300//7377 4016//7377 4305//7377
f 4016//7378 4015//7378 4305//7378
f 4305//7379 4015//7379 4014//7379
f 4312//7380 4313//7380 3577//7380
f 4313//7381 4308//7381 3577//7381
f 3571//7382 3573//7382 4002//7382
f 3573//7383 3575//7383 4002//7383
f 4002//7384 3575//7384 4003//7384
f 3575//7385 3577//7385 4003//7385
f 4003//7386 3577//7386 4004//7386
f 3577//7387 4308//7387 4004//7387
f 4004//7388 4308//7388 4005//7388
f 4308//7389 4006//7389 4005//7389
f 4176//7390 4175//7390 4314//7390
f 4186//7391 4185//7391 4315//7391
f 4139//7392 4138//7392 3593//7392
f 4138//7393 4137//7393 3593//7393
f 3593//7394 4137//7394 4136//7394
f 4118//7395 4117//7395 4316//7395
f 4117//7396 4188//7396 4316//7396
f 4316//7397 4188//7397 4315//7397
f 4188//7398 4187//7398 4315//7398
f 4315//7399 4187//7399 4186//7399
f 4317//7400 4181//7400 4180//7400
f 4272//7401 4318//7401 3613//7401
f 4318//7402 4319//7402 3613//7402
f 3613//7403 4319//7403 4320//7403
f 4166//7404 4321//7404 4167//7404
f 4321//7405 4168//7405 4167//7405
f 4185//7406 4184//7406 4315//7406
f 4184//7407 4183//7407 4315//7407
f 4315//7408 4183//7408 4317//7408
f 4183//7409 4182//7409 4317//7409
f 4317//7410 4182//7410 4181//7410
f 4180//7411 4179//7411 4317//7411
f 4179//7412 4178//7412 4317//7412
f 4317//7413 4178//7413 4314//7413
f 4178//7414 4177//7414 4314//7414
f 4314//7415 4177//7415 4176//7415
f 4175//7416 4174//7416 4314//7416
f 4174//7417 4173//7417 4314//7417
f 4314//7418 4173//7418 4322//7418
f 4173//7419 4172//7419 4322//7419
f 4172//7420 4171//7420 4322//7420
f 4171//7421 4170//7421 4322//7421
f 4322//7422 4170//7422 4321//7422
f 4170//7423 4169//7423 4321//7423
f 4321//7424 4169//7424 4168//7424
f 4133//7425 3591//7425 4134//7425
f 3591//7426 3593//7426 4134//7426
f 4134//7427 3593//7427 4135//7427
f 3593//7428 4136//7428 4135//7428
f 3587//7429 3589//7429 4129//7429
f 4320//7430 4323//7430 3613//7430
f 4323//7431 4324//7431 3613//7431
f 3613//7432 4324//7432 4325//7432
f 3595//7433 4144//7433 4143//7433
f 4133//7434 4132//7434 3591//7434
f 4132//7435 4131//7435 3591//7435
f 3591//7436 4131//7436 3589//7436
f 4131//7437 4130//7437 3589//7437
f 3589//7438 4130//7438 4129//7438
f 3603//7439 3605//7439 4162//7439
f 4147//7440 4146//7440 3595//7440
f 4146//7441 4145//7441 3595//7441
f 3595//7442 4145//7442 4144//7442
f 4143//7443 4142//7443 3595//7443
f 4142//7444 4141//7444 3595//7444
f 3595//7445 4141//7445 3593//7445
f 4141//7446 4140//7446 3593//7446
f 3593//7447 4140//7447 4139//7447
f 4120//7448 3577//7448 4121//7448
f 3577//7449 4122//7449 4121//7449
f 4326//7450 4327//7450 3577//7450
f 4162//7451 3605//7451 4163//7451
f 3605//7452 3607//7452 4163//7452
f 4163//7453 3607//7453 4164//7453
f 4147//7454 3595//7454 4148//7454
f 3595//7455 3597//7455 4148//7455
f 4148//7456 3597//7456 4149//7456
f 4327//7457 4328//7457 3577//7457
f 4328//7458 4329//7458 3577//7458
f 3577//7459 4329//7459 4312//7459
f 3607//7259 3609//7259 4164//7259
f 3609//7460 3611//7460 4164//7460
f 4164//7461 3611//7461 4165//7461
f 3611//7462 3613//7462 4165//7462
f 4165//7463 3613//7463 4166//7463
f 3613//7464 4325//7464 4166//7464
f 4166//7465 4325//7465 4321//7465
f 4162//7466 4161//7466 3603//7466
f 4161//7467 4160//7467 3603//7467
f 3603//7468 4160//7468 3601//7468
f 3597//7469 4153//7469 4152//7469
f 4129//7470 4128//7470 3587//7470
f 4128//7471 4127//7471 3587//7471
f 3587//7472 4127//7472 3585//7472
f 4127//7473 4126//7473 3585//7473
f 3585//7474 4126//7474 3583//7474
f 4126//7475 4125//7475 3583//7475
f 3583//7476 4125//7476 3581//7476
f 4125//7477 4124//7477 3581//7477
f 3581//7478 4124//7478 3579//7478
f 3579//7479 4124//7479 3577//7479
f 4124//7480 4123//7480 3577//7480
f 3577//7481 4123//7481 4122//7481
f 4152//7482 4151//7482 3597//7482
f 4151//7483 4150//7483 3597//7483
f 3597//7484 4150//7484 4149//7484
f 4118//7485 4316//7485 4119//7485
f 4316//7486 4330//7486 4119//7486
f 4119//7487 4330//7487 4120//7487
f 4330//7488 4331//7488 4120//7488
f 4120//7489 4331//7489 3577//7489
f 4331//7490 4332//7490 3577//7490
f 3577//7491 4332//7491 4326//7491
f 4160//7492 4159//7492 3601//7492
f 4159//7493 4158//7493 3601//7493
f 3601//3774 4158//3774 3599//3774
f 4158//7231 4157//7231 3599//7231
f 4157//7494 4156//7494 3599//7494
f 4156//7495 4155//7495 3599//7495
f 3599//7496 4155//7496 3597//7496
f 4155//7497 4154//7497 3597//7497
f 3597//7498 4154//7498 4153//7498
f 4318//7499 3332//7499 4319//7499
f 3332//7500 3330//7500 4319//7500
f 4319//7501 3330//7501 4320//7501
f 3330//7502 3328//7502 4320//7502
f 4320//7503 3328//7503 4323//7503
f 3328//7504 3326//7504 4323//7504
f 4323//7505 3326//7505 4324//7505
f 3326//7505 3468//7505 4324//7505
f 4324//7506 3468//7506 4325//7506
f 3468//7507 3466//7507 4325//7507
f 4325//7508 3466//7508 4321//7508
f 3466//7509 3464//7509 4321//7509
f 4321//7510 3464//7510 4322//7510
f 3464//4025 3462//4025 4322//4025
f 4322//4026 3462//4026 4314//4026
f 3462//7511 3460//7511 4314//7511
f 4314//7512 3460//7512 4317//7512
f 3460//7513 3458//7513 4317//7513
f 4317//7514 3458//7514 4315//7514
f 3458//7515 3456//7515 4315//7515
f 4315//7516 3456//7516 4316//7516
f 3456//7516 3454//7516 4316//7516
f 4316//7517 3454//7517 4330//7517
f 3454//7518 3452//7518 4330//7518
f 4330//7519 3452//7519 4331//7519
f 3452//7520 3450//7520 4331//7520
f 4331//7521 3450//7521 4332//7521
f 3450//7522 3448//7522 4332//7522
f 4332//7523 3448//7523 4326//7523
f 3448//7523 3446//7523 4326//7523
f 4326//7524 3446//7524 4327//7524
f 3446//7524 3444//7524 4327//7524
f 4327//4042 3444//4042 4328//4042
f 3444//4042 3442//4042 4328//4042
f 4328//7525 3442//7525 4329//7525
f 3442//7526 3440//7526 4329//7526
f 4329//7527 3440//7527 4312//7527
f 3440//7527 3438//7527 4312//7527
f 4312//7528 3438//7528 4313//7528
f 3438//7529 3436//7529 4313//7529
f 4313//7530 3436//7530 4308//7530
f 3436//7531 3434//7531 4308//7531
f 4308//7532 3434//7532 4309//7532
f 3434//4049 3432//4049 4309//4049
f 4309//7533 3432//7533 4310//7533
f 3432//7534 3430//7534 4310//7534
f 4310//7535 3430//7535 4311//7535
f 3430//7536 3428//7536 4311//7536
f 4311//7537 3428//7537 4307//7537
f 3428//7537 3426//7537 4307//7537
f 4307//7538 3426//7538 4305//7538
f 3426//7539 3424//7539 4305//7539
f 4305//7540 3424//7540 4300//7540
f 3424//7541 3422//7541 4300//7541
f 4300//7542 3422//7542 4297//7542
f 3422//7543 3420//7543 4297//7543
f 4297//7544 3420//7544 4296//7544
f 3420//7545 3418//7545 4296//7545
f 4296//7546 3418//7546 4298//7546
f 3418//7547 3416//7547 4298//7547
f 4298//7548 3416//7548 4299//7548
f 3416//7549 3414//7549 4299//7549
f 4299//7550 3414//7550 4306//7550
f 3414//7550 3412//7550 4306//7550
f 4306//7551 3412//7551 4301//7551
f 3412//7551 3410//7551 4301//7551
f 4301//4068 3410//4068 4302//4068
f 3410//4068 3408//4068 4302//4068
f 4302//7552 3408//7552 4303//7552
f 3408//7553 3406//7553 4303//7553
f 4303//7554 3406//7554 4304//7554
f 3406//7554 3404//7554 4304//7554
f 4304//7555 3404//7555 4285//7555
f 3404//7556 3402//7556 4285//7556
f 4285//7557 3402//7557 4286//7557
f 3402//7557 3400//7557 4286//7557
f 4286//7558 3400//7558 4287//7558
f 3400//7559 3398//7559 4287//7559
f 4287//7560 3398//7560 4288//7560
f 3398//7560 3396//7560 4288//7560
f 4288//7561 3396//7561 4282//7561
f 3396//7562 3394//7562 4282//7562
f 4282//7563 3394//7563 4281//7563
f 3394//7564 3392//7564 4281//7564
f 4281//7565 3392//7565 4279//7565
f 3392//7566 3390//7566 4279//7566
f 4279//7567 3390//7567 4278//7567
f 3390//7567 3388//7567 4278//7567
f 4278//7568 3388//7568 4280//7568
f 3388//7569 3386//7569 4280//7569
f 4280//7570 3386//7570 4289//7570
f 3386//7571 3384//7571 4289//7571
f 4289//7572 3384//7572 4290//7572
f 3384//7573 3382//7573 4290//7573
f 4290//7574 3382//7574 4295//7574
f 3382//7574 3380//7574 4295//7574
f 4295//7575 3380//7575 4294//7575
f 3380//7576 3378//7576 4294//7576
f 4294//7577 3378//7577 4291//7577
f 3378//7578 3376//7578 4291//7578
f 4291//7579 3376//7579 4292//7579
f 3376//7579 3374//7579 4292//7579
f 4292//7580 3374//7580 4293//7580
f 3374//7581 3372//7581 4293//7581
f 4293//7582 3372//7582 4284//7582
f 3372//7583 3370//7583 4284//7583
f 4284//7584 3370//7584 4283//7584
f 3370//4099 3368//4099 4283//4099
f 4283//7585 3368//7585 4269//7585
f 3368//7586 3366//7586 4269//7586
f 4269//7587 3366//7587 4270//7587
f 3366//7588 3364//7588 4270//7588
f 4270//7589 3364//7589 4266//7589
f 3364//7590 3362//7590 4266//7590
f 4266//7591 3362//7591 4262//7591
f 3362//7592 3360//7592 4262//7592
f 4262//7593 3360//7593 4263//7593
f 3360//7593 3358//7593 4263//7593
f 4263//7594 3358//7594 4264//7594
f 3358//7594 3356//7594 4264//7594
f 4264//7595 3356//7595 4265//7595
f 3356//7595 3354//7595 4265//7595
f 4265//7596 3354//7596 4267//7596
f 3354//7596 3352//7596 4267//7596
f 4267//7597 3352//7597 4261//7597
f 3352//7598 3350//7598 4261//7598
f 4261//7599 3350//7599 4268//7599
f 3350//7600 3348//7600 4268//7600
f 4268//7601 3348//7601 4273//7601
f 3348//7601 3346//7601 4273//7601
f 4273//7602 3346//7602 4275//7602
f 3346//7603 3344//7603 4275//7603
f 4275//7604 3344//7604 4276//7604
f 3344//7605 3342//7605 4276//7605
f 4276//7606 3342//7606 4277//7606
f 3342//7607 3340//7607 4277//7607
f 4277//7608 3340//7608 4274//7608
f 3340//7609 3338//7609 4274//7609
f 4274//7610 3338//7610 4271//7610
f 3338//7611 3336//7611 4271//7611
f 4271//7612 3336//7612 4272//7612
f 3336//7613 3334//7613 4272//7613
f 4272//7614 3334//7614 4318//7614
f 3334//7614 3332//7614 4318//7614
f 3613//7615 2610//7615 3611//7615
f 2610//7616 2609//7616 3611//7616
f 3611//7617 2609//7617 3609//7617
f 2609//7618 2607//7618 3609//7618
f 3609//7619 2607//7619 3607//7619
f 2607//7620 2605//7620 3607//7620
f 3607//7621 2605//7621 3605//7621
f 2605//7622 2599//7622 3605//7622
f 3605//7623 2599//7623 3603//7623
f 2599//7624 2596//7624 3603//7624
f 3603//7625 2596//7625 3601//7625
f 2596//7626 2581//7626 3601//7626
f 3601//7626 2581//7626 3599//7626
f 2581//7627 2579//7627 3599//7627
f 3599//7627 2579//7627 3597//7627
f 2579//7628 2590//7628 3597//7628
f 3597//7629 2590//7629 3595//7629
f 2590//7630 2593//7630 3595//7630
f 3595//7631 2593//7631 3593//7631
f 2593//7632 2639//7632 3593//7632
f 3593//7633 2639//7633 3591//7633
f 2639//7634 2625//7634 3591//7634
f 3591//7635 2625//7635 3589//7635
f 2625//7636 2587//7636 3589//7636
f 3589//7637 2587//7637 3587//7637
f 2587//7638 2634//7638 3587//7638
f 3587//7639 2634//7639 3585//7639
f 2634//7640 2636//7640 3585//7640
f 3585//7641 2636//7641 3583//7641
f 2636//7642 2674//7642 3583//7642
f 3583//7643 2674//7643 3581//7643
f 2674//7644 2652//7644 3581//7644
f 3581//7645 2652//7645 3579//7645
f 2652//7646 2545//7646 3579//7646
f 3579//7647 2545//7647 3577//7647
f 2545//7648 2568//7648 3577//7648
f 3577//7649 2568//7649 3575//7649
f 2568//7650 2567//7650 3575//7650
f 3575//7651 2567//7651 3573//7651
f 2567//7652 2565//7652 3573//7652
f 3573//7653 2565//7653 3571//7653
f 2565//7654 2563//7654 3571//7654
f 3571//7654 2563//7654 3569//7654
f 2563//7655 2523//7655 3569//7655
f 3569//7656 2523//7656 3567//7656
f 2523//7657 2524//7657 3567//7657
f 3567//7658 2524//7658 3565//7658
f 2524//7659 2485//7659 3565//7659
f 3565//7660 2485//7660 3563//7660
f 2485//7661 2487//7661 3563//7661
f 3563//7662 2487//7662 3561//7662
f 2487//7663 2517//7663 3561//7663
f 3561//7664 2517//7664 3559//7664
f 2517//7665 2512//7665 3559//7665
f 3559//7666 2512//7666 3557//7666
f 2512//7667 2532//7667 3557//7667
f 3557//7668 2532//7668 3555//7668
f 2532//7669 2530//7669 3555//7669
f 3555//7670 2530//7670 3553//7670
f 2530//7671 2511//7671 3553//7671
f 3553//7672 2511//7672 3551//7672
f 2511//7673 2509//7673 3551//7673
f 3551//7674 2509//7674 3549//7674
f 2509//7675 2502//7675 3549//7675
f 3549//7676 2502//7676 3547//7676
f 2502//7677 2540//7677 3547//7677
f 3547//7678 2540//7678 3545//7678
f 2540//7679 2499//7679 3545//7679
f 3545//7680 2499//7680 3543//7680
f 2499//7681 2497//7681 3543//7681
f 3543//7682 2497//7682 3541//7682
f 2497//7683 2434//7683 3541//7683
f 3541//7684 2434//7684 3683//7684
f 2434//7685 2456//7685 3683//7685
f 3683//7686 2456//7686 3681//7686
f 2456//7687 2454//7687 3681//7687
f 3681//7688 2454//7688 3679//7688
f 2454//7689 2452//7689 3679//7689
f 3679//7689 2452//7689 3677//7689
f 2452//7690 2428//7690 3677//7690
f 3677//7691 2428//7691 3675//7691
f 2428//7692 2429//7692 3675//7692
f 3675//7693 2429//7693 3673//7693
f 2429//7694 2425//7694 3673//7694
f 3673//7694 2425//7694 3671//7694
f 2425//7695 2438//7695 3671//7695
f 3671//7696 2438//7696 3669//7696
f 2438//7697 2422//7697 3669//7697
f 3669//7698 2422//7698 3667//7698
f 2422//7699 2373//7699 3667//7699
f 3667//7700 2373//7700 3665//7700
f 2373//7701 2394//7701 3665//7701
f 3665//7702 2394//7702 3663//7702
f 2394//7703 2370//7703 3663//7703
f 3663//7704 2370//7704 3661//7704
f 2370//7705 2364//7705 3661//7705
f 3661//7706 2364//7706 3659//7706
f 2364//7707 2412//7707 3659//7707
f 3659//7708 2412//7708 3657//7708
f 2412//7709 2414//7709 3657//7709
f 3657//7710 2414//7710 3655//7710
f 2414//7711 2415//7711 3655//7711
f 3655//7712 2415//7712 3653//7712
f 2415//7713 2409//7713 3653//7713
f 3653//7714 2409//7714 3651//7714
f 2409//7715 2316//7715 3651//7715
f 3651//7716 2316//7716 3649//7716
f 2316//7717 2313//7717 3649//7717
f 3649//7718 2313//7718 3647//7718
f 2313//7719 2311//7719 3647//7719
f 3647//7720 2311//7720 3645//7720
f 2311//7721 2309//7721 3645//7721
f 3645//7722 2309//7722 3643//7722
f 2309//7723 2307//7723 3643//7723
f 3643//7724 2307//7724 3641//7724
f 2307//7725 2278//7725 3641//7725
f 3641//7726 2278//7726 3639//7726
f 2278//7727 2279//7727 3639//7727
f 3639//7728 2279//7728 3637//7728
f 2279//7729 2259//7729 3637//7729
f 3637//7730 2259//7730 3635//7730
f 2259//7731 2247//7731 3635//7731
f 3635//7732 2247//7732 3633//7732
f 2247//7733 2272//7733 3633//7733
f 3633//7734 2272//7734 3631//7734
f 2272//7735 2255//7735 3631//7735
f 3631//7735 2255//7735 3629//7735
f 2255//7736 2265//7736 3629//7736
f 3629//7737 2265//7737 3627//7737
f 2265//7738 2262//7738 3627//7738
f 3627//7739 2262//7739 3625//7739
f 2262//7740 2252//7740 3625//7740
f 3625//7741 2252//7741 3623//7741
f 2252//7742 2318//7742 3623//7742
f 3623//7743 2318//7743 3621//7743
f 2318//7744 2320//7744 3621//7744
f 3621//7745 2320//7745 3619//7745
f 2320//7746 2321//7746 3619//7746
f 3619//7747 2321//7747 3617//7747
f 2321//7748 2291//7748 3617//7748
f 3617//7749 2291//7749 3615//7749
f 2291//7750 2293//7750 3615//7750
f 3615//7751 2293//7751 3613//7751
f 2293//7752 2610//7752 3613//7752
f 4189//7753 2332//7753 4190//7753
f 2332//7753 2334//7753 4190//7753
f 4190//7754 2334//7754 4191//7754
f 2334//7755 2335//7755 4191//7755
f 4191//7756 2335//7756 4192//7756
f 2335//7757 2323//7757 4192//7757
f 4192//7758 2323//7758 4193//7758
f 2323//7759 2324//7759 4193//7759
f 4193//7760 2324//7760 4194//7760
f 2324//7761 2347//7761 4194//7761
f 4194//7762 2347//7762 4195//7762
f 2347//7762 2348//7762 4195//7762
f 4195//7763 2348//7763 4196//7763
f 2348//7764 2349//7764 4196//7764
f 4196//7765 2349//7765 4197//7765
f 2349//7766 2295//7766 4197//7766
f 4197//7767 2295//7767 4198//7767
f 2295//7768 2296//7768 4198//7768
f 4198//7769 2296//7769 4199//7769
f 2296//7770 2298//7770 4199//7770
f 4199//7771 2298//7771 4200//7771
f 2298//7771 2299//7771 4200//7771
f 4200//7772 2299//7772 4201//7772
f 2299//7773 2300//7773 4201//7773
f 4201//7774 2300//7774 4202//7774
f 2300//7775 2282//7775 4202//7775
f 4202//7776 2282//7776 4203//7776
f 2282//7777 2283//7777 4203//7777
f 4203//7778 2283//7778 4204//7778
f 2283//7778 2301//7778 4204//7778
f 4204//7779 2301//7779 4205//7779
f 2301//7779 2302//7779 4205//7779
f 4205//7780 2302//7780 4206//7780
f 2302//7781 2304//7781 4206//7781
f 4206//7782 2304//7782 4207//7782
f 2304//7783 2336//7783 4207//7783
f 4207//7784 2336//7784 4208//7784
f 2336//4517 2337//4517 4208//4517
f 4208//7785 2337//7785 4209//7785
f 2337//7786 2339//7786 4209//7786
f 4209//7787 2339//7787 4210//7787
f 2339//7788 2340//7788 4210//7788
f 4210//7789 2340//7789 4211//7789
f 2340//7790 2346//7790 4211//7790
f 4211//7791 2346//7791 4212//7791
f 2346//7791 2294//7791 4212//7791
f 4212//7792 2294//7792 4213//7792
f 2294//7792 2292//7792 4213//7792
f 4213//7793 2292//7793 4214//7793
f 2292//7794 2290//7794 4214//7794
f 4214//7795 2290//7795 4215//7795
f 2290//7796 2319//7796 4215//7796
f 4215//7797 2319//7797 4216//7797
f 2319//7798 2317//7798 4216//7798
f 4216//7799 2317//7799 4217//7799
f 2317//7799 2250//7799 4217//7799
f 4217//7800 2250//7800 4218//7800
f 2250//7801 2251//7801 4218//7801
f 4218//7802 2251//7802 4219//7802
f 2251//7803 2263//7803 4219//7803
f 4219//7804 2263//7804 4220//7804
f 2263//7805 2264//7805 4220//7805
f 4220//7806 2264//7806 4221//7806
f 2264//7807 2266//7807 4221//7807
f 4221//7808 2266//7808 4222//7808
f 2266//7809 2267//7809 4222//7809
f 4222//7810 2267//7810 4223//7810
f 2267//7811 2268//7811 4223//7811
f 4223//7812 2268//7812 4224//7812
f 2268//7813 2269//7813 4224//7813
f 4224//7814 2269//7814 4225//7814
f 2269//7815 2253//7815 4225//7815
f 4225//7816 2253//7816 4226//7816
f 2253//7816 2254//7816 4226//7816
f 4226//7817 2254//7817 4227//7817
f 2254//7818 2256//7818 4227//7818
f 4227//7819 2256//7819 4228//7819
f 2256//7820 2257//7820 4228//7820
f 4228//7821 2257//7821 4229//7821
f 2257//7822 2270//7822 4229//7822
f 4229//7823 2270//7823 4230//7823
f 2270//7824 2271//7824 4230//7824
f 4230//7825 2271//7825 4231//7825
f 2271//7826 2273//7826 4231//7826
f 4231//7827 2273//7827 4232//7827
f 2273//7828 2274//7828 4232//7828
f 4232//7829 2274//7829 4233//7829
f 2274//7829 2275//7829 4233//7829
f 4233//7830 2275//7830 4234//7830
f 2275//7831 2276//7831 4234//7831
f 4234//7832 2276//7832 4235//7832
f 2276//7833 2277//7833 4235//7833
f 4235//7834 2277//7834 4236//7834
f 2277//7834 2284//7834 4236//7834
f 4236//7835 2284//7835 4237//7835
f 2284//7836 2285//7836 4237//7836
f 4237//7837 2285//7837 4238//7837
f 2285//7838 2286//7838 4238//7838
f 4238//7839 2286//7839 4239//7839
f 2286//7840 2245//7840 4239//7840
f 4239//7841 2245//7841 4240//7841
f 2245//7842 2246//7842 4240//7842
f 4240//7843 2246//7843 4241//7843
f 2246//7844 2248//7844 4241//7844
f 4241//7845 2248//7845 4242//7845
f 2248//7846 2249//7846 4242//7846
f 4242//7847 2249//7847 4243//7847
f 2249//7848 2261//7848 4243//7848
f 4243//7849 2261//7849 4244//7849
f 2261//7850 2260//7850 4244//7850
f 4244//7851 2260//7851 4245//7851
f 2260//7852 2258//7852 4245//7852
f 4245//7853 2258//7853 4246//7853
f 2258//7854 2287//7854 4246//7854
f 4246//7855 2287//7855 4247//7855
f 2287//7856 2288//7856 4247//7856
f 4247//7857 2288//7857 4248//7857
f 2288//7857 2289//7857 4248//7857
f 4248//7858 2289//7858 4249//7858
f 2289//7858 2280//7858 4249//7858
f 4249//7859 2280//7859 4250//7859
f 2280//7860 2305//7860 4250//7860
f 4250//7861 2305//7861 4251//7861
f 2305//7862 2306//7862 4251//7862
f 4251//7863 2306//7863 4252//7863
f 2306//7864 2308//7864 4252//7864
f 4252//7865 2308//7865 4253//7865
f 2308//7866 2310//7866 4253//7866
f 4253//7867 2310//7867 4254//7867
f 2310//7868 2312//7868 4254//7868
f 4254//7869 2312//7869 4255//7869
f 2312//7870 2330//7870 4255//7870
f 4255//7871 2330//7871 4256//7871
f 2330//7872 2322//7872 4256//7872
f 4256//7873 2322//7873 4257//7873
f 2322//7874 2314//7874 4257//7874
f 4257//7875 2314//7875 4258//7875
f 2314//7876 2315//7876 4258//7876
f 4258//7877 2315//7877 4259//7877
f 2315//7878 2350//7878 4259//7878
f 4259//7879 2350//7879 4260//7879
f 2350//7880 2331//7880 4260//7880
f 4260//7881 2331//7881 4189//7881
f 2331//7882 2332//7882 4189//7882
f 4333//7883 4334//7883 4335//7883
f 4334//7883 4336//7883 4335//7883
f 4335//7884 4336//7884 4337//7884
f 4336//7885 4338//7885 4337//7885
f 4337//7886 4338//7886 4339//7886
f 4338//7887 4340//7887 4339//7887
f 4339//7888 4340//7888 4341//7888
f 4340//7888 4342//7888 4341//7888
f 4341//7889 4342//7889 4343//7889
f 4342//7890 4344//7890 4343//7890
f 4343//7891 4344//7891 4345//7891
f 4344//7892 4346//7892 4345//7892
f 4345//7893 4346//7893 4347//7893
f 4346//7894 4348//7894 4347//7894
f 4347//7895 4348//7895 4349//7895
f 4348//7896 4350//7896 4349//7896
f 4349//7897 4350//7897 4351//7897
f 4350//7898 4352//7898 4351//7898
f 4351//7899 4352//7899 4353//7899
f 4352//7900 4354//7900 4353//7900
f 4353//7901 4354//7901 4355//7901
f 4354//7902 4356//7902 4355//7902
f 4355//7903 4356//7903 4357//7903
f 4356//7904 4358//7904 4357//7904
f 4357//7905 4358//7905 4359//7905
f 4358//7906 4360//7906 4359//7906
f 4359//7907 4360//7907 4361//7907
f 4360//7908 4362//7908 4361//7908
f 4361//7909 4362//7909 4363//7909
f 4362//7910 4364//7910 4363//7910
f 4363//7911 4364//7911 4365//7911
f 4364//7912 4366//7912 4365//7912
f 4365//7913 4366//7913 4367//7913
f 4366//7913 4368//7913 4367//7913
f 4367//7914 4368//7914 4369//7914
f 4368//7914 4370//7914 4369//7914
f 4369//7915 4370//7915 4371//7915
f 4370//7916 4372//7916 4371//7916
f 4371//7917 4372//7917 4373//7917
f 4372//7918 4374//7918 4373//7918
f 4373//7919 4374//7919 4375//7919
f 4374//7920 4376//7920 4375//7920
f 4375//7921 4376//7921 4377//7921
f 4376//7922 4378//7922 4377//7922
f 4377//7923 4378//7923 4379//7923
f 4378//7924 4380//7924 4379//7924
f 4379//7925 4380//7925 4381//7925
f 4380//7926 4382//7926 4381//7926
f 4381//7927 4382//7927 4383//7927
f 4382//7928 4384//7928 4383//7928
f 4383//7929 4384//7929 4385//7929
f 4384//7930 4386//7930 4385//7930
f 4385//7931 4386//7931 4387//7931
f 4386//7932 4388//7932 4387//7932
f 4387//7933 4388//7933 4389//7933
f 4388//7934 4390//7934 4389//7934
f 4389//7935 4390//7935 4391//7935
f 4390//7936 4392//7936 4391//7936
f 4391//7937 4392//7937 4393//7937
f 4392//7938 4394//7938 4393//7938
f 4393//7939 4394//7939 4395//7939
f 4394//7940 4396//7940 4395//7940
f 4395//7941 4396//7941 4397//7941
f 4396//7941 4398//7941 4397//7941
f 4397//7942 4398//7942 4399//7942
f 4398//7942 4400//7942 4399//7942
f 4399//7943 4400//7943 4401//7943
f 4400//7944 4402//7944 4401//7944
f 4401//7945 4402//7945 4403//7945
f 4402//7946 4404//7946 4403//7946
f 4403//7947 4404//7947 4405//7947
f 4404//7948 4406//7948 4405//7948
f 4405//7949 4406//7949 4407//7949
f 4406//7950 4408//7950 4407//7950
f 4407//7951 4408//7951 4409//7951
f 4408//7952 4410//7952 4409//7952
f 4409//7953 4410//7953 4411//7953
f 4410//7953 4412//7953 4411//7953
f 4411//7954 4412//7954 4413//7954
f 4412//7954 4414//7954 4413//7954
f 4413//7955 4414//7955 4415//7955
f 4414//7956 4416//7956 4415//7956
f 4415//7957 4416//7957 4417//7957
f 4416//7958 4418//7958 4417//7958
f 4417//7959 4418//7959 4419//7959
f 4418//7960 4420//7960 4419//7960
f 4419//7961 4420//7961 4421//7961
f 4420//7961 4422//7961 4421//7961
f 4421//7962 4422//7962 4423//7962
f 4422//7963 4424//7963 4423//7963
f 4423//7964 4424//7964 4425//7964
f 4424//7965 4426//7965 4425//7965
f 4425//7966 4426//7966 4427//7966
f 4426//7967 4428//7967 4427//7967
f 4427//7968 4428//7968 4429//7968
f 4428//7969 4430//7969 4429//7969
f 4429//7970 4430//7970 4431//7970
f 4430//7971 4432//7971 4431//7971
f 4431//7972 4432//7972 4433//7972
f 4432//7973 4434//7973 4433//7973
f 4433//7974 4434//7974 4435//7974
f 4434//7974 4436//7974 4435//7974
f 4435//7975 4436//7975 4437//7975
f 4436//7976 4438//7976 4437//7976
f 4437//7977 4438//7977 4439//7977
f 4438//7978 4440//7978 4439//7978
f 4439//7979 4440//7979 4441//7979
f 4440//7980 4442//7980 4441//7980
f 4441//7981 4442//7981 4443//7981
f 4442//7982 4444//7982 4443//7982
f 4443//7983 4444//7983 4445//7983
f 4444//7984 4446//7984 4445//7984
f 4445//7985 4446//7985 4447//7985
f 4446//7986 4448//7986 4447//7986
f 4447//7987 4448//7987 4449//7987
f 4448//7987 4450//7987 4449//7987
f 4449//7988 4450//7988 4451//7988
f 4450//7989 4452//7989 4451//7989
f 4451//7990 4452//7990 4453//7990
f 4452//7991 4454//7991 4453//7991
f 4453//7992 4454//7992 4455//7992
f 4454//7992 4456//7992 4455//7992
f 4455//7993 4456//7993 4457//7993
f 4456//7994 4458//7994 4457//7994
f 4457//7995 4458//7995 4459//7995
f 4458//7996 4460//7996 4459//7996
f 4459//7997 4460//7997 4461//7997
f 4460//7998 4462//7998 4461//7998
f 4461//7999 4462//7999 4463//7999
f 4462//8000 4464//8000 4463//8000
f 4463//8001 4464//8001 4465//8001
f 4464//8002 4466//8002 4465//8002
f 4465//8003 4466//8003 4467//8003
f 4466//8004 4468//8004 4467//8004
f 4467//8005 4468//8005 4469//8005
f 4468//8005 4470//8005 4469//8005
f 4469//8006 4470//8006 4471//8006
f 4470//8006 4472//8006 4471//8006
f 4471//8007 4472//8007 4473//8007
f 4472//8008 4474//8008 4473//8008
f 4473//8009 4474//8009 4475//8009
f 4474//8010 4476//8010 4475//8010
f 4475//8011 4476//8011 4333//8011
f 4476//8012 4334//8012 4333//8012
f 2298//3651 2296//3651 4459//3651
f 2296//8013 2295//8013 4459//8013
f 2295//8014 2349//8014 4459//8014
f 4459//8015 2349//8015 4457//8015
f 2349//8016 2348//8016 4457//8016
f 4457//8017 2348//8017 2347//8017
f 2347//8018 2324//8018 4457//8018
f 2324//8019 2323//8019 4457//8019
f 4457//8020 2323//8020 4455//8020
f 2323//8021 2335//8021 4455//8021
f 2283//8022 2282//8022 4461//8022
f 2282//8023 2300//8023 4461//8023
f 4461//8024 2300//8024 4459//8024
f 2300//8025 2299//8025 4459//8025
f 4459//8026 2299//8026 2298//8026
f 2335//8027 2334//8027 4455//8027
f 2334//8028 2332//8028 4455//8028
f 4455//8029 2332//8029 4453//8029
f 2316//8030 2330//8030 2313//8030
f 2330//8031 2312//8031 2313//8031
f 2278//8032 2307//8032 2308//8032
f 2284//8033 2277//8033 2272//8033
f 2277//8034 2276//8034 2272//8034
f 2272//8035 2276//8035 2275//8035
f 2336//8036 2304//8036 4463//8036
f 2304//8037 2302//8037 4463//8037
f 4463//8038 2302//8038 4461//8038
f 2302//8039 2301//8039 4461//8039
f 4461//8040 2301//8040 2283//8040
f 4443//8041 4445//8041 2316//8041
f 4445//8042 4447//8042 2316//8042
f 2316//8043 4447//8043 4449//8043
f 2308//8044 2307//8044 2310//8044
f 2307//8045 2309//8045 2310//8045
f 2310//8046 2309//8046 2312//8046
f 2309//8047 2311//8047 2312//8047
f 2312//8048 2311//8048 2313//8048
f 2288//8049 2259//8049 2289//8049
f 2259//8050 2279//8050 2289//8050
f 2290//8051 2292//8051 2293//8051
f 2308//8052 2306//8052 2278//8052
f 2306//8053 2305//8053 2278//8053
f 2278//8054 2305//8054 2279//8054
f 2305//8055 2280//8055 2279//8055
f 2279//8056 2280//8056 2289//8056
f 2288//8057 2287//8057 2259//8057
f 2287//8058 2258//8058 2259//8058
f 2259//8059 2258//8059 2247//8059
f 2258//8060 2260//8060 2247//8060
f 2260//8061 2261//8061 2247//8061
f 2261//8062 2249//8062 2247//8062
f 2247//8063 2249//8063 2248//8063
f 2247//8064 2286//8064 2272//8064
f 2286//8065 2285//8065 2272//8065
f 2272//8066 2285//8066 2284//8066
f 2292//8067 2294//8067 2293//8067
f 2294//8068 2346//8068 2293//8068
f 2293//8069 2346//8069 4473//8069
f 2346//8070 2340//8070 4473//8070
f 4473//8071 2340//8071 4471//8071
f 2248//3666 2246//3666 2247//3666
f 2246//3679 2245//3679 2247//3679
f 2247//8072 2245//8072 2286//8072
f 2252//8073 2262//8073 2263//8073
f 2332//8074 2331//8074 4453//8074
f 2331//8075 2350//8075 4453//8075
f 4453//8076 2350//8076 4451//8076
f 2350//8077 2315//8077 4451//8077
f 4451//8078 2315//8078 4449//8078
f 2315//8079 2314//8079 4449//8079
f 4449//8080 2314//8080 2316//8080
f 2314//8081 2322//8081 2316//8081
f 2316//8082 2322//8082 2330//8082
f 2293//8083 2291//8083 2290//8083
f 2291//8084 2321//8084 2290//8084
f 2290//8085 2321//8085 2319//8085
f 2321//8086 2320//8086 2319//8086
f 2319//8087 2320//8087 2317//8087
f 2320//8088 2318//8088 2317//8088
f 2317//7149 2318//7149 2250//7149
f 2318//8089 2252//8089 2250//8089
f 2250//8090 2252//8090 2251//8090
f 2252//8091 2263//8091 2251//8091
f 2336//8092 4463//8092 2337//8092
f 4463//8093 4465//8093 2337//8093
f 2337//8094 4465//8094 2339//8094
f 4465//8095 4467//8095 2339//8095
f 2339//8096 4467//8096 2340//8096
f 4467//8097 4469//8097 2340//8097
f 2340//8098 4469//8098 4471//8098
f 2275//8099 2274//8099 2272//8099
f 2274//8100 2273//8100 2272//8100
f 2272//8101 2273//8101 2255//8101
f 2273//8102 2271//8102 2255//8102
f 2255//8103 2271//8103 2270//8103
f 2270//8104 2257//8104 2255//8104
f 2257//8105 2256//8105 2255//8105
f 2255//8106 2256//8106 2254//8106
f 2268//8107 2265//8107 2269//8107
f 2265//8108 2255//8108 2269//8108
f 2269//8109 2255//8109 2253//8109
f 2255//8110 2254//8110 2253//8110
f 2268//8111 2267//8111 2265//8111
f 2267//8112 2266//8112 2265//8112
f 2265//8113 2266//8113 2262//8113
f 2266//8114 2264//8114 2262//8114
f 2262//8115 2264//8115 2263//8115
f 2420//8116 2375//8116 2373//8116
f 2375//8117 2374//8117 2373//8117
f 2373//8118 2374//8118 2372//8118
f 2397//8119 2394//8119 2398//8119
f 2394//8120 2373//8120 2398//8120
f 2398//8121 2373//8121 2371//8121
f 2373//8122 2372//8122 2371//8122
f 2427//8123 2425//8123 2435//8123
f 2425//3774 2429//3774 2435//3774
f 2435//8124 2429//8124 2430//8124
f 2437//8125 2436//8125 2438//8125
f 2436//8126 2449//8126 2438//8126
f 2438//8127 2449//8127 2448//8127
f 2441//8128 2424//8128 2422//8128
f 2424//8129 2423//8129 2422//8129
f 2422//8130 2423//8130 2373//8130
f 2423//8131 2421//8131 2373//8131
f 2373//8132 2421//8132 2420//8132
f 2397//8133 2396//8133 2394//8133
f 2396//8134 2395//8134 2394//8134
f 2394//8135 2395//8135 2370//8135
f 2395//8136 2393//8136 2370//8136
f 2393//8137 2392//8137 2370//8137
f 2370//8138 2392//8138 2364//8138
f 4423//8139 2382//8139 2380//8139
f 2380//8140 2379//8140 4423//8140
f 2379//8141 2401//8141 4423//8141
f 4423//8142 2401//8142 4421//8142
f 2401//8143 2400//8143 4421//8143
f 4421//8144 2400//8144 2399//8144
f 2458//8145 2457//8145 2434//8145
f 2430//8146 2429//8146 2450//8146
f 2429//8147 2428//8147 2450//8147
f 2450//8148 2428//8148 2451//8148
f 2427//8149 2426//8149 2425//8149
f 2426//8150 2440//8150 2425//8150
f 2425//8151 2440//8151 2438//8151
f 2440//8152 2439//8152 2438//8152
f 2438//8153 2439//8153 2437//8153
f 2448//8154 2447//8154 2438//8154
f 2447//8155 2446//8155 2438//8155
f 2438//8156 2446//8156 2422//8156
f 2446//8157 2445//8157 2422//8157
f 2422//8158 2445//8158 2444//8158
f 2444//7199 2443//7199 2422//7199
f 2443//3796 2442//3796 2422//3796
f 2422//8159 2442//8159 2441//8159
f 2399//8160 2358//8160 4421//8160
f 2358//8161 2357//8161 4421//8161
f 4421//8162 2357//8162 4419//8162
f 2357//8163 2363//8163 4419//8163
f 2363//8164 2356//8164 4419//8164
f 2356//8165 2355//8165 4419//8165
f 4419//8166 2355//8166 4417//8166
f 2355//8167 2378//8167 4417//8167
f 4417//8168 2378//8168 4415//8168
f 2451//8169 2428//8169 2453//8169
f 2428//3841 2452//3841 2453//3841
f 2453//3842 2452//3842 2455//3842
f 2452//3843 2454//3843 2455//3843
f 2455//8170 2454//8170 2457//8170
f 2454//8171 2456//8171 2457//8171
f 2457//8172 2456//8172 2434//8172
f 2389//3608 2388//3608 4427//3608
f 2388//8173 2386//8173 4427//8173
f 4427//8174 2386//8174 4425//8174
f 2386//8175 2385//8175 4425//8175
f 4425//8176 2385//8176 2361//8176
f 2361//8177 2360//8177 4425//8177
f 2360//8178 2384//8178 4425//8178
f 4425//8179 2384//8179 4423//8179
f 2384//8180 2383//8180 4423//8180
f 4423//8181 2383//8181 2382//8181
f 2408//8182 2410//8182 2316//8182
f 2368//3813 4413//3813 2369//3813
f 4413//8183 4415//8183 2369//8183
f 2369//8184 4415//8184 2377//8184
f 4415//8185 2378//8185 2377//8185
f 2458//8186 2434//8186 2433//8186
f 2434//8187 4409//8187 2433//8187
f 2433//8188 4409//8188 2368//8188
f 4409//8189 4411//8189 2368//8189
f 2368//8190 4411//8190 4413//8190
f 4437//8191 4439//8191 2316//8191
f 4439//3625 4441//3625 2316//3625
f 2316//8192 4441//8192 4443//8192
f 2392//8193 2366//8193 2364//8193
f 2366//8194 2365//8194 2364//8194
f 2364//8195 2365//8195 2412//8195
f 2365//8196 2411//8196 2412//8196
f 2412//8197 2411//8197 2414//8197
f 2411//8198 2413//8198 2414//8198
f 2414//8199 2413//8199 2415//8199
f 2413//8200 2408//8200 2415//8200
f 2415//8201 2408//8201 2409//8201
f 2408//8202 2316//8202 2409//8202
f 2410//8203 2419//8203 2316//8203
f 2419//8204 2418//8204 2316//8204
f 2316//8205 2418//8205 4437//8205
f 2418//8206 2417//8206 4437//8206
f 4437//8207 2417//8207 4435//8207
f 2389//3870 4427//3870 2390//3870
f 4427//8208 4429//8208 2390//8208
f 2390//8209 4429//8209 2416//8209
f 4429//8210 4431//8210 2416//8210
f 2416//8211 4431//8211 2417//8211
f 4431//8212 4433//8212 2417//8212
f 2417//8213 4433//8213 4435//8213
f 2537//8214 2484//8214 2485//8214
f 2485//8215 2484//8215 2487//8215
f 2484//8216 2486//8216 2487//8216
f 2487//8217 2486//8217 2488//8217
f 2475//8218 2463//8218 4387//8218
f 2562//8219 2561//8219 2523//8219
f 2512//8220 2513//8220 2532//8220
f 2513//8221 2531//8221 2532//8221
f 2531//8222 2533//8222 2532//8222
f 2533//8223 2557//8223 2532//8223
f 2532//8224 2557//8224 2530//8224
f 2499//8225 2542//8225 2466//8225
f 2523//8054 2561//8054 2524//8054
f 2520//8226 2519//8226 2517//8226
f 2519//8227 2518//8227 2517//8227
f 2517//8228 2518//8228 2516//8228
f 2511//8229 2528//8229 2509//8229
f 2528//8230 2510//8230 2509//8230
f 2509//8231 2510//8231 2502//8231
f 2510//8232 2501//8232 2502//8232
f 2502//8233 2501//8233 2540//8233
f 2501//8234 2500//8234 2540//8234
f 2540//8235 2500//8235 2499//8235
f 2500//8236 2541//8236 2499//8236
f 2499//8237 2541//8237 2542//8237
f 2466//8238 4401//8238 2499//8238
f 4401//8239 4403//8239 2499//8239
f 2499//8240 4403//8240 2497//8240
f 4403//8241 4405//8241 2497//8241
f 2497//8242 4405//8242 2434//8242
f 4405//8243 4407//8243 2434//8243
f 2434//8244 4407//8244 4409//8244
f 2481//8245 4391//8245 2482//8245
f 4391//8246 4393//8246 2482//8246
f 2482//8247 4393//8247 2483//8247
f 4393//8248 4395//8248 2483//8248
f 2483//8249 4395//8249 2465//8249
f 4395//8250 4397//8250 2465//8250
f 2465//8251 4397//8251 2466//8251
f 4397//8252 4399//8252 2466//8252
f 2466//3767 4399//3767 4401//3767
f 2460//8253 2459//8253 4389//8253
f 2459//8254 2477//8254 4389//8254
f 4389//8255 2477//8255 4387//8255
f 2477//8256 2476//8256 4387//8256
f 4387//8257 2476//8257 2475//8257
f 2488//8258 2489//8258 2487//8258
f 2489//8259 2505//8259 2487//8259
f 2487//3450 2505//3450 2504//3450
f 2557//8260 2556//8260 2530//8260
f 2556//8261 2555//8261 2530//8261
f 2530//8262 2555//8262 2511//8262
f 2555//8263 2529//8263 2511//8263
f 2511//8264 2529//8264 2528//8264
f 2561//8265 2525//8265 2524//8265
f 2525//8266 2539//8266 2524//8266
f 2524//8050 2539//8050 2485//8050
f 2539//8267 2538//8267 2485//8267
f 2485//8268 2538//8268 2537//8268
f 2504//3453 2503//3453 2487//3453
f 2503//8269 2522//8269 2487//8269
f 2487//8270 2522//8270 2517//8270
f 2522//3456 2521//3456 2517//3456
f 2517//8271 2521//8271 2520//8271
f 2559//8272 2512//8272 2560//8272
f 2512//8273 2517//8273 2560//8273
f 2560//8274 2517//8274 2515//8274
f 2517//8275 2516//8275 2515//8275
f 2559//8276 2558//8276 2512//8276
f 2558//8277 2536//8277 2512//8277
f 2512//8278 2536//8278 2535//8278
f 2481//8279 2471//8279 4391//8279
f 2471//8280 2473//8280 4391//8280
f 4391//8038 2473//8038 4389//8038
f 2473//8281 2474//8281 4389//8281
f 4389//8282 2474//8282 2460//8282
f 2463//3524 2462//3524 4387//3524
f 2462//8283 2508//8283 4387//8283
f 4387//8015 2508//8015 4385//8015
f 2508//8016 2507//8016 4385//8016
f 4385//8284 2507//8284 2506//8284
f 2494//8285 4383//8285 2468//8285
f 4383//8286 4385//8286 2468//8286
f 2468//8287 4385//8287 2469//8287
f 4385//8288 2506//8288 2469//8288
f 2535//8289 2534//8289 2512//8289
f 2534//8290 2514//8290 2512//8290
f 2512//3444 2514//3444 2513//3444
f 2545//8291 4369//8291 4371//8291
f 2494//8292 2493//8292 4383//8292
f 2493//8293 2491//8293 4383//8293
f 4383//8294 2491//8294 4381//8294
f 2543//8295 2568//8295 2544//8295
f 2568//8296 2545//8296 2544//8296
f 4371//8297 4373//8297 2545//8297
f 4373//8298 4375//8298 2545//8298
f 2545//8299 4375//8299 4377//8299
f 2562//8300 2523//8300 2564//8300
f 2523//8301 2563//8301 2564//8301
f 2564//8302 2563//8302 2566//8302
f 2563//3735 2565//3735 2566//3735
f 2566//8303 2565//8303 2543//8303
f 2565//8304 2567//8304 2543//8304
f 2543//8305 2567//8305 2568//8305
f 2491//8306 2490//8306 4381//8306
f 2490//8307 2547//8307 4381//8307
f 4381//8308 2547//8308 4379//8308
f 2547//8309 2549//8309 4379//8309
f 4379//8310 2549//8310 4377//8310
f 2549//8311 2554//8311 4377//8311
f 4377//8312 2554//8312 2545//8312
f 2554//8081 2546//8081 2545//8081
f 2545//8313 2546//8313 2544//8313
f 2569//8314 2583//8314 2610//8314
f 2584//3546 4347//3546 2574//3546
f 4347//8315 4349//8315 2574//8315
f 2599//8316 2605//8316 2606//8316
f 2641//8116 2602//8116 2593//8116
f 2602//3538 2601//3538 2593//3538
f 2593//3539 2601//3539 2600//3539
f 2587//3563 2625//3563 2647//3563
f 4351//8317 2646//8317 4349//8317
f 2646//8318 2645//8318 4349//8318
f 2645//8319 2644//8319 4349//8319
f 2644//8320 2575//8320 4349//8320
f 4349//8321 2575//8321 2574//8321
f 2584//3558 2573//3558 4347//3558
f 2573//8322 2572//8322 4347//8322
f 4347//8323 2572//8323 4345//8323
f 2572//8324 2620//8324 4345//8324
f 4345//8325 2620//8325 4343//8325
f 2606//8326 2605//8326 2608//8326
f 2605//8327 2607//8327 2608//8327
f 2608//8328 2607//8328 2583//8328
f 2607//8329 2609//8329 2583//8329
f 2583//8330 2609//8330 2610//8330
f 2606//8331 2604//8331 2599//8331
f 2604//3632 2603//3632 2599//3632
f 2599//8332 2603//8332 2596//8332
f 2588//8333 2627//8333 2590//8333
f 2627//8334 2626//8334 2590//8334
f 2590//3598 2626//3598 2612//3598
f 2669//7400 2631//7400 4351//7400
f 2631//7411 2630//7411 4351//7411
f 4351//8335 2630//8335 2646//8335
f 2603//7492 2598//7492 2596//7492
f 2598//7493 2597//7493 2596//7493
f 2596//3774 2597//3774 2581//3774
f 2597//8336 2595//8336 2581//8336
f 2595//8337 2594//8337 2581//8337
f 2594//8338 2582//8338 2581//8338
f 2581//8339 2582//8339 2579//8339
f 2582//8340 2580//8340 2579//8340
f 2579//8341 2580//8341 2578//8341
f 2578//8342 2577//8342 2579//8342
f 2577//3589 2629//3589 2579//3589
f 2579//3590 2629//3590 2628//3590
f 2628//8343 2614//8343 2579//8343
f 2614//8344 2613//8344 2579//8344
f 2579//3593 2613//3593 2590//3593
f 2613//3594 2589//3594 2590//3594
f 2590//8345 2589//8345 2588//8345
f 2612//3641 2611//3641 2590//3641
f 2611//3642 2643//3642 2590//3642
f 2590//3643 2643//3643 2593//3643
f 2643//3644 2642//3644 2593//3644
f 2593//8346 2642//8346 2641//8346
f 2600//3577 2592//3577 2593//3577
f 2592//3578 2591//3578 2593//3578
f 2593//3579 2591//3579 2639//3579
f 2591//8347 2638//8347 2639//8347
f 2638//8348 2640//8348 2639//8348
f 2640//8349 2649//8349 2639//8349
f 2639//8350 2649//8350 2625//8350
f 2649//8351 2648//8351 2625//8351
f 2625//3585 2648//3585 2647//3585
f 2647//3611 2586//3611 2587//3611
f 2586//8352 2585//8352 2587//8352
f 2587//8353 2585//8353 2634//8353
f 2585//8354 2633//8354 2634//8354
f 2634//8355 2633//8355 2636//8355
f 2633//3857 2635//3857 2636//3857
f 2636//3617 2635//3617 2674//3617
f 2635//3618 2637//3618 2674//3618
f 2674//8356 2637//8356 2652//8356
f 2637//8202 2545//8202 2652//8202
f 2637//8182 2675//8182 2545//8182
f 2675//8357 2676//8357 2545//8357
f 2545//3601 2676//3601 2667//3601
f 2655//3541 2654//3541 4353//3541
f 2654//3542 2671//3542 4353//3542
f 4353//3543 2671//3543 4351//3543
f 2671//3544 2670//3544 4351//3544
f 4351//3545 2670//3545 2669//3545
f 4473//8358 4475//8358 2293//8358
f 4475//8359 4333//8359 2293//8359
f 2293//8360 4333//8360 2610//8360
f 4333//8361 4335//8361 2610//8361
f 2610//8362 4335//8362 4337//8362
f 4361//8363 4363//8363 2667//8363
f 4363//8364 4365//8364 2667//8364
f 2667//3623 4365//3623 2545//3623
f 4365//3624 4367//3624 2545//3624
f 2545//3625 4367//3625 4369//3625
f 2615//8365 4341//8365 2617//8365
f 4341//8366 4343//8366 2617//8366
f 2617//8367 4343//8367 2619//8367
f 4343//8368 2620//8368 2619//8368
f 2569//8369 2610//8369 2570//8369
f 2610//8370 4337//8370 2570//8370
f 2570//8371 4337//8371 2615//8371
f 4337//8372 4339//8372 2615//8372
f 2615//8190 4339//8190 4341//8190
f 2665//3607 4355//3607 2664//3607
f 4355//8373 4357//8373 2664//8373
f 2664//8374 4357//8374 2662//8374
f 4357//8375 2666//8375 2662//8375
f 2666//8376 4357//8376 2667//8376
f 4357//8377 4359//8377 2667//8377
f 2667//8378 4359//8378 4361//8378
f 2665//3608 2659//3608 4355//3608
f 2659//8379 2657//8379 4355//8379
f 4355//8380 2657//8380 4353//8380
f 2657//8381 2656//8381 4353//8381
f 4353//3540 2656//3540 2655//3540
f 4045//8382 2437//8382 4046//8382
f 2437//8382 2439//8382 4046//8382
f 4046//8383 2439//8383 4047//8383
f 2439//8384 2440//8384 4047//8384
f 4047//8385 2440//8385 4048//8385
f 2440//8386 2426//8386 4048//8386
f 4048//8387 2426//8387 4049//8387
f 2426//8388 2427//8388 4049//8388
f 4049//8389 2427//8389 4050//8389
f 2427//8390 2435//8390 4050//8390
f 4050//8391 2435//8391 4051//8391
f 2435//8392 2430//8392 4051//8392
f 4051//8393 2430//8393 4052//8393
f 2430//8393 2450//8393 4052//8393
f 4052//8394 2450//8394 4053//8394
f 2450//8394 2451//8394 4053//8394
f 4053//8395 2451//8395 4054//8395
f 2451//8396 2453//8396 4054//8396
f 4054//8397 2453//8397 4055//8397
f 2453//8398 2455//8398 4055//8398
f 4055//8399 2455//8399 4056//8399
f 2455//8399 2457//8399 4056//8399
f 4056//8400 2457//8400 4057//8400
f 2457//8401 2458//8401 4057//8401
f 4057//8402 2458//8402 4058//8402
f 2458//8403 2433//8403 4058//8403
f 4058//7776 2433//7776 4059//7776
f 2433//7776 2368//7776 4059//7776
f 4059//8404 2368//8404 4060//8404
f 2368//8405 2369//8405 4060//8405
f 4060//8406 2369//8406 4061//8406
f 2369//8407 2377//8407 4061//8407
f 4061//8408 2377//8408 4062//8408
f 2377//8409 2378//8409 4062//8409
f 4062//6748 2378//6748 4063//6748
f 2378//8410 2355//8410 4063//8410
f 4063//8411 2355//8411 4064//8411
f 2355//4517 2356//4517 4064//4517
f 4064//8412 2356//8412 4065//8412
f 2356//8413 2363//8413 4065//8413
f 4065//8414 2363//8414 4066//8414
f 2363//8415 2357//8415 4066//8415
f 4066//8416 2357//8416 4067//8416
f 2357//8417 2358//8417 4067//8417
f 4067//8418 2358//8418 4068//8418
f 2358//8419 2399//8419 4068//8419
f 4068//8420 2399//8420 4069//8420
f 2399//8421 2400//8421 4069//8421
f 4069//8422 2400//8422 4070//8422
f 2400//8423 2401//8423 4070//8423
f 4070//8424 2401//8424 4071//8424
f 2401//8425 2379//8425 4071//8425
f 4071//8426 2379//8426 4072//8426
f 2379//8427 2380//8427 4072//8427
f 4072//8428 2380//8428 4073//8428
f 2380//8429 2382//8429 4073//8429
f 4073//8430 2382//8430 4074//8430
f 2382//8431 2383//8431 4074//8431
f 4074//8432 2383//8432 4075//8432
f 2383//8433 2384//8433 4075//8433
f 4075//8434 2384//8434 4076//8434
f 2384//8435 2360//8435 4076//8435
f 4076//8436 2360//8436 4077//8436
f 2360//8437 2361//8437 4077//8437
f 4077//8438 2361//8438 4078//8438
f 2361//8439 2385//8439 4078//8439
f 4078//8440 2385//8440 4079//8440
f 2385//8441 2386//8441 4079//8441
f 4079//8442 2386//8442 4080//8442
f 2386//8443 2388//8443 4080//8443
f 4080//8444 2388//8444 4081//8444
f 2388//8444 2389//8444 4081//8444
f 4081//8445 2389//8445 4082//8445
f 2389//8445 2390//8445 4082//8445
f 4082//8446 2390//8446 4083//8446
f 2390//7818 2416//7818 4083//7818
f 4083//8447 2416//8447 4084//8447
f 2416//8448 2417//8448 4084//8448
f 4084//8449 2417//8449 4085//8449
f 2417//8450 2418//8450 4085//8450
f 4085//8451 2418//8451 4086//8451
f 2418//8452 2419//8452 4086//8452
f 4086//8453 2419//8453 4087//8453
f 2419//8454 2410//8454 4087//8454
f 4087//8455 2410//8455 4088//8455
f 2410//8456 2408//8456 4088//8456
f 4088//8457 2408//8457 4089//8457
f 2408//8458 2413//8458 4089//8458
f 4089//8459 2413//8459 4090//8459
f 2413//8460 2411//8460 4090//8460
f 4090//8461 2411//8461 4091//8461
f 2411//8462 2365//8462 4091//8462
f 4091//8463 2365//8463 4092//8463
f 2365//8464 2366//8464 4092//8464
f 4092//8465 2366//8465 4093//8465
f 2366//8466 2392//8466 4093//8466
f 4093//8467 2392//8467 4094//8467
f 2392//8468 2393//8468 4094//8468
f 4094//8469 2393//8469 4095//8469
f 2393//8470 2395//8470 4095//8470
f 4095//8471 2395//8471 4096//8471
f 2395//8472 2396//8472 4096//8472
f 4096//8473 2396//8473 4097//8473
f 2396//8474 2397//8474 4097//8474
f 4097//8475 2397//8475 4098//8475
f 2397//8476 2398//8476 4098//8476
f 4098//8477 2398//8477 4099//8477
f 2398//8478 2371//8478 4099//8478
f 4099//7850 2371//7850 4100//7850
f 2371//7850 2372//7850 4100//7850
f 4100//8479 2372//8479 4101//8479
f 2372//8480 2374//8480 4101//8480
f 4101//7853 2374//7853 4102//7853
f 2374//8481 2375//8481 4102//8481
f 4102//8482 2375//8482 4103//8482
f 2375//8483 2420//8483 4103//8483
f 4103//8484 2420//8484 4104//8484
f 2420//8485 2421//8485 4104//8485
f 4104//8486 2421//8486 4105//8486
f 2421//8487 2423//8487 4105//8487
f 4105//8488 2423//8488 4106//8488
f 2423//8489 2424//8489 4106//8489
f 4106//8490 2424//8490 4107//8490
f 2424//8491 2441//8491 4107//8491
f 4107//8492 2441//8492 4108//8492
f 2441//8493 2442//8493 4108//8493
f 4108//8494 2442//8494 4109//8494
f 2442//8495 2443//8495 4109//8495
f 4109//8496 2443//8496 4110//8496
f 2443//8496 2444//8496 4110//8496
f 4110//8497 2444//8497 4111//8497
f 2444//8498 2445//8498 4111//8498
f 4111//8499 2445//8499 4112//8499
f 2445//8500 2446//8500 4112//8500
f 4112//8501 2446//8501 4113//8501
f 2446//8502 2447//8502 4113//8502
f 4113//8503 2447//8503 4114//8503
f 2447//8504 2448//8504 4114//8504
f 4114//8505 2448//8505 4115//8505
f 2448//8506 2449//8506 4115//8506
f 4115//8507 2449//8507 4116//8507
f 2449//8508 2436//8508 4116//8508
f 4116//8509 2436//8509 4045//8509
f 2436//8510 2437//8510 4045//8510
f 4245//8511 3635//8511 4244//8511
f 3635//8512 3633//8512 4244//8512
f 4244//8513 3633//8513 4243//8513
f 3633//8514 4242//8514 4243//8514
f 4239//8515 4240//8515 3633//8515
f 4240//8516 4241//8516 3633//8516
f 3633//6371 4241//6371 4242//6371
f 4444//8517 4442//8517 3649//8517
f 4225//8518 4226//8518 3629//8518
f 4226//8519 4227//8519 3629//8519
f 3629//8520 4227//8520 4228//8520
f 4217//8521 4218//8521 3623//8521
f 3627//8522 4222//8522 4223//8522
f 4245//8523 4246//8523 3635//8523
f 4246//8524 4247//8524 3635//8524
f 3635//8525 4247//8525 3637//8525
f 4464//8526 4206//8526 4207//8526
f 4228//8527 4229//8527 3629//8527
f 4229//8528 4230//8528 3629//8528
f 3629//8529 4230//8529 3631//8529
f 4230//8530 4231//8530 3631//8530
f 3631//8531 4231//8531 4232//8531
f 4232//8532 4233//8532 3631//8532
f 4233//3217 4234//3217 3631//3217
f 3631//8533 4234//8533 4235//8533
f 4235//8534 4236//8534 3631//8534
f 4236//8535 4237//8535 3631//8535
f 3631//8536 4237//8536 3633//8536
f 4237//8537 4238//8537 3633//8537
f 3633//8538 4238//8538 4239//8538
f 4444//8539 3649//8539 4446//8539
f 4460//8540 4200//8540 4462//8540
f 4200//8541 4201//8541 4462//8541
f 4462//8542 4201//8542 4202//8542
f 4470//8543 4468//8543 3613//8543
f 3623//8544 4218//8544 3625//8544
f 3627//8545 4223//8545 3629//8545
f 4223//8546 4224//8546 3629//8546
f 3629//8547 4224//8547 4225//8547
f 4247//8548 4248//8548 3637//8548
f 4248//8549 4249//8549 3637//8549
f 3637//8550 4249//8550 3639//8550
f 4254//8551 4255//8551 3649//8551
f 4189//8552 4456//8552 4260//8552
f 4456//8553 4454//8553 4260//8553
f 4260//8554 4454//8554 4259//8554
f 4454//8555 4452//8555 4259//8555
f 4259//8556 4452//8556 4258//8556
f 4452//8557 4450//8557 4258//8557
f 4214//8558 3615//8558 4213//8558
f 3615//8559 3613//8559 4213//8559
f 4213//8560 3613//8560 4212//8560
f 4218//8561 4219//8561 3625//8561
f 4219//8562 4220//8562 3625//8562
f 3625//8563 4220//8563 3627//8563
f 4220//8564 4221//8564 3627//8564
f 3627//8565 4221//8565 4222//8565
f 4249//8566 4250//8566 3639//8566
f 4250//8567 4251//8567 3639//8567
f 3639//8568 4251//8568 3641//8568
f 4251//8569 4252//8569 3641//8569
f 3641//8570 4252//8570 3643//8570
f 4252//8571 4253//8571 3643//8571
f 3643//8572 4253//8572 3645//8572
f 4253//8573 4254//8573 3645//8573
f 3645//8574 4254//8574 3647//8574
f 4254//8575 3649//8575 3647//8575
f 4450//8576 4448//8576 4258//8576
f 4448//8577 4446//8577 4258//8577
f 4258//8578 4446//8578 4257//8578
f 4446//8579 3649//8579 4257//8579
f 4257//8580 3649//8580 4256//8580
f 3649//8562 4255//8562 4256//8562
f 4189//6461 4190//6461 4456//6461
f 4190//8581 4191//8581 4456//8581
f 4456//8582 4191//8582 4458//8582
f 4191//8583 4192//8583 4458//8583
f 4458//8584 4192//8584 4193//8584
f 4464//8585 4207//8585 4466//8585
f 4207//8586 4208//8586 4466//8586
f 4466//8587 4208//8587 4468//8587
f 4217//8588 3623//8588 4216//8588
f 3623//8589 3621//8589 4216//8589
f 4216//8590 3621//8590 4215//8590
f 3621//8591 3619//8591 4215//8591
f 4215//8592 3619//8592 4214//8592
f 3619//3213 3617//3213 4214//3213
f 4214//8593 3617//8593 3615//8593
f 4197//8594 4198//8594 4460//8594
f 4198//8595 4199//8595 4460//8595
f 4460//8596 4199//8596 4200//8596
f 4202//8597 4203//8597 4462//8597
f 4203//8598 4204//8598 4462//8598
f 4462//8599 4204//8599 4464//8599
f 4204//8600 4205//8600 4464//8600
f 4464//8601 4205//8601 4206//8601
f 4193//8602 4194//8602 4458//8602
f 4194//8603 4195//8603 4458//8603
f 4458//8604 4195//8604 4460//8604
f 4195//8605 4196//8605 4460//8605
f 4460//8606 4196//8606 4197//8606
f 4476//8607 4474//8607 3613//8607
f 4474//8608 4472//8608 3613//8608
f 3613//8609 4472//8609 4470//8609
f 4208//8610 4209//8610 4468//8610
f 4209//8611 4210//8611 4468//8611
f 4468//8612 4210//8612 3613//8612
f 4210//8613 4211//8613 3613//8613
f 3613//8614 4211//8614 4212//8614
f 4064//8615 4065//8615 4420//8615
f 4420//8616 4065//8616 4422//8616
f 4065//8617 4066//8617 4422//8617
f 4422//8618 4066//8618 4067//8618
f 3659//8619 4091//8619 4092//8619
f 4071//8620 4072//8620 4424//8620
f 3659//8621 4092//8621 3661//8621
f 4048//8622 4049//8622 3671//8622
f 4085//8623 4086//8623 3649//8623
f 4086//8624 4087//8624 3649//8624
f 3649//8625 4087//8625 3651//8625
f 4087//8626 4088//8626 3651//8626
f 4099//8627 4100//8627 3665//8627
f 4100//8628 4101//8628 3665//8628
f 3665//8629 4101//8629 4102//8629
f 4102//8630 4103//8630 3665//8630
f 4103//8631 4104//8631 3665//8631
f 3665//8632 4104//8632 3667//8632
f 4104//8633 4105//8633 3667//8633
f 3667//8634 4105//8634 4106//8634
f 4056//8635 4057//8635 3541//8635
f 4412//8636 4059//8636 4414//8636
f 4059//8637 4060//8637 4414//8637
f 4414//8638 4060//8638 4416//8638
f 4060//8639 4061//8639 4416//8639
f 4416//8640 4061//8640 4418//8640
f 4061//8641 4062//8641 4418//8641
f 4418//8642 4062//8642 4420//8642
f 4062//8643 4063//8643 4420//8643
f 4420//8644 4063//8644 4064//8644
f 4067//8645 4068//8645 4422//8645
f 4068//8646 4069//8646 4422//8646
f 4422//8647 4069//8647 4424//8647
f 4069//8648 4070//8648 4424//8648
f 4424//8649 4070//8649 4071//8649
f 4072//8650 4073//8650 4424//8650
f 4073//8651 4074//8651 4424//8651
f 4424//8652 4074//8652 4426//8652
f 4074//8653 4075//8653 4426//8653
f 4426//8654 4075//8654 4076//8654
f 4091//6296 3659//6296 4090//6296
f 3659//6297 3657//6297 4090//6297
f 4090//8655 3657//8655 4089//8655
f 3657//8656 3655//8656 4089//8656
f 4089//8657 3655//8657 4088//8657
f 3655//8658 3653//8658 4088//8658
f 4088//2516 3653//2516 3651//2516
f 4092//3397 4093//3397 3661//3397
f 4093//8659 4094//8659 3661//8659
f 3661//8660 4094//8660 3663//8660
f 4094//8661 4095//8661 3663//8661
f 4095//8662 4096//8662 3663//8662
f 4096//8663 4097//8663 3663//8663
f 3663//8664 4097//8664 3665//8664
f 4097//8665 4098//8665 3665//8665
f 3665//8666 4098//8666 4099//8666
f 3671//8667 4049//8667 3673//8667
f 4412//8668 4410//8668 4059//8668
f 4410//8669 3541//8669 4059//8669
f 4059//8670 3541//8670 4058//8670
f 3541//8671 4057//8671 4058//8671
f 4079//8672 4428//8672 4078//8672
f 4428//8673 4426//8673 4078//8673
f 4078//8674 4426//8674 4077//8674
f 4426//8675 4076//8675 4077//8675
f 4079//8676 4080//8676 4428//8676
f 4080//8677 4081//8677 4428//8677
f 4428//8678 4081//8678 4430//8678
f 4081//8679 4082//8679 4430//8679
f 4430//8680 4082//8680 4432//8680
f 4082//8681 4083//8681 4432//8681
f 4432//8682 4083//8682 4084//8682
f 4106//8683 4107//8683 3667//8683
f 4107//8684 4108//8684 3667//8684
f 3667//8685 4108//8685 4109//8685
f 4113//8686 4114//8686 3669//8686
f 4114//8687 4115//8687 3669//8687
f 3669//8688 4115//8688 4116//8688
f 4049//6516 4050//6516 3673//6516
f 4050//8689 4051//8689 3673//8689
f 3673//8690 4051//8690 3675//8690
f 4442//6439 4440//6439 3649//6439
f 4440//8691 4438//8691 3649//8691
f 3649//8692 4438//8692 4085//8692
f 4438//8693 4436//8693 4085//8693
f 4085//8694 4436//8694 4084//8694
f 4436//8695 4434//8695 4084//8695
f 4084//8696 4434//8696 4432//8696
f 4109//3130 4110//3130 3667//3130
f 4110//8697 4111//8697 3667//8697
f 3667//8698 4111//8698 3669//8698
f 4111//8699 4112//8699 3669//8699
f 3669//8700 4112//8700 4113//8700
f 3541//8701 3683//8701 4056//8701
f 3683//8702 3681//8702 4056//8702
f 4056//3212 3681//3212 4055//3212
f 3681//8703 3679//8703 4055//8703
f 4055//8704 3679//8704 4054//8704
f 3679//8705 3677//8705 4054//8705
f 4054//8706 3677//8706 4053//8706
f 3677//8707 3675//8707 4053//8707
f 4053//8708 3675//8708 4052//8708
f 3675//8709 4051//8709 4052//8709
f 4116//8710 4045//8710 3669//8710
f 4045//8711 4046//8711 3669//8711
f 3669//8712 4046//8712 3671//8712
f 4046//8713 4047//8713 3671//8713
f 3671//8714 4047//8714 4048//8714
f 3994//8715 3995//8715 3563//8715
f 4010//8716 4011//8716 4384//8716
f 3567//8717 3565//8717 3997//8717
f 4002//8718 4003//8718 3577//8718
f 4388//8719 4017//8719 4018//8719
f 4018//8720 4019//8720 4388//8720
f 4019//8721 4020//8721 4388//8721
f 4388//8722 4020//8722 4390//8722
f 4020//8541 4021//8541 4390//8541
f 4390//8723 4021//8723 4022//8723
f 3563//8724 3995//8724 3565//8724
f 3995//8725 3996//8725 3565//8725
f 3565//8726 3996//8726 3997//8726
f 4022//8727 4023//8727 4390//8727
f 4023//8728 4024//8728 4390//8728
f 4390//6390 4024//6390 4392//6390
f 4024//8729 4025//8729 4392//8729
f 4025//8730 4026//8730 4392//8730
f 4026//8731 4027//8731 4392//8731
f 4392//8732 4027//8732 4394//8732
f 4027//8733 4028//8733 4394//8733
f 4394//8734 4028//8734 4029//8734
f 4400//8735 4398//8735 4029//8735
f 4398//8736 4396//8736 4029//8736
f 4029//8737 4396//8737 4394//8737
f 3551//8738 4037//8738 4038//8738
f 3557//8739 3977//8739 3978//8739
f 3551//8740 4038//8740 3553//8740
f 3973//8741 3974//8741 3557//8741
f 3980//8742 3981//8742 3559//8742
f 3981//8743 3982//8743 3559//8743
f 3559//8744 3982//8744 3983//8744
f 4384//8745 4011//8745 4386//8745
f 4011//8746 4012//8746 4386//8746
f 4386//8747 4012//8747 4013//8747
f 4013//8748 4014//8748 4386//8748
f 4014//8749 4015//8749 4386//8749
f 4386//8750 4015//8750 4388//8750
f 4015//8751 4016//8751 4388//8751
f 4388//8752 4016//8752 4017//8752
f 3557//8753 3978//8753 3559//8753
f 3978//8754 3979//8754 3559//8754
f 3559//8755 3979//8755 3980//8755
f 3990//8756 3991//8756 3561//8756
f 3991//8757 3992//8757 3561//8757
f 3561//8758 3992//8758 3563//8758
f 3992//8759 3993//8759 3563//8759
f 3563//8760 3993//8760 3994//8760
f 3997//8761 3998//8761 3567//8761
f 3998//8762 3999//8762 3567//8762
f 3567//8763 3999//8763 3569//8763
f 3999//8764 4000//8764 3569//8764
f 3569//8765 4000//8765 3571//8765
f 4000//8766 4001//8766 3571//8766
f 3571//8767 4001//8767 3573//8767
f 4001//8768 4002//8768 3573//8768
f 3573//8769 4002//8769 3575//8769
f 4002//8770 3577//8770 3575//8770
f 4374//8771 4372//8771 3577//8771
f 4037//8772 3551//8772 4036//8772
f 3551//8773 3549//8773 4036//8773
f 4036//8774 3549//8774 4035//8774
f 3549//8775 3547//8775 4035//8775
f 4035//8776 3547//8776 4034//8776
f 3547//3213 3545//3213 4034//3213
f 4034//8593 3545//8593 3543//8593
f 4038//8777 4039//8777 3553//8777
f 4039//8778 4040//8778 3553//8778
f 3553//8779 4040//8779 3555//8779
f 4040//8780 4041//8780 3555//8780
f 4041//8781 4042//8781 3555//8781
f 4042//8782 4043//8782 3555//8782
f 3555//8783 4043//8783 3557//8783
f 4043//8784 4044//8784 3557//8784
f 3557//8785 4044//8785 3973//8785
f 3974//8786 3975//8786 3557//8786
f 3975//8787 3976//8787 3557//8787
f 3557//8788 3976//8788 3977//8788
f 4410//8692 4408//8692 3541//8692
f 4408//8789 4406//8789 3541//8789
f 3541//8790 4406//8790 3543//8790
f 4406//8791 4404//8791 3543//8791
f 3543//8792 4404//8792 4402//8792
f 3983//8793 3984//8793 3559//8793
f 3984//8794 3985//8794 3559//8794
f 3559//8795 3985//8795 3561//8795
f 3985//8796 3986//8796 3561//8796
f 3561//8797 3986//8797 3987//8797
f 3987//8798 3988//8798 3561//8798
f 3988//8799 3989//8799 3561//8799
f 3561//8800 3989//8800 3990//8800
f 4378//8801 4006//8801 4380//8801
f 4006//8802 4007//8802 4380//8802
f 4380//8803 4007//8803 4382//8803
f 4007//8804 4008//8804 4382//8804
f 4382//8805 4008//8805 4384//8805
f 4008//8806 4009//8806 4384//8806
f 4384//8807 4009//8807 4010//8807
f 4029//8808 4030//8808 4400//8808
f 4030//8809 4031//8809 4400//8809
f 4400//8810 4031//8810 4402//8810
f 4031//8811 4032//8811 4402//8811
f 4402//8812 4032//8812 3543//8812
f 4032//8813 4033//8813 3543//8813
f 3543//8814 4033//8814 4034//8814
f 4378//8815 4376//8815 4006//8815
f 4376//8816 4374//8816 4006//8816
f 4006//8817 4374//8817 4005//8817
f 4374//8818 3577//8818 4005//8818
f 4005//8819 3577//8819 4004//8819
f 3577//8820 4003//8820 4004//8820
f 4135//8821 4136//8821 3593//8821
f 4136//8822 4137//8822 3593//8822
f 3593//8823 4137//8823 4138//8823
f 4155//8824 4156//8824 3599//8824
f 4156//8825 4157//8825 3599//8825
f 3599//8667 4157//8667 3601//8667
f 4344//8826 4342//8826 4167//8826
f 4127//8827 4128//8827 3587//8827
f 4132//8828 4133//8828 3591//8828
f 4155//8829 3599//8829 4154//8829
f 3599//8830 3597//8830 4154//8830
f 4154//6512 3597//6512 4153//6512
f 3587//8831 4128//8831 3589//8831
f 4145//8832 4146//8832 3595//8832
f 4146//8833 4147//8833 3595//8833
f 3595//8834 4147//8834 3597//8834
f 3603//8835 4161//8835 3605//8835
f 4161//8836 4162//8836 3605//8836
f 3605//8837 4162//8837 3607//8837
f 4162//8838 4163//8838 3607//8838
f 3607//8839 4163//8839 3609//8839
f 4163//8840 4164//8840 3609//8840
f 3609//8841 4164//8841 3611//8841
f 3591//8842 4133//8842 3593//8842
f 4133//8843 4134//8843 3593//8843
f 3593//8844 4134//8844 4135//8844
f 4147//6316 4148//6316 3597//6316
f 4148//8845 4149//8845 3597//8845
f 3597//8846 4149//8846 4150//8846
f 4157//6516 4158//6516 3601//6516
f 4158//3340 4159//3340 3601//3340
f 3601//8847 4159//8847 3603//8847
f 4159//8848 4160//8848 3603//8848
f 3603//8849 4160//8849 4161//8849
f 4164//8850 4165//8850 3611//8850
f 4165//8851 4166//8851 3611//8851
f 3611//8852 4166//8852 4167//8852
f 4128//8853 4129//8853 3589//8853
f 4129//6477 4130//6477 3589//6477
f 3589//8854 4130//8854 3591//8854
f 4130//8855 4131//8855 3591//8855
f 3591//8856 4131//8856 4132//8856
f 4142//8857 4143//8857 3595//8857
f 4143//8858 4144//8858 3595//8858
f 3595//8859 4144//8859 4145//8859
f 4150//8860 4151//8860 3597//8860
f 4151//8861 4152//8861 3597//8861
f 3597//8862 4152//8862 4153//8862
f 4342//8863 4340//8863 4167//8863
f 4340//8864 4338//8864 4167//8864
f 4167//8865 4338//8865 3611//8865
f 4338//8866 4336//8866 3611//8866
f 3611//8867 4336//8867 3613//8867
f 4336//8868 4334//8868 3613//8868
f 3613//8869 4334//8869 4476//8869
f 4167//8870 4168//8870 4344//8870
f 4168//8871 4169//8871 4344//8871
f 4344//8872 4169//8872 4346//8872
f 4169//8873 4170//8873 4346//8873
f 4346//8874 4170//8874 4348//8874
f 4170//8875 4171//8875 4348//8875
f 4138//8876 4139//8876 3593//8876
f 4139//8877 4140//8877 3593//8877
f 3593//8878 4140//8878 3595//8878
f 4140//8879 4141//8879 3595//8879
f 3595//8880 4141//8880 4142//8880
f 4171//8881 4172//8881 4348//8881
f 4172//6471 4173//6471 4348//6471
f 4348//8882 4173//8882 4350//8882
f 4173//8883 4174//8883 4350//8883
f 4350//8884 4174//8884 4175//8884
f 4179//8885 4180//8885 4352//8885
f 4175//8886 4176//8886 4350//8886
f 4176//8887 4177//8887 4350//8887
f 4350//8888 4177//8888 4352//8888
f 4177//8889 4178//8889 4352//8889
f 4352//8890 4178//8890 4179//8890
f 4180//6520 4181//6520 4352//6520
f 4181//6521 4182//6521 4352//6521
f 4352//6522 4182//6522 4354//6522
f 4182//6523 4183//6523 4354//6523
f 4354//8891 4183//8891 4184//8891
f 4356//8677 4188//8677 4117//8677
f 4356//8892 4117//8892 4358//8892
f 4117//8893 4118//8893 4358//8893
f 4358//8894 4118//8894 4360//8894
f 4118//8895 4119//8895 4360//8895
f 4360//8896 4119//8896 4120//8896
f 4372//8897 4370//8897 3577//8897
f 4370//8898 4368//8898 3577//8898
f 3577//8899 4368//8899 4366//8899
f 4127//8900 3587//8900 4126//8900
f 3587//6565 3585//6565 4126//6565
f 4126//8901 3585//8901 4125//8901
f 3585//8902 3583//8902 4125//8902
f 4125//8903 3583//8903 4124//8903
f 4184//8904 4185//8904 4354//8904
f 4185//8905 4186//8905 4354//8905
f 4354//8906 4186//8906 4356//8906
f 4186//8907 4187//8907 4356//8907
f 4356//8908 4187//8908 4188//8908
f 3583//6569 3581//6569 4124//6569
f 3581//8909 3579//8909 4124//8909
f 4124//3161 3579//3161 4123//3161
f 3579//8910 3577//8910 4123//8910
f 4123//8911 3577//8911 4122//8911
f 3577//8912 4366//8912 4122//8912
f 4122//8913 4366//8913 4121//8913
f 4366//8914 4364//8914 4121//8914
f 4121//8915 4364//8915 4120//8915
f 4364//8916 4362//8916 4120//8916
f 4120//8917 4362//8917 4360//8917
f 3973//8918 2514//8918 3974//8918
f 2514//8918 2534//8918 3974//8918
f 3974//8919 2534//8919 3975//8919
f 2534//8920 2535//8920 3975//8920
f 3975//8921 2535//8921 3976//8921
f 2535//8921 2536//8921 3976//8921
f 3976//8922 2536//8922 3977//8922
f 2536//8923 2558//8923 3977//8923
f 3977//8924 2558//8924 3978//8924
f 2558//8925 2559//8925 3978//8925
f 3978//8926 2559//8926 3979//8926
f 2559//8927 2560//8927 3979//8927
f 3979//8928 2560//8928 3980//8928
f 2560//8928 2515//8928 3980//8928
f 3980//8929 2515//8929 3981//8929
f 2515//8930 2516//8930 3981//8930
f 3981//8931 2516//8931 3982//8931
f 2516//8932 2518//8932 3982//8932
f 3982//8933 2518//8933 3983//8933
f 2518//8934 2519//8934 3983//8934
f 3983//8935 2519//8935 3984//8935
f 2519//8936 2520//8936 3984//8936
f 3984//8937 2520//8937 3985//8937
f 2520//8938 2521//8938 3985//8938
f 3985//8939 2521//8939 3986//8939
f 2521//8940 2522//8940 3986//8940
f 3986//8941 2522//8941 3987//8941
f 2522//8941 2503//8941 3987//8941
f 3987//8942 2503//8942 3988//8942
f 2503//8943 2504//8943 3988//8943
f 3988//8944 2504//8944 3989//8944
f 2504//8945 2505//8945 3989//8945
f 3989//8946 2505//8946 3990//8946
f 2505//8947 2489//8947 3990//8947
f 3990//8948 2489//8948 3991//8948
f 2489//8948 2488//8948 3991//8948
f 3991//8949 2488//8949 3992//8949
f 2488//8950 2486//8950 3992//8950
f 3992//8951 2486//8951 3993//8951
f 2486//8952 2484//8952 3993//8952
f 3993//8953 2484//8953 3994//8953
f 2484//8954 2537//8954 3994//8954
f 3994//8955 2537//8955 3995//8955
f 2537//8956 2538//8956 3995//8956
f 3995//8957 2538//8957 3996//8957
f 2538//8958 2539//8958 3996//8958
f 3996//8959 2539//8959 3997//8959
f 2539//8960 2525//8960 3997//8960
f 3997//8961 2525//8961 3998//8961
f 2525//8962 2561//8962 3998//8962
f 3998//8963 2561//8963 3999//8963
f 2561//8964 2562//8964 3999//8964
f 3999//8965 2562//8965 4000//8965
f 2562//8966 2564//8966 4000//8966
f 4000//8967 2564//8967 4001//8967
f 2564//8968 2566//8968 4001//8968
f 4001//8969 2566//8969 4002//8969
f 2566//8970 2543//8970 4002//8970
f 4002//8971 2543//8971 4003//8971
f 2543//8972 2544//8972 4003//8972
f 4003//8973 2544//8973 4004//8973
f 2544//8974 2546//8974 4004//8974
f 4004//8975 2546//8975 4005//8975
f 2546//8975 2554//8975 4005//8975
f 4005//8976 2554//8976 4006//8976
f 2554//8976 2549//8976 4006//8976
f 4006//8977 2549//8977 4007//8977
f 2549//8978 2547//8978 4007//8978
f 4007//8979 2547//8979 4008//8979
f 2547//8980 2490//8980 4008//8980
f 4008//8981 2490//8981 4009//8981
f 2490//8981 2491//8981 4009//8981
f 4009//8982 2491//8982 4010//8982
f 2491//8983 2493//8983 4010//8983
f 4010//8984 2493//8984 4011//8984
f 2493//8985 2494//8985 4011//8985
f 4011//8986 2494//8986 4012//8986
f 2494//8987 2468//8987 4012//8987
f 4012//8988 2468//8988 4013//8988
f 2468//8989 2469//8989 4013//8989
f 4013//8990 2469//8990 4014//8990
f 2469//8991 2506//8991 4014//8991
f 4014//8992 2506//8992 4015//8992
f 2506//8993 2507//8993 4015//8993
f 4015//8994 2507//8994 4016//8994
f 2507//8995 2508//8995 4016//8995
f 4016//8996 2508//8996 4017//8996
f 2508//8997 2462//8997 4017//8997
f 4017//8998 2462//8998 4018//8998
f 2462//8998 2463//8998 4018//8998
f 4018//8999 2463//8999 4019//8999
f 2463//9000 2475//9000 4019//9000
f 4019//9001 2475//9001 4020//9001
f 2475//9002 2476//9002 4020//9002
f 4020//9003 2476//9003 4021//9003
f 2476//9004 2477//9004 4021//9004
f 4021//9005 2477//9005 4022//9005
f 2477//9006 2459//9006 4022//9006
f 4022//9007 2459//9007 4023//9007
f 2459//9008 2460//9008 4023//9008
f 4023//9009 2460//9009 4024//9009
f 2460//9010 2474//9010 4024//9010
f 4024//9011 2474//9011 4025//9011
f 2474//9012 2473//9012 4025//9012
f 4025//9013 2473//9013 4026//9013
f 2473//9014 2471//9014 4026//9014
f 4026//9015 2471//9015 4027//9015
f 2471//9016 2481//9016 4027//9016
f 4027//9017 2481//9017 4028//9017
f 2481//9018 2482//9018 4028//9018
f 4028//9019 2482//9019 4029//9019
f 2482//4349 2483//4349 4029//4349
f 4029//9020 2483//9020 4030//9020
f 2483//9021 2465//9021 4030//9021
f 4030//9022 2465//9022 4031//9022
f 2465//9023 2466//9023 4031//9023
f 4031//9024 2466//9024 4032//9024
f 2466//9025 2542//9025 4032//9025
f 4032//9026 2542//9026 4033//9026
f 2542//9027 2541//9027 4033//9027
f 4033//9028 2541//9028 4034//9028
f 2541//9029 2500//9029 4034//9029
f 4034//9030 2500//9030 4035//9030
f 2500//9031 2501//9031 4035//9031
f 4035//9032 2501//9032 4036//9032
f 2501//9033 2510//9033 4036//9033
f 4036//9034 2510//9034 4037//9034
f 2510//9035 2528//9035 4037//9035
f 4037//9036 2528//9036 4038//9036
f 2528//9037 2529//9037 4038//9037
f 4038//9038 2529//9038 4039//9038
f 2529//9039 2555//9039 4039//9039
f 4039//9040 2555//9040 4040//9040
f 2555//9041 2556//9041 4040//9041
f 4040//9042 2556//9042 4041//9042
f 2556//9043 2557//9043 4041//9043
f 4041//9044 2557//9044 4042//9044
f 2557//9045 2533//9045 4042//9045
f 4042//9046 2533//9046 4043//9046
f 2533//8506 2531//8506 4043//8506
f 4043//9047 2531//9047 4044//9047
f 2531//9048 2513//9048 4044//9048
f 4044//9049 2513//9049 3973//9049
f 2513//9050 2514//9050 3973//9050
f 4117//9051 2665//9051 4118//9051
f 2665//9051 2664//9051 4118//9051
f 4118//9052 2664//9052 4119//9052
f 2664//9053 2662//9053 4119//9053
f 4119//9054 2662//9054 4120//9054
f 2662//9055 2666//9055 4120//9055
f 4120//9056 2666//9056 4121//9056
f 2666//9057 2667//9057 4121//9057
f 4121//9058 2667//9058 4122//9058
f 2667//9059 2676//9059 4122//9059
f 4122//9060 2676//9060 4123//9060
f 2676//9061 2675//9061 4123//9061
f 4123//9062 2675//9062 4124//9062
f 2675//9062 2637//9062 4124//9062
f 4124//9063 2637//9063 4125//9063
f 2637//9063 2635//9063 4125//9063
f 4125//9064 2635//9064 4126//9064
f 2635//8931 2633//8931 4126//8931
f 4126//9065 2633//9065 4127//9065
f 2633//9066 2585//9066 4127//9066
f 4127//9067 2585//9067 4128//9067
f 2585//9067 2586//9067 4128//9067
f 4128//9068 2586//9068 4129//9068
f 2586//9069 2647//9069 4129//9069
f 4129//9070 2647//9070 4130//9070
f 2647//9071 2648//9071 4130//9071
f 4130//9072 2648//9072 4131//9072
f 2648//9073 2649//9073 4131//9073
f 4131//9074 2649//9074 4132//9074
f 2649//9075 2640//9075 4132//9075
f 4132//9076 2640//9076 4133//9076
f 2640//9077 2638//9077 4133//9077
f 4133//9078 2638//9078 4134//9078
f 2638//9078 2591//9078 4134//9078
f 4134//6747 2591//6747 4135//6747
f 2591//9079 2592//9079 4135//9079
f 4135//9080 2592//9080 4136//9080
f 2592//9080 2600//9080 4136//9080
f 4136//7785 2600//7785 4137//7785
f 2600//7785 2601//7785 4137//7785
f 4137//9081 2601//9081 4138//9081
f 2601//9082 2602//9082 4138//9082
f 4138//9083 2602//9083 4139//9083
f 2602//9084 2641//9084 4139//9084
f 4139//9085 2641//9085 4140//9085
f 2641//9085 2642//9085 4140//9085
f 4140//9086 2642//9086 4141//9086
f 2642//9086 2643//9086 4141//9086
f 4141//9087 2643//9087 4142//9087
f 2643//9088 2611//9088 4142//9088
f 4142//9089 2611//9089 4143//9089
f 2611//8964 2612//8964 4143//8964
f 4143//9090 2612//9090 4144//9090
f 2612//9091 2626//9091 4144//9091
f 4144//9092 2626//9092 4145//9092
f 2626//9093 2627//9093 4145//9093
f 4145//9094 2627//9094 4146//9094
f 2627//9095 2588//9095 4146//9095
f 4146//9096 2588//9096 4147//9096
f 2588//9097 2589//9097 4147//9097
f 4147//9098 2589//9098 4148//9098
f 2589//9099 2613//9099 4148//9099
f 4148//9100 2613//9100 4149//9100
f 2613//9100 2614//9100 4149//9100
f 4149//9101 2614//9101 4150//9101
f 2614//9101 2628//9101 4150//9101
f 4150//9102 2628//9102 4151//9102
f 2628//9103 2629//9103 4151//9103
f 4151//9104 2629//9104 4152//9104
f 2629//9105 2577//9105 4152//9105
f 4152//9106 2577//9106 4153//9106
f 2577//9107 2578//9107 4153//9107
f 4153//9108 2578//9108 4154//9108
f 2578//9109 2580//9109 4154//9109
f 4154//9110 2580//9110 4155//9110
f 2580//9111 2582//9111 4155//9111
f 4155//9112 2582//9112 4156//9112
f 2582//9113 2594//9113 4156//9113
f 4156//9114 2594//9114 4157//9114
f 2594//9115 2595//9115 4157//9115
f 4157//9116 2595//9116 4158//9116
f 2595//9117 2597//9117 4158//9117
f 4158//9118 2597//9118 4159//9118
f 2597//9118 2598//9118 4159//9118
f 4159//8995 2598//8995 4160//8995
f 2598//8995 2603//8995 4160//8995
f 4160//8996 2603//8996 4161//8996
f 2603//9119 2604//9119 4161//9119
f 4161//9120 2604//9120 4162//9120
f 2604//9121 2606//9121 4162//9121
f 4162//9122 2606//9122 4163//9122
f 2606//9122 2608//9122 4163//9122
f 4163//9002 2608//9002 4164//9002
f 2608//9002 2583//9002 4164//9002
f 4164//9003 2583//9003 4165//9003
f 2583//9123 2569//9123 4165//9123
f 4165//9124 2569//9124 4166//9124
f 2569//9125 2570//9125 4166//9125
f 4166//9126 2570//9126 4167//9126
f 2570//9126 2615//9126 4167//9126
f 4167//9127 2615//9127 4168//9127
f 2615//9127 2617//9127 4168//9127
f 4168//9128 2617//9128 4169//9128
f 2617//9129 2619//9129 4169//9129
f 4169//9130 2619//9130 4170//9130
f 2619//9013 2620//9013 4170//9013
f 4170//6940 2620//6940 4171//6940
f 2620//6940 2572//6940 4171//6940
f 4171//9131 2572//9131 4172//9131
f 2572//9132 2573//9132 4172//9132
f 4172//9133 2573//9133 4173//9133
f 2573//9134 2584//9134 4173//9134
f 4173//9135 2584//9135 4174//9135
f 2584//9135 2574//9135 4174//9135
f 4174//9136 2574//9136 4175//9136
f 2574//9136 2575//9136 4175//9136
f 4175//9137 2575//9137 4176//9137
f 2575//9138 2644//9138 4176//9138
f 4176//9026 2644//9026 4177//9026
f 2644//9026 2645//9026 4177//9026
f 4177//7860 2645//7860 4178//7860
f 2645//9139 2646//9139 4178//9139
f 4178//9140 2646//9140 4179//9140
f 2646//9141 2630//9141 4179//9141
f 4179//7864 2630//7864 4180//7864
f 2630//7864 2631//7864 4180//7864
f 4180//9142 2631//9142 4181//9142
f 2631//9142 2669//9142 4181//9142
f 4181//9143 2669//9143 4182//9143
f 2669//9144 2670//9144 4182//9144
f 4182//9145 2670//9145 4183//9145
f 2670//9039 2671//9039 4183//9039
f 4183//9040 2671//9040 4184//9040
f 2671//9146 2654//9146 4184//9146
f 4184//9043 2654//9043 4185//9043
f 2654//9042 2655//9042 4185//9042
f 4185//9045 2655//9045 4186//9045
f 2655//9044 2656//9044 4186//9044
f 4186//9147 2656//9147 4187//9147
f 2656//9148 2657//9148 4187//9148
f 4187//9149 2657//9149 4188//9149
f 2657//9150 2659//9150 4188//9150
f 4188//9151 2659//9151 4117//9151
f 2659//9151 2665//9151 4117//9151
# Vertices: 4476, normals: 9151, texture coordinates: 0, faces: 10472

