# File generated by ImageToStl.com - Free Image and 3D model conversion tools

o obj1
v -0.03231535 -0.00241481 0.022
v -0.02196239 -0.001 0.022
v -0.02179202 -0.0022941 0.022
v -0.03546239 0 0.022
v -0.03537721 -0.00064705 0.022
v -0.04085363 -0.0011735 0.022
v 0.03312746 -0.00125 0.022
v 0.03337721 -0.00064705 0.022
v 0.04055047 -0.00233044 0.022
v -0.03360944 -0.00241481 0.022
v -0.03296239 -0.0025 0.022
v -0.03763546 -0.00634398 0.022
v 0.04085363 -0.0011735 0.022
v 0.03346239 -0 0.022
v 0.04096239 -0 0.022
v -0.04022226 -0.00315415 0.022
v -0.03512746 -0.00125 0.022
v -0.03911702 -0.00492709 0.022
v -0.03473016 -0.00176777 0.022
v -0.03421239 -0.00216506 0.022
v 0.02919463 -0.00176777 0.022
v 0.02971239 -0.00216506 0.022
v 0.01912708 -0.00434667 0.022
v -0.02129252 -0.0035 0.022
v -0.03260352 -0.00799878 0.022
v -0.03383165 -0.00790936 0.022
v -0.03583978 -0.00736059 0.022
v 0.02114437 -0.00318198 0.022
v 0.02846239 -0 0.022
v 0.02021239 -0.00389711 0.022
v 0.02854758 -0.00064705 0.022
v 0.02879733 -0.00125 0.022
v 0.01346239 -0 0.022
v 0.01361573 -0.00116469 0.022
v -0.0036683 -0.00582963 0.022
v 0.01406528 -0.00225 0.022
v -0.03171239 -0.00216506 0.022
v -0.03119463 -0.00176777 0.022
v -0.03079733 -0.00125 0.022
v 0.04085363 0.0011735 0.022
v 0.03337721 0.00064705 0.022
v 0.04022226 0.00315415 0.022
v -0.02049793 -0.00453553 0.022
v -0.01946239 -0.00533013 0.022
v -0.01825649 -0.00582963 0.022
v -0.03054758 -0.00064705 0.022
v -0.03046239 0 0.022
v -0.02196239 0.001 0.022
v -0.03054758 0.00064705 0.022
v -0.02179202 0.0022941 0.022
v -0.02129252 0.0035 0.022
v -0.01825649 0.00582963 0.022
v -0.01946239 0.00533013 0.022
v -0.03260352 0.00799878 0.022
v 0.01478041 -0.00318198 0.022
v 0.01571239 -0.00389711 0.022
v -0.00496239 -0.006 0.022
v -0.00013276 0.0022941 0.022
v -0.00063227 0.0035 0.022
v 0.03260352 0.00799878 0.022
v -0.00142686 0.00453553 0.022
v -0.00246239 0.00533013 0.022
v 0.01571239 0.00389711 0.022
v 0.01478041 0.00318198 0.022
v -0.00142686 -0.00453553 0.022
v 0.01406528 0.00225 0.022
v 0.03965163 -0.00419258 0.022
v 0.03832549 -0.00577054 0.022
v 0.03273016 -0.00176777 0.022
v 0.03665845 -0.00696965 0.022
v 0.0322124 -0.00216506 0.022
v 0.03469205 -0.00773893 0.022
v 0.03160944 -0.00241481 0.022
v 0.03260352 -0.00799878 0.022
v 0.03096239 -0.0025 0.022
v 0.03031535 -0.00241481 0.022
v 0.0322124 0.00216506 0.022
v 0.03160944 0.00241481 0.022
v 0.03763546 0.00634398 0.022
v 0.03583978 0.00736059 0.022
v 0.02230906 0.00116469 0.022
v 0.02185951 0.00225 0.022
v 0.02114437 0.00318198 0.022
v 0.02021239 0.00389711 0.022
v 0.01912708 0.00434667 0.022
v -0.00246239 -0.00533013 0.022
v 0.01361573 0.00116469 0.022
v 0.03911702 0.00492709 0.022
v 0.03312746 0.00125 0.022
v 0.03273016 0.00176777 0.022
v -0.0036683 0.00582963 0.022
v -0.00496239 0.006 0.022
v -0.01696239 0.006 0.022
v -0.02049793 0.00453553 0.022
v -0.03079733 0.00125 0.022
v -0.03119463 0.00176777 0.022
v -0.03171239 0.00216506 0.022
v 0.03383165 0.00790936 0.022
v -0.04096239 -0 0.022
v -0.04085363 0.0011735 0.022
v -0.03537721 0.00064705 0.022
v -0.04055047 0.00233044 0.022
v -0.03512746 0.00125 0.022
v -0.03965163 0.00419258 0.022
v -0.03473016 0.00176777 0.022
v -0.03832549 0.00577054 0.022
v -0.03421239 0.00216506 0.022
v -0.03665845 0.00696965 0.022
v -0.03360944 0.00241481 0.022
v -0.03469205 0.00773893 0.022
v -0.03296239 0.0025 0.022
v -0.03231535 0.00241481 0.022
v 0.02971239 0.00216506 0.022
v 0.03031535 0.00241481 0.022
v 0.03096239 0.0025 0.022
v -0.01696239 -0.006 0.022
v 0.01796239 -0.0045 0.022
v 0.01679771 -0.00434667 0.022
v 0.01796239 0.0045 0.022
v 0.01679771 0.00434667 0.022
v 3.761E-05 0.001 0.022
v 0.02185951 -0.00225 0.022
v 0.02230906 -0.00116469 0.022
v 0.02854758 0.00064705 0.022
v 0.02246239 -0 0.022
v 0.02879733 0.00125 0.022
v 0.02919463 0.00176777 0.022
v -0.00063227 -0.0035 0.022
v -0.00013276 -0.0022941 0.022
v 3.761E-05 -0.001 0.022
v 0.04085363 -0.0011735 0.023
v 0.03346239 -0 0.023
v 0.03337721 -0.00064705 0.023
v -0.03054758 0.00064705 0.023
v -0.03046239 0 0.023
v -0.02196239 0.001 0.023
v -0.01825649 -0.00582963 0.023
v -0.01946239 -0.00533013 0.023
v -0.03260352 -0.00799878 0.023
v 0.03260352 -0.00799878 0.023
v -0.00142686 -0.00453553 0.023
v -0.00246239 -0.00533013 0.023
v 0.02114437 0.00318198 0.023
v 0.02854758 0.00064705 0.023
v 0.02021239 0.00389711 0.023
v 0.01912708 0.00434667 0.023
v -0.02196239 -0.001 0.023
v -0.03054758 -0.00064705 0.023
v -0.02179202 -0.0022941 0.023
v -0.03079733 -0.00125 0.023
v -0.03119463 -0.00176777 0.023
v 0.02246239 -0 0.023
v 0.02846239 -0 0.023
v 0.02230906 0.00116469 0.023
v 0.02185951 0.00225 0.023
v -0.02049793 -0.00453553 0.023
v -0.02129252 -0.0035 0.023
v -0.03383165 -0.00790936 0.023
v -0.03583978 -0.00736059 0.023
v -0.03763546 -0.00634398 0.023
v -0.03171239 -0.00216506 0.023
v -0.03231535 -0.00241481 0.023
v -0.03296239 -0.0025 0.023
v 0.04096239 -0 0.023
v 0.04085363 0.0011735 0.023
v 0.03337721 0.00064705 0.023
v 0.04022226 0.00315415 0.023
v 0.03312746 0.00125 0.023
v 0.03911702 0.00492709 0.023
v 0.03273016 0.00176777 0.023
v 0.03763546 0.00634398 0.023
v 0.0322124 0.00216506 0.023
v -0.0036683 -0.00582963 0.023
v -0.00496239 -0.006 0.023
v -0.01696239 -0.006 0.023
v -0.03537721 0.00064705 0.023
v -0.04085363 0.0011735 0.023
v -0.03546239 0 0.023
v -0.04096239 -0 0.023
v -0.03537721 -0.00064705 0.023
v -0.04085363 -0.0011735 0.023
v -0.03512746 -0.00125 0.023
v -0.04022226 -0.00315415 0.023
v -0.03473016 -0.00176777 0.023
v -0.03911702 -0.00492709 0.023
v -0.03421239 -0.00216506 0.023
v -0.03360944 -0.00241481 0.023
v 0.03273016 -0.00176777 0.023
v 0.03832549 -0.00577054 0.023
v 0.03312746 -0.00125 0.023
v 0.03965163 -0.00419258 0.023
v 0.04055047 -0.00233044 0.023
v 0.03160944 -0.00241481 0.023
v 0.0322124 -0.00216506 0.023
v 0.03469205 -0.00773893 0.023
v 0.03665845 -0.00696965 0.023
v -0.03260352 0.00799878 0.023
v -0.01946239 0.00533013 0.023
v -0.01825649 0.00582963 0.023
v 0.01679771 -0.00434667 0.023
v 0.01571239 -0.00389711 0.023
v 3.761E-05 0.001 0.023
v 0.01478041 -0.00318198 0.023
v 0.01406528 -0.00225 0.023
v 0.02114437 -0.00318198 0.023
v 0.02971239 -0.00216506 0.023
v 0.02185951 -0.00225 0.023
v 0.02919463 -0.00176777 0.023
v 0.02230906 -0.00116469 0.023
v 0.02879733 -0.00125 0.023
v 0.02854758 -0.00064705 0.023
v -0.00013276 0.0022941 0.023
v 0.01406528 0.00225 0.023
v -0.00063227 0.0035 0.023
v 0.01478041 0.00318198 0.023
v 0.01571239 0.00389711 0.023
v -0.01696239 0.006 0.023
v -0.00496239 0.006 0.023
v 0.03260352 0.00799878 0.023
v -0.0036683 0.00582963 0.023
v -0.00246239 0.00533013 0.023
v 0.01679771 0.00434667 0.023
v -0.00142686 0.00453553 0.023
v 0.02879733 0.00125 0.023
v 0.02919463 0.00176777 0.023
v 0.02971239 0.00216506 0.023
v 0.03096239 -0.0025 0.023
v 0.03031535 -0.00241481 0.023
v 3.761E-05 -0.001 0.023
v -0.00013276 -0.0022941 0.023
v -0.00063227 -0.0035 0.023
v -0.03296239 0.0025 0.023
v -0.03360944 0.00241481 0.023
v -0.03469205 0.00773893 0.023
v -0.03421239 0.00216506 0.023
v -0.03665845 0.00696965 0.023
v -0.03473016 0.00176777 0.023
v -0.03832549 0.00577054 0.023
v -0.03512746 0.00125 0.023
v -0.03965163 0.00419258 0.023
v -0.04055047 0.00233044 0.023
v -0.02179202 0.0022941 0.023
v -0.02129252 0.0035 0.023
v -0.03079733 0.00125 0.023
v -0.02049793 0.00453553 0.023
v -0.03119463 0.00176777 0.023
v -0.03171239 0.00216506 0.023
v -0.03231535 0.00241481 0.023
v 0.01361573 -0.00116469 0.023
v 0.01346239 -0 0.023
v 0.01361573 0.00116469 0.023
v 0.02021239 -0.00389711 0.023
v 0.01912708 -0.00434667 0.023
v 0.01796239 -0.0045 0.023
v 0.03031535 0.00241481 0.023
v 0.01796239 0.0045 0.023
v 0.03096239 0.0025 0.023
v 0.03160944 0.00241481 0.023
v 0.03383165 0.00790936 0.023
v 0.03583978 0.00736059 0.023
v 0.01996239 -0 0.022
v 0.02039425 0.00065161 0.02193185
v 0.01989425 0.00051764 0.022
v 0.02014273 0.00125882 0.02193185
v 0.01969444 0.001 0.022
v 0.01974263 0.00178024 0.02193185
v 0.01937661 0.00141421 0.022
v 0.01922121 0.00218034 0.02193185
v 0.01896239 0.00173205 0.022
v 0.01861401 0.00243185 0.02193185
v 0.01848003 0.00193185 0.022
v 0.01796239 0.00251764 0.02193185
v 0.01796239 0.002 0.022
v 0.01731078 0.00243185 0.02193185
v 0.01744476 0.00193185 0.022
v 0.01670357 0.00218034 0.02193185
v 0.01696239 0.00173205 0.022
v 0.01618215 0.00178024 0.02193185
v 0.01654818 0.00141421 0.022
v 0.01578205 0.00125882 0.02193185
v 0.01623034 0.001 0.022
v 0.01553054 0.00065161 0.02193185
v 0.01603054 0.00051764 0.022
v 0.01544476 -0 0.02193185
v 0.01596239 -0 0.022
v 0.01553054 -0.00065161 0.02193185
v 0.01603054 -0.00051764 0.022
v 0.01578205 -0.00125882 0.02193185
v 0.01623034 -0.001 0.022
v 0.01618215 -0.00178024 0.02193185
v 0.01654818 -0.00141421 0.022
v 0.01670357 -0.00218034 0.02193185
v 0.01696239 -0.00173205 0.022
v 0.01731078 -0.00243185 0.02193185
v 0.01744476 -0.00193185 0.022
v 0.01796239 -0.00251764 0.02193185
v 0.01796239 -0.002 0.022
v 0.01861401 -0.00243185 0.02193185
v 0.01848003 -0.00193185 0.022
v 0.01922121 -0.00218034 0.02193185
v 0.01896239 -0.00173205 0.022
v 0.01974263 -0.00178024 0.02193185
v 0.01937661 -0.00141421 0.022
v 0.02014273 -0.00125882 0.02193185
v 0.01969444 -0.001 0.022
v 0.02039425 -0.00065161 0.02193185
v 0.01989425 -0.00051764 0.022
v 0.02048003 -0 0.02193185
v 0.02086017 0.00077646 0.02173205
v 0.02056047 0.0015 0.02173205
v 0.02008371 0.00212132 0.02173205
v 0.01946239 0.00259808 0.02173205
v 0.01873885 0.00289778 0.02173205
v 0.01796239 0.003 0.02173205
v 0.01718594 0.00289778 0.02173205
v 0.01646239 0.00259808 0.02173205
v 0.01584107 0.00212132 0.02173205
v 0.01536432 0.0015 0.02173205
v 0.01506462 0.00077646 0.02173205
v 0.01496239 -0 0.02173205
v 0.01506462 -0.00077646 0.02173205
v 0.01536432 -0.0015 0.02173205
v 0.01584107 -0.00212132 0.02173205
v 0.01646239 -0.00259808 0.02173205
v 0.01718594 -0.00289778 0.02173205
v 0.01796239 -0.003 0.02173205
v 0.01873885 -0.00289778 0.02173205
v 0.01946239 -0.00259808 0.02173205
v 0.02008371 -0.00212132 0.02173205
v 0.02056047 -0.0015 0.02173205
v 0.02086017 -0.00077646 0.02173205
v 0.02096239 -0 0.02173205
v 0.02126027 0.00088366 0.02141421
v 0.02091919 0.00170711 0.02141421
v 0.02037661 0.00241421 0.02141421
v 0.0196695 0.0029568 0.02141421
v 0.01884606 0.00329788 0.02141421
v 0.01796239 0.00341421 0.02141421
v 0.01707873 0.00329788 0.02141421
v 0.01625529 0.0029568 0.02141421
v 0.01554818 0.00241421 0.02141421
v 0.0150056 0.00170711 0.02141421
v 0.01466452 0.00088366 0.02141421
v 0.01454818 -0 0.02141421
v 0.01466452 -0.00088366 0.02141421
v 0.0150056 -0.00170711 0.02141421
v 0.01554818 -0.00241421 0.02141421
v 0.01625529 -0.0029568 0.02141421
v 0.01707873 -0.00329788 0.02141421
v 0.01796239 -0.00341421 0.02141421
v 0.01884606 -0.00329788 0.02141421
v 0.0196695 -0.0029568 0.02141421
v 0.02037661 -0.00241421 0.02141421
v 0.02091919 -0.00170711 0.02141421
v 0.02126027 -0.00088366 0.02141421
v 0.02137661 -0 0.02141421
v 0.02156728 0.00096593 0.021
v 0.02119444 0.00186603 0.021
v 0.02060135 0.00263896 0.021
v 0.01982842 0.00323205 0.021
v 0.01892832 0.00360488 0.021
v 0.01796239 0.00373205 0.021
v 0.01699647 0.00360488 0.021
v 0.01609637 0.00323205 0.021
v 0.01532343 0.00263896 0.021
v 0.01473034 0.00186603 0.021
v 0.01435751 0.00096593 0.021
v 0.01423034 -0 0.021
v 0.01435751 -0.00096593 0.021
v 0.01473034 -0.00186603 0.021
v 0.01532343 -0.00263896 0.021
v 0.01609637 -0.00323205 0.021
v 0.01699647 -0.00360488 0.021
v 0.01796239 -0.00373205 0.021
v 0.01892832 -0.00360488 0.021
v 0.01982842 -0.00323205 0.021
v 0.02060135 -0.00263896 0.021
v 0.02119444 -0.00186603 0.021
v 0.02156728 -0.00096593 0.021
v 0.02169444 -0 0.021
v 0.02176027 0.00101764 0.02051764
v 0.02136748 0.00196593 0.02051764
v 0.02074263 0.00278024 0.02051764
v 0.01992832 0.00340508 0.02051764
v 0.01898003 0.00379788 0.02051764
v 0.01796239 0.00393185 0.02051764
v 0.01694475 0.00379788 0.02051764
v 0.01599647 0.00340508 0.02051764
v 0.01518215 0.00278024 0.02051764
v 0.01455731 0.00196593 0.02051764
v 0.01416452 0.00101764 0.02051764
v 0.01403054 -0 0.02051764
v 0.01416452 -0.00101764 0.02051764
v 0.01455731 -0.00196593 0.02051764
v 0.01518215 -0.00278024 0.02051764
v 0.01599647 -0.00340508 0.02051764
v 0.01694475 -0.00379788 0.02051764
v 0.01796239 -0.00393185 0.02051764
v 0.01898003 -0.00379788 0.02051764
v 0.01992832 -0.00340508 0.02051764
v 0.02074263 -0.00278024 0.02051764
v 0.02136748 -0.00196593 0.02051764
v 0.02176027 -0.00101764 0.02051764
v 0.02189424 -0 0.02051764
v 0.0218261 0.00103528 0.02
v 0.0214265 0.002 0.02
v 0.02079082 0.00282843 0.02
v 0.01996239 0.0034641 0.02
v 0.01899767 0.0038637 0.02
v 0.01796239 0.004 0.02
v 0.01692712 0.0038637 0.02
v 0.01596239 0.0034641 0.02
v 0.01513397 0.00282843 0.02
v 0.01449829 0.002 0.02
v 0.01409869 0.00103528 0.02
v 0.01396239 -0 0.02
v 0.01409869 -0.00103528 0.02
v 0.01449829 -0.002 0.02
v 0.01513397 -0.00282843 0.02
v 0.01596239 -0.0034641 0.02
v 0.01692712 -0.0038637 0.02
v 0.01796239 -0.004 0.02
v 0.01899767 -0.0038637 0.02
v 0.01996239 -0.0034641 0.02
v 0.02079082 -0.00282843 0.02
v 0.0214265 -0.002 0.02
v 0.0218261 -0.00103528 0.02
v 0.02196239 -0 0.02
v 0.01796239 -0 0.022
v 0.01796239 -0 0.02
v -0.03246239 0 0.022
v -0.03210443 0.00022989 0.02194889
v -0.03247943 0.00012941 0.022
v -0.03219317 0.00044411 0.02194889
v -0.03252938 0.00025 0.022
v -0.03233432 0.00062807 0.02194889
v -0.03260884 0.00035355 0.022
v -0.03251828 0.00076923 0.02194889
v -0.03271239 0.00043301 0.022
v -0.0327325 0.00085796 0.02194889
v -0.03283298 0.00048296 0.022
v -0.03296239 0.00088823 0.02194889
v -0.03296239 0.0005 0.022
v -0.03319228 0.00085796 0.02194889
v -0.0330918 0.00048296 0.022
v -0.03340651 0.00076923 0.02194889
v -0.03321239 0.00043301 0.022
v -0.03359047 0.00062807 0.02194889
v -0.03331595 0.00035355 0.022
v -0.03373162 0.00044411 0.02194889
v -0.03339541 0.00025 0.022
v -0.03382036 0.00022989 0.02194889
v -0.03344536 0.00012941 0.022
v -0.03385062 0 0.02194889
v -0.03346239 -0 0.022
v -0.03382036 -0.00022989 0.02194889
v -0.03344536 -0.00012941 0.022
v -0.03373162 -0.00044411 0.02194889
v -0.03339541 -0.00025 0.022
v -0.03359047 -0.00062807 0.02194889
v -0.03331595 -0.00035355 0.022
v -0.03340651 -0.00076923 0.02194889
v -0.03321239 -0.00043301 0.022
v -0.03319228 -0.00085796 0.02194889
v -0.0330918 -0.00048296 0.022
v -0.03296239 -0.00088823 0.02194889
v -0.03296239 -0.0005 0.022
v -0.0327325 -0.00085796 0.02194889
v -0.03283298 -0.00048296 0.022
v -0.03251828 -0.00076923 0.02194889
v -0.03271239 -0.00043301 0.022
v -0.03233432 -0.00062807 0.02194889
v -0.03260884 -0.00035355 0.022
v -0.03219317 -0.00044411 0.02194889
v -0.03252938 -0.00025 0.022
v -0.03210443 -0.00022989 0.02194889
v -0.03247943 -0.00012941 0.022
v -0.03207416 0 0.02194889
v -0.03175499 0.00032352 0.02179904
v -0.03187986 0.000625 0.02179904
v -0.03207851 0.00088388 0.02179904
v -0.03233739 0.00108253 0.02179904
v -0.03263887 0.00120741 0.02179904
v -0.03296239 0.00125 0.02179904
v -0.03328592 0.00120741 0.02179904
v -0.03358739 0.00108253 0.02179904
v -0.03384628 0.00088388 0.02179904
v -0.03404493 0.000625 0.02179904
v -0.0341698 0.00032352 0.02179904
v -0.03421239 0 0.02179904
v -0.0341698 -0.00032352 0.02179904
v -0.03404493 -0.000625 0.02179904
v -0.03384628 -0.00088388 0.02179904
v -0.03358739 -0.00108253 0.02179904
v -0.03328592 -0.00120741 0.02179904
v -0.03296239 -0.00125 0.02179904
v -0.03263887 -0.00120741 0.02179904
v -0.03233739 -0.00108253 0.02179904
v -0.03207851 -0.00088388 0.02179904
v -0.03187986 -0.000625 0.02179904
v -0.03175499 -0.00032352 0.02179904
v -0.03171239 0 0.02179904
v -0.03145491 0.00040393 0.02156066
v -0.03161082 0.00078033 0.02156066
v -0.03185884 0.00110355 0.02156066
v -0.03218206 0.00135157 0.02156066
v -0.03255846 0.00150748 0.02156066
v -0.03296239 0.00156066 0.02156066
v -0.03336632 0.00150748 0.02156066
v -0.03374272 0.00135157 0.02156066
v -0.03406595 0.00110355 0.02156066
v -0.03431397 0.00078033 0.02156066
v -0.03446988 0.00040393 0.02156066
v -0.03452305 0 0.02156066
v -0.03446988 -0.00040393 0.02156066
v -0.03431397 -0.00078033 0.02156066
v -0.03406595 -0.00110355 0.02156066
v -0.03374272 -0.00135157 0.02156066
v -0.03336632 -0.00150748 0.02156066
v -0.03296239 -0.00156066 0.02156066
v -0.03255846 -0.00150748 0.02156066
v -0.03218206 -0.00135157 0.02156066
v -0.03185884 -0.00110355 0.02156066
v -0.03161082 -0.00078033 0.02156066
v -0.03145491 -0.00040393 0.02156066
v -0.03140173 0 0.02156066
v -0.03122466 0.00046563 0.02125
v -0.03140438 0.00089952 0.02125
v -0.03169028 0.00127211 0.02125
v -0.03206287 0.00155801 0.02125
v -0.03249677 0.00173774 0.02125
v -0.03296239 0.00179904 0.02125
v -0.03342802 0.00173774 0.02125
v -0.03386191 0.00155801 0.02125
v -0.03423451 0.00127211 0.02125
v -0.03452041 0.00089952 0.02125
v -0.03470013 0.00046563 0.02125
v -0.03476143 0 0.02125
v -0.03470013 -0.00046563 0.02125
v -0.03452041 -0.00089952 0.02125
v -0.03423451 -0.00127211 0.02125
v -0.03386191 -0.00155801 0.02125
v -0.03342802 -0.00173774 0.02125
v -0.03296239 -0.00179904 0.02125
v -0.03249677 -0.00173774 0.02125
v -0.03206287 -0.00155801 0.02125
v -0.03169028 -0.00127211 0.02125
v -0.03140438 -0.00089952 0.02125
v -0.03122466 -0.00046563 0.02125
v -0.03116336 0 0.02125
v -0.03107991 0.00050441 0.02088823
v -0.03127461 0.00097444 0.02088823
v -0.03158432 0.00137807 0.02088823
v -0.03198795 0.00168779 0.02088823
v -0.03245798 0.00188248 0.02088823
v -0.03296239 0.00194889 0.02088823
v -0.0334668 0.00188248 0.02088823
v -0.03393684 0.00168779 0.02088823
v -0.03434047 0.00137807 0.02088823
v -0.03465018 0.00097444 0.02088823
v -0.03484488 0.00050441 0.02088823
v -0.03491128 0 0.02088823
v -0.03484488 -0.00050441 0.02088823
v -0.03465018 -0.00097444 0.02088823
v -0.03434047 -0.00137807 0.02088823
v -0.03393684 -0.00168779 0.02088823
v -0.0334668 -0.00188248 0.02088823
v -0.03296239 -0.00194889 0.02088823
v -0.03245798 -0.00188248 0.02088823
v -0.03198795 -0.00168779 0.02088823
v -0.03158432 -0.00137807 0.02088823
v -0.03127461 -0.00097444 0.02088823
v -0.03107991 -0.00050441 0.02088823
v -0.03101351 0 0.02088823
v -0.03103054 0.00051764 0.0205
v -0.03123034 0.001 0.0205
v -0.03154818 0.00141421 0.0205
v -0.03196239 0.00173205 0.0205
v -0.03244476 0.00193185 0.0205
v -0.03296239 0.002 0.0205
v -0.03348003 0.00193185 0.0205
v -0.0339624 0.00173205 0.0205
v -0.03437661 0.00141421 0.0205
v -0.03469444 0.001 0.0205
v -0.03489425 0.00051764 0.0205
v -0.03496239 -0 0.0205
v -0.03489425 -0.00051764 0.0205
v -0.03469444 -0.001 0.0205
v -0.03437661 -0.00141421 0.0205
v -0.0339624 -0.00173205 0.0205
v -0.03348003 -0.00193185 0.0205
v -0.03296239 -0.002 0.0205
v -0.03244476 -0.00193185 0.0205
v -0.03196239 -0.00173205 0.0205
v -0.03154818 -0.00141421 0.0205
v -0.03123034 -0.001 0.0205
v -0.03103054 -0.00051764 0.0205
v -0.03096239 -0 0.0205
v -0.03123034 0.001 0.02
v -0.03103054 0.00051764 0.02
v -0.03296239 0 0.02
v -0.03096239 0 0.02
v -0.03103054 -0.00051764 0.02
v -0.03244476 0.00193185 0.02
v -0.03196239 0.00173205 0.02
v -0.03154818 0.00141421 0.02
v -0.0339624 0.00173205 0.02
v -0.03348003 0.00193185 0.02
v -0.03296239 0.002 0.02
v -0.03489425 0.00051764 0.02
v -0.03469444 0.001 0.02
v -0.03437661 0.00141421 0.02
v -0.03469444 -0.001 0.02
v -0.03489425 -0.00051764 0.02
v -0.03496239 0 0.02
v -0.03348003 -0.00193185 0.02
v -0.0339624 -0.00173205 0.02
v -0.03437661 -0.00141421 0.02
v -0.03196239 -0.00173205 0.02
v -0.03244476 -0.00193185 0.02
v -0.03296239 -0.002 0.02
v -0.03123034 -0.001 0.02
v -0.03154818 -0.00141421 0.02
v -0.03296239 0 0.022
v 0.03312746 -0.00125 0.018
v 0.03337721 -0.00064705 0.018
v 0.04055047 -0.00233044 0.018
v 0.02919463 -0.00176777 0.018
v 0.02971239 -0.00216506 0.018
v 0.01912708 -0.00434667 0.018
v 0.04085363 -0.0011735 0.018
v 0.03346239 -0 0.018
v 0.04096239 -0 0.018
v 0.02846239 -0 0.018
v 0.02114437 -0.00318198 0.018
v 0.02185951 -0.00225 0.018
v -0.03360944 -0.00241481 0.018
v -0.03583978 -0.00736059 0.018
v -0.03421239 -0.00216506 0.018
v -0.03763546 -0.00634398 0.018
v -0.03473016 -0.00176777 0.018
v -0.03911702 -0.00492709 0.018
v -0.03512746 -0.00125 0.018
v -0.04022226 -0.00315415 0.018
v -0.03537721 -0.00064705 0.018
v -0.04085363 -0.0011735 0.018
v -0.03546239 0 0.018
v -0.01546239 0 0.018
v -0.01530906 -0.00116469 0.018
v -0.03231535 -0.00241481 0.018
v -0.03296239 -0.0025 0.018
v 0.02021239 -0.00389711 0.018
v 0.02854758 -0.00064705 0.018
v 0.02879733 -0.00125 0.018
v -0.01485951 -0.00225 0.018
v -0.01414437 -0.00318198 0.018
v -0.03260352 -0.00799878 0.018
v -0.01321239 -0.00389711 0.018
v -0.01212708 -0.00434667 0.018
v 0.01361573 -0.00116469 0.018
v 0.01406528 -0.00225 0.018
v 0.01478041 -0.00318198 0.018
v 0.01571239 -0.00389711 0.018
v -0.03171239 -0.00216506 0.018
v -0.03119463 -0.00176777 0.018
v -0.03079733 -0.00125 0.018
v -0.03054758 0.00064705 0.018
v -0.01321239 0.00389711 0.018
v -0.01414437 0.00318198 0.018
v 0.04085363 0.0011735 0.018
v 0.03337721 0.00064705 0.018
v 0.04022226 0.00315415 0.018
v -0.03383165 -0.00790936 0.018
v -0.01096239 -0.0045 0.018
v -0.00979771 -0.00434667 0.018
v -0.00871239 -0.00389711 0.018
v -0.00778041 -0.00318198 0.018
v 0.03031535 -0.00241481 0.018
v 0.03096239 -0.0025 0.018
v 0.03260352 -0.00799878 0.018
v 0.03160944 -0.00241481 0.018
v 0.03469205 -0.00773893 0.018
v 0.0322124 -0.00216506 0.018
v 0.03665845 -0.00696965 0.018
v 0.03273016 -0.00176777 0.018
v 0.03832549 -0.00577054 0.018
v 0.03965163 -0.00419258 0.018
v -0.01485951 0.00225 0.018
v -0.01530906 0.00116469 0.018
v -0.03046239 0 0.018
v -0.03054758 -0.00064705 0.018
v 0.03911702 0.00492709 0.018
v 0.03312746 0.00125 0.018
v 0.03763546 0.00634398 0.018
v 0.03273016 0.00176777 0.018
v 0.03583978 0.00736059 0.018
v 0.0322124 0.00216506 0.018
v 0.03383165 0.00790936 0.018
v 0.03160944 0.00241481 0.018
v 0.03260352 0.00799878 0.018
v 0.03096239 0.0025 0.018
v 0.03031535 0.00241481 0.018
v 0.02114437 0.00318198 0.018
v 0.02021239 0.00389711 0.018
v 0.01912708 0.00434667 0.018
v 0.01796239 0.0045 0.018
v -0.01212708 0.00434667 0.018
v -0.03079733 0.00125 0.018
v -0.03119463 0.00176777 0.018
v 0.02971239 0.00216506 0.018
v 0.02919463 0.00176777 0.018
v 0.02879733 0.00125 0.018
v 0.01571239 0.00389711 0.018
v -0.00706528 0.00225 0.018
v -0.00778041 0.00318198 0.018
v -0.04096239 -0 0.018
v -0.04085363 0.0011735 0.018
v -0.03537721 0.00064705 0.018
v -0.04055047 0.00233044 0.018
v -0.03512746 0.00125 0.018
v -0.03965163 0.00419258 0.018
v -0.03473016 0.00176777 0.018
v -0.03832549 0.00577054 0.018
v -0.03421239 0.00216506 0.018
v -0.03665845 0.00696965 0.018
v -0.03360944 0.00241481 0.018
v -0.03469205 0.00773893 0.018
v -0.03296239 0.0025 0.018
v -0.03260352 0.00799878 0.018
v -0.03231535 0.00241481 0.018
v -0.03171239 0.00216506 0.018
v 0.01796239 -0.0045 0.018
v 0.01679771 -0.00434667 0.018
v 0.02230906 -0.00116469 0.018
v 0.02246239 -0 0.018
v 0.02854758 0.00064705 0.018
v 0.02230906 0.00116469 0.018
v 0.02185951 0.00225 0.018
v -0.00871239 0.00389711 0.018
v -0.00979771 0.00434667 0.018
v 0.01679771 0.00434667 0.018
v -0.01096239 0.0045 0.018
v 0.01478041 0.00318198 0.018
v 0.01406528 0.00225 0.018
v 0.01361573 0.00116469 0.018
v -0.00706528 -0.00225 0.018
v -0.00661573 -0.00116469 0.018
v 0.01346239 -0 0.018
v -0.00646239 0 0.018
v -0.00661573 0.00116469 0.018
v 0.03346239 -0 0.022
v 0.02246239 -0 0.022
v -0.00778041 -0.00318198 0.022
v -0.00871239 -0.00389711 0.022
v -0.01212708 -0.00434667 0.022
v -0.01321239 -0.00389711 0.022
v -0.01414437 -0.00318198 0.022
v -0.03046239 0 0.022
v -0.01485951 -0.00225 0.022
v -0.01485951 0.00225 0.022
v -0.01414437 0.00318198 0.022
v -0.01321239 0.00389711 0.022
v -0.01212708 0.00434667 0.022
v -0.01530906 -0.00116469 0.022
v -0.01546239 0 0.022
v -0.01530906 0.00116469 0.022
v -0.01096239 -0.0045 0.022
v -0.00979771 -0.00434667 0.022
v -0.00979771 0.00434667 0.022
v -0.00871239 0.00389711 0.022
v -0.00778041 0.00318198 0.022
v -0.00646239 0 0.022
v -0.00661573 -0.00116469 0.022
v -0.00706528 -0.00225 0.022
v -0.00706528 0.00225 0.022
v -0.00661573 0.00116469 0.022
v -0.01096239 0.0045 0.022
v 0.03650029 -0.0115342 0.01544186
v 0.03680121 -0.01146387 0.01515202
v 0.03679391 -0.01124008 0.01518274
v 0.03725157 -0.01009877 0.01581275
v 0.03779775 -0.0099424 0.01541915
v 0.03675804 -0.01009259 0.01661592
v 0.03898409 -0.01004342 0.01231875
v 0.03856547 -0.0098997 0.01394303
v 0.03844257 -0.01001432 0.01377573
v 0.03341611 -0.01114354 0.01690836
v 0.03340919 -0.01140789 0.01678535
v 0.03388343 -0.01114215 0.01686278
v 0.03387479 -0.01140422 0.0167418
v 0.03434921 -0.0111228 0.0167723
v 0.0343381 -0.01138108 0.01665403
v 0.03523791 -0.01128739 0.01634751
v 0.03523871 -0.01154181 0.01627807
v 0.03606661 -0.01139262 0.01580682
v 0.03340443 -0.01168076 0.01671391
v 0.03340179 -0.01194872 0.0166914
v 0.03387333 -0.01167457 0.01667089
v 0.03433132 -0.01191054 0.01656251
v 0.0343388 -0.01164726 0.01658332
v 0.03520567 -0.01180075 0.01627068
v 0.03794922 -0.01068489 0.01358965
v 0.03804087 -0.01049029 0.01362305
v 0.03747999 -0.01070085 0.0145112
v 0.03756095 -0.01050051 0.0145798
v 0.03685322 -0.01079201 0.01531495
v 0.03692117 -0.0105831 0.01541514
v 0.03615571 -0.01069867 0.01609515
v 0.03788336 -0.01088898 0.01356672
v 0.0374247 -0.01091186 0.01445835
v 0.03681076 -0.01101363 0.015237
v 0.03610223 -0.01091769 0.01596823
v 0.03529466 -0.01081092 0.01660573
v 0.03739557 -0.01112694 0.0144221
v 0.03778352 -0.01130087 0.01366594
v 0.03809332 -0.01138459 0.01266006
v 0.03811532 -0.01118495 0.01261416
v 0.03784402 -0.01109673 0.01355446
v 0.03728829 -0.01135846 0.01455633
v 0.03713069 -0.01139023 0.01477009
v 0.0371244 -0.01023145 0.01566876
v 0.03829151 -0.01015091 0.0137176
v 0.0390606 -0.01020984 0.01138692
v 0.0388783 -0.01031611 0.01141052
v 0.03870749 -0.01044904 0.01144005
v 0.03855408 -0.01060666 0.01147507
v 0.03632601 -0.01034084 0.01641996
v 0.03643491 -0.01021337 0.01660398
v 0.03542382 -0.01044828 0.01699138
v 0.03550782 -0.01032718 0.01721009
v 0.03445095 -0.01052062 0.01736745
v 0.0345016 -0.01040595 0.01761252
v 0.03343542 -0.0106967 0.01729433
v 0.03343004 -0.01079423 0.01718291
v 0.03438843 -0.01077909 0.01703258
v 0.0360726 -0.01115221 0.01587148
v 0.0352564 -0.01103991 0.01645747
v 0.03437246 -0.01088576 0.01693584
v 0.03389939 -0.01090234 0.0170315
v 0.03342498 -0.01090213 0.01708056
v 0.03440702 -0.01068206 0.01713774
v 0.03535142 -0.01061102 0.01678656
v 0.03623142 -0.01050405 0.01624785
v 0.03449609 -0.01034135 0.01787786
v 0.03564208 -0.01024351 0.01740921
v 0.03525685 -0.01179231 0.01624786
v 0.03550801 -0.01174781 0.01612547
v 0.03608234 -0.01162981 0.01577369
v 0.03626161 -0.01158945 0.01564026
v 0.03701272 -0.01039424 0.01553452
v 0.03766553 -0.01031701 0.01466233
v 0.03815613 -0.01031073 0.01366614
v 0.03833137 -0.01058485 0.01258259
v 0.03842343 -0.01078539 0.01151478
v 0.03823207 -0.01077751 0.01258703
v 0.03831975 -0.01098024 0.01155806
v 0.03815977 -0.01097945 0.01259773
v 0.03824566 -0.01118528 0.01160361
v 0.03820202 -0.01139423 0.01165003
v 0.03818794 -0.01160105 0.01169598
v 0.03344685 -0.01053668 0.01753789
v 0.03345864 -0.01042649 0.01779732
v 0.03347022 -0.01036548 0.01805897
v 0.03818794 -0.01227412 0.00861015
v 0.03820306 -0.01205955 0.00856419
v 0.03825001 -0.01184257 0.00851772
v 0.03832984 -0.01162997 0.00847219
v 0.03844157 -0.01142883 0.00842911
v 0.03858212 -0.01124578 0.00838991
v 0.03874659 -0.01108632 0.00835576
v 0.03892881 -0.01095427 0.00832748
v 0.03912206 -0.01085153 0.00830547
v 0.03318794 -0.0103646 0.01806501
v 0.03318794 -0.01046348 0.01769877
v 0.03318794 -0.01053585 0.01754347
v 0.03318794 -0.0106458 0.0173661
v 0.03318794 -0.01090131 0.0170857
v 0.03318794 -0.01194784 0.01669598
v 0.03318794 -0.01157116 0.01674095
v 0.03318794 -0.01140704 0.01679014
v 0.03318794 -0.01121566 0.01687334
v 0.03879998 -0.01140402 0.00657102
v 0.03865589 -0.01151697 0.00660641
v 0.03895456 -0.01130947 0.00653931
v 0.0391161 -0.01123427 0.00651173
v 0.03875244 -0.01175197 0.0048055
v 0.03898454 -0.01165086 0.00474051
v 0.03818794 -0.01227412 0.00681312
v 0.03818794 -0.01227412 0.00592107
v 0.03824217 -0.01210759 0.00677064
v 0.03825417 -0.01213688 0.00588015
v 0.03831699 -0.01194513 0.00672785
v 0.0383354 -0.01200505 0.00583901
v 0.0384119 -0.01179032 0.00668563
v 0.03843095 -0.01188089 0.00579828
v 0.03852559 -0.01164657 0.00664487
v 0.03853967 -0.01176651 0.00575861
v 0.03865998 -0.01166374 0.00572061
v 0.03878995 -0.01157409 0.00568486
v 0.03853367 -0.01189467 0.00487931
v 0.03818794 -0.01227412 0.00503672
v 0.0382598 -0.01216998 0.0049973
v 0.03834264 -0.01207079 0.0049574
v 0.03843264 -0.01198033 0.00491863
v 0.03849144 -0.01153409 0.00753593
v 0.03837707 -0.0117067 0.00757783
v 0.03828771 -0.01189097 0.00762164
v 0.03822469 -0.0120818 0.00766619
v 0.03818794 -0.01227412 0.00771034
v -0.03301915 -0.0103646 0.01806501
v -0.03301915 -0.01046348 0.01769877
v -0.03301915 -0.01053585 0.01754347
v -0.03301915 -0.0106458 0.0173661
v -0.03301915 -0.01090131 0.0170857
v -0.03301915 -0.01121566 0.01687334
v -0.03301915 -0.01140704 0.01679014
v -0.03301915 -0.01157116 0.01674095
v -0.03301915 -0.01194784 0.01669598
v 0.03872383 -0.01178317 0.00471214
v 0.03897857 -0.01165875 0.00471214
v 0.03849236 -0.01194656 0.00471214
v 0.03834099 -0.01208779 0.00471214
v 0.03818794 -0.01227412 0.00471214
v 0.03821867 -0.01223183 0.00471214
v -0.03347161 -0.01036687 0.01804948
v -0.03345304 -0.01042783 0.01778819
v -0.03343413 -0.01053798 0.01752912
v -0.03341582 -0.01069799 0.01728592
v -0.03339909 -0.01090342 0.01707248
v -0.03339162 -0.01102039 0.01698075
v -0.03338486 -0.01114485 0.01690059
v -0.0333789 -0.01127506 0.01683279
v -0.03337378 -0.01140922 0.01677783
v -0.03336192 -0.01195011 0.01668422
v -0.03336614 -0.01168212 0.01670658
v -0.03336952 -0.01154549 0.01673583
v -0.03600665 -0.01095142 0.01591732
v -0.03518398 -0.01105931 0.01641455
v -0.03522706 -0.01082999 0.01656129
v -0.03804659 -0.01140824 0.01163479
v -0.03803501 -0.01147789 0.01165005
v -0.03794998 -0.01127221 0.01259767
v -0.03667176 -0.01129306 0.0151341
v -0.03669158 -0.01106498 0.01518655
v -0.03728648 -0.01097945 0.01441369
v -0.03753811 -0.01037947 0.01461309
v -0.03690553 -0.01044189 0.01547879
v -0.03702172 -0.01027872 0.0156114
v -0.03447937 -0.01041417 0.01757829
v -0.03498771 -0.01031755 0.01765827
v -0.03545604 -0.0103458 0.01716013
v -0.03635788 -0.01024559 0.01654571
v -0.03715333 -0.01014618 0.01575381
v -0.03386871 -0.01090681 0.01701145
v -0.03442232 -0.01052893 0.01733473
v -0.03389751 -0.01070193 0.01721968
v -0.03437208 -0.01069045 0.01710647
v -0.03433163 -0.01089422 0.01690586
v -0.03384117 -0.01036775 0.01799831
v -0.03536678 -0.01046695 0.01694335
v -0.03528903 -0.01062985 0.01674039
v -0.0368096 -0.01063163 0.01536111
v -0.03742941 -0.01056421 0.01453193
v -0.03789258 -0.01056522 0.01358754
v -0.03817273 -0.01066388 0.01256402
v -0.03801175 -0.01038412 0.01362972
v -0.03815142 -0.01022358 0.01368047
v -0.03830691 -0.01008715 0.01373803
v -0.03725501 -0.01119677 0.01437924
v -0.03714572 -0.01142789 0.01451909
v -0.03759442 -0.01138373 0.01371281
v -0.03768811 -0.01117912 0.01352283
v -0.0376341 -0.01138487 0.01362024
v -0.03793998 -0.01148568 0.01257775
v -0.03801915 -0.01168752 0.01169598
v -0.0377292 -0.01096865 0.01353363
v -0.03799579 -0.0110637 0.01258042
v -0.03808015 -0.01126623 0.01160367
v -0.03428532 -0.01165584 0.01655572
v -0.03429442 -0.01191752 0.01653071
v -0.03385714 -0.01194364 0.01662529
v -0.03515856 -0.01156202 0.01623737
v -0.03503672 -0.01183351 0.0162709
v -0.03434579 -0.01191327 0.01651687
v -0.0369622 -0.0114608 0.01477029
v -0.0366767 -0.01151843 0.01510513
v -0.03596363 -0.01142825 0.01575901
v -0.03634848 -0.0115883 0.01542611
v -0.03609239 -0.01164247 0.01563961
v -0.03597659 -0.01166638 0.01572714
v -0.03537516 -0.01178008 0.01610598
v -0.03431581 -0.0110093 0.01681934
v -0.03430318 -0.01113131 0.0167434
v -0.03429385 -0.01125864 0.01667879
v -0.03428501 -0.01152256 0.01658495
v -0.03428781 -0.01138962 0.01662592
v -0.03516125 -0.01130718 0.01630585
v -0.03597304 -0.01118686 0.0158222
v -0.03614243 -0.0101993 0.01699904
v -0.03729493 -0.01004607 0.01590071
v -0.03809275 -0.00996791 0.01467846
v -0.03869058 -0.01002728 0.01307768
v -0.03891487 -0.01028415 0.0113885
v -0.0386996 -0.01040944 0.01141595
v -0.03848432 -0.0105872 0.0114549
v -0.03839627 -0.01068063 0.01147537
v -0.03831178 -0.01078677 0.01149863
v -0.03824191 -0.01089206 0.0115217
v -0.03624434 -0.010373 0.01636358
v -0.03614498 -0.01053646 0.01619334
v -0.03606456 -0.01073163 0.01604248
v -0.0367376 -0.01084182 0.01526269
v -0.0373448 -0.01076633 0.01446486
v -0.03779762 -0.01076198 0.01355525
v -0.03807034 -0.01085892 0.01256901
v -0.03812797 -0.01112413 0.01157254
v -0.03824107 -0.01227412 0.00497571
v -0.03814318 -0.01227412 0.00597058
v -0.03825979 -0.01156943 0.00822925
v -0.0381367 -0.01180957 0.00827987
v -0.03805051 -0.01227412 0.00749318
v -0.03804879 -0.01210483 0.00834211
v -0.03802485 -0.01227412 0.00837884
v -0.03801915 -0.01227412 0.00897539
v -0.03898041 -0.01095969 0.00810071
v -0.03875165 -0.01108068 0.00812622
v -0.03852109 -0.01125806 0.00816361
v -0.03833525 -0.01146116 0.00820642
v -0.0385972 -0.01188605 0.0047954
v -0.03880513 -0.01174191 0.00476616
v -0.03893037 -0.01167571 0.00475273
v -0.03904729 -0.01162617 0.00474268
v -0.03855905 -0.01191801 0.00480188
v -0.03824434 -0.01228852 0.00487704
v -0.0382783 -0.01223513 0.00486621
v -0.03835955 -0.01212406 0.00484368
v -0.03840222 -0.01207332 0.00483338
v -0.03909598 -0.0109599 0.00178917
v -0.03913607 -0.01047191 0.00124697
v -0.03901113 -0.0105033 0.00121422
v -0.03930406 -0.00772268 3.801E-05
v -0.03915262 -0.00772798 2E-07
v -0.03903543 -0.00876977 0.00019833
v -0.03889741 -0.00878932 0.00013975
v -0.03876325 -0.00881344 6.753E-05
v -0.03869724 -0.00979491 0.00046521
v -0.0388209 -0.0097548 0.00053314
v -0.03865078 -0.01064604 0.00106529
v -0.03906241 -0.01140973 0.00256921
v -0.03908528 -0.01109858 0.00198807
v -0.03896479 -0.01113932 0.00196236
v -0.03824991 -0.01230065 0.00323688
v -0.03824663 -0.01235725 0.00363293
v -0.03839986 -0.01215202 0.00376132
v -0.03961341 -0.00670042 7E-08
v -0.03961915 -0.00666593 0
v -0.03939814 -0.00716421 0
v -0.03945363 -0.0077195 6.053E-05
v -0.03946536 -0.0076401 5.117E-05
v -0.0382481 -0.01233223 0.00457742
v -0.03825206 -0.0122637 0.00306664
v -0.03831952 -0.01126058 0.00123081
v -0.03841755 -0.01148037 0.00174709
v -0.03834552 -0.01096822 0.00095522
v -0.03843872 -0.01078 0.00092553
v -0.03837236 -0.01069492 0.0007421
v -0.03830817 -0.01139971 0.00138355
v -0.03827762 -0.01182798 0.00198236
v -0.03840498 -0.0119502 0.00271195
v -0.03827114 -0.01193267 0.00217332
v -0.03826645 -0.01201214 0.00233721
v -0.03857975 -0.0098413 0.00038665
v -0.03848208 -0.00982575 0.0002727
v -0.03842977 -0.0101946 0.00043828
v -0.03854088 -0.01070942 0.00099917
v -0.03914377 -0.00773774 0
v -0.03897272 -0.00812337 0
v -0.03886151 -0.00837412 0
v -0.0386408 -0.00903293 5.463E-05
v -0.03859332 -0.01196052 0.00377226
v -0.03869985 -0.01187902 0.00377692
v -0.03881113 -0.01180773 0.00378099
v -0.03892576 -0.01174691 0.00378446
v -0.039042 -0.01170229 0.00394268
v -0.03861951 -0.01131742 0.00184994
v -0.0386009 -0.01176731 0.00277091
v -0.03873043 -0.01124881 0.00189325
v -0.03870871 -0.0116897 0.00279593
v -0.03884602 -0.01118938 0.00193076
v -0.03882124 -0.011622 0.00281775
v -0.03893708 -0.01156443 0.00283631
v -0.03904219 -0.01169947 0.00384517
v -0.03904998 -0.0115865 0.00308669
v -0.0390524 -0.01155179 0.00296198
v -0.03918308 -0.0076491 0
v -0.03894889 -0.0097212 0.00059009
v -0.03907938 -0.00969414 0.00063598
v -0.03917519 -0.00875474 0.00024334
v -0.03915202 -0.01028991 0.00108902
v -0.03918873 -0.00989456 0.00080325
v -0.03888754 -0.01054276 0.00117304
v -0.03876688 -0.01059038 0.00112336
v -0.0393147 -0.0087441 0.0002752
v -0.03935673 -0.00841444 0.00018495
v -0.03921062 -0.0096735 0.00067103
v -0.03923347 -0.00945318 0.00055555
v -0.03929107 -0.00893972 0.00034002
v -0.03851474 -0.01139482 0.00180109
v -0.03096239 0 0.02
v -0.03496239 0 0.018
v -0.03489425 0.00051764 0.018
v -0.03469444 0.001 0.018
v -0.03437661 0.00141421 0.018
v -0.0339624 0.00173205 0.018
v -0.03348003 0.00193185 0.018
v -0.03296239 0.002 0.018
v -0.03244476 0.00193185 0.018
v -0.03196239 0.00173205 0.018
v -0.03154818 0.00141421 0.018
v -0.03123034 0.001 0.018
v -0.03103054 0.00051764 0.018
v -0.03096239 0 0.018
v -0.03103054 -0.00051764 0.018
v -0.03123034 -0.001 0.018
v -0.03154818 -0.00141421 0.018
v -0.03196239 -0.00173205 0.018
v -0.03244476 -0.00193185 0.018
v -0.03296239 -0.002 0.018
v -0.03348003 -0.00193185 0.018
v -0.0339624 -0.00173205 0.018
v -0.03437661 -0.00141421 0.018
v -0.03469444 -0.001 0.018
v -0.03489425 -0.00051764 0.018
v 0.02196239 -0 0.02
v 0.01396239 -0 0.02
v 0.01396239 -0 0.018
v 0.01409869 0.00103528 0.018
v 0.01449829 0.002 0.018
v 0.01513397 0.00282843 0.018
v 0.01596239 0.0034641 0.018
v 0.01692712 0.0038637 0.018
v 0.01796239 0.004 0.018
v 0.01899767 0.0038637 0.018
v 0.01996239 0.0034641 0.018
v 0.02079082 0.00282843 0.018
v 0.0214265 0.002 0.018
v 0.0218261 0.00103528 0.018
v 0.02196239 -0 0.018
v 0.0218261 -0.00103528 0.018
v 0.0214265 -0.002 0.018
v 0.02079082 -0.00282843 0.018
v 0.01996239 -0.0034641 0.018
v 0.01899767 -0.0038637 0.018
v 0.01796239 -0.004 0.018
v 0.01692712 -0.0038637 0.018
v 0.01596239 -0.0034641 0.018
v 0.01513397 -0.00282843 0.018
v 0.01449829 -0.002 0.018
v 0.01409869 -0.00103528 0.018
v -0.00749829 -0.002 0.02
v -0.00709869 -0.00103528 0.02
v -0.01096239 0 0.02
v -0.00696239 0 0.02
v -0.00709869 0.00103528 0.02
v -0.00992712 -0.0038637 0.02
v -0.00896239 -0.0034641 0.02
v -0.00813397 -0.00282843 0.02
v -0.01296239 -0.0034641 0.02
v -0.01199767 -0.0038637 0.02
v -0.01096239 -0.004 0.02
v -0.0148261 -0.00103528 0.02
v -0.01442649 -0.002 0.02
v -0.01379082 -0.00282843 0.02
v -0.01442649 0.002 0.02
v -0.0148261 0.00103528 0.02
v -0.01496239 0 0.02
v -0.01199767 0.0038637 0.02
v -0.01296239 0.0034641 0.02
v -0.01379082 0.00282843 0.02
v -0.00896239 0.0034641 0.02
v -0.00992712 0.0038637 0.02
v -0.01096239 0.004 0.02
v -0.00749829 0.002 0.02
v -0.00813397 0.00282843 0.02
v -0.01496239 0 0.018
v -0.0148261 0.00103528 0.018
v -0.01442649 0.002 0.018
v -0.01379082 0.00282843 0.018
v -0.01296239 0.0034641 0.018
v -0.01199767 0.0038637 0.018
v -0.01096239 0.004 0.018
v -0.00992712 0.0038637 0.018
v -0.00896239 0.0034641 0.018
v -0.00813397 0.00282843 0.018
v -0.00749829 0.002 0.018
v -0.00709869 0.00103528 0.018
v -0.00696239 0 0.018
v -0.00709869 -0.00103528 0.018
v -0.00749829 -0.002 0.018
v -0.00813397 -0.00282843 0.018
v -0.00896239 -0.0034641 0.018
v -0.00992712 -0.0038637 0.018
v -0.01096239 -0.004 0.018
v -0.01199767 -0.0038637 0.018
v -0.01296239 -0.0034641 0.018
v -0.01379082 -0.00282843 0.018
v -0.01442649 -0.002 0.018
v -0.0148261 -0.00103528 0.018
v 0.03139541 -0.00025 0.018
v 0.03144536 -0.00012941 0.018
v 0.03096239 -0 0.018
v 0.03146239 -0 0.018
v 0.03144536 0.00012941 0.018
v 0.0310918 -0.00048296 0.018
v 0.03121239 -0.00043301 0.018
v 0.03131595 -0.00035355 0.018
v 0.03071239 -0.00043301 0.018
v 0.03083298 -0.00048296 0.018
v 0.03096239 -0.0005 0.018
v 0.03047943 -0.00012941 0.018
v 0.03052938 -0.00025 0.018
v 0.03060884 -0.00035355 0.018
v 0.03052938 0.00025 0.018
v 0.03047943 0.00012941 0.018
v 0.03046239 -0 0.018
v 0.03083298 0.00048296 0.018
v 0.03071239 0.00043301 0.018
v 0.03060884 0.00035355 0.018
v 0.03121239 0.00043301 0.018
v 0.0310918 0.00048296 0.018
v 0.03096239 0.0005 0.018
v 0.03139541 0.00025 0.018
v 0.03131595 0.00035355 0.018
v 0.03046239 -0 0.02
v 0.03047943 0.00012941 0.02
v 0.03052938 0.00025 0.02
v 0.03060884 0.00035355 0.02
v 0.03071239 0.00043301 0.02
v 0.03083298 0.00048296 0.02
v 0.03096239 0.0005 0.02
v 0.0310918 0.00048296 0.02
v 0.03121239 0.00043301 0.02
v 0.03131595 0.00035355 0.02
v 0.03139541 0.00025 0.02
v 0.03144536 0.00012941 0.02
v 0.03146239 -0 0.02
v 0.03144536 -0.00012941 0.02
v 0.03139541 -0.00025 0.02
v 0.03131595 -0.00035355 0.02
v 0.03121239 -0.00043301 0.02
v 0.0310918 -0.00048296 0.02
v 0.03096239 -0.0005 0.02
v 0.03083298 -0.00048296 0.02
v 0.03071239 -0.00043301 0.02
v 0.03060884 -0.00035355 0.02
v 0.03052938 -0.00025 0.02
v 0.03047943 -0.00012941 0.02
v 0.02896239 -0 0.018
v 0.02903054 0.00051764 0.02
v 0.02903054 0.00051764 0.018
v 0.02923034 0.001 0.02
v 0.02923034 0.001 0.018
v 0.02954818 0.00141421 0.02
v 0.02954818 0.00141421 0.018
v 0.02996239 0.00173205 0.02
v 0.02996239 0.00173205 0.018
v 0.03044476 0.00193185 0.02
v 0.03044476 0.00193185 0.018
v 0.03096239 0.002 0.02
v 0.03096239 0.002 0.018
v 0.03148003 0.00193185 0.02
v 0.03148003 0.00193185 0.018
v 0.03196239 0.00173205 0.02
v 0.03196239 0.00173205 0.018
v 0.03237661 0.00141421 0.02
v 0.03237661 0.00141421 0.018
v 0.03269444 0.001 0.02
v 0.03269444 0.001 0.018
v 0.03289425 0.00051764 0.02
v 0.03289425 0.00051764 0.018
v 0.03296239 -0 0.02
v 0.03296239 -0 0.018
v 0.03289425 -0.00051764 0.02
v 0.03289425 -0.00051764 0.018
v 0.03269444 -0.001 0.02
v 0.03269444 -0.001 0.018
v 0.03237661 -0.00141421 0.02
v 0.03237661 -0.00141421 0.018
v 0.03196239 -0.00173205 0.02
v 0.03196239 -0.00173205 0.018
v 0.03148003 -0.00193185 0.02
v 0.03148003 -0.00193185 0.018
v 0.03096239 -0.002 0.02
v 0.03096239 -0.002 0.018
v 0.03044476 -0.00193185 0.02
v 0.03044476 -0.00193185 0.018
v 0.02996239 -0.00173205 0.02
v 0.02996239 -0.00173205 0.018
v 0.02954818 -0.00141421 0.02
v 0.02954818 -0.00141421 0.018
v 0.02923034 -0.001 0.02
v 0.02923034 -0.001 0.018
v 0.02903054 -0.00051764 0.02
v 0.02903054 -0.00051764 0.018
v 0.02896239 -0 0.02
v 0.04096239 -0 0.018
v -0.04096239 -0 0.018
v 0.04085363 0.0011735 0.024
v 0.04022226 0.00315415 0.024
v 0.03911702 0.00492709 0.024
v 0.03763546 0.00634398 0.024
v 0.03583978 0.00736059 0.024
v 0.03383165 0.00790936 0.024
v 0.03260352 0.00799878 0.024
v -0.03260352 0.00799878 0.024
v -0.03469205 0.00773893 0.024
v -0.03665845 0.00696965 0.024
v -0.03832549 0.00577054 0.024
v -0.03965163 0.00419258 0.024
v -0.04055047 0.00233044 0.024
v -0.04085363 0.0011735 0.024
v -0.04096239 -0 0.024
v -0.04085363 -0.0011735 0.024
v -0.04022226 -0.00315415 0.024
v -0.03911702 -0.00492709 0.024
v -0.03763546 -0.00634398 0.024
v -0.03583978 -0.00736059 0.024
v -0.03383165 -0.00790936 0.024
v -0.03260352 -0.00799878 0.024
v 0.03260352 -0.00799878 0.024
v 0.03469205 -0.00773893 0.024
v 0.03665845 -0.00696965 0.024
v 0.03832549 -0.00577054 0.024
v 0.03965163 -0.00419258 0.024
v 0.04055047 -0.00233044 0.024
v 0.04085363 -0.0011735 0.024
v 0.04096239 -0 0.024
v -0.001 -0.00987412 0.01340585
v -0.001 -0.00987412 0.01462743
v -0.001 -0.01037412 0.01340585
v -0.001 -0.01037412 0.01462743
v 0.001 -0.01037412 0.01340585
v 0.001 -0.01037412 0.01462743
v 0.001 -0.00987412 0.01340585
v 0.001 -0.00987412 0.01462743
v 0.00077646 -0.00987412 0.0134752
v -0.00077646 -0.00987412 0.0134752
v -0.00096763 -0.00987412 0.0148733
v 0 -0.00987412 0.01357742
v -0.00087272 -0.00987412 0.01510242
v 0.00087272 -0.00987412 0.01510242
v 0.00072175 -0.00987412 0.01529918
v 5E-05 -0.00987412 0.01557743
v -5E-05 -0.00987412 0.01557743
v -0.00029588 -0.00987412 0.01554505
v -0.000525 -0.00987412 0.01545015
v -0.00072175 -0.00987412 0.01529918
v 0.000525 -0.00987412 0.01545015
v 0.00029588 -0.00987412 0.01554505
v 0.00096763 -0.00987412 0.0148733
v -0.00077646 -0.01037412 0.0134752
v 0 -0.01037412 0.01357742
v -5E-05 -0.01037412 0.01557743
v 5E-05 -0.01037412 0.01557743
v -0.00087272 -0.01037412 0.01510242
v -0.00072175 -0.01037412 0.01529918
v -0.00096763 -0.01037412 0.0148733
v 0.00029588 -0.01037412 0.01554505
v 0.000525 -0.01037412 0.01545015
v 0.00072175 -0.01037412 0.01529918
v -0.000525 -0.01037412 0.01545015
v -0.00029588 -0.01037412 0.01554505
v 0.00087272 -0.01037412 0.01510242
v 0.00096763 -0.01037412 0.0148733
v 0.00077646 -0.01037412 0.0134752
v 0.0015 -0.00627412 0.0131755
v 0.00212132 -0.00627412 0.01269875
v 0.00212132 -0.01227412 0.01269875
v 0.0025 -0.01037412 0.00891911
v 0.0025 -0.00627412 0.00891911
v 0.00212132 -0.00627412 0.0084561
v -0.001 -0.01037412 0.007749
v -0.001 -0.00627412 0.007749
v -0.0015 -0.00627412 0.00797935
v -0.0028871 -0.00987412 0.0113927
v -0.0028871 -0.00627412 0.0113927
v -0.00259808 -0.00987412 0.01207742
v -0.00259808 -0.00627412 0.01207742
v -0.0025 -0.00987412 0.01223574
v -0.00212132 -0.00627412 0.01269875
v -0.0025 -0.01037412 0.01223574
v -0.00212132 -0.01227412 0.01269875
v -0.00259808 -0.01037412 0.01207742
v -0.00259808 -0.01227412 0.01207742
v -0.00289778 -0.01037412 0.01135388
v -0.00289778 -0.01227412 0.01135388
v -0.003 -0.01037412 0.01057742
v -0.003 -0.01227412 0.01057742
v -0.00289778 -0.01037412 0.00980097
v -0.00289778 -0.01227412 0.00980097
v -0.00259808 -0.01037412 0.00907743
v -0.00259808 -0.01227412 0.00907743
v -0.0025 -0.01037412 0.00891911
v -0.00212132 -0.01227412 0.0084561
v 0.0015 -0.01227412 0.00797935
v 0.001 -0.01037412 0.007749
v 0.00077646 -0.01227412 0.00767965
v 0.00077646 -0.01037412 0.00767965
v -0 -0.01227412 0.00757742
v -0 -0.01037412 0.00757742
v -0.00077646 -0.01227412 0.00767965
v -0.00077646 -0.01037412 0.00767965
v -0.0015 -0.01227412 0.00797935
v 0.0028871 -0.00627412 0.0113927
v 0.0028871 -0.00987412 0.0113927
v 0.00259808 -0.00627412 0.01207742
v 0.00259808 -0.00987412 0.01207742
v 0.0025 -0.00987412 0.01223574
v 0.0025 -0.01037412 0.01223574
v 0.00259808 -0.01227412 0.01207742
v 0.00259808 -0.01037412 0.01207742
v 0.00289778 -0.01227412 0.01135388
v 0.00289778 -0.01037412 0.01135388
v 0.003 -0.01227412 0.01057742
v 0.003 -0.01037412 0.01057742
v 0.00289778 -0.01227412 0.00980097
v 0.00289778 -0.01037412 0.00980097
v 0.00259808 -0.01227412 0.00907743
v 0.00259808 -0.01037412 0.00907743
v 0.00212132 -0.01227412 0.0084561
v 0.0015 -0.01227412 0.0131755
v 0.00077646 -0.01227412 0.0134752
v 0 -0.01227412 0.01357742
v -0.00077646 -0.01227412 0.0134752
v -0.0015 -0.01227412 0.0131755
v 0.001 -0.00627412 0.007749
v 0.0015 -0.00627412 0.00797935
v 0.00077646 -0.00627412 0.0134752
v 0 -0.00627412 0.01357742
v -0.00077646 -0.00627412 0.0134752
v -0.0015 -0.00627412 0.0131755
v -0.0025 -0.00627412 0.00891911
v -0.00212132 -0.00627412 0.0084561
v -0.001 -0.00627412 0.01062742
v -0.00096763 -0.00627412 0.0108733
v -0.00277825 -0.00627412 0.01129918
v -0.00262728 -0.00627412 0.01110242
v -0.00253237 -0.00627412 0.0108733
v -0.0025 -0.00627412 0.01062742
v 0.0025 -0.00627412 0.01062742
v 0.001 -0.00627412 0.01062742
v -0.00087272 -0.00627412 0.01110242
v -0.00072175 -0.00627412 0.01129918
v -0.000525 -0.00627412 0.01145015
v -0.00029588 -0.00627412 0.01154505
v 0.00262728 -0.00627412 0.01110242
v 0.00277825 -0.00627412 0.01129918
v 0.00096763 -0.00627412 0.0108733
v 0.00087272 -0.00627412 0.01110242
v 0.00072175 -0.00627412 0.01129918
v 0.000525 -0.00627412 0.01145015
v 0.00029588 -0.00627412 0.01154505
v 5E-05 -0.00627412 0.01157742
v -5E-05 -0.00627412 0.01157742
v 0.00253237 -0.00627412 0.0108733
v 0.03822448 -0.01191227 0.00471214
v 0.03629704 -0.01227412 0.00471214
v -0.03801915 -0.01227412 0.01169598
v 0.03818794 -0.01227412 0.01169598
v -0.03712067 -0.01227412 0.00497571
v 0.022 -0.01227412 0.01462743
v 0.022 -0.01227412 0.01457743
v 0.02275 -0.01227412 0.01457743
v 0.0235 -0.01227412 0.00752742
v 0.0235 -0.01227412 0.01457743
v 0.029 -0.01227412 0.01462743
v 0.029 -0.01227412 0.01457743
v 0.02975 -0.01227412 0.01457743
v 0.0305 -0.01227412 0.00752742
v 0.0305 -0.01227412 0.01457743
v -0.034 -0.01227412 0.01462743
v -0.034 -0.01227412 0.01457743
v -0.03325 -0.01227412 0.01457743
v -0.0325 -0.01227412 0.00752742
v -0.0325 -0.01227412 0.01457743
v -0.0305 -0.01227412 0.01462743
v -0.0305 -0.01227412 0.01457743
v -0.02975 -0.01227412 0.01457743
v -0.029 -0.01227412 0.00752742
v -0.029 -0.01227412 0.01457743
v -0.02 -0.01227412 0.01462743
v -0.02 -0.01227412 0.01457743
v -0.01925 -0.01227412 0.01457743
v -0.0185 -0.01227412 0.00752742
v -0.0185 -0.01227412 0.01457743
v -0.011025 -0.01227412 0.0067047
v -0.01122175 -0.01227412 0.00685567
v -0.01575 -0.01227412 0.00497571
v -0.00953237 -0.01227412 0.00728155
v -0.00962728 -0.01227412 0.00705242
v -0.00625 -0.01227412 0.00497571
v -0.015 -0.01227412 0.01457743
v -0.01575 -0.01227412 0.01457743
v -0.015 -0.01227412 0.00752742
v -0.00977825 -0.01227412 0.00685567
v -0.009975 -0.01227412 0.0067047
v -0.01020412 -0.01227412 0.0066098
v -0.01472175 -0.01227412 0.00685567
v -0.01487272 -0.01227412 0.00705242
v -0.01496763 -0.01227412 0.00728155
v -0.01045 -0.01227412 0.00657742
v -0.01055 -0.01227412 0.00657742
v -0.01079588 -0.01227412 0.0066098
v -0.01405 -0.01227412 0.00657742
v -0.01429588 -0.01227412 0.0066098
v -0.014525 -0.01227412 0.0067047
v -0.01327825 -0.01227412 0.00685567
v -0.01312728 -0.01227412 0.00705242
v -0.01137272 -0.01227412 0.00705242
v -0.01303237 -0.01227412 0.00728155
v -0.013 -0.01227412 0.00752742
v -0.013475 -0.01227412 0.0067047
v -0.01370412 -0.01227412 0.0066098
v -0.01395 -0.01227412 0.00657742
v -0.01327825 -0.01227412 0.01529918
v -0.01312728 -0.01227412 0.01510242
v -0.00625 -0.01227412 0.01669598
v -0.00977825 -0.01227412 0.01529918
v -0.00962728 -0.01227412 0.01510242
v -0.015 -0.01227412 0.01462743
v -0.01496763 -0.01227412 0.0148733
v -0.01575 -0.01227412 0.01669598
v -0.01487272 -0.01227412 0.01510242
v -0.01472175 -0.01227412 0.01529918
v -0.01045 -0.01227412 0.01557743
v -0.01020412 -0.01227412 0.01554505
v -0.009975 -0.01227412 0.01545015
v -0.00953237 -0.01227412 0.0148733
v -0.0095 -0.01227412 0.01462743
v -0.00625 -0.01227412 0.01457743
v -0.0095 -0.01227412 0.01457743
v -0.0095 -0.01227412 0.00752742
v -0.01146763 -0.01227412 0.00728155
v -0.0115 -0.01227412 0.00752742
v -0.013 -0.01227412 0.01457743
v -0.0115 -0.01227412 0.01457743
v -0.013 -0.01227412 0.01462743
v -0.0115 -0.01227412 0.01462743
v -0.01303237 -0.01227412 0.0148733
v -0.01146763 -0.01227412 0.0148733
v -0.01137272 -0.01227412 0.01510242
v -0.01122175 -0.01227412 0.01529918
v -0.014525 -0.01227412 0.01545015
v -0.01429588 -0.01227412 0.01554505
v -0.01405 -0.01227412 0.01557743
v -0.01395 -0.01227412 0.01557743
v -0.01370412 -0.01227412 0.01554505
v -0.013475 -0.01227412 0.01545015
v -0.011025 -0.01227412 0.01545015
v -0.01079588 -0.01227412 0.01554505
v -0.01055 -0.01227412 0.01557743
v -0.01720412 -0.01227412 0.01554505
v -0.016975 -0.01227412 0.01545015
v -0.01822175 -0.01227412 0.01529918
v -0.018025 -0.01227412 0.01545015
v -0.01925 -0.01227412 0.01669598
v -0.0185 -0.01227412 0.01462743
v -0.01846763 -0.01227412 0.0148733
v -0.01837272 -0.01227412 0.01510242
v -0.01677825 -0.01227412 0.01529918
v -0.01662728 -0.01227412 0.01510242
v -0.01653237 -0.01227412 0.0148733
v -0.0165 -0.01227412 0.01462743
v -0.01779588 -0.01227412 0.01554505
v -0.01755 -0.01227412 0.01557743
v -0.01745 -0.01227412 0.01557743
v -0.01779588 -0.01227412 0.0066098
v -0.018025 -0.01227412 0.0067047
v -0.01925 -0.01227412 0.00497571
v -0.01677825 -0.01227412 0.00685567
v -0.016975 -0.01227412 0.0067047
v -0.01662728 -0.01227412 0.00705242
v -0.0165 -0.01227412 0.01457743
v -0.0165 -0.01227412 0.00752742
v -0.01653237 -0.01227412 0.00728155
v -0.01822175 -0.01227412 0.00685567
v -0.01837272 -0.01227412 0.00705242
v -0.01846763 -0.01227412 0.00728155
v -0.01720412 -0.01227412 0.0066098
v -0.01745 -0.01227412 0.00657742
v -0.01755 -0.01227412 0.00657742
v -0.0255 -0.01227412 0.01457743
v -0.02625 -0.01227412 0.01457743
v -0.0255 -0.01227412 0.00752742
v -0.02625 -0.01227412 0.00497571
v -0.02546763 -0.01227412 0.00728155
v -0.0235 -0.01227412 0.00752742
v -0.02353237 -0.01227412 0.00728155
v -0.02275 -0.01227412 0.00497571
v -0.02362728 -0.01227412 0.00705242
v -0.02377825 -0.01227412 0.00685567
v -0.023975 -0.01227412 0.0067047
v -0.02479588 -0.01227412 0.0066098
v -0.025025 -0.01227412 0.0067047
v -0.0235 -0.01227412 0.01462743
v -0.0235 -0.01227412 0.01457743
v -0.02275 -0.01227412 0.01457743
v -0.02522175 -0.01227412 0.00685567
v -0.02537272 -0.01227412 0.00705242
v -0.02420412 -0.01227412 0.0066098
v -0.02445 -0.01227412 0.00657742
v -0.02455 -0.01227412 0.00657742
v -0.0255 -0.01227412 0.01462743
v -0.02546763 -0.01227412 0.0148733
v -0.02625 -0.01227412 0.01669598
v -0.02275 -0.01227412 0.01669598
v -0.02362728 -0.01227412 0.01510242
v -0.02353237 -0.01227412 0.0148733
v -0.02537272 -0.01227412 0.01510242
v -0.02522175 -0.01227412 0.01529918
v -0.025025 -0.01227412 0.01545015
v -0.02420412 -0.01227412 0.01554505
v -0.023975 -0.01227412 0.01545015
v -0.02377825 -0.01227412 0.01529918
v -0.02479588 -0.01227412 0.01554505
v -0.02455 -0.01227412 0.01557743
v -0.02445 -0.01227412 0.01557743
v -0.02 -0.01227412 0.00752742
v -0.02003237 -0.01227412 0.00728155
v -0.02196763 -0.01227412 0.00728155
v -0.022 -0.01227412 0.00752742
v -0.022 -0.01227412 0.01457743
v -0.02012728 -0.01227412 0.00705242
v -0.02027825 -0.01227412 0.00685567
v -0.020475 -0.01227412 0.0067047
v -0.02129588 -0.01227412 0.0066098
v -0.021525 -0.01227412 0.0067047
v -0.02070412 -0.01227412 0.0066098
v -0.02095 -0.01227412 0.00657742
v -0.02105 -0.01227412 0.00657742
v -0.02172175 -0.01227412 0.00685567
v -0.02187272 -0.01227412 0.00705242
v -0.02070412 -0.01227412 0.01554505
v -0.020475 -0.01227412 0.01545015
v -0.02172175 -0.01227412 0.01529918
v -0.021525 -0.01227412 0.01545015
v -0.02027825 -0.01227412 0.01529918
v -0.02012728 -0.01227412 0.01510242
v -0.02003237 -0.01227412 0.0148733
v -0.022 -0.01227412 0.01462743
v -0.02196763 -0.01227412 0.0148733
v -0.02187272 -0.01227412 0.01510242
v -0.02129588 -0.01227412 0.01554505
v -0.02105 -0.01227412 0.01557743
v -0.02095 -0.01227412 0.01557743
v -0.027475 -0.01227412 0.0067047
v -0.02727825 -0.01227412 0.00685567
v -0.02712728 -0.01227412 0.00705242
v -0.02829588 -0.01227412 0.0066098
v -0.028525 -0.01227412 0.0067047
v -0.02975 -0.01227412 0.00497571
v -0.02872175 -0.01227412 0.00685567
v -0.02887272 -0.01227412 0.00705242
v -0.02896763 -0.01227412 0.00728155
v -0.027 -0.01227412 0.01462743
v -0.027 -0.01227412 0.01457743
v -0.027 -0.01227412 0.00752742
v -0.02703237 -0.01227412 0.00728155
v -0.02770412 -0.01227412 0.0066098
v -0.02795 -0.01227412 0.00657742
v -0.02805 -0.01227412 0.00657742
v -0.02975 -0.01227412 0.01669598
v -0.02872175 -0.01227412 0.01529918
v -0.028525 -0.01227412 0.01545015
v -0.02770412 -0.01227412 0.01554505
v -0.027475 -0.01227412 0.01545015
v -0.02727825 -0.01227412 0.01529918
v -0.02712728 -0.01227412 0.01510242
v -0.02703237 -0.01227412 0.0148733
v -0.029 -0.01227412 0.01462743
v -0.02896763 -0.01227412 0.0148733
v -0.02887272 -0.01227412 0.01510242
v -0.02829588 -0.01227412 0.01554505
v -0.02805 -0.01227412 0.01557743
v -0.02795 -0.01227412 0.01557743
v -0.0325 -0.01227412 0.01462743
v -0.03246763 -0.01227412 0.0148733
v -0.03301915 -0.01227412 0.01669598
v -0.03237272 -0.01227412 0.01510242
v -0.03222175 -0.01227412 0.01529918
v -0.032025 -0.01227412 0.01545015
v -0.03120412 -0.01227412 0.01554505
v -0.030975 -0.01227412 0.01545015
v -0.03179588 -0.01227412 0.01554505
v -0.03155 -0.01227412 0.01557743
v -0.03145 -0.01227412 0.01557743
v -0.03077825 -0.01227412 0.01529918
v -0.03062728 -0.01227412 0.01510242
v -0.03053237 -0.01227412 0.0148733
v -0.0305 -0.01227412 0.00752742
v -0.03053237 -0.01227412 0.00728155
v -0.03062728 -0.01227412 0.00705242
v -0.03077825 -0.01227412 0.00685567
v -0.030975 -0.01227412 0.0067047
v -0.03325 -0.01227412 0.00497571
v -0.03179588 -0.01227412 0.0066098
v -0.032025 -0.01227412 0.0067047
v -0.03222175 -0.01227412 0.00685567
v -0.03237272 -0.01227412 0.00705242
v -0.03246763 -0.01227412 0.00728155
v -0.03120412 -0.01227412 0.0066098
v -0.03145 -0.01227412 0.00657742
v -0.03155 -0.01227412 0.00657742
v -0.03385668 -0.01227412 0.01662533
v -0.034475 -0.01227412 0.01545015
v -0.03427825 -0.01227412 0.01529918
v -0.03412728 -0.01227412 0.01510242
v -0.03403237 -0.01227412 0.0148733
v -0.03587272 -0.01227412 0.01510242
v -0.03609254 -0.01227412 0.01563987
v -0.03596763 -0.01227412 0.0148733
v -0.03696304 -0.01227412 0.01476937
v -0.036 -0.01227412 0.01462743
v -0.03529588 -0.01227412 0.01554505
v -0.03503573 -0.01227412 0.01627128
v -0.035525 -0.01227412 0.01545015
v -0.03572175 -0.01227412 0.01529918
v -0.03505 -0.01227412 0.01557743
v -0.03495 -0.01227412 0.01557743
v -0.03470412 -0.01227412 0.01554505
v -0.034 -0.01227412 0.00752742
v -0.03403237 -0.01227412 0.00728155
v -0.03596763 -0.01227412 0.00728155
v -0.036 -0.01227412 0.00752742
v -0.03412728 -0.01227412 0.00705242
v -0.03427825 -0.01227412 0.00685567
v -0.034475 -0.01227412 0.0067047
v -0.03529588 -0.01227412 0.0066098
v -0.035525 -0.01227412 0.0067047
v -0.03572175 -0.01227412 0.00685567
v -0.03587272 -0.01227412 0.00705242
v -0.03470412 -0.01227412 0.0066098
v -0.03495 -0.01227412 0.00657742
v -0.03505 -0.01227412 0.00657742
v 0.03179588 -0.01227412 0.01554505
v 0.032025 -0.01227412 0.01545015
v 0.03318794 -0.01227412 0.01669598
v 0.0305 -0.01227412 0.01462743
v 0.03053237 -0.01227412 0.0148733
v 0.02975 -0.01227412 0.01669598
v 0.03402547 -0.01227412 0.01662533
v 0.03062728 -0.01227412 0.01510242
v 0.03077825 -0.01227412 0.01529918
v 0.030975 -0.01227412 0.01545015
v 0.03626133 -0.01227412 0.01563987
v 0.03572175 -0.01227412 0.01529918
v 0.03587272 -0.01227412 0.01510242
v 0.03713182 -0.01227412 0.01476937
v 0.03222175 -0.01227412 0.01529918
v 0.03237272 -0.01227412 0.01510242
v 0.03427825 -0.01227412 0.01529918
v 0.03246763 -0.01227412 0.0148733
v 0.03412728 -0.01227412 0.01510242
v 0.034475 -0.01227412 0.01545015
v 0.03470412 -0.01227412 0.01554505
v 0.03520452 -0.01227412 0.01627128
v 0.03495 -0.01227412 0.01557743
v 0.03505 -0.01227412 0.01557743
v 0.03529588 -0.01227412 0.01554505
v 0.035525 -0.01227412 0.01545015
v 0.03120412 -0.01227412 0.01554505
v 0.03145 -0.01227412 0.01557743
v 0.03155 -0.01227412 0.01557743
v 0.03427825 -0.01227412 0.00685567
v 0.03412728 -0.01227412 0.00705242
v 0.02975 -0.01227412 0.00497571
v 0.03246763 -0.01227412 0.00728155
v 0.03237272 -0.01227412 0.00705242
v 0.03403237 -0.01227412 0.00728155
v 0.03572175 -0.01227412 0.00685567
v 0.03587272 -0.01227412 0.00705242
v 0.03596763 -0.01227412 0.00728155
v 0.036 -0.01227412 0.00752742
v 0.03529588 -0.01227412 0.0066098
v 0.03582897 -0.01227412 0.00490978
v 0.035525 -0.01227412 0.0067047
v 0.0325 -0.01227412 0.00752742
v 0.034 -0.01227412 0.00752742
v 0.0325 -0.01227412 0.01457743
v 0.034 -0.01227412 0.01457743
v 0.0325 -0.01227412 0.01462743
v 0.034 -0.01227412 0.01462743
v 0.03403237 -0.01227412 0.0148733
v 0.036 -0.01227412 0.01457743
v 0.03596763 -0.01227412 0.0148733
v 0.036 -0.01227412 0.01462743
v 0.03776324 -0.01227412 0.01371256
v 0.03811729 -0.01227412 0.01253351
v 0.03222175 -0.01227412 0.00685567
v 0.032025 -0.01227412 0.0067047
v 0.03179588 -0.01227412 0.0066098
v 0.03155 -0.01227412 0.00657742
v 0.030975 -0.01227412 0.0067047
v 0.03077825 -0.01227412 0.00685567
v 0.03062728 -0.01227412 0.00705242
v 0.03053237 -0.01227412 0.00728155
v 0.03145 -0.01227412 0.00657742
v 0.03120412 -0.01227412 0.0066098
v 0.03505 -0.01227412 0.00657742
v 0.03537887 -0.01227412 0.00497571
v 0.03560161 -0.01227412 0.00495922
v 0.03495 -0.01227412 0.00657742
v 0.03470412 -0.01227412 0.0066098
v 0.034475 -0.01227412 0.0067047
v 0.029 -0.01227412 0.00752742
v 0.02896763 -0.01227412 0.00728155
v 0.02887272 -0.01227412 0.00705242
v 0.02872175 -0.01227412 0.00685567
v 0.028525 -0.01227412 0.0067047
v 0.02770412 -0.01227412 0.0066098
v 0.027475 -0.01227412 0.0067047
v 0.02625 -0.01227412 0.00497571
v 0.02727825 -0.01227412 0.00685567
v 0.02712728 -0.01227412 0.00705242
v 0.027 -0.01227412 0.01457743
v 0.02625 -0.01227412 0.01457743
v 0.027 -0.01227412 0.00752742
v 0.02703237 -0.01227412 0.00728155
v 0.02829588 -0.01227412 0.0066098
v 0.02805 -0.01227412 0.00657742
v 0.02795 -0.01227412 0.00657742
v 0.027 -0.01227412 0.01462743
v 0.02703237 -0.01227412 0.0148733
v 0.02625 -0.01227412 0.01669598
v 0.02829588 -0.01227412 0.01554505
v 0.028525 -0.01227412 0.01545015
v 0.02712728 -0.01227412 0.01510242
v 0.02727825 -0.01227412 0.01529918
v 0.027475 -0.01227412 0.01545015
v 0.02872175 -0.01227412 0.01529918
v 0.02887272 -0.01227412 0.01510242
v 0.02896763 -0.01227412 0.0148733
v 0.02770412 -0.01227412 0.01554505
v 0.02795 -0.01227412 0.01557743
v 0.02805 -0.01227412 0.01557743
v 0.02420412 -0.01227412 0.0066098
v 0.023975 -0.01227412 0.0067047
v 0.02275 -0.01227412 0.00497571
v 0.02537272 -0.01227412 0.00705242
v 0.02522175 -0.01227412 0.00685567
v 0.025025 -0.01227412 0.0067047
v 0.0255 -0.01227412 0.01462743
v 0.0255 -0.01227412 0.01457743
v 0.0255 -0.01227412 0.00752742
v 0.02546763 -0.01227412 0.00728155
v 0.02377825 -0.01227412 0.00685567
v 0.02362728 -0.01227412 0.00705242
v 0.02353237 -0.01227412 0.00728155
v 0.02479588 -0.01227412 0.0066098
v 0.02455 -0.01227412 0.00657742
v 0.02445 -0.01227412 0.00657742
v 0.0235 -0.01227412 0.01462743
v 0.02353237 -0.01227412 0.0148733
v 0.02275 -0.01227412 0.01669598
v 0.02479588 -0.01227412 0.01554505
v 0.025025 -0.01227412 0.01545015
v 0.02362728 -0.01227412 0.01510242
v 0.02377825 -0.01227412 0.01529918
v 0.023975 -0.01227412 0.01545015
v 0.02522175 -0.01227412 0.01529918
v 0.02537272 -0.01227412 0.01510242
v 0.02546763 -0.01227412 0.0148733
v 0.02420412 -0.01227412 0.01554505
v 0.02445 -0.01227412 0.01557743
v 0.02455 -0.01227412 0.01557743
v 0.0165 -0.01227412 0.00752742
v 0.0165 -0.01227412 0.01457743
v 0.01575 -0.01227412 0.01457743
v 0.0165 -0.01227412 0.01462743
v 0.01653237 -0.01227412 0.0148733
v 0.01837272 -0.01227412 0.01510242
v 0.01846763 -0.01227412 0.0148733
v 0.01925 -0.01227412 0.01457743
v 0.0185 -0.01227412 0.01462743
v 0.01662728 -0.01227412 0.01510242
v 0.01575 -0.01227412 0.01669598
v 0.01677825 -0.01227412 0.01529918
v 0.016975 -0.01227412 0.01545015
v 0.01779588 -0.01227412 0.01554505
v 0.018025 -0.01227412 0.01545015
v 0.01925 -0.01227412 0.01669598
v 0.01822175 -0.01227412 0.01529918
v 0.01720412 -0.01227412 0.01554505
v 0.01745 -0.01227412 0.01557743
v 0.01755 -0.01227412 0.01557743
v 0.01720412 -0.01227412 0.0066098
v 0.016975 -0.01227412 0.0067047
v 0.01575 -0.01227412 0.00497571
v 0.01837272 -0.01227412 0.00705242
v 0.01822175 -0.01227412 0.00685567
v 0.01925 -0.01227412 0.00497571
v 0.018025 -0.01227412 0.0067047
v 0.0185 -0.01227412 0.01457743
v 0.0185 -0.01227412 0.00752742
v 0.01846763 -0.01227412 0.00728155
v 0.01653237 -0.01227412 0.00728155
v 0.01677825 -0.01227412 0.00685567
v 0.01662728 -0.01227412 0.00705242
v 0.01779588 -0.01227412 0.0066098
v 0.01755 -0.01227412 0.00657742
v 0.01745 -0.01227412 0.00657742
v 0.015 -0.01227412 0.00752742
v 0.01496763 -0.01227412 0.00728155
v 0.01487272 -0.01227412 0.00705242
v 0.01472175 -0.01227412 0.00685567
v 0.014525 -0.01227412 0.0067047
v 0.01370412 -0.01227412 0.0066098
v 0.013475 -0.01227412 0.0067047
v 0.01225 -0.01227412 0.00497571
v 0.01327825 -0.01227412 0.00685567
v 0.01312728 -0.01227412 0.00705242
v 0.013 -0.01227412 0.01457743
v 0.01225 -0.01227412 0.01457743
v 0.013 -0.01227412 0.00752742
v 0.01303237 -0.01227412 0.00728155
v 0.01429588 -0.01227412 0.0066098
v 0.01405 -0.01227412 0.00657742
v 0.01395 -0.01227412 0.00657742
v 0.01496763 -0.01227412 0.0148733
v 0.015 -0.01227412 0.01462743
v 0.015 -0.01227412 0.01457743
v 0.01327825 -0.01227412 0.01529918
v 0.013475 -0.01227412 0.01545015
v 0.01225 -0.01227412 0.01669598
v 0.013 -0.01227412 0.01462743
v 0.01303237 -0.01227412 0.0148733
v 0.01312728 -0.01227412 0.01510242
v 0.01487272 -0.01227412 0.01510242
v 0.01429588 -0.01227412 0.01554505
v 0.014525 -0.01227412 0.01545015
v 0.01472175 -0.01227412 0.01529918
v 0.01370412 -0.01227412 0.01554505
v 0.01395 -0.01227412 0.01557743
v 0.01405 -0.01227412 0.01557743
v 0.02 -0.01227412 0.01462743
v 0.02003237 -0.01227412 0.0148733
v 0.02129588 -0.01227412 0.01554505
v 0.021525 -0.01227412 0.01545015
v 0.02172175 -0.01227412 0.01529918
v 0.02187272 -0.01227412 0.01510242
v 0.02196763 -0.01227412 0.0148733
v 0.02012728 -0.01227412 0.01510242
v 0.02027825 -0.01227412 0.01529918
v 0.020475 -0.01227412 0.01545015
v 0.02070412 -0.01227412 0.01554505
v 0.02095 -0.01227412 0.01557743
v 0.02105 -0.01227412 0.01557743
v 0.022 -0.01227412 0.00752742
v 0.02196763 -0.01227412 0.00728155
v 0.02187272 -0.01227412 0.00705242
v 0.02172175 -0.01227412 0.00685567
v 0.021525 -0.01227412 0.0067047
v 0.02070412 -0.01227412 0.0066098
v 0.020475 -0.01227412 0.0067047
v 0.02027825 -0.01227412 0.00685567
v 0.02012728 -0.01227412 0.00705242
v 0.02003237 -0.01227412 0.00728155
v 0.02 -0.01227412 0.00752742
v 0.02 -0.01227412 0.01457743
v 0.02129588 -0.01227412 0.0066098
v 0.02105 -0.01227412 0.00657742
v 0.02095 -0.01227412 0.00657742
v 0.00977825 -0.01227412 0.00685567
v 0.00962728 -0.01227412 0.00705242
v 0.00625 -0.01227412 0.00497571
v 0.0115 -0.01227412 0.01462743
v 0.0115 -0.01227412 0.01457743
v 0.0115 -0.01227412 0.00752742
v 0.01146763 -0.01227412 0.00728155
v 0.01137272 -0.01227412 0.00705242
v 0.01122175 -0.01227412 0.00685567
v 0.011025 -0.01227412 0.0067047
v 0.01079588 -0.01227412 0.0066098
v 0.009975 -0.01227412 0.0067047
v 0.0095 -0.01227412 0.01457743
v 0.00625 -0.01227412 0.01457743
v 0.0095 -0.01227412 0.00752742
v 0.00953237 -0.01227412 0.00728155
v 0.01055 -0.01227412 0.00657742
v 0.01045 -0.01227412 0.00657742
v 0.01020412 -0.01227412 0.0066098
v 0.01079588 -0.01227412 0.01554505
v 0.011025 -0.01227412 0.01545015
v 0.0095 -0.01227412 0.01462743
v 0.00953237 -0.01227412 0.0148733
v 0.00625 -0.01227412 0.01669598
v 0.00962728 -0.01227412 0.01510242
v 0.00977825 -0.01227412 0.01529918
v 0.01055 -0.01227412 0.01557743
v 0.01122175 -0.01227412 0.01529918
v 0.01137272 -0.01227412 0.01510242
v 0.01146763 -0.01227412 0.0148733
v 0.009975 -0.01227412 0.01545015
v 0.01020412 -0.01227412 0.01554505
v 0.01045 -0.01227412 0.01557743
v -0.036 -0.01227412 0.01457743
v -0.03709716 -0.01227412 0.01458904
v -0.03759445 -0.01227412 0.01371256
v -0.0379485 -0.01227412 0.01253351
v -0.001 -0.01037412 0.00752742
v -0.00096763 -0.01037412 0.00728155
v -5E-05 -0.01037412 0.00657742
v -0.00029588 -0.01037412 0.0066098
v 0.001 -0.01037412 0.00752742
v 0.000525 -0.01037412 0.0067047
v 0.00029588 -0.01037412 0.0066098
v 5E-05 -0.01037412 0.00657742
v -0.000525 -0.01037412 0.0067047
v -0.00072175 -0.01037412 0.00685567
v -0.00087272 -0.01037412 0.00705242
v 0.00096763 -0.01037412 0.00728155
v 0.00087272 -0.01037412 0.00705242
v 0.00072175 -0.01037412 0.00685567
v -0.00446763 -0.01037412 0.00728155
v -0.0045 -0.01037412 0.00752742
v -0.00446763 -0.01037412 0.0148733
v -0.0045 -0.01037412 0.01462743
v -0.00437272 -0.01037412 0.01510242
v -0.00422175 -0.01037412 0.01529918
v -0.004025 -0.01037412 0.01545015
v -0.0025 -0.01037412 0.01462743
v -0.00345 -0.01037412 0.01557743
v -0.004025 -0.01037412 0.0067047
v -0.00379588 -0.01037412 0.0066098
v -0.00355 -0.01037412 0.00657742
v -0.00379588 -0.01037412 0.01554505
v -0.00355 -0.01037412 0.01557743
v -0.00345 -0.01037412 0.00657742
v -0.0025 -0.01037412 0.00752742
v -0.002975 -0.01037412 0.01545015
v -0.00277825 -0.01037412 0.01529918
v -0.00320412 -0.01037412 0.01554505
v -0.00262728 -0.01037412 0.01510242
v -0.00253237 -0.01037412 0.0148733
v -0.00422175 -0.01037412 0.00685567
v -0.00437272 -0.01037412 0.00705242
v -0.00253237 -0.01037412 0.00728155
v -0.00262728 -0.01037412 0.00705242
v -0.00320412 -0.01037412 0.0066098
v -0.00277825 -0.01037412 0.00685567
v -0.002975 -0.01037412 0.0067047
v -0.00705 -0.01037412 0.01557743
v -0.00695 -0.01037412 0.01557743
v -0.008 -0.01037412 0.01462743
v -0.00627825 -0.01037412 0.01529918
v -0.00612728 -0.01037412 0.01510242
v -0.00787272 -0.01037412 0.01510242
v -0.00772175 -0.01037412 0.01529918
v -0.007525 -0.01037412 0.01545015
v -0.00670412 -0.01037412 0.01554505
v -0.006475 -0.01037412 0.01545015
v -0.00603237 -0.01037412 0.00728155
v -0.00612728 -0.01037412 0.00705242
v -0.008 -0.01037412 0.00752742
v -0.00796763 -0.01037412 0.0148733
v -0.00729588 -0.01037412 0.01554505
v -0.00603237 -0.01037412 0.0148733
v -0.006 -0.01037412 0.01462743
v -0.006 -0.01037412 0.00752742
v -0.00627825 -0.01037412 0.00685567
v -0.006475 -0.01037412 0.0067047
v -0.00670412 -0.01037412 0.0066098
v -0.00695 -0.01037412 0.00657742
v -0.00705 -0.01037412 0.00657742
v -0.00729588 -0.01037412 0.0066098
v -0.00787272 -0.01037412 0.00705242
v -0.00796763 -0.01037412 0.00728155
v -0.00772175 -0.01037412 0.00685567
v -0.007525 -0.01037412 0.0067047
v 0.0045 -0.01037412 0.00752742
v 0.0045 -0.01037412 0.01462743
v 0.00446763 -0.01037412 0.0148733
v 0.00437272 -0.01037412 0.01510242
v 0.0025 -0.01037412 0.01462743
v 0.00345 -0.01037412 0.01557743
v 0.00253237 -0.01037412 0.0148733
v 0.00345 -0.01037412 0.00657742
v 0.00320412 -0.01037412 0.0066098
v 0.002975 -0.01037412 0.01545015
v 0.00320412 -0.01037412 0.01554505
v 0.00277825 -0.01037412 0.01529918
v 0.00262728 -0.01037412 0.01510242
v 0.00355 -0.01037412 0.01557743
v 0.00379588 -0.01037412 0.01554505
v 0.00355 -0.01037412 0.00657742
v 0.00446763 -0.01037412 0.00728155
v 0.00437272 -0.01037412 0.00705242
v 0.002975 -0.01037412 0.0067047
v 0.00277825 -0.01037412 0.00685567
v 0.00262728 -0.01037412 0.00705242
v 0.0025 -0.01037412 0.00752742
v 0.00253237 -0.01037412 0.00728155
v 0.004025 -0.01037412 0.01545015
v 0.00422175 -0.01037412 0.01529918
v 0.00422175 -0.01037412 0.00685567
v 0.004025 -0.01037412 0.0067047
v 0.00379588 -0.01037412 0.0066098
v 0.008 -0.01037412 0.00752742
v 0.00695 -0.01037412 0.00657742
v 0.00670412 -0.01037412 0.0066098
v 0.007525 -0.01037412 0.0067047
v 0.00729588 -0.01037412 0.0066098
v 0.00772175 -0.01037412 0.00685567
v 0.00705 -0.01037412 0.00657742
v 0.00787272 -0.01037412 0.00705242
v 0.006475 -0.01037412 0.0067047
v 0.00627825 -0.01037412 0.00685567
v 0.00612728 -0.01037412 0.00705242
v 0.00603237 -0.01037412 0.00728155
v 0.006 -0.01037412 0.00752742
v 0.008 -0.01037412 0.01462743
v 0.00796763 -0.01037412 0.00728155
v 0.006 -0.01037412 0.01462743
v 0.00603237 -0.01037412 0.0148733
v 0.00612728 -0.01037412 0.01510242
v 0.00627825 -0.01037412 0.01529918
v 0.006475 -0.01037412 0.01545015
v 0.00670412 -0.01037412 0.01554505
v 0.00695 -0.01037412 0.01557743
v 0.00705 -0.01037412 0.01557743
v 0.00796763 -0.01037412 0.0148733
v 0.00787272 -0.01037412 0.01510242
v 0.00772175 -0.01037412 0.01529918
v 0.00729588 -0.01037412 0.01554505
v 0.007525 -0.01037412 0.01545015
v 0.0305 -0.00987412 0.01062742
v 0.03053237 -0.00987412 0.0108733
v 0.0305 -0.00987412 0.01462743
v 0.03062728 -0.00987412 0.01110242
v 0.03077825 -0.00987412 0.01129918
v 0.03222175 -0.00987412 0.01129918
v 0.0325 -0.00987412 0.01462743
v 0.032025 -0.00987412 0.01145015
v 0.03179588 -0.00987412 0.01154505
v 0.03237272 -0.00987412 0.01110242
v 0.03246763 -0.00987412 0.0108733
v 0.0325 -0.00987412 0.01062742
v 0.030975 -0.00987412 0.01145015
v 0.03120412 -0.00987412 0.01154505
v 0.03053237 -0.00987412 0.0148733
v 0.03145 -0.00987412 0.01157742
v 0.03062728 -0.00987412 0.01510242
v 0.03155 -0.00987412 0.01157742
v 0.03179588 -0.00987412 0.01554505
v 0.03155 -0.00987412 0.01557743
v 0.03145 -0.00987412 0.01557743
v 0.03120412 -0.00987412 0.01554505
v 0.030975 -0.00987412 0.01545015
v 0.03077825 -0.00987412 0.01529918
v 0.03246763 -0.00987412 0.0148733
v 0.03237272 -0.00987412 0.01510242
v 0.03222175 -0.00987412 0.01529918
v 0.032025 -0.00987412 0.01545015
v -0.0325 -0.00987412 0.01062742
v -0.03246763 -0.00987412 0.0108733
v -0.0325 -0.00987412 0.01462743
v -0.03237272 -0.00987412 0.01110242
v -0.03222175 -0.00987412 0.01129918
v -0.03120412 -0.00987412 0.01154505
v -0.030975 -0.00987412 0.01145015
v -0.0305 -0.00987412 0.01462743
v -0.03077825 -0.00987412 0.01129918
v -0.03062728 -0.00987412 0.01110242
v -0.03053237 -0.00987412 0.0108733
v -0.0305 -0.00987412 0.01062742
v -0.03155 -0.00987412 0.01157742
v -0.032025 -0.00987412 0.01545015
v -0.03222175 -0.00987412 0.01529918
v -0.032025 -0.00987412 0.01145015
v -0.03179588 -0.00987412 0.01154505
v -0.03246763 -0.00987412 0.0148733
v -0.03237272 -0.00987412 0.01510242
v -0.03145 -0.00987412 0.01157742
v -0.03120412 -0.00987412 0.01554505
v -0.03145 -0.00987412 0.01557743
v -0.03155 -0.00987412 0.01557743
v -0.03179588 -0.00987412 0.01554505
v -0.03053237 -0.00987412 0.0148733
v -0.03062728 -0.00987412 0.01510242
v -0.03077825 -0.00987412 0.01529918
v -0.030975 -0.00987412 0.01545015
v -0.029 -0.00987412 0.01062742
v -0.02896763 -0.00987412 0.0108733
v -0.029 -0.00987412 0.01462743
v -0.02887272 -0.00987412 0.01110242
v -0.02872175 -0.00987412 0.01129918
v -0.02770412 -0.00987412 0.01154505
v -0.027475 -0.00987412 0.01145015
v -0.027 -0.00987412 0.01462743
v -0.02727825 -0.00987412 0.01129918
v -0.02712728 -0.00987412 0.01110242
v -0.02703237 -0.00987412 0.0108733
v -0.027 -0.00987412 0.01062742
v -0.02712728 -0.00987412 0.01510242
v -0.02727825 -0.00987412 0.01529918
v -0.02795 -0.00987412 0.01157742
v -0.02805 -0.00987412 0.01557743
v -0.02829588 -0.00987412 0.01554505
v -0.02805 -0.00987412 0.01157742
v -0.028525 -0.00987412 0.01545015
v -0.02872175 -0.00987412 0.01529918
v -0.028525 -0.00987412 0.01145015
v -0.02829588 -0.00987412 0.01154505
v -0.02896763 -0.00987412 0.0148733
v -0.02887272 -0.00987412 0.01510242
v -0.027475 -0.00987412 0.01545015
v -0.02770412 -0.00987412 0.01554505
v -0.02795 -0.00987412 0.01557743
v -0.02703237 -0.00987412 0.0148733
v -0.0255 -0.00987412 0.01062742
v -0.02546763 -0.00987412 0.0108733
v -0.0255 -0.00987412 0.01462743
v -0.02537272 -0.00987412 0.01110242
v -0.02522175 -0.00987412 0.01129918
v -0.02420412 -0.00987412 0.01154505
v -0.023975 -0.00987412 0.01145015
v -0.0235 -0.00987412 0.01462743
v -0.02377825 -0.00987412 0.01129918
v -0.02362728 -0.00987412 0.01110242
v -0.02353237 -0.00987412 0.0108733
v -0.0235 -0.00987412 0.01062742
v -0.02455 -0.00987412 0.01157742
v -0.025025 -0.00987412 0.01545015
v -0.02522175 -0.00987412 0.01529918
v -0.025025 -0.00987412 0.01145015
v -0.02479588 -0.00987412 0.01154505
v -0.02546763 -0.00987412 0.0148733
v -0.02537272 -0.00987412 0.01510242
v -0.02445 -0.00987412 0.01157742
v -0.02420412 -0.00987412 0.01554505
v -0.02445 -0.00987412 0.01557743
v -0.02455 -0.00987412 0.01557743
v -0.02479588 -0.00987412 0.01554505
v -0.02353237 -0.00987412 0.0148733
v -0.02362728 -0.00987412 0.01510242
v -0.02377825 -0.00987412 0.01529918
v -0.023975 -0.00987412 0.01545015
v -0.022 -0.00987412 0.01062742
v -0.02196763 -0.00987412 0.0108733
v -0.022 -0.00987412 0.01462743
v -0.02187272 -0.00987412 0.01110242
v -0.02172175 -0.00987412 0.01129918
v -0.02070412 -0.00987412 0.01154505
v -0.020475 -0.00987412 0.01145015
v -0.02 -0.00987412 0.01462743
v -0.02027825 -0.00987412 0.01129918
v -0.02012728 -0.00987412 0.01110242
v -0.02003237 -0.00987412 0.0108733
v -0.02 -0.00987412 0.01062742
v -0.02012728 -0.00987412 0.01510242
v -0.02027825 -0.00987412 0.01529918
v -0.02095 -0.00987412 0.01157742
v -0.02105 -0.00987412 0.01557743
v -0.02129588 -0.00987412 0.01554505
v -0.02105 -0.00987412 0.01157742
v -0.021525 -0.00987412 0.01545015
v -0.02172175 -0.00987412 0.01529918
v -0.021525 -0.00987412 0.01145015
v -0.02129588 -0.00987412 0.01154505
v -0.02196763 -0.00987412 0.0148733
v -0.02187272 -0.00987412 0.01510242
v -0.020475 -0.00987412 0.01545015
v -0.02070412 -0.00987412 0.01554505
v -0.02095 -0.00987412 0.01557743
v -0.02003237 -0.00987412 0.0148733
v -0.0185 -0.00987412 0.01062742
v -0.01846763 -0.00987412 0.0108733
v -0.0185 -0.00987412 0.01462743
v -0.01837272 -0.00987412 0.01110242
v -0.01822175 -0.00987412 0.01129918
v -0.01720412 -0.00987412 0.01154505
v -0.016975 -0.00987412 0.01145015
v -0.0165 -0.00987412 0.01462743
v -0.01677825 -0.00987412 0.01129918
v -0.01662728 -0.00987412 0.01110242
v -0.01653237 -0.00987412 0.0108733
v -0.0165 -0.00987412 0.01062742
v -0.01755 -0.00987412 0.01157742
v -0.018025 -0.00987412 0.01545015
v -0.01822175 -0.00987412 0.01529918
v -0.018025 -0.00987412 0.01145015
v -0.01779588 -0.00987412 0.01154505
v -0.01846763 -0.00987412 0.0148733
v -0.01837272 -0.00987412 0.01510242
v -0.01745 -0.00987412 0.01157742
v -0.01720412 -0.00987412 0.01554505
v -0.01745 -0.00987412 0.01557743
v -0.01755 -0.00987412 0.01557743
v -0.01779588 -0.00987412 0.01554505
v -0.01653237 -0.00987412 0.0148733
v -0.01662728 -0.00987412 0.01510242
v -0.01677825 -0.00987412 0.01529918
v -0.016975 -0.00987412 0.01545015
v 0.027 -0.00987412 0.01062742
v 0.02703237 -0.00987412 0.0108733
v 0.027 -0.00987412 0.01462743
v 0.02712728 -0.00987412 0.01110242
v 0.02727825 -0.00987412 0.01129918
v 0.02872175 -0.00987412 0.01129918
v 0.029 -0.00987412 0.01462743
v 0.028525 -0.00987412 0.01145015
v 0.02829588 -0.00987412 0.01154505
v 0.02887272 -0.00987412 0.01110242
v 0.02896763 -0.00987412 0.0108733
v 0.029 -0.00987412 0.01062742
v 0.02795 -0.00987412 0.01557743
v 0.02770412 -0.00987412 0.01554505
v 0.02795 -0.00987412 0.01157742
v 0.027475 -0.00987412 0.01545015
v 0.02727825 -0.00987412 0.01529918
v 0.027475 -0.00987412 0.01145015
v 0.02770412 -0.00987412 0.01154505
v 0.02703237 -0.00987412 0.0148733
v 0.02712728 -0.00987412 0.01510242
v 0.02805 -0.00987412 0.01157742
v 0.02887272 -0.00987412 0.01510242
v 0.02872175 -0.00987412 0.01529918
v 0.02896763 -0.00987412 0.0148733
v 0.028525 -0.00987412 0.01545015
v 0.02829588 -0.00987412 0.01554505
v 0.02805 -0.00987412 0.01557743
v 0.02546763 -0.00987412 0.0108733
v 0.0255 -0.00987412 0.01062742
v 0.0255 -0.00987412 0.01462743
v 0.02537272 -0.00987412 0.01110242
v 0.0235 -0.00987412 0.01062742
v 0.02353237 -0.00987412 0.0108733
v 0.0235 -0.00987412 0.01462743
v 0.02362728 -0.00987412 0.01110242
v 0.02377825 -0.00987412 0.01129918
v 0.02479588 -0.00987412 0.01154505
v 0.025025 -0.00987412 0.01145015
v 0.02522175 -0.00987412 0.01129918
v 0.02445 -0.00987412 0.01557743
v 0.02420412 -0.00987412 0.01554505
v 0.02445 -0.00987412 0.01157742
v 0.023975 -0.00987412 0.01545015
v 0.02377825 -0.00987412 0.01529918
v 0.02537272 -0.00987412 0.01510242
v 0.02522175 -0.00987412 0.01529918
v 0.02455 -0.00987412 0.01157742
v 0.025025 -0.00987412 0.01545015
v 0.02479588 -0.00987412 0.01554505
v 0.02455 -0.00987412 0.01557743
v 0.023975 -0.00987412 0.01145015
v 0.02420412 -0.00987412 0.01154505
v 0.02353237 -0.00987412 0.0148733
v 0.02362728 -0.00987412 0.01510242
v 0.02546763 -0.00987412 0.0148733
v 0.02196763 -0.00987412 0.0108733
v 0.022 -0.00987412 0.01062742
v 0.022 -0.00987412 0.01462743
v 0.02129588 -0.00987412 0.01154505
v 0.021525 -0.00987412 0.01145015
v 0.02 -0.00987412 0.01062742
v 0.02003237 -0.00987412 0.0108733
v 0.02 -0.00987412 0.01462743
v 0.02012728 -0.00987412 0.01110242
v 0.02027825 -0.00987412 0.01129918
v 0.02172175 -0.00987412 0.01129918
v 0.02187272 -0.00987412 0.01110242
v 0.02129588 -0.00987412 0.01554505
v 0.02105 -0.00987412 0.01557743
v 0.02105 -0.00987412 0.01157742
v 0.02095 -0.00987412 0.01557743
v 0.02095 -0.00987412 0.01157742
v 0.02196763 -0.00987412 0.0148733
v 0.02187272 -0.00987412 0.01510242
v 0.02172175 -0.00987412 0.01529918
v 0.021525 -0.00987412 0.01545015
v 0.02070412 -0.00987412 0.01554505
v 0.020475 -0.00987412 0.01545015
v 0.02027825 -0.00987412 0.01529918
v 0.020475 -0.00987412 0.01145015
v 0.02070412 -0.00987412 0.01154505
v 0.02003237 -0.00987412 0.0148733
v 0.02012728 -0.00987412 0.01510242
v 0.01846763 -0.00987412 0.0108733
v 0.0185 -0.00987412 0.01062742
v 0.0185 -0.00987412 0.01462743
v 0.01779588 -0.00987412 0.01154505
v 0.018025 -0.00987412 0.01145015
v 0.0165 -0.00987412 0.01062742
v 0.01653237 -0.00987412 0.0108733
v 0.0165 -0.00987412 0.01462743
v 0.01662728 -0.00987412 0.01110242
v 0.01677825 -0.00987412 0.01129918
v 0.01822175 -0.00987412 0.01129918
v 0.01837272 -0.00987412 0.01110242
v 0.01779588 -0.00987412 0.01554505
v 0.01755 -0.00987412 0.01557743
v 0.01755 -0.00987412 0.01157742
v 0.01745 -0.00987412 0.01557743
v 0.01745 -0.00987412 0.01157742
v 0.01846763 -0.00987412 0.0148733
v 0.01837272 -0.00987412 0.01510242
v 0.01720412 -0.00987412 0.01554505
v 0.016975 -0.00987412 0.01545015
v 0.01677825 -0.00987412 0.01529918
v 0.016975 -0.00987412 0.01145015
v 0.01720412 -0.00987412 0.01154505
v 0.01653237 -0.00987412 0.0148733
v 0.01662728 -0.00987412 0.01510242
v 0.01822175 -0.00987412 0.01529918
v 0.018025 -0.00987412 0.01545015
v 0.013 -0.00987412 0.01062742
v 0.01303237 -0.00987412 0.0108733
v 0.013 -0.00987412 0.01462743
v 0.01312728 -0.00987412 0.01110242
v 0.01327825 -0.00987412 0.01129918
v 0.01429588 -0.00987412 0.01154505
v 0.014525 -0.00987412 0.01145015
v 0.015 -0.00987412 0.01462743
v 0.01472175 -0.00987412 0.01129918
v 0.01487272 -0.00987412 0.01110242
v 0.01496763 -0.00987412 0.0108733
v 0.015 -0.00987412 0.01062742
v 0.01395 -0.00987412 0.01557743
v 0.01370412 -0.00987412 0.01554505
v 0.01395 -0.00987412 0.01157742
v 0.013475 -0.00987412 0.01545015
v 0.01327825 -0.00987412 0.01529918
v 0.013475 -0.00987412 0.01145015
v 0.01370412 -0.00987412 0.01154505
v 0.01303237 -0.00987412 0.0148733
v 0.01312728 -0.00987412 0.01510242
v 0.01405 -0.00987412 0.01157742
v 0.01487272 -0.00987412 0.01510242
v 0.01472175 -0.00987412 0.01529918
v 0.01496763 -0.00987412 0.0148733
v 0.014525 -0.00987412 0.01545015
v 0.01429588 -0.00987412 0.01554505
v 0.01405 -0.00987412 0.01557743
v 0.01146763 -0.00987412 0.0108733
v 0.0115 -0.00987412 0.01062742
v 0.0115 -0.00987412 0.01462743
v 0.0095 -0.00987412 0.01062742
v 0.00953237 -0.00987412 0.0108733
v 0.0095 -0.00987412 0.01462743
v 0.00962728 -0.00987412 0.01110242
v 0.00977825 -0.00987412 0.01129918
v 0.01079588 -0.00987412 0.01154505
v 0.011025 -0.00987412 0.01145015
v 0.01122175 -0.00987412 0.01129918
v 0.01137272 -0.00987412 0.01110242
v 0.01045 -0.00987412 0.01557743
v 0.01020412 -0.00987412 0.01554505
v 0.01045 -0.00987412 0.01157742
v 0.009975 -0.00987412 0.01545015
v 0.00977825 -0.00987412 0.01529918
v 0.009975 -0.00987412 0.01145015
v 0.01020412 -0.00987412 0.01154505
v 0.00953237 -0.00987412 0.0148733
v 0.00962728 -0.00987412 0.01510242
v 0.01137272 -0.00987412 0.01510242
v 0.01122175 -0.00987412 0.01529918
v 0.01055 -0.00987412 0.01157742
v 0.01146763 -0.00987412 0.0148733
v 0.011025 -0.00987412 0.01545015
v 0.01079588 -0.00987412 0.01554505
v 0.01055 -0.00987412 0.01557743
v 0.00796763 -0.00987412 0.0108733
v 0.008 -0.00987412 0.01062742
v 0.008 -0.00987412 0.01462743
v 0.00787272 -0.00987412 0.01110242
v 0.00729588 -0.00987412 0.01154505
v 0.007525 -0.00987412 0.01145015
v 0.00772175 -0.00987412 0.01129918
v 0.006 -0.00987412 0.01062742
v 0.00603237 -0.00987412 0.0108733
v 0.006 -0.00987412 0.01462743
v 0.00612728 -0.00987412 0.01110242
v 0.00627825 -0.00987412 0.01129918
v 0.006475 -0.00987412 0.01545015
v 0.00627825 -0.00987412 0.01529918
v 0.00695 -0.00987412 0.01157742
v 0.00729588 -0.00987412 0.01554505
v 0.00705 -0.00987412 0.01557743
v 0.00705 -0.00987412 0.01157742
v 0.00695 -0.00987412 0.01557743
v 0.00670412 -0.00987412 0.01554505
v 0.00796763 -0.00987412 0.0148733
v 0.00787272 -0.00987412 0.01510242
v 0.00772175 -0.00987412 0.01529918
v 0.007525 -0.00987412 0.01545015
v 0.006475 -0.00987412 0.01145015
v 0.00670412 -0.00987412 0.01154505
v 0.00603237 -0.00987412 0.0148733
v 0.00612728 -0.00987412 0.01510242
v 0.00446763 -0.00987412 0.0108733
v 0.0045 -0.00987412 0.01062742
v 0.0045 -0.00987412 0.01462743
v 0.00379588 -0.00987412 0.01154505
v 0.004025 -0.00987412 0.01145015
v 0.00422175 -0.00987412 0.01129918
v 0.00437272 -0.00987412 0.01110242
v 0.00320412 -0.00987412 0.01154505
v 0.002975 -0.00987412 0.01145015
v 0.00355 -0.00987412 0.01557743
v 0.00345 -0.00987412 0.01557743
v 0.00355 -0.00987412 0.01157742
v 0.00437272 -0.00987412 0.01510242
v 0.00422175 -0.00987412 0.01529918
v 0.00345 -0.00987412 0.01157742
v 0.00446763 -0.00987412 0.0148733
v 0.004025 -0.00987412 0.01545015
v 0.00379588 -0.00987412 0.01554505
v 0.00320412 -0.00987412 0.01554505
v 0.002975 -0.00987412 0.01545015
v 0.00277825 -0.00987412 0.01529918
v 0.0025 -0.00987412 0.01462743
v 0.00253237 -0.00987412 0.0148733
v 0.00262728 -0.00987412 0.01510242
v -0.01303237 -0.00987412 0.0108733
v -0.013 -0.00987412 0.01062742
v -0.013 -0.00987412 0.01462743
v -0.015 -0.00987412 0.01062742
v -0.01496763 -0.00987412 0.0108733
v -0.015 -0.00987412 0.01462743
v -0.01487272 -0.00987412 0.01110242
v -0.01472175 -0.00987412 0.01129918
v -0.01370412 -0.00987412 0.01154505
v -0.013475 -0.00987412 0.01145015
v -0.01327825 -0.00987412 0.01129918
v -0.01312728 -0.00987412 0.01110242
v -0.01405 -0.00987412 0.01557743
v -0.01429588 -0.00987412 0.01554505
v -0.01405 -0.00987412 0.01157742
v -0.014525 -0.00987412 0.01545015
v -0.01472175 -0.00987412 0.01529918
v -0.014525 -0.00987412 0.01145015
v -0.01429588 -0.00987412 0.01154505
v -0.01496763 -0.00987412 0.0148733
v -0.01487272 -0.00987412 0.01510242
v -0.01312728 -0.00987412 0.01510242
v -0.01327825 -0.00987412 0.01529918
v -0.01395 -0.00987412 0.01157742
v -0.01303237 -0.00987412 0.0148733
v -0.013475 -0.00987412 0.01545015
v -0.01370412 -0.00987412 0.01554505
v -0.01395 -0.00987412 0.01557743
v -0.0115 -0.00987412 0.01062742
v -0.01146763 -0.00987412 0.0108733
v -0.0115 -0.00987412 0.01462743
v -0.01137272 -0.00987412 0.01110242
v -0.01122175 -0.00987412 0.01129918
v -0.01020412 -0.00987412 0.01154505
v -0.009975 -0.00987412 0.01145015
v -0.0095 -0.00987412 0.01462743
v -0.00977825 -0.00987412 0.01129918
v -0.00962728 -0.00987412 0.01110242
v -0.00953237 -0.00987412 0.0108733
v -0.0095 -0.00987412 0.01062742
v -0.00962728 -0.00987412 0.01510242
v -0.00977825 -0.00987412 0.01529918
v -0.01045 -0.00987412 0.01157742
v -0.009975 -0.00987412 0.01545015
v -0.01020412 -0.00987412 0.01554505
v -0.011025 -0.00987412 0.01545015
v -0.01122175 -0.00987412 0.01529918
v -0.01055 -0.00987412 0.01157742
v -0.00953237 -0.00987412 0.0148733
v -0.01045 -0.00987412 0.01557743
v -0.01055 -0.00987412 0.01557743
v -0.01079588 -0.00987412 0.01554505
v -0.011025 -0.00987412 0.01145015
v -0.01079588 -0.00987412 0.01154505
v -0.01146763 -0.00987412 0.0148733
v -0.01137272 -0.00987412 0.01510242
v -0.00627825 -0.00987412 0.01129918
v -0.006 -0.00987412 0.01462743
v -0.006475 -0.00987412 0.01145015
v -0.00670412 -0.00987412 0.01154505
v -0.008 -0.00987412 0.01062742
v -0.00796763 -0.00987412 0.0108733
v -0.008 -0.00987412 0.01462743
v -0.00787272 -0.00987412 0.01110242
v -0.00772175 -0.00987412 0.01129918
v -0.00612728 -0.00987412 0.01110242
v -0.00603237 -0.00987412 0.0108733
v -0.006 -0.00987412 0.01062742
v -0.007525 -0.00987412 0.01545015
v -0.00772175 -0.00987412 0.01529918
v -0.00705 -0.00987412 0.01157742
v -0.007525 -0.00987412 0.01145015
v -0.00729588 -0.00987412 0.01154505
v -0.00796763 -0.00987412 0.0148733
v -0.00787272 -0.00987412 0.01510242
v -0.00695 -0.00987412 0.01157742
v -0.00670412 -0.00987412 0.01554505
v -0.00695 -0.00987412 0.01557743
v -0.00705 -0.00987412 0.01557743
v -0.00729588 -0.00987412 0.01554505
v -0.00603237 -0.00987412 0.0148733
v -0.00612728 -0.00987412 0.01510242
v -0.00627825 -0.00987412 0.01529918
v -0.006475 -0.00987412 0.01545015
v -0.002975 -0.00987412 0.01145015
v -0.0045 -0.00987412 0.01062742
v -0.00446763 -0.00987412 0.0108733
v -0.0045 -0.00987412 0.01462743
v -0.00437272 -0.00987412 0.01110242
v -0.00422175 -0.00987412 0.01129918
v -0.00320412 -0.00987412 0.01154505
v -0.0025 -0.00987412 0.01462743
v -0.004025 -0.00987412 0.01545015
v -0.00422175 -0.00987412 0.01529918
v -0.00355 -0.00987412 0.01157742
v -0.00345 -0.00987412 0.01157742
v -0.00253237 -0.00987412 0.0148733
v -0.00262728 -0.00987412 0.01510242
v -0.00277825 -0.00987412 0.01529918
v -0.002975 -0.00987412 0.01545015
v -0.00320412 -0.00987412 0.01554505
v -0.00345 -0.00987412 0.01557743
v -0.00355 -0.00987412 0.01557743
v -0.00379588 -0.00987412 0.01554505
v -0.004025 -0.00987412 0.01145015
v -0.00379588 -0.00987412 0.01154505
v -0.00446763 -0.00987412 0.0148733
v -0.00437272 -0.00987412 0.01510242
v 0.036 -0.00987412 0.01462743
v 0.03596763 -0.00987412 0.0148733
v 0.03587272 -0.00987412 0.01510242
v 0.03572175 -0.00987412 0.01529918
v 0.035525 -0.00987412 0.01545015
v 0.03529588 -0.00987412 0.01554505
v 0.03505 -0.00987412 0.01557743
v 0.03495 -0.00987412 0.01557743
v 0.03470412 -0.00987412 0.01554505
v 0.034475 -0.00987412 0.01545015
v 0.03427825 -0.00987412 0.01529918
v 0.03412728 -0.00987412 0.01510242
v 0.03403237 -0.00987412 0.0148733
v 0.034 -0.00987412 0.01462743
v 0.03529588 -0.00987412 0.01154505
v 0.035525 -0.00987412 0.01145015
v 0.03572175 -0.00987412 0.01129918
v 0.03587272 -0.00987412 0.01110242
v 0.03596763 -0.00987412 0.0108733
v 0.036 -0.00987412 0.01062742
v 0.034 -0.00987412 0.01062742
v 0.03403237 -0.00987412 0.0108733
v 0.03412728 -0.00987412 0.01110242
v 0.03427825 -0.00987412 0.01129918
v 0.03495 -0.00987412 0.01157742
v 0.03505 -0.00987412 0.01157742
v 0.034475 -0.00987412 0.01145015
v 0.03470412 -0.00987412 0.01154505
v -0.036 -0.00987412 0.01062742
v -0.03596763 -0.00987412 0.0108733
v -0.036 -0.00987412 0.01462743
v -0.03587272 -0.00987412 0.01110242
v -0.03572175 -0.00987412 0.01129918
v -0.03470412 -0.00987412 0.01154505
v -0.034475 -0.00987412 0.01145015
v -0.034 -0.00987412 0.01462743
v -0.03427825 -0.00987412 0.01129918
v -0.03412728 -0.00987412 0.01110242
v -0.03403237 -0.00987412 0.0108733
v -0.034 -0.00987412 0.01062742
v -0.03505 -0.00987412 0.01557743
v -0.03529588 -0.00987412 0.01554505
v -0.03505 -0.00987412 0.01157742
v -0.035525 -0.00987412 0.01545015
v -0.03572175 -0.00987412 0.01529918
v -0.035525 -0.00987412 0.01145015
v -0.03529588 -0.00987412 0.01154505
v -0.03596763 -0.00987412 0.0148733
v -0.03587272 -0.00987412 0.01510242
v -0.03495 -0.00987412 0.01157742
v -0.03412728 -0.00987412 0.01510242
v -0.03427825 -0.00987412 0.01529918
v -0.03403237 -0.00987412 0.0148733
v -0.034475 -0.00987412 0.01545015
v -0.03470412 -0.00987412 0.01554505
v -0.03495 -0.00987412 0.01557743
v 0.03053237 0.01027412 0.0108733
v 0.0305 0.01027412 0.01062742
v 0.0305 0.01027412 0.01462743
v 0.03062728 0.01027412 0.01110242
v 0.0325 0.01027412 0.01062742
v 0.03246763 0.01027412 0.0108733
v 0.0325 0.01027412 0.01462743
v 0.03237272 0.01027412 0.01110242
v 0.03222175 0.01027412 0.01129918
v 0.03120412 0.01027412 0.01154505
v 0.030975 0.01027412 0.01145015
v 0.03077825 0.01027412 0.01129918
v 0.03155 0.01027412 0.01157742
v 0.032025 0.01027412 0.01545015
v 0.03222175 0.01027412 0.01529918
v 0.032025 0.01027412 0.01145015
v 0.03179588 0.01027412 0.01154505
v 0.03246763 0.01027412 0.0148733
v 0.03237272 0.01027412 0.01510242
v 0.03145 0.01027412 0.01157742
v 0.03120412 0.01027412 0.01554505
v 0.03145 0.01027412 0.01557743
v 0.03155 0.01027412 0.01557743
v 0.03179588 0.01027412 0.01554505
v 0.03053237 0.01027412 0.0148733
v 0.03062728 0.01027412 0.01510242
v 0.03077825 0.01027412 0.01529918
v 0.030975 0.01027412 0.01545015
v 0.0325 0.01086609 0.01462743
v 0.0325 0.01190187 0.00752742
v 0.03155 0.01204046 0.00657742
v 0.031674 0.01203927 0.00658555
v 0.03179588 0.01203573 0.0066098
v 0.03191355 0.01202991 0.00664974
v 0.032025 0.01202189 0.0067047
v 0.03212832 0.01201182 0.00677374
v 0.03222175 0.01199987 0.00685567
v 0.03237272 0.01197116 0.00705242
v 0.03246763 0.01193774 0.00728155
v 0.03145 0.01204046 0.00657742
v 0.0305 0.01190187 0.00752742
v 0.03053237 0.01193774 0.00728155
v 0.03062728 0.01197116 0.00705242
v 0.03077825 0.01199987 0.00685567
v 0.03087168 0.01201182 0.00677374
v 0.030975 0.01202189 0.0067047
v 0.03108645 0.01202991 0.00664974
v 0.03120412 0.01203573 0.0066098
v 0.031326 0.01203927 0.00658555
v 0.0305 0.01086609 0.01462743
v 0.03145 0.0107275 0.01557743
v 0.031326 0.01072869 0.0155693
v 0.03120412 0.01073222 0.01554505
v 0.03108645 0.01073805 0.01550511
v 0.030975 0.01074607 0.01545015
v 0.03087168 0.01075614 0.01538111
v 0.03077825 0.01076809 0.01529918
v 0.03062728 0.01079679 0.01510242
v 0.03053237 0.01083022 0.0148733
v 0.03155 0.0107275 0.01557743
v 0.03246763 0.01083022 0.0148733
v 0.03237272 0.01079679 0.01510242
v 0.03222175 0.01076809 0.01529918
v 0.032025 0.01074607 0.01545015
v 0.03212832 0.01075614 0.01538111
v 0.031674 0.01072869 0.0155693
v 0.03179588 0.01073222 0.01554505
v 0.03191355 0.01073805 0.01550511
v -0.03155 0.01027412 0.01557743
v -0.03155 0.0107275 0.01557743
v -0.03145 0.01027412 0.01557743
v -0.03145 0.0107275 0.01557743
v -0.0305 0.01086609 0.01462743
v -0.0305 0.01027412 0.01462743
v -0.03053237 0.01027412 0.0148733
v -0.03053237 0.01083022 0.0148733
v -0.03062728 0.01027412 0.01510242
v -0.03062728 0.01079679 0.01510242
v -0.03077825 0.01027412 0.01529918
v -0.03077825 0.01076809 0.01529918
v -0.030975 0.01027412 0.01545015
v -0.030975 0.01074607 0.01545015
v -0.03087168 0.01075614 0.01538111
v -0.03120412 0.01027412 0.01554505
v -0.031326 0.01072869 0.0155693
v -0.03120412 0.01073222 0.01554505
v -0.03108645 0.01073805 0.01550511
v -0.0305 0.01027412 0.01062742
v -0.0305 0.01190187 0.00752742
v -0.03145 0.01204046 0.00657742
v -0.031326 0.01203927 0.00658555
v -0.03120412 0.01203573 0.0066098
v -0.03108645 0.01202991 0.00664974
v -0.030975 0.01202189 0.0067047
v -0.03087168 0.01201182 0.00677374
v -0.03077825 0.01199987 0.00685567
v -0.03062728 0.01197116 0.00705242
v -0.03053237 0.01193774 0.00728155
v -0.03155 0.01204046 0.00657742
v -0.0325 0.01190187 0.00752742
v -0.03246763 0.01193774 0.00728155
v -0.03237272 0.01197116 0.00705242
v -0.03222175 0.01199987 0.00685567
v -0.03212832 0.01201182 0.00677374
v -0.032025 0.01202189 0.0067047
v -0.03191355 0.01202991 0.00664974
v -0.03179588 0.01203573 0.0066098
v -0.031674 0.01203927 0.00658555
v -0.0325 0.01086609 0.01462743
v -0.0325 0.01027412 0.01462743
v -0.0325 0.01027412 0.01062742
v -0.031674 0.01072869 0.0155693
v -0.03179588 0.01027412 0.01554505
v -0.03179588 0.01073222 0.01554505
v -0.03191355 0.01073805 0.01550511
v -0.032025 0.01027412 0.01545015
v -0.032025 0.01074607 0.01545015
v -0.03212832 0.01075614 0.01538111
v -0.03222175 0.01027412 0.01529918
v -0.03222175 0.01076809 0.01529918
v -0.03237272 0.01027412 0.01510242
v -0.03237272 0.01079679 0.01510242
v -0.03246763 0.01027412 0.0148733
v -0.03246763 0.01083022 0.0148733
v -0.02805 0.01027412 0.01557743
v -0.02805 0.0107275 0.01557743
v -0.02795 0.01027412 0.01557743
v -0.02795 0.0107275 0.01557743
v -0.027 0.01086609 0.01462743
v -0.027 0.01027412 0.01462743
v -0.02703237 0.01027412 0.0148733
v -0.02703237 0.01083022 0.0148733
v -0.02712728 0.01027412 0.01510242
v -0.02712728 0.01079679 0.01510242
v -0.02727825 0.01027412 0.01529918
v -0.02727825 0.01076809 0.01529918
v -0.027475 0.01027412 0.01545015
v -0.027475 0.01074607 0.01545015
v -0.02737168 0.01075614 0.01538111
v -0.02770412 0.01027412 0.01554505
v -0.027826 0.01072869 0.0155693
v -0.02770412 0.01073222 0.01554505
v -0.02758645 0.01073805 0.01550511
v -0.027 0.01027412 0.01062742
v -0.027 0.01190187 0.00752742
v -0.02795 0.01204046 0.00657742
v -0.027826 0.01203927 0.00658555
v -0.02770412 0.01203573 0.0066098
v -0.02758645 0.01202991 0.00664974
v -0.027475 0.01202189 0.0067047
v -0.02737168 0.01201182 0.00677374
v -0.02727825 0.01199987 0.00685567
v -0.02712728 0.01197116 0.00705242
v -0.02703237 0.01193774 0.00728155
v -0.02805 0.01204046 0.00657742
v -0.029 0.01190187 0.00752742
v -0.02896763 0.01193774 0.00728155
v -0.02887272 0.01197116 0.00705242
v -0.02872175 0.01199987 0.00685567
v -0.02862832 0.01201182 0.00677374
v -0.028525 0.01202189 0.0067047
v -0.02841355 0.01202991 0.00664974
v -0.02829588 0.01203573 0.0066098
v -0.028174 0.01203927 0.00658555
v -0.029 0.01086609 0.01462743
v -0.029 0.01027412 0.01462743
v -0.029 0.01027412 0.01062742
v -0.028174 0.01072869 0.0155693
v -0.02829588 0.01027412 0.01554505
v -0.02829588 0.01073222 0.01554505
v -0.02841355 0.01073805 0.01550511
v -0.028525 0.01027412 0.01545015
v -0.028525 0.01074607 0.01545015
v -0.02862832 0.01075614 0.01538111
v -0.02872175 0.01027412 0.01529918
v -0.02872175 0.01076809 0.01529918
v -0.02887272 0.01027412 0.01510242
v -0.02887272 0.01079679 0.01510242
v -0.02896763 0.01027412 0.0148733
v -0.02896763 0.01083022 0.0148733
v -0.02455 0.01027412 0.01557743
v -0.02455 0.0107275 0.01557743
v -0.02445 0.01027412 0.01557743
v -0.02445 0.0107275 0.01557743
v -0.0235 0.01086609 0.01462743
v -0.0235 0.01027412 0.01462743
v -0.02353237 0.01027412 0.0148733
v -0.02353237 0.01083022 0.0148733
v -0.02362728 0.01027412 0.01510242
v -0.02362728 0.01079679 0.01510242
v -0.02377825 0.01027412 0.01529918
v -0.02377825 0.01076809 0.01529918
v -0.023975 0.01027412 0.01545015
v -0.023975 0.01074607 0.01545015
v -0.02387168 0.01075614 0.01538111
v -0.02420412 0.01027412 0.01554505
v -0.024326 0.01072869 0.0155693
v -0.02420412 0.01073222 0.01554505
v -0.02408645 0.01073805 0.01550511
v -0.0235 0.01027412 0.01062742
v -0.0235 0.01190187 0.00752742
v -0.02445 0.01204046 0.00657742
v -0.024326 0.01203927 0.00658555
v -0.02420412 0.01203573 0.0066098
v -0.02408645 0.01202991 0.00664974
v -0.023975 0.01202189 0.0067047
v -0.02387168 0.01201182 0.00677374
v -0.02377825 0.01199987 0.00685567
v -0.02362728 0.01197116 0.00705242
v -0.02353237 0.01193774 0.00728155
v -0.02455 0.01204046 0.00657742
v -0.0255 0.01190187 0.00752742
v -0.02546763 0.01193774 0.00728155
v -0.02537272 0.01197116 0.00705242
v -0.02522175 0.01199987 0.00685567
v -0.02512832 0.01201182 0.00677374
v -0.025025 0.01202189 0.0067047
v -0.02491355 0.01202991 0.00664974
v -0.02479588 0.01203573 0.0066098
v -0.024674 0.01203927 0.00658555
v -0.0255 0.01086609 0.01462743
v -0.0255 0.01027412 0.01462743
v -0.0255 0.01027412 0.01062742
v -0.024674 0.01072869 0.0155693
v -0.02479588 0.01027412 0.01554505
v -0.02479588 0.01073222 0.01554505
v -0.02491355 0.01073805 0.01550511
v -0.025025 0.01027412 0.01545015
v -0.025025 0.01074607 0.01545015
v -0.02512832 0.01075614 0.01538111
v -0.02522175 0.01027412 0.01529918
v -0.02522175 0.01076809 0.01529918
v -0.02537272 0.01027412 0.01510242
v -0.02537272 0.01079679 0.01510242
v -0.02546763 0.01027412 0.0148733
v -0.02546763 0.01083022 0.0148733
v -0.02105 0.01027412 0.01557743
v -0.02105 0.0107275 0.01557743
v -0.02095 0.01027412 0.01557743
v -0.02095 0.0107275 0.01557743
v -0.02 0.01086609 0.01462743
v -0.02 0.01027412 0.01462743
v -0.02003237 0.01027412 0.0148733
v -0.02003237 0.01083022 0.0148733
v -0.02012728 0.01027412 0.01510242
v -0.02012728 0.01079679 0.01510242
v -0.02027825 0.01027412 0.01529918
v -0.02027825 0.01076809 0.01529918
v -0.020475 0.01027412 0.01545015
v -0.020475 0.01074607 0.01545015
v -0.02037168 0.01075614 0.01538111
v -0.02070412 0.01027412 0.01554505
v -0.020826 0.01072869 0.0155693
v -0.02070412 0.01073222 0.01554505
v -0.02058645 0.01073805 0.01550511
v -0.02 0.01027412 0.01062742
v -0.02 0.01190187 0.00752742
v -0.02095 0.01204046 0.00657742
v -0.020826 0.01203927 0.00658555
v -0.02070412 0.01203573 0.0066098
v -0.02058645 0.01202991 0.00664974
v -0.020475 0.01202189 0.0067047
v -0.02037168 0.01201182 0.00677374
v -0.02027825 0.01199987 0.00685567
v -0.02012728 0.01197116 0.00705242
v -0.02003237 0.01193774 0.00728155
v -0.02105 0.01204046 0.00657742
v -0.022 0.01190187 0.00752742
v -0.02196763 0.01193774 0.00728155
v -0.02187272 0.01197116 0.00705242
v -0.02172175 0.01199987 0.00685567
v -0.02162832 0.01201182 0.00677374
v -0.021525 0.01202189 0.0067047
v -0.02141355 0.01202991 0.00664974
v -0.02129588 0.01203573 0.0066098
v -0.021174 0.01203927 0.00658555
v -0.022 0.01086609 0.01462743
v -0.022 0.01027412 0.01462743
v -0.022 0.01027412 0.01062742
v -0.021174 0.01072869 0.0155693
v -0.02129588 0.01027412 0.01554505
v -0.02129588 0.01073222 0.01554505
v -0.02141355 0.01073805 0.01550511
v -0.021525 0.01027412 0.01545015
v -0.021525 0.01074607 0.01545015
v -0.02162832 0.01075614 0.01538111
v -0.02172175 0.01027412 0.01529918
v -0.02172175 0.01076809 0.01529918
v -0.02187272 0.01027412 0.01510242
v -0.02187272 0.01079679 0.01510242
v -0.02196763 0.01027412 0.0148733
v -0.02196763 0.01083022 0.0148733
v -0.01755 0.01027412 0.01557743
v -0.01755 0.0107275 0.01557743
v -0.01745 0.01027412 0.01557743
v -0.01745 0.0107275 0.01557743
v -0.0165 0.01086609 0.01462743
v -0.0165 0.01027412 0.01462743
v -0.01653237 0.01027412 0.0148733
v -0.01653237 0.01083022 0.0148733
v -0.01662728 0.01027412 0.01510242
v -0.01662728 0.01079679 0.01510242
v -0.01677825 0.01027412 0.01529918
v -0.01677825 0.01076809 0.01529918
v -0.016975 0.01027412 0.01545015
v -0.016975 0.01074607 0.01545015
v -0.01687168 0.01075614 0.01538111
v -0.01720412 0.01027412 0.01554505
v -0.017326 0.01072869 0.0155693
v -0.01720412 0.01073222 0.01554505
v -0.01708645 0.01073805 0.01550511
v -0.0165 0.01027412 0.01062742
v -0.0165 0.01190187 0.00752742
v -0.01745 0.01204046 0.00657742
v -0.017326 0.01203927 0.00658555
v -0.01720412 0.01203573 0.0066098
v -0.01708645 0.01202991 0.00664974
v -0.016975 0.01202189 0.0067047
v -0.01687168 0.01201182 0.00677374
v -0.01677825 0.01199987 0.00685567
v -0.01662728 0.01197116 0.00705242
v -0.01653237 0.01193774 0.00728155
v -0.01755 0.01204046 0.00657742
v -0.0185 0.01190187 0.00752742
v -0.01846763 0.01193774 0.00728155
v -0.01837272 0.01197116 0.00705242
v -0.01822175 0.01199987 0.00685567
v -0.01812832 0.01201182 0.00677374
v -0.018025 0.01202189 0.0067047
v -0.01791355 0.01202991 0.00664974
v -0.01779588 0.01203573 0.0066098
v -0.017674 0.01203927 0.00658555
v -0.0185 0.01086609 0.01462743
v -0.0185 0.01027412 0.01462743
v -0.0185 0.01027412 0.01062742
v -0.017674 0.01072869 0.0155693
v -0.01779588 0.01027412 0.01554505
v -0.01779588 0.01073222 0.01554505
v -0.01791355 0.01073805 0.01550511
v -0.018025 0.01027412 0.01545015
v -0.018025 0.01074607 0.01545015
v -0.01812832 0.01075614 0.01538111
v -0.01822175 0.01027412 0.01529918
v -0.01822175 0.01076809 0.01529918
v -0.01837272 0.01027412 0.01510242
v -0.01837272 0.01079679 0.01510242
v -0.01846763 0.01027412 0.0148733
v -0.01846763 0.01083022 0.0148733
v 0.02703237 0.01027412 0.0108733
v 0.027 0.01027412 0.01062742
v 0.027 0.01027412 0.01462743
v 0.029 0.01027412 0.01062742
v 0.02896763 0.01027412 0.0108733
v 0.029 0.01027412 0.01462743
v 0.02887272 0.01027412 0.01110242
v 0.02872175 0.01027412 0.01129918
v 0.02770412 0.01027412 0.01154505
v 0.027475 0.01027412 0.01145015
v 0.02727825 0.01027412 0.01129918
v 0.02712728 0.01027412 0.01110242
v 0.028525 0.01027412 0.01545015
v 0.02872175 0.01027412 0.01529918
v 0.02805 0.01027412 0.01157742
v 0.028525 0.01027412 0.01145015
v 0.02829588 0.01027412 0.01154505
v 0.02896763 0.01027412 0.0148733
v 0.02887272 0.01027412 0.01510242
v 0.02795 0.01027412 0.01157742
v 0.02770412 0.01027412 0.01554505
v 0.02795 0.01027412 0.01557743
v 0.02805 0.01027412 0.01557743
v 0.02829588 0.01027412 0.01554505
v 0.02703237 0.01027412 0.0148733
v 0.02712728 0.01027412 0.01510242
v 0.02727825 0.01027412 0.01529918
v 0.027475 0.01027412 0.01545015
v 0.029 0.01086609 0.01462743
v 0.029 0.01190187 0.00752742
v 0.02805 0.01204046 0.00657742
v 0.028174 0.01203927 0.00658555
v 0.02829588 0.01203573 0.0066098
v 0.02841355 0.01202991 0.00664974
v 0.028525 0.01202189 0.0067047
v 0.02862832 0.01201182 0.00677374
v 0.02872175 0.01199987 0.00685567
v 0.02887272 0.01197116 0.00705242
v 0.02896763 0.01193774 0.00728155
v 0.02795 0.01204046 0.00657742
v 0.027 0.01190187 0.00752742
v 0.02703237 0.01193774 0.00728155
v 0.02712728 0.01197116 0.00705242
v 0.02727825 0.01199987 0.00685567
v 0.02737168 0.01201182 0.00677374
v 0.027475 0.01202189 0.0067047
v 0.02758645 0.01202991 0.00664974
v 0.02770412 0.01203573 0.0066098
v 0.027826 0.01203927 0.00658555
v 0.027 0.01086609 0.01462743
v 0.02795 0.0107275 0.01557743
v 0.027826 0.01072869 0.0155693
v 0.02770412 0.01073222 0.01554505
v 0.02758645 0.01073805 0.01550511
v 0.027475 0.01074607 0.01545015
v 0.02737168 0.01075614 0.01538111
v 0.02727825 0.01076809 0.01529918
v 0.02712728 0.01079679 0.01510242
v 0.02703237 0.01083022 0.0148733
v 0.02805 0.0107275 0.01557743
v 0.02896763 0.01083022 0.0148733
v 0.02887272 0.01079679 0.01510242
v 0.02872175 0.01076809 0.01529918
v 0.028525 0.01074607 0.01545015
v 0.02862832 0.01075614 0.01538111
v 0.028174 0.01072869 0.0155693
v 0.02829588 0.01073222 0.01554505
v 0.02841355 0.01073805 0.01550511
v 0.0255 0.01027412 0.01062742
v 0.02546763 0.01027412 0.0108733
v 0.0255 0.01027412 0.01462743
v 0.02537272 0.01027412 0.01110242
v 0.02522175 0.01027412 0.01129918
v 0.02420412 0.01027412 0.01154505
v 0.023975 0.01027412 0.01145015
v 0.0235 0.01027412 0.01462743
v 0.02377825 0.01027412 0.01129918
v 0.02362728 0.01027412 0.01110242
v 0.02353237 0.01027412 0.0108733
v 0.0235 0.01027412 0.01062742
v 0.025025 0.01027412 0.01145015
v 0.02479588 0.01027412 0.01154505
v 0.02546763 0.01027412 0.0148733
v 0.02455 0.01027412 0.01157742
v 0.02445 0.01027412 0.01157742
v 0.02420412 0.01027412 0.01554505
v 0.02445 0.01027412 0.01557743
v 0.02455 0.01027412 0.01557743
v 0.02479588 0.01027412 0.01554505
v 0.025025 0.01027412 0.01545015
v 0.02522175 0.01027412 0.01529918
v 0.02537272 0.01027412 0.01510242
v 0.02353237 0.01027412 0.0148733
v 0.02362728 0.01027412 0.01510242
v 0.02377825 0.01027412 0.01529918
v 0.023975 0.01027412 0.01545015
v 0.0255 0.01086609 0.01462743
v 0.0255 0.01190187 0.00752742
v 0.02455 0.01204046 0.00657742
v 0.024674 0.01203927 0.00658555
v 0.02479588 0.01203573 0.0066098
v 0.02491355 0.01202991 0.00664974
v 0.025025 0.01202189 0.0067047
v 0.02512832 0.01201182 0.00677374
v 0.02522175 0.01199987 0.00685567
v 0.02537272 0.01197116 0.00705242
v 0.02546763 0.01193774 0.00728155
v 0.02445 0.01204046 0.00657742
v 0.0235 0.01190187 0.00752742
v 0.02353237 0.01193774 0.00728155
v 0.02362728 0.01197116 0.00705242
v 0.02377825 0.01199987 0.00685567
v 0.02387168 0.01201182 0.00677374
v 0.023975 0.01202189 0.0067047
v 0.02408645 0.01202991 0.00664974
v 0.02420412 0.01203573 0.0066098
v 0.024326 0.01203927 0.00658555
v 0.0235 0.01086609 0.01462743
v 0.02445 0.0107275 0.01557743
v 0.024326 0.01072869 0.0155693
v 0.02420412 0.01073222 0.01554505
v 0.02408645 0.01073805 0.01550511
v 0.023975 0.01074607 0.01545015
v 0.02387168 0.01075614 0.01538111
v 0.02377825 0.01076809 0.01529918
v 0.02362728 0.01079679 0.01510242
v 0.02353237 0.01083022 0.0148733
v 0.02455 0.0107275 0.01557743
v 0.02546763 0.01083022 0.0148733
v 0.02537272 0.01079679 0.01510242
v 0.02522175 0.01076809 0.01529918
v 0.025025 0.01074607 0.01545015
v 0.02512832 0.01075614 0.01538111
v 0.024674 0.01072869 0.0155693
v 0.02479588 0.01073222 0.01554505
v 0.02491355 0.01073805 0.01550511
v 0.02 0.01027412 0.01062742
v 0.02 0.01027412 0.01462743
v 0.02003237 0.01027412 0.0108733
v 0.02012728 0.01027412 0.01110242
v 0.022 0.01027412 0.01062742
v 0.02196763 0.01027412 0.0108733
v 0.022 0.01027412 0.01462743
v 0.02187272 0.01027412 0.01110242
v 0.02172175 0.01027412 0.01129918
v 0.02070412 0.01027412 0.01154505
v 0.020475 0.01027412 0.01145015
v 0.02027825 0.01027412 0.01129918
v 0.021525 0.01027412 0.01545015
v 0.02172175 0.01027412 0.01529918
v 0.02105 0.01027412 0.01157742
v 0.02095 0.01027412 0.01157742
v 0.02003237 0.01027412 0.0148733
v 0.02012728 0.01027412 0.01510242
v 0.02027825 0.01027412 0.01529918
v 0.020475 0.01027412 0.01545015
v 0.02070412 0.01027412 0.01554505
v 0.02095 0.01027412 0.01557743
v 0.02105 0.01027412 0.01557743
v 0.02129588 0.01027412 0.01554505
v 0.021525 0.01027412 0.01145015
v 0.02129588 0.01027412 0.01154505
v 0.02196763 0.01027412 0.0148733
v 0.02187272 0.01027412 0.01510242
v 0.022 0.01086609 0.01462743
v 0.022 0.01190187 0.00752742
v 0.02105 0.01204046 0.00657742
v 0.021174 0.01203927 0.00658555
v 0.02129588 0.01203573 0.0066098
v 0.02141355 0.01202991 0.00664974
v 0.021525 0.01202189 0.0067047
v 0.02162832 0.01201182 0.00677374
v 0.02172175 0.01199987 0.00685567
v 0.02187272 0.01197116 0.00705242
v 0.02196763 0.01193774 0.00728155
v 0.02095 0.01204046 0.00657742
v 0.02 0.01190187 0.00752742
v 0.02003237 0.01193774 0.00728155
v 0.02012728 0.01197116 0.00705242
v 0.02027825 0.01199987 0.00685567
v 0.02037168 0.01201182 0.00677374
v 0.020475 0.01202189 0.0067047
v 0.02058645 0.01202991 0.00664974
v 0.02070412 0.01203573 0.0066098
v 0.020826 0.01203927 0.00658555
v 0.02 0.01086609 0.01462743
v 0.02095 0.0107275 0.01557743
v 0.020826 0.01072869 0.0155693
v 0.02070412 0.01073222 0.01554505
v 0.02058645 0.01073805 0.01550511
v 0.020475 0.01074607 0.01545015
v 0.02037168 0.01075614 0.01538111
v 0.02027825 0.01076809 0.01529918
v 0.02012728 0.01079679 0.01510242
v 0.02003237 0.01083022 0.0148733
v 0.02105 0.0107275 0.01557743
v 0.02196763 0.01083022 0.0148733
v 0.02187272 0.01079679 0.01510242
v 0.02172175 0.01076809 0.01529918
v 0.021525 0.01074607 0.01545015
v 0.02162832 0.01075614 0.01538111
v 0.021174 0.01072869 0.0155693
v 0.02129588 0.01073222 0.01554505
v 0.02141355 0.01073805 0.01550511
v 0.01653237 0.01027412 0.0108733
v 0.0165 0.01027412 0.01062742
v 0.0165 0.01027412 0.01462743
v 0.01662728 0.01027412 0.01110242
v 0.0185 0.01027412 0.01062742
v 0.01846763 0.01027412 0.0108733
v 0.0185 0.01027412 0.01462743
v 0.01837272 0.01027412 0.01110242
v 0.01822175 0.01027412 0.01129918
v 0.01720412 0.01027412 0.01154505
v 0.016975 0.01027412 0.01145015
v 0.01677825 0.01027412 0.01129918
v 0.018025 0.01027412 0.01545015
v 0.01822175 0.01027412 0.01529918
v 0.01755 0.01027412 0.01157742
v 0.01662728 0.01027412 0.01510242
v 0.01677825 0.01027412 0.01529918
v 0.01745 0.01027412 0.01157742
v 0.016975 0.01027412 0.01545015
v 0.01720412 0.01027412 0.01554505
v 0.01745 0.01027412 0.01557743
v 0.01755 0.01027412 0.01557743
v 0.01779588 0.01027412 0.01554505
v 0.01653237 0.01027412 0.0148733
v 0.018025 0.01027412 0.01145015
v 0.01779588 0.01027412 0.01154505
v 0.01846763 0.01027412 0.0148733
v 0.01837272 0.01027412 0.01510242
v 0.0185 0.01086609 0.01462743
v 0.0185 0.01190187 0.00752742
v 0.01755 0.01204046 0.00657742
v 0.017674 0.01203927 0.00658555
v 0.01779588 0.01203573 0.0066098
v 0.01791355 0.01202991 0.00664974
v 0.018025 0.01202189 0.0067047
v 0.01812832 0.01201182 0.00677374
v 0.01822175 0.01199987 0.00685567
v 0.01837272 0.01197116 0.00705242
v 0.01846763 0.01193774 0.00728155
v 0.01745 0.01204046 0.00657742
v 0.0165 0.01190187 0.00752742
v 0.01653237 0.01193774 0.00728155
v 0.01662728 0.01197116 0.00705242
v 0.01677825 0.01199987 0.00685567
v 0.01687168 0.01201182 0.00677374
v 0.016975 0.01202189 0.0067047
v 0.01708645 0.01202991 0.00664974
v 0.01720412 0.01203573 0.0066098
v 0.017326 0.01203927 0.00658555
v 0.0165 0.01086609 0.01462743
v 0.01745 0.0107275 0.01557743
v 0.017326 0.01072869 0.0155693
v 0.01720412 0.01073222 0.01554505
v 0.01708645 0.01073805 0.01550511
v 0.016975 0.01074607 0.01545015
v 0.01687168 0.01075614 0.01538111
v 0.01677825 0.01076809 0.01529918
v 0.01662728 0.01079679 0.01510242
v 0.01653237 0.01083022 0.0148733
v 0.01755 0.0107275 0.01557743
v 0.01846763 0.01083022 0.0148733
v 0.01837272 0.01079679 0.01510242
v 0.01822175 0.01076809 0.01529918
v 0.018025 0.01074607 0.01545015
v 0.01812832 0.01075614 0.01538111
v 0.017674 0.01072869 0.0155693
v 0.01779588 0.01073222 0.01554505
v 0.01791355 0.01073805 0.01550511
v 0.01303237 0.01027412 0.0108733
v 0.013 0.01027412 0.01062742
v 0.013 0.01027412 0.01462743
v 0.015 0.01027412 0.01062742
v 0.01496763 0.01027412 0.0108733
v 0.015 0.01027412 0.01462743
v 0.01487272 0.01027412 0.01110242
v 0.01472175 0.01027412 0.01129918
v 0.01370412 0.01027412 0.01154505
v 0.013475 0.01027412 0.01145015
v 0.01327825 0.01027412 0.01129918
v 0.01312728 0.01027412 0.01110242
v 0.01405 0.01027412 0.01557743
v 0.01429588 0.01027412 0.01554505
v 0.01405 0.01027412 0.01157742
v 0.014525 0.01027412 0.01545015
v 0.01472175 0.01027412 0.01529918
v 0.014525 0.01027412 0.01145015
v 0.01429588 0.01027412 0.01154505
v 0.01496763 0.01027412 0.0148733
v 0.01487272 0.01027412 0.01510242
v 0.01312728 0.01027412 0.01510242
v 0.01327825 0.01027412 0.01529918
v 0.01395 0.01027412 0.01157742
v 0.01303237 0.01027412 0.0148733
v 0.013475 0.01027412 0.01545015
v 0.01370412 0.01027412 0.01554505
v 0.01395 0.01027412 0.01557743
v 0.015 0.01086609 0.01462743
v 0.015 0.01190187 0.00752742
v 0.01405 0.01204046 0.00657742
v 0.014174 0.01203927 0.00658555
v 0.01429588 0.01203573 0.0066098
v 0.01441355 0.01202991 0.00664974
v 0.014525 0.01202189 0.0067047
v 0.01462832 0.01201182 0.00677374
v 0.01472175 0.01199987 0.00685567
v 0.01487272 0.01197116 0.00705242
v 0.01496763 0.01193774 0.00728155
v 0.01395 0.01204046 0.00657742
v 0.013 0.01190187 0.00752742
v 0.01303237 0.01193774 0.00728155
v 0.01312728 0.01197116 0.00705242
v 0.01327825 0.01199987 0.00685567
v 0.01337168 0.01201182 0.00677374
v 0.013475 0.01202189 0.0067047
v 0.01358645 0.01202991 0.00664974
v 0.01370412 0.01203573 0.0066098
v 0.013826 0.01203927 0.00658555
v 0.013 0.01086609 0.01462743
v 0.01395 0.0107275 0.01557743
v 0.013826 0.01072869 0.0155693
v 0.01370412 0.01073222 0.01554505
v 0.01358645 0.01073805 0.01550511
v 0.013475 0.01074607 0.01545015
v 0.01337168 0.01075614 0.01538111
v 0.01327825 0.01076809 0.01529918
v 0.01312728 0.01079679 0.01510242
v 0.01303237 0.01083022 0.0148733
v 0.01405 0.0107275 0.01557743
v 0.01496763 0.01083022 0.0148733
v 0.01487272 0.01079679 0.01510242
v 0.01472175 0.01076809 0.01529918
v 0.014525 0.01074607 0.01545015
v 0.01462832 0.01075614 0.01538111
v 0.014174 0.01072869 0.0155693
v 0.01429588 0.01073222 0.01554505
v 0.01441355 0.01073805 0.01550511
v 0.0115 0.01027412 0.01062742
v 0.01146763 0.01027412 0.0108733
v 0.0115 0.01027412 0.01462743
v 0.01137272 0.01027412 0.01110242
v 0.01122175 0.01027412 0.01129918
v 0.01020412 0.01027412 0.01154505
v 0.009975 0.01027412 0.01145015
v 0.0095 0.01027412 0.01462743
v 0.00977825 0.01027412 0.01129918
v 0.00962728 0.01027412 0.01110242
v 0.00953237 0.01027412 0.0108733
v 0.0095 0.01027412 0.01062742
v 0.01055 0.01027412 0.01557743
v 0.01079588 0.01027412 0.01554505
v 0.01055 0.01027412 0.01157742
v 0.011025 0.01027412 0.01545015
v 0.01122175 0.01027412 0.01529918
v 0.011025 0.01027412 0.01145015
v 0.01079588 0.01027412 0.01154505
v 0.01146763 0.01027412 0.0148733
v 0.01137272 0.01027412 0.01510242
v 0.01045 0.01027412 0.01157742
v 0.00962728 0.01027412 0.01510242
v 0.00977825 0.01027412 0.01529918
v 0.00953237 0.01027412 0.0148733
v 0.009975 0.01027412 0.01545015
v 0.01020412 0.01027412 0.01554505
v 0.01045 0.01027412 0.01557743
v 0.0115 0.01086609 0.01462743
v 0.0115 0.01190187 0.00752742
v 0.01055 0.01204046 0.00657742
v 0.010674 0.01203927 0.00658555
v 0.01079588 0.01203573 0.0066098
v 0.01091355 0.01202991 0.00664974
v 0.011025 0.01202189 0.0067047
v 0.01112832 0.01201182 0.00677374
v 0.01122175 0.01199987 0.00685567
v 0.01137272 0.01197116 0.00705242
v 0.01146763 0.01193774 0.00728155
v 0.01045 0.01204046 0.00657742
v 0.0095 0.01190187 0.00752742
v 0.00953237 0.01193774 0.00728155
v 0.00962728 0.01197116 0.00705242
v 0.00977825 0.01199987 0.00685567
v 0.00987168 0.01201182 0.00677374
v 0.009975 0.01202189 0.0067047
v 0.01008645 0.01202991 0.00664974
v 0.01020412 0.01203573 0.0066098
v 0.010326 0.01203927 0.00658555
v 0.0095 0.01086609 0.01462743
v 0.01045 0.0107275 0.01557743
v 0.010326 0.01072869 0.0155693
v 0.01020412 0.01073222 0.01554505
v 0.01008645 0.01073805 0.01550511
v 0.009975 0.01074607 0.01545015
v 0.00987168 0.01075614 0.01538111
v 0.00977825 0.01076809 0.01529918
v 0.00962728 0.01079679 0.01510242
v 0.00953237 0.01083022 0.0148733
v 0.01055 0.0107275 0.01557743
v 0.01146763 0.01083022 0.0148733
v 0.01137272 0.01079679 0.01510242
v 0.01122175 0.01076809 0.01529918
v 0.011025 0.01074607 0.01545015
v 0.01112832 0.01075614 0.01538111
v 0.010674 0.01072869 0.0155693
v 0.01079588 0.01073222 0.01554505
v 0.01091355 0.01073805 0.01550511
v 0.008 0.01027412 0.01062742
v 0.00796763 0.01027412 0.0108733
v 0.008 0.01027412 0.01462743
v 0.00787272 0.01027412 0.01110242
v 0.00772175 0.01027412 0.01129918
v 0.00627825 0.01027412 0.01129918
v 0.006 0.01027412 0.01462743
v 0.006475 0.01027412 0.01145015
v 0.00670412 0.01027412 0.01154505
v 0.00612728 0.01027412 0.01110242
v 0.00603237 0.01027412 0.0108733
v 0.006 0.01027412 0.01062742
v 0.00705 0.01027412 0.01157742
v 0.007525 0.01027412 0.01545015
v 0.00772175 0.01027412 0.01529918
v 0.007525 0.01027412 0.01145015
v 0.00729588 0.01027412 0.01154505
v 0.00796763 0.01027412 0.0148733
v 0.00787272 0.01027412 0.01510242
v 0.00695 0.01027412 0.01157742
v 0.00670412 0.01027412 0.01554505
v 0.00695 0.01027412 0.01557743
v 0.00705 0.01027412 0.01557743
v 0.00729588 0.01027412 0.01554505
v 0.00603237 0.01027412 0.0148733
v 0.00612728 0.01027412 0.01510242
v 0.00627825 0.01027412 0.01529918
v 0.006475 0.01027412 0.01545015
v 0.00695 0.0107275 0.01557743
v 0.006826 0.01072869 0.0155693
v 0.00670412 0.01073222 0.01554505
v 0.00658645 0.01073805 0.01550511
v 0.006475 0.01074607 0.01545015
v 0.00637168 0.01075614 0.01538111
v 0.00627825 0.01076809 0.01529918
v 0.00612728 0.01079679 0.01510242
v 0.00603237 0.01083022 0.0148733
v 0.006 0.01086609 0.01462743
v 0.00705 0.0107275 0.01557743
v 0.008 0.01086609 0.01462743
v 0.00796763 0.01083022 0.0148733
v 0.00787272 0.01079679 0.01510242
v 0.00772175 0.01076809 0.01529918
v 0.007525 0.01074607 0.01545015
v 0.00762832 0.01075614 0.01538111
v 0.007174 0.01072869 0.0155693
v 0.00729588 0.01073222 0.01554505
v 0.00741355 0.01073805 0.01550511
v 0.00253237 0.01027412 0.0108733
v 0.0025 0.01027412 0.01062742
v 0.0025 0.01027412 0.01462743
v 0.0045 0.01027412 0.01062742
v 0.00446763 0.01027412 0.0108733
v 0.0045 0.01027412 0.01462743
v 0.00437272 0.01027412 0.01110242
v 0.00422175 0.01027412 0.01129918
v 0.00320412 0.01027412 0.01154505
v 0.002975 0.01027412 0.01145015
v 0.00277825 0.01027412 0.01129918
v 0.00262728 0.01027412 0.01110242
v 0.00355 0.01027412 0.01557743
v 0.00379588 0.01027412 0.01554505
v 0.00355 0.01027412 0.01157742
v 0.004025 0.01027412 0.01545015
v 0.00422175 0.01027412 0.01529918
v 0.004025 0.01027412 0.01145015
v 0.00379588 0.01027412 0.01154505
v 0.00446763 0.01027412 0.0148733
v 0.00437272 0.01027412 0.01510242
v 0.00262728 0.01027412 0.01510242
v 0.00277825 0.01027412 0.01529918
v 0.00345 0.01027412 0.01157742
v 0.00253237 0.01027412 0.0148733
v 0.002975 0.01027412 0.01545015
v 0.00320412 0.01027412 0.01554505
v 0.00345 0.01027412 0.01557743
v 0.00345 0.0107275 0.01557743
v 0.003326 0.01072869 0.0155693
v 0.00320412 0.01073222 0.01554505
v 0.00308645 0.01073805 0.01550511
v 0.002975 0.01074607 0.01545015
v 0.00287168 0.01075614 0.01538111
v 0.00277825 0.01076809 0.01529918
v 0.00262728 0.01079679 0.01510242
v 0.00253237 0.01083022 0.0148733
v 0.0025 0.01086609 0.01462743
v 0.00355 0.0107275 0.01557743
v 0.0045 0.01086609 0.01462743
v 0.00446763 0.01083022 0.0148733
v 0.00437272 0.01079679 0.01510242
v 0.00422175 0.01076809 0.01529918
v 0.004025 0.01074607 0.01545015
v 0.00412832 0.01075614 0.01538111
v 0.003674 0.01072869 0.0155693
v 0.00379588 0.01073222 0.01554505
v 0.00391355 0.01073805 0.01550511
v -0.01405 0.01027412 0.01557743
v -0.01405 0.0107275 0.01557743
v -0.01395 0.01027412 0.01557743
v -0.01395 0.0107275 0.01557743
v -0.013 0.01086609 0.01462743
v -0.013 0.01027412 0.01462743
v -0.01303237 0.01027412 0.0148733
v -0.01303237 0.01083022 0.0148733
v -0.01312728 0.01027412 0.01510242
v -0.01312728 0.01079679 0.01510242
v -0.01327825 0.01027412 0.01529918
v -0.01327825 0.01076809 0.01529918
v -0.013475 0.01027412 0.01545015
v -0.013475 0.01074607 0.01545015
v -0.01337168 0.01075614 0.01538111
v -0.01370412 0.01027412 0.01554505
v -0.013826 0.01072869 0.0155693
v -0.01370412 0.01073222 0.01554505
v -0.01358645 0.01073805 0.01550511
v -0.013 0.01027412 0.01062742
v -0.013 0.01190187 0.00752742
v -0.01395 0.01204046 0.00657742
v -0.013826 0.01203927 0.00658555
v -0.01370412 0.01203573 0.0066098
v -0.01358645 0.01202991 0.00664974
v -0.013475 0.01202189 0.0067047
v -0.01337168 0.01201182 0.00677374
v -0.01327825 0.01199987 0.00685567
v -0.01312728 0.01197116 0.00705242
v -0.01303237 0.01193774 0.00728155
v -0.01405 0.01204046 0.00657742
v -0.015 0.01190187 0.00752742
v -0.01496763 0.01193774 0.00728155
v -0.01487272 0.01197116 0.00705242
v -0.01472175 0.01199987 0.00685567
v -0.01462832 0.01201182 0.00677374
v -0.014525 0.01202189 0.0067047
v -0.01441355 0.01202991 0.00664974
v -0.01429588 0.01203573 0.0066098
v -0.014174 0.01203927 0.00658555
v -0.015 0.01086609 0.01462743
v -0.015 0.01027412 0.01462743
v -0.015 0.01027412 0.01062742
v -0.014174 0.01072869 0.0155693
v -0.01429588 0.01027412 0.01554505
v -0.01429588 0.01073222 0.01554505
v -0.01441355 0.01073805 0.01550511
v -0.014525 0.01027412 0.01545015
v -0.014525 0.01074607 0.01545015
v -0.01462832 0.01075614 0.01538111
v -0.01472175 0.01027412 0.01529918
v -0.01472175 0.01076809 0.01529918
v -0.01487272 0.01027412 0.01510242
v -0.01487272 0.01079679 0.01510242
v -0.01496763 0.01027412 0.0148733
v -0.01496763 0.01083022 0.0148733
v -0.01055 0.01027412 0.01557743
v -0.01055 0.0107275 0.01557743
v -0.01045 0.01027412 0.01557743
v -0.01045 0.0107275 0.01557743
v -0.0095 0.01086609 0.01462743
v -0.0095 0.01027412 0.01462743
v -0.00953237 0.01027412 0.0148733
v -0.00953237 0.01083022 0.0148733
v -0.00962728 0.01027412 0.01510242
v -0.00962728 0.01079679 0.01510242
v -0.00977825 0.01027412 0.01529918
v -0.00977825 0.01076809 0.01529918
v -0.009975 0.01027412 0.01545015
v -0.009975 0.01074607 0.01545015
v -0.00987168 0.01075614 0.01538111
v -0.01020412 0.01027412 0.01554505
v -0.010326 0.01072869 0.0155693
v -0.01020412 0.01073222 0.01554505
v -0.01008645 0.01073805 0.01550511
v -0.0095 0.01027412 0.01062742
v -0.0095 0.01190187 0.00752742
v -0.01045 0.01204046 0.00657742
v -0.010326 0.01203927 0.00658555
v -0.01020412 0.01203573 0.0066098
v -0.01008645 0.01202991 0.00664974
v -0.009975 0.01202189 0.0067047
v -0.00987168 0.01201182 0.00677374
v -0.00977825 0.01199987 0.00685567
v -0.00962728 0.01197116 0.00705242
v -0.00953237 0.01193774 0.00728155
v -0.01055 0.01204046 0.00657742
v -0.0115 0.01190187 0.00752742
v -0.01146763 0.01193774 0.00728155
v -0.01137272 0.01197116 0.00705242
v -0.01122175 0.01199987 0.00685567
v -0.01112832 0.01201182 0.00677374
v -0.011025 0.01202189 0.0067047
v -0.01091355 0.01202991 0.00664974
v -0.01079588 0.01203573 0.0066098
v -0.010674 0.01203927 0.00658555
v -0.0115 0.01086609 0.01462743
v -0.0115 0.01027412 0.01462743
v -0.0115 0.01027412 0.01062742
v -0.010674 0.01072869 0.0155693
v -0.01079588 0.01027412 0.01554505
v -0.01079588 0.01073222 0.01554505
v -0.01091355 0.01073805 0.01550511
v -0.011025 0.01027412 0.01545015
v -0.011025 0.01074607 0.01545015
v -0.01112832 0.01075614 0.01538111
v -0.01122175 0.01027412 0.01529918
v -0.01122175 0.01076809 0.01529918
v -0.01137272 0.01027412 0.01510242
v -0.01137272 0.01079679 0.01510242
v -0.01146763 0.01027412 0.0148733
v -0.01146763 0.01083022 0.0148733
v -0.00705 0.01027412 0.01557743
v -0.00705 0.0107275 0.01557743
v -0.00695 0.01027412 0.01557743
v -0.00695 0.0107275 0.01557743
v -0.006 0.01086609 0.01462743
v -0.006 0.01027412 0.01462743
v -0.00603237 0.01027412 0.0148733
v -0.00603237 0.01083022 0.0148733
v -0.00612728 0.01027412 0.01510242
v -0.00612728 0.01079679 0.01510242
v -0.00627825 0.01027412 0.01529918
v -0.00627825 0.01076809 0.01529918
v -0.006475 0.01027412 0.01545015
v -0.006475 0.01074607 0.01545015
v -0.00637168 0.01075614 0.01538111
v -0.00670412 0.01027412 0.01554505
v -0.006826 0.01072869 0.0155693
v -0.00670412 0.01073222 0.01554505
v -0.00658645 0.01073805 0.01550511
v -0.007174 0.01072869 0.0155693
v -0.00729588 0.01027412 0.01554505
v -0.00729588 0.01073222 0.01554505
v -0.00741355 0.01073805 0.01550511
v -0.007525 0.01027412 0.01545015
v -0.007525 0.01074607 0.01545015
v -0.00762832 0.01075614 0.01538111
v -0.00772175 0.01027412 0.01529918
v -0.00772175 0.01076809 0.01529918
v -0.00787272 0.01027412 0.01510242
v -0.00787272 0.01079679 0.01510242
v -0.00796763 0.01027412 0.0148733
v -0.00796763 0.01083022 0.0148733
v -0.008 0.01027412 0.01462743
v -0.008 0.01086609 0.01462743
v -0.00355 0.01027412 0.01557743
v -0.00355 0.0107275 0.01557743
v -0.00345 0.01027412 0.01557743
v -0.00345 0.0107275 0.01557743
v -0.0025 0.01086609 0.01462743
v -0.0025 0.01027412 0.01462743
v -0.00253237 0.01027412 0.0148733
v -0.00253237 0.01083022 0.0148733
v -0.00262728 0.01027412 0.01510242
v -0.00262728 0.01079679 0.01510242
v -0.00277825 0.01027412 0.01529918
v -0.00277825 0.01076809 0.01529918
v -0.002975 0.01027412 0.01545015
v -0.002975 0.01074607 0.01545015
v -0.00287168 0.01075614 0.01538111
v -0.00320412 0.01027412 0.01554505
v -0.003326 0.01072869 0.0155693
v -0.00320412 0.01073222 0.01554505
v -0.00308645 0.01073805 0.01550511
v -0.003674 0.01072869 0.0155693
v -0.00379588 0.01027412 0.01554505
v -0.00379588 0.01073222 0.01554505
v -0.00391355 0.01073805 0.01550511
v -0.004025 0.01027412 0.01545015
v -0.004025 0.01074607 0.01545015
v -0.00412832 0.01075614 0.01538111
v -0.00422175 0.01027412 0.01529918
v -0.00422175 0.01076809 0.01529918
v -0.00437272 0.01027412 0.01510242
v -0.00437272 0.01079679 0.01510242
v -0.00446763 0.01027412 0.0148733
v -0.00446763 0.01083022 0.0148733
v -0.0045 0.01027412 0.01462743
v -0.0045 0.01086609 0.01462743
v -0.00096763 0.01027412 0.0108733
v -0.001 0.01027412 0.01062742
v -0.001 0.01027412 0.01462743
v -0.00029588 0.01027412 0.01154505
v -0.000525 0.01027412 0.01145015
v 0.001 0.01027412 0.01062742
v 0.00096763 0.01027412 0.0108733
v 0.001 0.01027412 0.01462743
v 0.00087272 0.01027412 0.01110242
v 0.00072175 0.01027412 0.01129918
v -0.00072175 0.01027412 0.01129918
v -0.00087272 0.01027412 0.01110242
v 5E-05 0.01027412 0.01557743
v 0.00029588 0.01027412 0.01554505
v 5E-05 0.01027412 0.01157742
v 0.000525 0.01027412 0.01545015
v 0.00072175 0.01027412 0.01529918
v -0.00087272 0.01027412 0.01510242
v -0.00072175 0.01027412 0.01529918
v -5E-05 0.01027412 0.01157742
v 0.000525 0.01027412 0.01145015
v 0.00029588 0.01027412 0.01154505
v 0.00096763 0.01027412 0.0148733
v 0.00087272 0.01027412 0.01510242
v -0.00096763 0.01027412 0.0148733
v -0.000525 0.01027412 0.01545015
v -0.00029588 0.01027412 0.01554505
v -5E-05 0.01027412 0.01557743
v -5E-05 0.0107275 0.01557743
v -0.000174 0.01072869 0.0155693
v -0.00029588 0.01073222 0.01554505
v -0.00041355 0.01073805 0.01550511
v -0.000525 0.01074607 0.01545015
v -0.00062832 0.01075614 0.01538111
v -0.00072175 0.01076809 0.01529918
v -0.00087272 0.01079679 0.01510242
v -0.00096763 0.01083022 0.0148733
v -0.001 0.01086609 0.01462743
v 5E-05 0.0107275 0.01557743
v 0.001 0.01086609 0.01462743
v 0.00096763 0.01083022 0.0148733
v 0.00087272 0.01079679 0.01510242
v 0.00072175 0.01076809 0.01529918
v 0.000525 0.01074607 0.01545015
v 0.00062832 0.01075614 0.01538111
v 0.000174 0.01072869 0.0155693
v 0.00029588 0.01073222 0.01554505
v 0.00041355 0.01073805 0.01550511
v 0.03403237 0.01027412 0.0108733
v 0.034 0.01027412 0.01062742
v 0.034 0.01027412 0.01462743
v 0.03412728 0.01027412 0.01110242
v 0.036 0.01027412 0.01062742
v 0.03596763 0.01027412 0.0108733
v 0.036 0.01027412 0.01462743
v 0.03587272 0.01027412 0.01110242
v 0.03572175 0.01027412 0.01129918
v 0.03470412 0.01027412 0.01154505
v 0.034475 0.01027412 0.01145015
v 0.03427825 0.01027412 0.01129918
v 0.03470412 0.01027412 0.01554505
v 0.03495 0.01027412 0.01557743
v 0.03495 0.01027412 0.01157742
v 0.03505 0.01027412 0.01557743
v 0.03505 0.01027412 0.01157742
v 0.03403237 0.01027412 0.0148733
v 0.03412728 0.01027412 0.01510242
v 0.03427825 0.01027412 0.01529918
v 0.034475 0.01027412 0.01545015
v 0.03529588 0.01027412 0.01554505
v 0.035525 0.01027412 0.01545015
v 0.03572175 0.01027412 0.01529918
v 0.035525 0.01027412 0.01145015
v 0.03529588 0.01027412 0.01154505
v 0.03596763 0.01027412 0.0148733
v 0.03587272 0.01027412 0.01510242
v 0.036 0.0106593 0.01462743
v 0.036 0.0118528 0.00752742
v 0.03495 0.01066532 0.01557743
v 0.03470412 0.01069487 0.01554505
v 0.034475 0.01072674 0.01545015
v 0.03427825 0.01075995 0.01529918
v 0.03412728 0.01079427 0.01510242
v 0.03403237 0.01082975 0.0148733
v 0.034 0.01086605 0.01462743
v 0.03505 0.01065364 0.01557743
v 0.03587272 0.01060179 0.01510242
v 0.03592773 0.01061023 0.01499086
v 0.03596763 0.01062271 0.0148733
v 0.03599191 0.0106392 0.0147511
v 0.0356281 0.01059974 0.01538128
v 0.03572175 0.01059678 0.01529918
v 0.03580339 0.01059736 0.01520613
v 0.03529588 0.01062599 0.01554505
v 0.03551746 0.01060641 0.01545445
v 0.035525 0.01060587 0.01545015
v 0.03505 0.01204046 0.00657742
v 0.03514451 0.01203977 0.00658214
v 0.03529588 0.01203454 0.0066098
v 0.03541353 0.01202606 0.00664973
v 0.035525 0.01201402 0.0067047
v 0.03562883 0.01199875 0.00677413
v 0.03572175 0.01198097 0.00685567
v 0.03587272 0.01193963 0.00705242
v 0.03596763 0.0118952 0.00728155
v 0.034 0.01089526 0.01442748
v 0.034 0.01190187 0.00752742
v 0.03495 0.01204046 0.00657742
v 0.03403237 0.01193774 0.00728155
v 0.03412728 0.01197116 0.00705242
v 0.03427825 0.01199987 0.00685567
v 0.03437168 0.01201182 0.00677374
v 0.034475 0.01202189 0.0067047
v 0.03458645 0.01202991 0.00664974
v 0.03470412 0.01203573 0.0066098
v 0.034826 0.01203927 0.00658555
v -0.03495 0.01027412 0.01557743
v -0.03505 0.01027412 0.01557743
v -0.03495 0.01066532 0.01557743
v -0.03505 0.01065364 0.01557743
v -0.034 0.01086605 0.01462743
v -0.034 0.01027412 0.01462743
v -0.03403237 0.01027412 0.0148733
v -0.03403237 0.01082975 0.0148733
v -0.03412728 0.01027412 0.01510242
v -0.03412728 0.01079427 0.01510242
v -0.03427825 0.01027412 0.01529918
v -0.03427825 0.01075995 0.01529918
v -0.034475 0.01027412 0.01545015
v -0.034475 0.01072674 0.01545015
v -0.03470412 0.01027412 0.01554505
v -0.03470412 0.01069487 0.01554505
v -0.036 0.0106593 0.01462743
v -0.036 0.01027412 0.01462743
v -0.036 0.0118528 0.00752742
v -0.036 0.01027412 0.01062742
v -0.03529588 0.01027412 0.01554505
v -0.03562868 0.01059972 0.01538084
v -0.03552499 0.01060587 0.01545015
v -0.035525 0.01027412 0.01545015
v -0.03551746 0.01060641 0.01545445
v -0.03529588 0.01062599 0.01554505
v -0.03572175 0.01059678 0.01529918
v -0.03572175 0.01027412 0.01529918
v -0.03580378 0.01059737 0.01520562
v -0.03587272 0.01027412 0.01510242
v -0.03587272 0.01060179 0.01510242
v -0.03592756 0.01061019 0.01499129
v -0.03596763 0.01027412 0.0148733
v -0.03596763 0.01062271 0.0148733
v -0.03599187 0.01063915 0.01475144
v -0.034 0.01190187 0.00752742
v -0.034 0.01027412 0.01062742
v -0.034 0.01089526 0.01442748
v -0.03596763 0.0118952 0.00728155
v -0.03587272 0.01193963 0.00705242
v -0.03572175 0.01198097 0.00685567
v -0.03562812 0.01199887 0.00677358
v -0.035525 0.01201402 0.0067047
v -0.03541333 0.01202607 0.00664965
v -0.03529588 0.01203454 0.0066098
v -0.03514451 0.01203977 0.00658214
v -0.03505 0.01204046 0.00657742
v -0.03495 0.01204046 0.00657742
v -0.034826 0.01203927 0.00658555
v -0.03470412 0.01203573 0.0066098
v -0.03458645 0.01202991 0.00664974
v -0.034475 0.01202189 0.0067047
v -0.03437168 0.01201182 0.00677374
v -0.03427825 0.01199987 0.00685567
v -0.03412728 0.01197116 0.00705242
v -0.03403237 0.01193774 0.00728155
v -0.01237515 -0.00302771 -0.0001
v -0.01206696 -0.0025395 -0.0001
v -0.01215327 -0.00302771 -0.0001
v -0.01192456 -0.0025395 -0.0001
v -0.01192456 -0.00342787 -0.0001
v -0.01215327 -0.00342787 -0.0001
v -0.01259362 -0.0025395 -0.0001
v -0.01237515 -0.0025395 -0.0001
v -0.01259362 -0.00342787 -0.0001
v -0.01240587 -0.00342787 -0.0001
v -0.01237515 -0.00302771 0
v -0.01237515 -0.0025395 0
v -0.01259362 -0.0025395 0
v -0.01259362 -0.00342787 0
v -0.01240587 -0.00342787 0
v -0.01215327 -0.00302771 0
v -0.01215327 -0.00342787 0
v -0.01192456 -0.00342787 0
v -0.01192456 -0.0025395 0
v -0.01206696 -0.0025395 0
v -0.01094665 -0.00310468 -0.0001
v -0.01094665 -0.00342787 -0.0001
v -0.01119223 -0.00342787 -0.0001
v -0.01039153 -0.00342787 -0.0001
v -0.01063784 -0.00342787 -0.0001
v -0.01039153 -0.0025395 -0.0001
v -0.01063784 -0.00310468 -0.0001
v -0.01119223 -0.0025395 -0.0001
v -0.01094665 -0.0025395 -0.0001
v -0.01094665 -0.00286401 -0.0001
v -0.01063784 -0.0025395 -0.0001
v -0.01063784 -0.00286401 -0.0001
v -0.01063784 -0.00286401 0
v -0.01094665 -0.00286401 0
v -0.01094665 -0.0025395 0
v -0.01119223 -0.0025395 0
v -0.01119223 -0.00342787 0
v -0.01094665 -0.00342787 0
v -0.01094665 -0.00310468 0
v -0.01063784 -0.00310468 0
v -0.01063784 -0.00342787 0
v -0.01039153 -0.00342787 0
v -0.01039153 -0.0025395 0
v -0.01063784 -0.0025395 0
v -0.00967628 -0.00330095 -0.0001
v -0.0095772 -0.00329777 -0.0001
v -0.00964203 -0.00346714 -0.0001
v -0.009485 -0.00347525 -0.0001
v -0.00949057 -0.00328703 -0.0001
v -0.00939496 -0.00345931 -0.0001
v -0.00943845 -0.00326765 -0.0001
v -0.00931949 -0.0034266 -0.0001
v -0.00967822 -0.002574 -0.0001
v -0.00961933 -0.0025697 -0.0001
v -0.00977176 -0.0026708 -0.0001
v -0.00977856 -0.0034041 -0.0001
v -0.00977828 -0.00338334 -0.0001
v -0.00925506 -0.00337859 -0.0001
v -0.00939481 -0.00323857 -0.0001
v -0.00920497 -0.003319 -0.0001
v -0.00936168 -0.00320221 -0.0001
v -0.00916829 -0.00324576 -0.0001
v -0.0093337 -0.00315131 -0.0001
v -0.00914592 -0.00315664 -0.0001
v -0.00931572 -0.00308972 -0.0001
v -0.00914358 -0.00303298 -0.0001
v -0.00931094 -0.00301809 -0.0001
v -0.00917069 -0.00291136 -0.0001
v -0.0097534 -0.00332989 -0.0001
v -0.00973852 -0.0033186 -0.0001
v -0.00971572 -0.00330861 -0.0001
v -0.00931336 -0.00299238 -0.0001
v -0.00932592 -0.00294125 -0.0001
v -0.00923521 -0.00278104 -0.0001
v -0.00934896 -0.00289606 -0.0001
v -0.0093017 -0.00269501 -0.0001
v -0.00938248 -0.00285822 -0.0001
v -0.00936635 -0.00264354 -0.0001
v -0.00942677 -0.00282777 -0.0001
v -0.00946978 -0.00259708 -0.0001
v -0.00948733 -0.00280406 -0.0001
v -0.00959523 -0.00257095 -0.0001
v -0.00962391 -0.00277879 -0.0001
v -0.00969299 -0.00276287 -0.0001
v -0.00976413 -0.00334287 -0.0001
v -0.00972916 -0.00274674 -0.0001
v -0.00974328 -0.00273654 -0.0001
v -0.0097561 -0.00272279 -0.0001
v -0.00973647 -0.00344974 -0.0001
v -0.00975448 -0.0034423 -0.0001
v -0.00976463 -0.00343499 -0.0001
v -0.00977299 -0.00336096 -0.0001
v -0.00976564 -0.00270554 -0.0001
v -0.00977069 -0.00268615 -0.0001
v -0.00971275 -0.00258404 -0.0001
v -0.00976939 -0.00264756 -0.0001
v -0.00973549 -0.00259652 -0.0001
v -0.00976254 -0.00262778 -0.0001
v -0.00975223 -0.00261193 -0.0001
v -0.0097708 -0.0034277 -0.0001
v -0.00977568 -0.00341753 -0.0001
v -0.00977069 -0.00268615 -0
v -0.00977176 -0.0026708 -0
v -0.00976939 -0.00264756 -0
v -0.00976254 -0.00262778 -0
v -0.00975223 -0.00261193 -0
v -0.00973549 -0.00259652 -0
v -0.00971275 -0.00258404 0
v -0.00967822 -0.002574 0
v -0.00961933 -0.0025697 0
v -0.00959523 -0.00257095 -0
v -0.00946978 -0.00259708 -0
v -0.00936635 -0.00264354 -0
v -0.0093017 -0.00269501 -0
v -0.00923521 -0.00278104 -0
v -0.00917069 -0.00291136 -0
v -0.00914358 -0.00303298 -0
v -0.00914592 -0.00315664 0
v -0.00916829 -0.00324576 0
v -0.00920497 -0.003319 -0
v -0.00925506 -0.00337859 -0
v -0.00931949 -0.0034266 0
v -0.00939496 -0.00345931 0
v -0.009485 -0.00347525 -0
v -0.00964203 -0.00346714 -0
v -0.00973647 -0.00344974 -0
v -0.00975448 -0.0034423 -0
v -0.00976463 -0.00343499 0
v -0.0097708 -0.0034277 -0
v -0.00977568 -0.00341753 -0
v -0.00977856 -0.0034041 -0
v -0.00977828 -0.00338334 -0
v -0.00977299 -0.00336096 0
v -0.00976413 -0.00334287 -0
v -0.0097534 -0.00332989 -0
v -0.00973852 -0.0033186 0
v -0.00971572 -0.00330861 0
v -0.00967628 -0.00330095 -0
v -0.0095772 -0.00329777 -0
v -0.00949057 -0.00328703 -0
v -0.00943845 -0.00326765 -0
v -0.00939481 -0.00323857 -0
v -0.00936168 -0.00320221 -0
v -0.0093337 -0.00315131 0
v -0.00931572 -0.00308972 -0
v -0.00931094 -0.00301809 -0
v -0.00931336 -0.00299238 -0
v -0.00932592 -0.00294125 0
v -0.00934896 -0.00289606 0
v -0.00938248 -0.00285822 -0
v -0.00942677 -0.00282777 0
v -0.00948733 -0.00280406 0
v -0.00962391 -0.00277879 0
v -0.00969299 -0.00276287 -0
v -0.00972916 -0.00274674 0
v -0.00974328 -0.00273654 -0
v -0.0097561 -0.00272279 -0
v -0.00976564 -0.00270554 -0
v -0.00833963 -0.00342787 -0.0001
v -0.00833963 -0.00321483 -0.0001
v -0.0077817 -0.00342787 -0.0001
v -0.00801158 -0.00321483 -0.0001
v -0.0077817 -0.0025395 -0.0001
v -0.00801158 -0.00310468 -0.0001
v -0.00833963 -0.00277259 -0.0001
v -0.00833963 -0.0025395 -0.0001
v -0.00801158 -0.00277259 -0.0001
v -0.00801158 -0.00288439 -0.0001
v -0.00833963 -0.00288439 -0.0001
v -0.00833963 -0.00310468 -0.0001
v -0.00833963 -0.00277259 0
v -0.00801158 -0.00277259 0
v -0.00801158 -0.00288439 0
v -0.00833963 -0.00288439 0
v -0.00833963 -0.00310468 0
v -0.00801158 -0.00310468 0
v -0.00801158 -0.00321483 0
v -0.00833963 -0.00321483 0
v -0.00833963 -0.00342787 0
v -0.0077817 -0.00342787 0
v -0.0077817 -0.0025395 0
v -0.00833963 -0.0025395 0
v -0.00681996 -0.00277259 -0.0001
v -0.0070318 -0.00277259 -0.0001
v -0.0070318 -0.0025395 -0.0001
v -0.00625988 -0.0025395 -0.0001
v -0.00625988 -0.00277259 -0.0001
v -0.00658681 -0.00277259 -0.0001
v -0.00658681 -0.00342787 -0.0001
v -0.00681996 -0.00342787 -0.0001
v -0.00625988 -0.0025395 0
v -0.0070318 -0.0025395 0
v -0.0070318 -0.00277259 0
v -0.00681996 -0.00277259 0
v -0.00681996 -0.00342787 0
v -0.00658681 -0.00342787 0
v -0.00658681 -0.00277259 0
v -0.00625988 -0.00277259 0
v -0.0139334 -0.00313401 0
v -0.01395866 -0.00307303 0
v -0.01371441 -0.00300758 0
v -0.01396727 -0.00300758 0
v -0.01395866 -0.00294213 0
v -0.01377985 -0.00325183 0
v -0.01384084 -0.00322657 0
v -0.01389321 -0.00318638 0
v -0.01358797 -0.00322657 0
v -0.01364896 -0.00325183 0
v -0.01371441 -0.00326045 0
v -0.01347016 -0.00307303 0
v -0.01349542 -0.00313401 0
v -0.0135356 -0.00318638 0
v -0.01349542 -0.00288115 0
v -0.01347016 -0.00294213 0
v -0.01346154 -0.00300758 0
v -0.01364896 -0.00276333 0
v -0.01358797 -0.00278859 0
v -0.0135356 -0.00282878 0
v -0.01384084 -0.00278859 0
v -0.01377985 -0.00276333 0
v -0.01371441 -0.00275471 0
v -0.0139334 -0.00288115 0
v -0.01389321 -0.00282878 0
v -0.01384084 -0.00278859 -0.0001
v -0.01396691 -0.00257023 -0.0001
v -0.01377985 -0.00276333 -0.0001
v -0.01384511 -0.00251978 -0.0001
v -0.01371441 -0.00275471 -0.0001
v -0.01371441 -0.00250257 -0.0001
v -0.01364896 -0.00276333 -0.0001
v -0.0135837 -0.00251978 -0.0001
v -0.01358797 -0.00278859 -0.0001
v -0.0134619 -0.00257023 -0.0001
v -0.0135356 -0.00282878 -0.0001
v -0.01335731 -0.00265048 -0.0001
v -0.01349542 -0.00288115 -0.0001
v -0.01327705 -0.00275507 -0.0001
v -0.01347016 -0.00294213 -0.0001
v -0.0132266 -0.00287687 -0.0001
v -0.01346154 -0.00300758 -0.0001
v -0.0132094 -0.00300758 -0.0001
v -0.01347016 -0.00307303 -0.0001
v -0.0132266 -0.00313829 -0.0001
v -0.01349542 -0.00313401 -0.0001
v -0.01327705 -0.00326009 -0.0001
v -0.0135356 -0.00318638 -0.0001
v -0.01335731 -0.00336468 -0.0001
v -0.01358797 -0.00322657 -0.0001
v -0.0134619 -0.00344493 -0.0001
v -0.01364896 -0.00325183 -0.0001
v -0.0135837 -0.00349538 -0.0001
v -0.01371441 -0.00326045 -0.0001
v -0.01371441 -0.00351259 -0.0001
v -0.01377985 -0.00325183 -0.0001
v -0.01384511 -0.00349538 -0.0001
v -0.01384084 -0.00322657 -0.0001
v -0.01396691 -0.00344493 -0.0001
v -0.01389321 -0.00318638 -0.0001
v -0.0140715 -0.00336468 -0.0001
v -0.0139334 -0.00313401 -0.0001
v -0.01415176 -0.00326009 -0.0001
v -0.01395866 -0.00307303 -0.0001
v -0.01420221 -0.00313829 -0.0001
v -0.01396727 -0.00300758 -0.0001
v -0.01421942 -0.00300758 -0.0001
v -0.01395866 -0.00294213 -0.0001
v -0.01420221 -0.00287687 -0.0001
v -0.0139334 -0.00288115 -0.0001
v -0.01415176 -0.00275507 -0.0001
v -0.01389321 -0.00282878 -0.0001
v -0.0140715 -0.00265048 -0.0001
v -0.0132094 -0.00300758 0
v -0.0132266 -0.00287687 0
v -0.01327705 -0.00275507 0
v -0.01335731 -0.00265048 0
v -0.0134619 -0.00257023 0
v -0.0135837 -0.00251978 0
v -0.01371441 -0.00250257 0
v -0.01384511 -0.00251978 0
v -0.01396691 -0.00257023 0
v -0.0140715 -0.00265048 0
v -0.01415176 -0.00275507 0
v -0.01420221 -0.00287687 0
v -0.01421942 -0.00300758 0
v -0.01420221 -0.00313829 0
v -0.01415176 -0.00326009 0
v -0.0140715 -0.00336468 0
v -0.01396691 -0.00344493 0
v -0.01384511 -0.00349538 0
v -0.01371441 -0.00351259 0
v -0.0135837 -0.00349538 0
v -0.0134619 -0.00344493 0
v -0.01335731 -0.00336468 0
v -0.01327705 -0.00326009 0
v -0.0132266 -0.00313829 0
v 0.01552935 0.00052698 -0.0001
v 0.01552935 0.00052698 0
v 0.01538662 0.00056281 0
v 0.01538662 0.00056281 -0.0001
v 0.01528401 0.00056446 0
v 0.01528401 0.00056446 -0.0001
v 0.01519558 0.00054409 0
v 0.01519558 0.00054409 -0.0001
v 0.01511604 0.00050256 -0
v 0.01511604 0.00050256 -0.0001
v 0.01504601 0.00044088 0
v 0.01504601 0.00044088 -0.0001
v 0.01498803 0.00036458 0
v 0.01498803 0.00036458 -0.0001
v 0.01552935 -0.00124855 -0.0001
v 0.01552935 -0.00124855 0
v 0.01618976 -0.00124855 -0.0001
v 0.01618976 -0.00124855 0
v 0.01618976 0.00107913 -0.0001
v 0.01618976 0.00107913 0
v 0.01482291 0.00107913 -0.0001
v 0.01482291 0.00107913 0
v 0.01433844 0.00066389 -0.0001
v 0.01433844 0.00066389 0
v 0.01442193 0.00080556 0
v 0.01442193 0.00080556 -0.0001
v 0.01453429 0.00092563 0
v 0.01453429 0.00092563 -0.0001
v 0.01467014 0.0010183 0
v 0.01467014 0.0010183 -0.0001
v 0.01433844 -0.00124855 -0.0001
v 0.01433844 -0.00124855 0
v 0.00936387 0.0021933 -0.0001
v 0.0091362 0.00183247 -0.0001
v 0.00848704 0.00192452 -0.0001
v 0.00996457 -0.00047988 -0.0001
v 0.00996457 -0.00124855 -0.0001
v 0.00971232 -0.00033239 -0.0001
v 0.00938797 -0.00098995 -0.0001
v 0.00942578 -5.675E-05 -0.0001
v 0.00834403 0.00147326 -0.0001
v 0.00899483 0.00137704 -0.0001
v 0.00830108 0.00078978 -0.0001
v 0.00895396 0.00105039 -0.0001
v 0.00898834 0.00075525 -0.0001
v 0.00839779 0.00025926 -0.0001
v 0.00910943 0.00041895 -0.0001
v 0.0086287 -0.00024259 -0.0001
v 0.00897534 -0.00067613 -0.0001
v 0.00871528 0.00228254 -0.0001
v 0.00921583 0.00280595 -0.0001
v 0.00979537 0.0026078 -0.0001
v 0.0096756 0.00313735 -0.0001
v 0.0101679 0.00281709 -0.0001
v 0.01023153 0.00336413 -0.0001
v 0.01068452 0.00295776 -0.0001
v 0.01094772 0.00349116 -0.0001
v 0.01269874 0.00302807 -0.0001
v 0.0125537 0.00351272 -0.0001
v 0.01339171 0.00295464 -0.0001
v 0.01393797 0.00332994 -0.0001
v 0.01509657 0.00250627 -0.0001
v 0.01638447 0.00235631 -0.0001
v 0.01596945 0.00218105 -0.0001
v 0.01638447 0.00191977 -0.0001
v 0.00996457 -0.00124855 0
v 0.00938797 -0.00098995 0
v 0.00897534 -0.00067613 0
v 0.0086287 -0.00024259 0
v 0.00839779 0.00025926 0
v 0.00830108 0.00078978 0
v 0.00834403 0.00147326 0
v 0.00848704 0.00192452 0
v 0.00871528 0.00228254 0
v 0.00921583 0.00280595 0
v 0.0096756 0.00313735 0
v 0.01023153 0.00336413 0
v 0.01094772 0.00349116 0
v 0.0125537 0.00351272 0
v 0.01393797 0.00332994 0
v 0.01638447 0.00235631 0
v 0.00996457 -0.00047988 0
v 0.01339171 0.00295464 -0
v 0.01269874 0.00302807 -0
v 0.00936387 0.0021933 -0
v 0.0091362 0.00183247 -0
v 0.00899483 0.00137704 -0
v 0.00895396 0.00105039 -0
v 0.00898834 0.00075525 -0
v 0.00910943 0.00041895 -0
v 0.00942578 -5.675E-05 -0
v 0.00971232 -0.00033239 -0
v 0.01093799 0.00299164 0
v 0.01068452 0.00295776 -0
v 0.0101679 0.00281709 -0
v 0.01015424 0.00281143 -0
v 0.00979537 0.0026078 -0
v 0.01425659 0.00276855 0
v 0.01509657 0.00250627 -0
v 0.01596945 0.00218105 -0
v 0.01638447 0.00191977 0
v 0.01724846 0.00183698 -0.0001
v 0.01724846 0.00115582 -0.0001
v 0.01659364 0.00183698 -0.0001
v 0.01659364 0.00115582 -0.0001
v 0.01659364 0.00115582 0
v 0.01724846 0.00115582 0
v 0.01724846 0.00183698 0
v 0.01659364 0.00183698 0
v 0.01724846 0.00107913 -0.0001
v 0.01724846 -0.0008588 -0.0001
v 0.01659364 0.00107913 -0.0001
v 0.01685871 -0.00124855 -0.0001
v 0.01659364 -0.00124855 -0.0001
v 0.01659364 -0.00124855 0
v 0.01685871 -0.00124855 0
v 0.01724846 -0.0008588 0
v 0.01724846 0.00107913 0
v 0.01659364 0.00107913 0
v 0.01011827 -0.00244565 -0.0001
v 0.01011827 -0.00148162 -0.0001
v 0.01132842 -0.00208536 -0.0001
v 0.01323996 -0.00336866 -0.0001
v 0.01757586 0.00151051 -0.0001
v 0.01772734 0.00142549 -0.0001
v 0.01740307 0.00115582 -0.0001
v 0.01790743 0.00126745 -0.0001
v 0.01780764 0.00059069 -0.0001
v 0.01813125 0.00095498 -0.0001
v 0.01804546 0.00011851 -0.0001
v 0.01851692 3.93E-05 -0.0001
v 0.0181367 -0.00027422 -0.0001
v 0.01863325 -0.00052395 -0.0001
v 0.01813367 -0.00068507 -0.0001
v 0.01800347 -0.00123075 -0.0001
v 0.01369242 -0.00263893 -0.0001
v 0.01387919 -0.00264856 -0.0001
v 0.01558762 -0.00339795 -0.0001
v 0.01608392 -0.00256746 -0.0001
v 0.01666538 -0.00318671 -0.0001
v 0.01745451 -0.00283101 -0.0001
v 0.01861176 -0.00129535 -0.0001
v 0.01854319 -0.00162467 -0.0001
v 0.01778526 -0.00165888 -0.0001
v 0.01838777 -0.00193514 -0.0001
v 0.01752754 -0.00196265 -0.0001
v 0.01803414 -0.00236754 -0.0001
v 0.01738234 -0.00208179 -0.0001
v 0.01693218 -0.00232903 -0.0001
v 0.01757586 0.00151051 -0
v 0.01740307 0.00115582 0
v 0.01011827 -0.00148162 0
v 0.01015479 -0.00150061 -0
v 0.01046339 -0.0016802 0
v 0.01092018 -0.00192846 0
v 0.01132842 -0.00208536 -0
v 0.01369242 -0.00263893 0
v 0.01387919 -0.00264856 0
v 0.01608392 -0.00256746 0
v 0.01693218 -0.00232903 0
v 0.01738234 -0.00208179 -0
v 0.01752754 -0.00196265 -0
v 0.01778526 -0.00165888 -0
v 0.01800347 -0.00123075 -0
v 0.01813367 -0.00068507 -0
v 0.0181367 -0.00027422 -0
v 0.01804546 0.00011851 0
v 0.01796024 0.00031807 0
v 0.01780764 0.00059069 -0
v 0.01011827 -0.00244565 0
v 0.01011827 -0.002199 0
v 0.01011827 -0.00165906 0
v 0.01772734 0.00142549 0
v 0.01790743 0.00126745 0
v 0.01813125 0.00095498 -0
v 0.01851692 3.93E-05 0
v 0.01863325 -0.00052395 -0
v 0.01861176 -0.00129535 0
v 0.01854319 -0.00162467 0
v 0.01838777 -0.00193514 0
v 0.01803414 -0.00236754 0
v 0.01745451 -0.00283101 -0
v 0.01666538 -0.00318671 0
v 0.01558762 -0.00339795 -0
v 0.01323996 -0.00336866 0
v -0.02379904 -0.00075 0.003
v -0.02394889 -0.00038823 0.003
v -0.0225 0 0.003
v -0.024 0 0.003
v -0.02394889 0.00038823 0.003
v -0.02288823 -0.00144889 0.003
v -0.02325 -0.00129904 0.003
v -0.02356066 -0.00106066 0.003
v -0.02175 -0.00129904 0.003
v -0.02211177 -0.00144889 0.003
v -0.0225 -0.0015 0.003
v -0.02105111 -0.00038823 0.003
v -0.02120096 -0.00075 0.003
v -0.02143934 -0.00106066 0.003
v -0.02120096 0.00075 0.003
v -0.02105111 0.00038823 0.003
v -0.021 0 0.003
v -0.02211177 0.00144889 0.003
v -0.02175 0.00129904 0.003
v -0.02143934 0.00106066 0.003
v -0.02325 0.00129904 0.003
v -0.02288823 0.00144889 0.003
v -0.0225 0.0015 0.003
v -0.02379904 0.00075 0.003
v -0.02356066 0.00106066 0.003
v -0.024 -0 0
v -0.02394889 0.00038823 0
v -0.02379904 0.00075 0
v -0.02356066 0.00106066 0
v -0.02325 0.00129904 0
v -0.02288823 0.00144889 0
v -0.0225 0.0015 0
v -0.02211177 0.00144889 0
v -0.02175 0.00129904 0
v -0.02143934 0.00106066 0
v -0.02120096 0.00075 0
v -0.02105111 0.00038823 0
v -0.021 0 0
v -0.02105111 -0.00038823 0
v -0.02120096 -0.00075 0
v -0.02143934 -0.00106066 0
v -0.02175 -0.00129904 0
v -0.02211177 -0.00144889 0
v -0.0225 -0.0015 0
v -0.02288823 -0.00144889 0
v -0.02325 -0.00129904 0
v -0.02356066 -0.00106066 0
v -0.02379904 -0.00075 0
v -0.02394889 -0.00038823 0
v 0.02379904 0.00075 0.003
v 0.02394889 0.00038823 0.003
v 0.0225 0 0.003
v 0.024 0 0.003
v 0.02394889 -0.00038823 0.003
v 0.02288823 0.00144889 0.003
v 0.02325 0.00129904 0.003
v 0.02356066 0.00106066 0.003
v 0.02175 0.00129904 0.003
v 0.02211177 0.00144889 0.003
v 0.0225 0.0015 0.003
v 0.02105111 0.00038823 0.003
v 0.02120096 0.00075 0.003
v 0.02143934 0.00106066 0.003
v 0.02120096 -0.00075 0.003
v 0.02105111 -0.00038823 0.003
v 0.021 -0 0.003
v 0.02211177 -0.00144889 0.003
v 0.02175 -0.00129904 0.003
v 0.02143934 -0.00106066 0.003
v 0.02325 -0.00129904 0.003
v 0.02288823 -0.00144889 0.003
v 0.0225 -0.0015 0.003
v 0.02379904 -0.00075 0.003
v 0.02356066 -0.00106066 0.003
v 0.021 -0 0
v 0.02105111 0.00038823 0
v 0.02120096 0.00075 0
v 0.02143934 0.00106066 0
v 0.02175 0.00129904 0
v 0.02211177 0.00144889 0
v 0.0225 0.0015 0
v 0.02288823 0.00144889 0
v 0.02325 0.00129904 0
v 0.02356066 0.00106066 0
v 0.02379904 0.00075 0
v 0.02394889 0.00038823 0
v 0.024 0 0
v 0.02394889 -0.00038823 0
v 0.02379904 -0.00075 0
v 0.02356066 -0.00106066 0
v 0.02325 -0.00129904 0
v 0.02288823 -0.00144889 0
v 0.0225 -0.0015 0
v 0.02211177 -0.00144889 0
v 0.02175 -0.00129904 0
v 0.02143934 -0.00106066 0
v 0.02120096 -0.00075 0
v 0.02105111 -0.00038823 0
v -0.04525837 0.00243697 0.00304468
v -0.04530364 0.00243697 0.00325243
v -0.04523861 0.00365112 0.00330569
v -0.03633887 0.01226974 0.00329266
v -0.03723483 0.01215329 0.00332881
v -0.03724495 0.01220872 0.00400889
v -0.0378748 0.01200958 0.00469778
v -0.03723484 0.01215383 0.00466957
v -0.04486175 0.0053871 0.00471852
v -0.04529849 0.00365843 0.00398287
v -0.04515226 0.00424302 0.00466995
v -0.04537407 0.00243697 0.00397897
v -0.04533223 0.00243697 0.00457742
v -0.04438995 0.00659334 0.00476031
v -0.04423359 0.00707045 0.00410588
v -0.04492294 0.00540614 0.00405476
v -0.04416864 0.00703638 0.00477293
v -0.04309943 0.0086507 0.00480394
v -0.04326986 0.00856273 0.00413361
v -0.04216667 0.00965032 0.00480775
v -0.04206517 0.00985035 0.00413796
v -0.04150068 0.01021883 0.0048022
v -0.04062683 0.01091777 0.0041185
v -0.03941724 0.01147041 0.00475487
v -0.03900033 0.01171741 0.00407513
v -0.04017602 0.01109307 0.00477657
v -0.04058744 0.0108532 0.00478633
v -0.03897616 0.01165408 0.00474022
v -0.03812017 0.01195438 0.00336067
v -0.03543697 0.01230364 0.00325243
v -0.03543697 0.01237338 0.00392277
v -0.03543697 0.01237407 0.00397897
v -0.03543697 0.01233223 0.00457742
v -0.03543697 0.01225837 0.00304468
v -0.03632179 0.01208133 0.0026034
v -0.03720159 0.01197184 0.00263344
v -0.04475078 0.00359134 0.001974
v -0.04492751 0.00243697 0.00216331
v -0.04505251 0.00362832 0.00261423
v -0.04510971 0.00243697 0.00256982
v -0.03714709 0.01167449 0.00198893
v -0.03807163 0.01178081 0.00265995
v -0.03898392 0.01167441 0.00338779
v -0.04060643 0.01088428 0.00342649
v -0.04204114 0.00982345 0.00344389
v -0.04324085 0.0085401 0.00344
v -0.04419711 0.00705133 0.00341522
v -0.04487592 0.00539155 0.00336963
v -0.03543697 0.01210971 0.00256982
v -0.03543697 0.01192751 0.00216331
v -0.03543697 0.01180232 0.00193907
v -0.0370723 0.01126651 0.00140208
v -0.03543697 0.01139982 0.00138368
v -0.03699232 0.01083032 0.00095993
v -0.04470495 0.00533843 0.00266741
v -0.04404402 0.00697105 0.00270542
v -0.04441916 0.00524963 0.00201535
v -0.04378208 0.00683369 0.00204493
v -0.04402379 0.00512676 0.00142089
v -0.04341626 0.00664185 0.00144195
v -0.04359921 0.00499482 0.00097272
v -0.04302146 0.00643481 0.00098704
v -0.04302461 0.00481624 0.0005433
v -0.04248575 0.00615386 0.00055107
v -0.04243671 0.00463353 0.00025153
v -0.04193694 0.00586605 0.00025496
v -0.04180083 0.00443591 6.93E-05
v -0.04134323 0.00555468 7.019E-05
v -0.04310729 0.00843584 0.0027261
v -0.04287568 0.00825505 0.00206104
v -0.04255053 0.00800121 0.00145343
v -0.04219864 0.0077265 0.00099484
v -0.04172048 0.0073532 0.0005553
v -0.04123028 0.00697049 0.00025682
v -0.04069993 0.00655644 7.067E-05
v -0.04192862 0.00969749 0.00272936
v -0.04173309 0.00947861 0.00206358
v -0.04145832 0.00917104 0.00145523
v -0.04116082 0.00883804 0.00099607
v -0.04075647 0.00838542 0.00055596
v -0.04034189 0.00792136 0.00025712
v -0.03989333 0.00741927 7.074E-05
v -0.04051724 0.01073801 0.00271483
v -0.04036371 0.01048625 0.00205226
v -0.04014878 0.01013381 0.00144717
v -0.03991652 0.00975297 0.00099059
v -0.03960117 0.00923588 0.00055299
v -0.03927799 0.00870598 0.00025581
v -0.03892835 0.00813269 7.04E-05
v -0.03892097 0.01150943 0.00268255
v -0.03881476 0.01123111 0.00202712
v -0.03866729 0.01084463 0.00142927
v -0.0385086 0.01042878 0.00097842
v -0.03829361 0.00986538 0.00054639
v -0.03807354 0.00928865 0.0002529
v -0.03783549 0.00866482 6.965E-05
v -0.03543697 0.01094473 0.00093537
v -0.03543697 0.01070453 0.00074897
v -0.03688432 0.01024136 0.00053635
v -0.03543697 0.01035113 0.00052273
v -0.03677394 0.00963946 0.00024847
v -0.03543697 0.00988015 0.00029435
v -0.03665458 0.00898857 6.85E-05
v -0.03543697 0.00897235 4.499E-05
v -0.0412766 0.00351585 1.6E-07
v -0.04137412 0.00243697 0
v -0.04204661 0.00325972 6.805E-05
v -0.04197235 0.00243697 4.499E-05
v -0.04270115 0.00334 0.00024673
v -0.04288015 0.00243697 0.00029435
v -0.04330647 0.00341423 0.00053242
v -0.04335114 0.00243697 0.00052273
v -0.04389916 0.00348692 0.0009527
v -0.04370453 0.00243697 0.00074897
v -0.04433868 0.00354082 0.00139145
v -0.04439982 0.00243697 0.00138368
v -0.04480232 0.00243697 0.00193907
v -0.0408375 0.00491907 1.6E-07
v -0.04008432 0.00614758 1.6E-07
v -0.03948323 0.00679604 1.6E-07
v -0.03829521 0.00764949 1.6E-07
v -0.03691192 0.00819064 1.6E-07
v -0.03543697 0.00837412 0
v -0.03396848 0.01233223 0.00457742
v -0.02975 0.01233223 0.00457742
v -0.02625 0.01233223 0.00457742
v -0.02275 0.01233223 0.00457742
v -0.01925 0.01233223 0.00457742
v -0.01575 0.01233223 0.00457742
v 0.03543697 0.01237407 0.00397897
v -0.01225 0.01233223 0.00457742
v -0.00875 0.01233223 0.00457742
v -0.00175 0.01233223 0.00457742
v 0.00175 0.01233223 0.00457742
v 0.00525 0.01233223 0.00457742
v 0.00875 0.01233223 0.00457742
v 0.01575 0.01233223 0.00457742
v 0.01925 0.01233223 0.00457742
v 0.02275 0.01233223 0.00457742
v 0.02625 0.01233223 0.00457742
v 0.03543697 0.01233223 0.00457742
v 0.03543697 0.00837412 0
v 0.01794804 0.00837412 0
v 0.03543697 0.00897235 4.499E-05
v 0.01648906 0.00837412 0
v 0.01424642 0.00837412 0
v 0.01093887 0.00837412 0
v 0.0101551 0.00837412 0
v 0.00919815 0.00837412 0
v 0.00370145 0.00837412 0
v 0.00102547 0.00837412 0
v -0.00255782 0.00837412 0
v -0.00524787 0.00837412 0
v -0.007109 0.00837412 0
v -0.00740596 0.00837412 0
v -0.00996128 0.00837412 0
v -0.01026422 0.00837412 0
v -0.01155839 0.00837412 0
v -0.01290151 0.00837412 0
v -0.01372411 0.00837412 0
v -0.01449473 0.00837412 0
v -0.01567808 0.00837412 0
v -0.01708878 0.00837412 0
v -0.01853973 0.00837412 0
v -0.01968889 0.00837412 0
v -0.02061341 0.00837412 0
v -0.03268706 0.00837412 0
v 0.03543697 0.01230364 0.00325243
v 0.03543697 0.01225837 0.00304468
v 0.03543697 0.01210971 0.00256982
v 0.03543697 0.01192751 0.00216331
v 0.03543697 0.01180232 0.00193907
v 0.03543697 0.01139982 0.00138368
v 0.03543697 0.01070453 0.00074897
v 0.03543697 0.01035113 0.00052273
v 0.03543697 0.00988015 0.00029435
v -0.04137412 -0.00137646 0
v -0.04137412 -0.00165906 0
v -0.04197235 -0.00243697 4.499E-05
v -0.04137412 -0.002199 0
v -0.04137412 -0.00243697 0
v -0.04533223 -0.00243697 0.00457742
v -0.04537407 -0.00243697 0.00397897
v -0.04536869 -0.00243697 0.00379149
v -0.04525837 -0.00243697 0.00304468
v -0.04492751 -0.00243697 0.00216331
v -0.04439982 -0.00243697 0.00138368
v -0.04373123 -0.00243697 0.00076828
v -0.04370453 -0.00243697 0.00074897
v -0.04288015 -0.00243697 0.00029435
v -0.04215709 -0.00243697 7.738E-05
v 0.03665112 0.01223861 0.00330569
v 0.04526974 0.00333887 0.00329266
v 0.04515329 0.00423483 0.00332881
v 0.04520871 0.00424495 0.00400889
v 0.04500958 0.0048748 0.00469778
v 0.04515383 0.00423484 0.00466957
v 0.0383871 0.01186175 0.00471852
v 0.03665843 0.01229849 0.00398287
v 0.03724302 0.01215226 0.00466995
v 0.03959334 0.01138995 0.00476031
v 0.04007046 0.0112336 0.00410588
v 0.03840614 0.01192294 0.00405476
v 0.04003638 0.01116864 0.00477293
v 0.0416507 0.01009943 0.00480394
v 0.04156273 0.01026986 0.00413361
v 0.04265032 0.00916667 0.00480775
v 0.04285035 0.00906517 0.00413796
v 0.04321883 0.00850068 0.0048022
v 0.04391777 0.00762683 0.0041185
v 0.04447041 0.00641724 0.00475487
v 0.04471741 0.00600033 0.00407513
v 0.04409306 0.00717602 0.00477657
v 0.0438532 0.00758744 0.00478633
v 0.04465409 0.00597616 0.00474022
v 0.04495439 0.00512017 0.00336067
v 0.04530364 0.00243697 0.00325243
v 0.04537338 0.00243697 0.00392277
v 0.04537407 0.00243697 0.00397897
v 0.04533223 0.00243697 0.00457742
v 0.04525837 0.00243697 0.00304468
v 0.04508132 0.00332179 0.0026034
v 0.04497184 0.00420159 0.00263344
v 0.03659134 0.01175078 0.001974
v 0.03662832 0.01205251 0.00261423
v 0.04467449 0.00414709 0.00198893
v 0.04478081 0.00507163 0.00265995
v 0.04467441 0.00598392 0.00338779
v 0.04388428 0.00760643 0.00342649
v 0.04282345 0.00904114 0.00344389
v 0.0415401 0.01024085 0.00344
v 0.04005133 0.01119711 0.00341522
v 0.03839155 0.01187592 0.00336963
v 0.04510971 0.00243697 0.00256982
v 0.04492751 0.00243697 0.00216331
v 0.04480232 0.00243697 0.00193907
v 0.04426651 0.0040723 0.00140208
v 0.04439982 0.00243697 0.00138368
v 0.04383032 0.00399232 0.00095993
v 0.03833843 0.01170495 0.00266741
v 0.03997105 0.01104402 0.00270542
v 0.03824963 0.01141916 0.00201535
v 0.03983369 0.01078208 0.00204493
v 0.03812676 0.01102379 0.00142089
v 0.03964185 0.01041626 0.00144195
v 0.03799482 0.01059921 0.00097272
v 0.03943481 0.01002146 0.00098704
v 0.03781624 0.01002461 0.0005433
v 0.03915386 0.00948575 0.00055107
v 0.03763353 0.00943671 0.00025153
v 0.03886605 0.00893694 0.00025496
v 0.03743591 0.00880084 6.93E-05
v 0.03855468 0.00834323 7.019E-05
v 0.04143585 0.01010728 0.0027261
v 0.04125505 0.00987569 0.00206104
v 0.04100121 0.00955053 0.00145343
v 0.04072649 0.00919864 0.00099484
v 0.04035319 0.00872048 0.0005553
v 0.03997049 0.00823028 0.00025682
v 0.03955644 0.00769993 7.067E-05
v 0.04269749 0.00892862 0.00272936
v 0.04247861 0.00873309 0.00206358
v 0.04217104 0.00845831 0.00145523
v 0.04183803 0.00816082 0.00099607
v 0.04138542 0.00775647 0.00055596
v 0.04092136 0.00734189 0.00025712
v 0.04041927 0.00689333 7.074E-05
v 0.04373801 0.00751724 0.00271483
v 0.04348625 0.00736372 0.00205226
v 0.04313381 0.00714878 0.00144717
v 0.04275297 0.00691652 0.00099059
v 0.04223588 0.00660116 0.00055299
v 0.04170598 0.00627799 0.00025581
v 0.04113269 0.00592835 7.04E-05
v 0.04450943 0.00592097 0.00268255
v 0.04423111 0.00581476 0.00202712
v 0.04384463 0.00566729 0.00142927
v 0.04342877 0.0055086 0.00097842
v 0.04286538 0.00529361 0.00054639
v 0.04228865 0.00507354 0.0002529
v 0.04166482 0.00483549 6.965E-05
v 0.04394474 0.00243697 0.00093537
v 0.04370453 0.00243697 0.00074897
v 0.04324136 0.00388432 0.00053635
v 0.04335114 0.00243697 0.00052273
v 0.04263946 0.00377394 0.00024847
v 0.04288015 0.00243697 0.00029435
v 0.04198857 0.00365458 6.85E-05
v 0.04197235 0.00243697 4.499E-05
v 0.03651585 0.0082766 1.6E-07
v 0.03625972 0.00904661 6.805E-05
v 0.03633999 0.00970115 0.00024673
v 0.03641423 0.01030647 0.00053242
v 0.03648692 0.01089916 0.0009527
v 0.03654081 0.01133869 0.00139145
v 0.03791907 0.0078375 1.6E-07
v 0.03914758 0.00708432 1.6E-07
v 0.03979604 0.00648323 1.6E-07
v 0.04064949 0.00529521 1.6E-07
v 0.04119064 0.00391192 1.6E-07
v 0.04137412 0.00243697 0
v -0.04028704 -0.01102918 0.00477925
v -0.04032456 -0.01109591 0.00397709
v -0.04031218 -0.01107388 0.00355043
v -0.04027606 -0.01100964 0.00311531
v -0.04021477 -0.01090063 0.0026798
v -0.04012776 -0.01074586 0.00225287
v -0.0400155 -0.01054618 0.00184388
v -0.03987954 -0.01030437 0.00146198
v -0.03954781 -0.00971433 0.00081103
v -0.04059964 -0.00901915 0.00081598
v -0.04011352 -0.00839808 0.00034815
v -0.03960314 -0.00774602 8.16E-05
v -0.04125906 -0.00360995 0
v -0.04091824 -0.00473362 0
v -0.04186507 -0.00444589 8.001E-05
v -0.0403646 -0.00576533 0
v -0.04099072 -0.00627291 8.147E-05
v -0.0440385 -0.00511796 0.00143788
v -0.04382124 -0.00576313 0.00144791
v -0.04429348 -0.00594923 0.00223154
v -0.04355506 -0.00639011 0.00145638
v -0.04324104 -0.00699478 0.00146321
v -0.04367882 -0.00724941 0.00225472
v -0.04288036 -0.007573 0.00146832
v -0.04452419 -0.00526815 0.00221634
v -0.04457865 -0.00606161 0.00308725
v -0.04481966 -0.00535951 0.00306721
v -0.0446764 -0.00610014 0.00394398
v -0.04492419 -0.00539184 0.00392032
v -0.04362439 -0.00808491 0.00399195
v -0.04402523 -0.00745089 0.00397996
v -0.04360479 -0.00807142 0.0035643
v -0.04394013 -0.0074014 0.00311775
v -0.04354513 -0.00803037 0.00312793
v -0.04437632 -0.0067879 0.00396392
v -0.04431 -0.00675578 0.004765
v -0.0444681 -0.00641614 0.00475467
v -0.04310886 -0.00773021 0.00185184
v -0.04329726 -0.00785984 0.00226246
v -0.04344294 -0.00796007 0.00269098
v -0.04095757 -0.00763018 0.00034863
v -0.04232206 -0.00718889 0.00081449
v -0.04153262 -0.00817083 0.00081716
v -0.04202661 -0.00863525 0.00147322
v -0.04101735 -0.00955281 0.00147106
v -0.04222858 -0.00882513 0.00185799
v -0.0411882 -0.0097711 0.00185527
v -0.04239491 -0.0089815 0.00226988
v -0.04132899 -0.00995096 0.00226661
v -0.04252329 -0.0091022 0.00269961
v -0.04143774 -0.0100899 0.0026958
v -0.04261306 -0.00918658 0.00313768
v -0.04151388 -0.01018718 0.00313338
v -0.04266508 -0.00923549 0.003575
v -0.04155815 -0.01024374 0.00357028
v -0.04268157 -0.00925099 0.00400343
v -0.04157242 -0.01026196 0.00399838
v -0.04149873 -0.01021649 0.00480195
v -0.04085799 -0.01067786 0.00479175
v -0.04289091 -0.0035739 0.00033537
v -0.04365809 -0.00368944 0.00078453
v -0.04432241 -0.00378948 0.00141343
v -0.04438731 -0.00311424 0.00139918
v -0.04482702 -0.00386547 0.00217926
v -0.04489727 -0.00315236 0.00215763
v -0.04513949 -0.00391253 0.0030183
v -0.04521621 -0.00317621 0.00298972
v -0.04525808 -0.00393039 0.00386242
v -0.04534186 -0.0031856 0.0038285
v -0.04339427 -0.00491875 0.00079788
v -0.04264786 -0.00468795 0.0003408
v -0.04294636 -0.00609529 0.00080798
v -0.04223936 -0.00575285 0.0003449
v -0.04167257 -0.00674203 0.00034755
v -0.04420586 -0.00445873 0.00142636
v -0.04470236 -0.00457214 0.00219887
v -0.04500697 -0.00464172 0.00304418
v -0.04511848 -0.00466719 0.00389307
v -0.0427056 -0.00910449 0.00480735
v -0.04321893 -0.00850063 0.0048022
v -0.04355861 -0.00803965 0.0047953
v -0.04410941 -0.00714462 0.00477571
v -0.04401131 -0.0066111 0.00224438
v -0.04428507 -0.00674369 0.00310414
v -0.04486289 -0.00537288 0.00471777
v -0.0450129 -0.00485099 0.00469661
v -0.04520704 -0.0039227 0.00465484
v 0.04533223 -0.00243697 0.00457742
v 0.04537407 -0.00243697 0.00397897
v 0.04137412 -0.00243697 0
v 0.04137412 -0.002199 0
v 0.04197235 -0.00243697 4.499E-05
v 0.04137412 -0.00165906 0
v 0.04137412 -0.00137646 0
v 0.04530764 -0.00243697 0.00327377
v 0.04525837 -0.00243697 0.00304468
v 0.04511751 -0.00243697 0.00259037
v 0.04492751 -0.00243697 0.00216331
v 0.04439982 -0.00243697 0.00138368
v 0.04370453 -0.00243697 0.00074897
v 0.04335107 -0.00243697 0.00052269
v 0.04288015 -0.00243697 0.00029435
v 0.03543697 -0.00893862 4.003E-05
v 0.03543697 -0.00985905 0.00028584
v -0.03268706 -0.00837412 0
v -0.02061341 -0.00837412 0
v -0.01968889 -0.00837412 0
v -0.01853973 -0.00837412 0
v -0.01708878 -0.00837412 0
v -0.01567808 -0.00837412 0
v -0.01449473 -0.00837412 0
v -0.01372411 -0.00837412 0
v -0.01290151 -0.00837412 0
v -0.01155839 -0.00837412 0
v -0.01026422 -0.00837412 0
v -0.00996128 -0.00837412 0
v -0.00740596 -0.00837412 0
v -0.007109 -0.00837412 0
v -0.00524787 -0.00837412 0
v -0.00255782 -0.00837412 0
v 0.00102547 -0.00837412 0
v 0.00370145 -0.00837412 0
v 0.00919815 -0.00837412 0
v 0.0101551 -0.00837412 0
v 0.01093887 -0.00837412 0
v 0.01424642 -0.00837412 0
v 0.01648906 -0.00837412 0
v 0.01794804 -0.00837412 0
v 0.03543697 -0.00837412 0
v 0.03543697 -0.01069525 0.00074234
v 0.03543697 -0.01035107 0.00052269
v 0.03543697 -0.0109442 0.00093492
v 0.03543697 -0.01139978 0.00138363
v 0.03543697 -0.01181382 0.00195831
v 0.03543697 -0.01193267 0.00217333
v 0.03543697 -0.01211751 0.00259038
v 0.03543697 -0.01226371 0.00306666
v 0.03543697 -0.01230764 0.00327377
v 0.03543697 -0.01237364 0.00393762
v 0.03543697 -0.0123741 0.00401293
v 0.03543697 -0.01233223 0.00457742
v 0.0380736 -0.01178797 0.00268112
v 0.03720292 -0.01197925 0.00265443
v 0.03714912 -0.01168568 0.00200864
v 0.03723488 -0.01215442 0.00466964
v 0.0372446 -0.01220698 0.00402404
v 0.03785154 -0.01201613 0.00469684
v 0.04058734 -0.01085308 0.0047863
v 0.04206363 -0.00984862 0.00415327
v 0.04201227 -0.00979113 0.00480695
v 0.04150065 -0.01021866 0.00480217
v 0.04062565 -0.01091587 0.00413379
v 0.04113135 -0.01049342 0.00479679
v 0.04294771 -0.00883288 0.00480565
v 0.04326808 -0.00856128 0.00414891
v 0.04320797 -0.00851432 0.00480233
v 0.04486164 -0.00538693 0.00471848
v 0.04447019 -0.00641736 0.00475484
v 0.04423171 -0.00706936 0.00412115
v 0.04430259 -0.00677454 0.00476563
v 0.04321866 -0.00850064 0.00480217
v 0.03633918 -0.01227328 0.00331422
v 0.03632247 -0.01208895 0.00262419
v 0.04524757 -0.003652 0.00464173
v 0.04529686 -0.00365807 0.00399799
v 0.04524209 -0.00365139 0.0033273
v 0.04506008 -0.0036291 0.00263508
v 0.04471205 -0.00534051 0.00268863
v 0.04487899 -0.00539237 0.00339153
v 0.04441961 -0.00617248 0.00270985
v 0.04457796 -0.00623794 0.00341694
v 0.04511239 -0.0044391 0.00467882
v 0.0449211 -0.00540543 0.00406997
v 0.04419975 -0.00705261 0.00343732
v 0.0432431 -0.0085418 0.00346221
v 0.04204301 -0.00982552 0.00346612
v 0.04060791 -0.01088676 0.00344864
v 0.03981454 -0.01131982 0.00343181
v 0.03973999 -0.01116781 0.00272228
v 0.03892355 -0.0115163 0.00270386
v 0.03881876 -0.01124167 0.00204719
v 0.038121 -0.01195749 0.00338253
v 0.03898499 -0.0116773 0.00340977
v 0.03899956 -0.01171551 0.00409037
v 0.03723541 -0.01215661 0.00335052
v 0.04405048 -0.00697434 0.00272689
v 0.04379208 -0.00683884 0.00206516
v 0.03707488 -0.01128072 0.00141908
v 0.03699219 -0.01082975 0.00095951
v 0.04134326 -0.00555463 7.022E-05
v 0.04180086 -0.00443582 6.933E-05
v 0.0419374 -0.00586621 0.00025517
v 0.0424372 -0.00463358 0.00025174
v 0.04248573 -0.00615377 0.00055102
v 0.04302458 -0.00481612 0.00054325
v 0.04302098 -0.00643447 0.00098662
v 0.04359869 -0.00499454 0.0009723
v 0.04342911 -0.00664849 0.00145944
v 0.04403762 -0.00513094 0.00143811
v 0.04443 -0.00525287 0.0020353
v 0.04311296 -0.00844021 0.00274771
v 0.04288454 -0.00826191 0.00208142
v 0.04256196 -0.00801007 0.00147105
v 0.04219821 -0.0077261 0.00099442
v 0.04172046 -0.00735312 0.00055525
v 0.04123069 -0.00697077 0.00025703
v 0.04069995 -0.00655642 7.07E-05
v 0.04193339 -0.00970281 0.00275099
v 0.04174055 -0.00948695 0.00208398
v 0.04146796 -0.00918182 0.00147288
v 0.04116044 -0.0088376 0.00099565
v 0.04075643 -0.00838537 0.00055591
v 0.04034222 -0.00792172 0.00025732
v 0.03989334 -0.00741927 7.078E-05
v 0.04052098 -0.01074417 0.00273636
v 0.04036954 -0.01049584 0.00207255
v 0.04015629 -0.01014616 0.00146472
v 0.03991621 -0.00975248 0.00099016
v 0.03960112 -0.00923584 0.00055294
v 0.03927823 -0.0087064 0.00025601
v 0.03892834 -0.0081327 7.044E-05
v 0.03867241 -0.01085815 0.0014466
v 0.03850836 -0.01042824 0.000978
v 0.03829356 -0.00986533 0.00054634
v 0.03807369 -0.00928911 0.0002531
v 0.03783546 -0.00866483 6.969E-05
v 0.03688429 -0.0102413 0.0005363
v 0.03677401 -0.00963994 0.00024867
v 0.03665457 -0.00898857 6.854E-05
v 0.0412766 -0.00351585 1.6E-07
v 0.04204663 -0.00325962 6.809E-05
v 0.04270164 -0.00333994 0.00024693
v 0.04330642 -0.0034141 0.00053238
v 0.0438986 -0.00348672 0.00095229
v 0.04435303 -0.00354243 0.00140832
v 0.04476213 -0.00359258 0.00199357
v 0.0408375 -0.00491907 1.6E-07
v 0.04008432 -0.00614758 1.6E-07
v 0.03948323 -0.00679604 1.6E-07
v 0.03829521 -0.00764949 1.6E-07
v 0.03691192 -0.00819064 1.6E-07
v 0.04265249 -0.00072765 0.02265302
v 0.04268394 -0 0.02266644
v 0.04232808 -0.00144915 0.024
v 0.04246235 2.732E-05 0.024
v 0.04232808 0.00144915 0.024
v 0.04265249 0.00072765 0.02265302
v 0.04289526 0 0.02128223
v -0.04265249 0.00072765 0.02265302
v -0.04268394 -0 0.02266644
v -0.04232808 0.00144915 0.024
v -0.04246235 -2.732E-05 0.024
v -0.04232808 -0.00144915 0.024
v -0.04265249 -0.00072765 0.02265302
v -0.04289526 -0 0.02128223
v -0.03529108 0.01218634 0.00557743
v -0.03661009 0.0086627 0.024
v -0.03396848 0.01086374 0.01464352
v -0.03260352 0.00949878 0.024
v -0.0342708 0.00935975 0.024
v -0.03870044 0.00741845 0.024
v -0.04041845 0.00570044 0.024
v -0.0416627 0.00361009 0.024
v 0.03260352 0.00949878 0.024
v 0.0342708 0.00935975 0.024
v 0.03661009 0.0086627 0.024
v 0.03529108 0.01218634 0.00557743
v 0.03870044 0.00741845 0.024
v 0.04041845 0.00570044 0.024
v 0.0416627 0.00361009 0.024
v -0.0416627 -0.00361009 0.024
v -0.04041845 -0.00570044 0.024
v -0.03870044 -0.00741845 0.024
v -0.03661009 -0.0086627 0.024
v -0.0342708 -0.00935975 0.024
v -0.03260352 -0.00949878 0.024
v 0.03260352 -0.00949878 0.024
v 0.0342708 -0.00935975 0.024
v 0.03661009 -0.0086627 0.024
v 0.03870044 -0.00741845 0.024
v 0.04041845 -0.00570044 0.024
v 0.0416627 -0.00361009 0.024
v 0.02625 0.00949878 0.024
v 0.02275 0.00949878 0.024
v 0.01925 0.00949878 0.024
v 0.01575 0.00949878 0.024
v 0.00875 0.00949878 0.024
v 0.00525 0.00949878 0.024
v 0.00175 0.00949878 0.024
v -0.00175 0.00949878 0.024
v -0.00875 0.00949878 0.024
v -0.01225 0.00949878 0.024
v -0.01575 0.00949878 0.024
v -0.01925 0.00949878 0.024
v -0.02275 0.00949878 0.024
v -0.02625 0.00949878 0.024
v -0.02975 0.00949878 0.024
v -0.02975 0.01218634 0.00557743
v -0.03396848 0.01218634 0.00557743
v 0.02625 0.01218634 0.00557743
v 0.02275 0.01218634 0.00557743
v 0.01925 0.01218634 0.00557743
v 0.01575 0.01218634 0.00557743
v 0.00875 0.01218634 0.00557743
v 0.00603237 0.01193774 0.00728155
v 0.00612728 0.01197116 0.00705242
v 0.00525 0.01218634 0.00557743
v 0.00627825 0.01199987 0.00685567
v 0.00787272 0.01197116 0.00705242
v 0.00796763 0.01193774 0.00728155
v 0.006 0.01190187 0.00752742
v 0.00658645 0.01202991 0.00664974
v 0.00670412 0.01203573 0.0066098
v 0.008 0.01190187 0.00752742
v 0.00637168 0.01201182 0.00677374
v 0.006475 0.01202189 0.0067047
v 0.006826 0.01203927 0.00658555
v 0.00695 0.01204046 0.00657742
v 0.00705 0.01204046 0.00657742
v 0.007174 0.01203927 0.00658555
v 0.00729588 0.01203573 0.0066098
v 0.00741355 0.01202991 0.00664974
v 0.007525 0.01202189 0.0067047
v 0.00762832 0.01201182 0.00677374
v 0.00772175 0.01199987 0.00685567
v 0.00253237 0.01193774 0.00728155
v 0.00262728 0.01197116 0.00705242
v 0.00175 0.01218634 0.00557743
v 0.00277825 0.01199987 0.00685567
v 0.00437272 0.01197116 0.00705242
v 0.00446763 0.01193774 0.00728155
v 0.00308645 0.01202991 0.00664974
v 0.00320412 0.01203573 0.0066098
v 0.0025 0.01190187 0.00752742
v 0.0045 0.01190187 0.00752742
v 0.00287168 0.01201182 0.00677374
v 0.002975 0.01202189 0.0067047
v 0.003326 0.01203927 0.00658555
v 0.00345 0.01204046 0.00657742
v 0.00355 0.01204046 0.00657742
v 0.003674 0.01203927 0.00658555
v 0.00379588 0.01203573 0.0066098
v 0.00391355 0.01202991 0.00664974
v 0.004025 0.01202189 0.0067047
v 0.00412832 0.01201182 0.00677374
v 0.00422175 0.01199987 0.00685567
v 0.00087272 0.01197116 0.00705242
v 0.00096763 0.01193774 0.00728155
v -0.00096763 0.01193774 0.00728155
v -0.00087272 0.01197116 0.00705242
v -0.00175 0.01218634 0.00557743
v -0.00072175 0.01199987 0.00685567
v -0.00041355 0.01202991 0.00664974
v -0.00029588 0.01203573 0.0066098
v -0.001 0.01190187 0.00752742
v 0.001 0.01190187 0.00752742
v -0.00062832 0.01201182 0.00677374
v -0.000525 0.01202189 0.0067047
v -0.000174 0.01203927 0.00658555
v -5E-05 0.01204046 0.00657742
v 5E-05 0.01204046 0.00657742
v 0.000174 0.01203927 0.00658555
v 0.00029588 0.01203573 0.0066098
v 0.00041355 0.01202991 0.00664974
v 0.000525 0.01202189 0.0067047
v 0.00062832 0.01201182 0.00677374
v 0.00072175 0.01199987 0.00685567
v -0.00875 0.01218634 0.00557743
v -0.00437272 0.01197116 0.00705242
v -0.00422175 0.01199987 0.00685567
v -0.00262728 0.01197116 0.00705242
v -0.00253237 0.01193774 0.00728155
v -0.00796763 0.01193774 0.00728155
v -0.00787272 0.01197116 0.00705242
v -0.00772175 0.01199987 0.00685567
v -0.00345 0.01204046 0.00657742
v -0.003326 0.01203927 0.00658555
v -0.00741355 0.01202991 0.00664974
v -0.00729588 0.01203573 0.0066098
v -0.00391355 0.01202991 0.00664974
v -0.00379588 0.01203573 0.0066098
v -0.003674 0.01203927 0.00658555
v -0.00355 0.01204046 0.00657742
v -0.0025 0.01190187 0.00752742
v -0.008 0.01190187 0.00752742
v -0.00412832 0.01201182 0.00677374
v -0.004025 0.01202189 0.0067047
v -0.00320412 0.01203573 0.0066098
v -0.00308645 0.01202991 0.00664974
v -0.002975 0.01202189 0.0067047
v -0.007174 0.01203927 0.00658555
v -0.00705 0.01204046 0.00657742
v -0.00695 0.01204046 0.00657742
v -0.00287168 0.01201182 0.00677374
v -0.00277825 0.01199987 0.00685567
v -0.00762832 0.01201182 0.00677374
v -0.007525 0.01202189 0.0067047
v -0.006826 0.01203927 0.00658555
v -0.00670412 0.01203573 0.0066098
v -0.00658645 0.01202991 0.00664974
v -0.006475 0.01202189 0.0067047
v -0.00612728 0.01197116 0.00705242
v -0.00446763 0.01193774 0.00728155
v -0.00603237 0.01193774 0.00728155
v -0.0045 0.01190187 0.00752742
v -0.006 0.01190187 0.00752742
v -0.00637168 0.01201182 0.00677374
v -0.00627825 0.01199987 0.00685567
v -0.01225 0.01218634 0.00557743
v -0.01575 0.01218634 0.00557743
v -0.01925 0.01218634 0.00557743
v -0.02275 0.01218634 0.00557743
v -0.02625 0.01218634 0.00557743
v -0.01941924 -0.0025395 0
v -0.0196719 -0.0025395 0
v -0.01968889 -0.002199 0
v -0.01290151 -0.002199 0
v -0.01026422 -0.002199 0
v -0.00996128 -0.002199 0
v -0.00740596 -0.002199 0
v 0.00370145 -0.00165906 0
v 0.00353409 -0.00165906 0
v 0.00353409 -0.00137646 0
v -0.03268706 -0.00137646 0
v 0.00919815 -0.002199 0
v 0.00919815 -0.00165906 0
v 0.01648906 -0.002199 0
v -0.00538327 -0.00342787 0
v -0.00538327 -0.002199 0
v -0.00524787 -0.002199 0
v -0.01979276 0.00191977 0
v -0.01970589 0.00194871 0
v -0.01979276 0.00171318 0
v -0.01989242 0.00136054 0
v -0.01989242 0.00171318 0
v -0.02022682 0.00169547 0
v -0.02061341 -0.00137646 0
v -0.02022682 0.00191977 0
v -0.01968889 -0.00124855 0
v -0.01970589 -0.00124855 0
v -0.01970589 0.00136054 0
v -0.02013824 0.00136054 0
v -0.02013824 0.00169547 0
v -0.01725089 0.00194871 0
v -0.01708878 -0.00137646 0
v -0.01725089 -0.00137646 0
v -0.01708878 -0.00165906 0
v -0.01725089 -0.00165906 0
v -0.01725089 -0.00181812 0
v -0.01708878 -0.002199 0
v -0.01853973 -0.002199 0
v -0.01853973 -0.00181812 0
v -0.01968889 -0.00181812 0
v -0.01970589 -0.00165906 0
v -0.01970589 -0.00181812 0
v -0.02061341 -0.002199 0
v -0.01968889 0.00136054 0
v -0.01934462 -0.00015956 0
v -0.01853973 -0.00124855 0
v -0.01853973 -0.00015956 0
v -0.01780101 -0.00124855 0
v -0.01780101 -0.00015956 0
v -0.01780101 0.00136054 0
v -0.01780101 0.00028273 0
v -0.01853973 0.00136054 0
v -0.01853973 0.00028273 0
v -0.01934462 0.00028273 0
v -0.01281646 -0.00181812 0
v -0.01271963 -0.00165906 0
v -0.01155839 -0.00165906 0
v -0.01254759 -0.00137646 0
v -0.01155839 -0.00137646 0
v -0.01155839 0.00024847 0
v -0.01116476 0.00089508 0
v -0.01290151 -0.00181812 0
v -0.01349539 -0.00181812 0
v -0.01372411 -0.002199 0
v -0.01349539 -0.00165906 0
v -0.01372411 -0.00165906 0
v -0.01372411 -0.00137646 0
v -0.01131676 0.00191977 0
v -0.0128874 -0.0008588 0
v -0.0128874 0.00194871 0
v -0.01063784 0.00191977 0
v -0.01290151 0.00194871 0
v -0.01349539 0.00194871 0
v -0.01349539 -0.00137646 0
v -0.01026422 -0.00137646 0
v -0.01063784 -0.00137646 0
v -0.01026422 -0.00165906 0
v -0.01063784 -0.00165906 0
v -0.01063784 -0.00181812 0
v -0.01116476 -0.00137646 0
v -0.01116476 -0.00165906 0
v -0.01155839 -0.002199 0
v -0.00702289 0.00150012 0
v -0.00702005 0.00143744 0
v -0.00706996 -0.00025663 0
v -0.00700214 0.0013801 0
v -0.00697514 -9.434E-05 0
v -0.00664994 0.00187536 0
v -0.00682783 0.00179725 0
v -0.00632327 0.00193691 0
v -0.00690942 0.00173457 0
v -0.00696733 0.00166248 0
v -0.00700846 0.00157279 0
v -0.0056115 0.00191977 0
v -0.0056115 0.00345011 0
v -0.00538327 0.00345011 0
v -0.0068508 3.349E-05 0
v -0.00697133 0.0013302 0
v -0.0069265 0.00128571 0
v -0.00685713 0.00124353 0
v -0.00679014 0.00122189 0
v -0.00663001 0.00017136 0
v -0.0056115 0.00142557 0
v -0.0056115 0.00036458 0
v -0.00585047 0.00145698 0
v -0.00574013 0.00037122 0
v -0.00623107 0.00143218 0
v -0.00618464 0.00032484 0
v -0.00639613 0.00137738 0
v -0.00673368 0.00121757 0
v -0.00667738 0.00122669 0
v -0.00663107 0.00124313 0
v -0.00538327 -0.00165906 0
v -0.00538327 -0.00137646 0
v -0.00524787 -0.00165906 0
v -0.00524787 -0.00137646 0
v -0.0056115 -0.00342787 0
v -0.007109 -0.002199 0
v -0.0056115 -0.002199 0
v -0.00613026 -0.00188894 0
v -0.0056115 -0.00188894 0
v -0.00714915 -0.00104877 0
v -0.00706916 -0.00127178 0
v -0.007109 -0.00137646 0
v -0.00695356 -0.00144484 -0
v -0.007109 -0.00165906 0
v -0.00672859 -0.00164157 0
v -0.00637696 -0.00182741 0
v -0.00714992 -0.00051257 0
v -0.00740596 -0.00137646 0
v -0.00717779 -0.00080407 0
v 0.006684 -0.00137646 0
v 0.006684 0.00191977 0
v 0.00440167 0.00162575 0
v 0.00458581 0.00177062 -0
v 0.00480915 0.00187359 0
v 0.00425106 0.00142852 0
v 0.00415591 0.00120345 -0
v 0.00411848 0.00096426 0
v 0.00504841 0.00191977 0
v 0.00439199 0.00022151 -0
v 0.00370145 -0.00137646 0
v 0.00422908 0.00047548 0
v 0.00414193 0.00072288 0
v 0.006684 -0.00165906 0
v 0.00919815 -0.00137646 0
v 0.00370145 -0.002199 0
v 0.00600994 -0.00181812 0
v 0.006684 -0.00181812 0
v 0.00450321 -0.00181812 0
v 0.00461634 -0.00165906 0
v 0.00600994 -0.00165906 0
v 0.00481734 -0.00137646 0
v 0.00600994 -0.00137646 0
v 0.00559361 -0.000285 0
v 0.00600994 -0.000285 0
v 0.00465615 -2.744E-05 0
v 0.00500601 -0.00021918 0
v 0.0038688 -0.00181812 0
v 0.01498803 -0.00124855 0
v 0.01648906 -0.00137646 0
v 0.01424642 -0.00137646 0
v 0.01343985 0.0016421 0
v 0.01343985 0.00107913 0
v 0.01217761 -0.00123318 -0
v 0.01242308 -0.00116252 -0
v 0.01301235 -0.00124855 0
v 0.01259315 -0.00106398 -0
v 0.01301235 -0.00067475 0
v 0.01415439 0.0016421 0
v 0.01370975 -0.00116324 0
v 0.01388966 -0.00103719 0
v 0.01400027 -0.00090463 0
v 0.01238335 -0.000285 0
v 0.01239919 -0.00034286 0
v 0.01144508 -0.00047988 0
v 0.01240094 -0.00040207 -0
v 0.01238828 -0.00046585 0
v 0.01235896 -0.00053045 0
v 0.01235617 -0.00053496 0
v 0.011719 -0.00061882 -0
v 0.01188656 -0.00067083 0
v 0.01104592 -0.000285 0
v 0.01104592 -0.0008588 0
v 0.01093887 -0.00137646 0
v 0.01106205 -0.00088287 -0
v 0.01118153 -0.00101781 -0
v 0.01412633 -0.0006594 -0
v 0.01415439 -0.00055445 0
v 0.01303398 0.00028415 -0
v 0.01294646 0.00050506 -0
v 0.0130501 0.00052698 0
v 0.01225529 -0.00063082 0
v 0.01217121 -0.00066565 0
v 0.01204786 -0.00068459 0
v 0.0113296 -0.00112079 -0
v 0.01152471 -0.0011983 -0
v 0.0118203 -0.00124755 -0
v 0.01306523 4.94E-05 -0
v 0.01343985 0.00052698 0
v 0.01303051 -0.00029116 -0
v 0.01354142 -0.00124855 0
v 0.01120067 0.00071964 -0
v 0.01110773 0.00052679 -0
v 0.01104892 0.00025247 -0
v 0.01274237 -0.00092007 -0
v 0.01288641 -0.00069894 -0
v 0.01231068 -0.00059023 -0
v 0.01272503 0.00080171 -0
v 0.0130501 0.00107913 0
v 0.01250504 0.00098857 -0
v 0.01235786 0.00106483 -0
v 0.01224242 0.00109175 -0
v 0.01344142 -0.00054856 0
v 0.01342844 -0.00058974 -0
v 0.0131103 -0.00067437 -0
v 0.01342387 -0.00059876 0
v 0.01329405 -0.00067313 -0
v 0.01206722 0.00109209 -0
v 0.01168899 0.00105182 -0
v 0.01152032 0.00099907 -0
v 0.01137667 0.0009144 -0
v 0.01131395 0.00086033 -0
v 0.01343985 -0.00047988 0
v 0.01344431 -0.00051194 0
v 0.0133489 -0.00066028 -0
v 0.01340665 -0.00062303 0
v 0.01338361 -0.00064283 -0
v 0.01019192 0.00191977 0
v 0.01085511 0.00191977 0
v 0.01049926 -0.00115558 -0
v 0.01061319 -0.00110269 -0
v 0.01019192 -0.00109965 -0
v 0.0101551 -0.00137646 0
v 0.0102173 -0.00112106 -0
v 0.01041031 -0.00117324 0
v 0.01072742 -0.00101119 -0
v 0.01085511 -0.0008588 0
v 0.01027093 -0.00115204 0
v 0.01033156 -0.00116991 0
v 0.01424642 -0.002199 0
v -0.03268706 -0.00165906 0
v -0.02061341 -0.00165906 0
v -0.03268706 -0.002199 0
v 0.00111519 0.00191977 0
v 0.00353409 0.00191977 0
v 0.0014485 -0.00021918 0
v 0.00102547 -0.00137646 0
v 0.0014485 0.00036458 0
v 0.00111519 0.00142557 0
v 0.00297222 0.00036458 0
v 0.00297222 0.00142557 0
v -0.00044078 0.00191977 0
v 0.00102547 -0.00165906 0
v 0.00111519 -0.00165906 0
v 0.00111519 -0.00181812 0
v 0.00297222 -0.00021918 0
v 0.00297222 -0.00124855 0
v 0.00111519 -0.00124855 0
v 0.00111519 -0.00137646 0
v -0.00138013 -0.0008588 0
v -0 -0.0008588 0
v -0.00171609 -0.00181812 0
v 0.00019063 -0.00137646 0
v 0.00035328 -0.00181812 -0
v 0.00093574 -0.00181812 0
v 0.00102547 -0.002199 0
v -0.00255782 -0.002199 0
v -0.00237062 -0.00181812 0
v 0.00353409 -0.00181812 0
v -0.00274503 0.00191977 0
v -0.00332792 0.00191977 0
v -0.00511246 -0.00124855 0
v -0.00332792 -0.00124855 0
v -0.00255782 -0.00137646 0
v -0.00274503 -0.00137646 0
v -0.00255782 -0.00165906 0
v -0.00274503 -0.00165906 0
v -0.00274503 -0.00181812 0
v -0.00511246 -0.00165906 0
v -0.00511246 -0.00181812 0
v -0.00106157 0.00191977 0
v -0.00511246 -0.00137646 0
v -0.00996128 -0.00124855 0
v -0.01013691 -0.00124855 0
v -0.01013691 0.00142557 0
v -0.01013691 0.00191977 0
v -0.00996128 0.00191977 0
v -0.00762571 0.00191977 0
v -0.00762571 -0.00137646 0
v -0.00740596 -0.00165906 0
v -0.00762571 -0.00165906 0
v -0.00762571 -0.00181812 0
v -0.00996128 -0.00181812 0
v -0.01013691 -0.00181812 0
v -0.01013691 -0.00137646 0
v -0.01013691 -0.00165906 0
v -0.01116476 -0.00181812 0
v -0.0083686 0.00142557 0
v -0.0083686 0.00036458 0
v -0.00996128 0.00142557 0
v -0.00977069 0.00036458 0
v -0.00977069 -0.00015956 0
v -0.00830582 -0.00015956 0
v -0.00830582 -0.00124855 0
v -0.01641954 -3.711E-05 -0
v -0.01654998 -0.00016022 -0
v -0.01652425 0.00131768 -0
v -0.01664166 -0.00030384 -0
v -0.01671897 -0.00053839 -0
v -0.01674142 -0.00083452 -0
v -0.01672556 -0.00100762 -0
v -0.01968889 0.00194871 0
v -0.01853973 0.00194871 0
v -0.01606564 0.00193181 -0
v -0.0163499 0.00183618 -0
v -0.01645312 0.00176993 -0
v -0.01618388 9.671E-05 -0
v -0.01628635 0.00116872 -0
v -0.0164747 0.00126332 -0
v -0.01639945 0.00121168 -0
v -0.01650815 0.00171288 -0
v -0.01654944 0.0016421 -0
v -0.01656114 0.00161004 -0
v -0.0165773 0.00152217 -0
v -0.01657426 0.0014445 -0
v -0.01655671 0.00137748 -0
v -0.01531984 0.00208065 -0
v -0.01491611 0.0020768 -0
v -0.01468282 0.002015 -0
v -0.01407473 0.00101017 -0
v -0.01410936 0.00136478 -0
v -0.01418122 0.00156796 -0
v -0.01429543 0.00173667 -0
v -0.014482 0.00190632 -0
v -0.01401563 -0.00104582 -0
v -0.01407135 -0.00096257 -0
v -0.01421911 0.00026146 -0
v -0.01413633 -0.00090266 -0
v -0.01420537 -0.00086301 -0
v -0.01426903 -0.00084462 -0
v -0.01429881 0.00018054 -0
v -0.01445915 7.879E-05 -0
v -0.01416309 0.00035636 -0
v -0.01411701 0.00050569 -0
v -0.01409166 0.00067787 -0
v -0.01399843 -0.00129361 -0
v -0.01398325 -0.00119715 -0
v -0.01398976 -0.00112034 -0
v -0.01433872 -0.00084161 -0
v -0.01443577 -0.00086086 -0
v -0.01519514 -0.00019327 -0
v -0.01459558 -0.00093264 -0
v -0.01495356 -0.00113656 -0
v -0.01553693 -0.00030433 -0
v -0.01525038 -0.00123191 -0
v -0.01554625 -0.00126009 -0
v -0.01573054 -0.00123422 -0
v -0.01584944 -0.0011875 -0
v -0.01592235 -0.00113735 -0
v -0.01598011 -0.00107379 -0
v -0.01602019 -0.00100377 -0
v -0.01605783 -0.00088026 -0
v -0.016065 -0.00076525 -0
v -0.01604757 -0.00065954 -0
v -0.01601797 -0.00058773 -0
v -0.01597519 -0.00052833 -0
v -0.01590588 -0.00046963 -0
v -0.01449473 -0.002199 0
v -0.01446056 -0.00172785 -0
v -0.01424923 -0.0016183 -0
v -0.01411507 -0.00150114 -0
v -0.01404445 -0.00140317 -0
v -0.0164974 -0.00160032 -0
v -0.01636414 -0.00174399 -0
v -0.01622864 -0.00183121 -0
v -0.01607339 -0.00188322 -0
v -0.01567808 -0.002199 0
v -0.01586494 -0.0019081 -0
v -0.01491534 -0.0018333 -0
v -0.01662864 -0.00136308 -0
v -0.01617147 0.0011545 -0
v -0.01604598 0.00116866 -0
v -0.01502838 0.00053045 -0
v -0.01588939 0.00121651 -0
v -0.01487847 0.00063487 -0
v -0.01536114 0.00138215 -0
v -0.01477296 0.00072949 -0
v -0.01470969 0.00080891 -0
v -0.01509902 0.00142323 -0
v -0.01497721 0.00141212 -0
v -0.0148934 0.00138303 -0
v -0.01482544 0.00133863 -0
v -0.01475821 0.00126726 -0
v -0.01469553 0.00115744 -0
v -0.01466332 0.0010438 -0
v -0.01466018 0.00095029 -0
v -0.0146753 0.00087926 -0
v -0.01544408 -0.00342787 0
v -0.01477005 -0.00342787 0
v -0.01477005 -0.0025395 0
v -0.01499124 -0.0025395 0
v -0.01544408 -0.00318628 0
v -0.01499124 -0.00318628 0
v -0.01690938 -0.00313888 0
v -0.01692666 -0.00300758 0
v -0.01667302 -0.00256825 0
v -0.01677808 -0.00264887 0
v -0.0168587 -0.00326123 0
v -0.01677808 -0.00336629 0
v -0.01667302 -0.00344691 0
v -0.01591207 -0.00300758 0
v -0.01592936 -0.00287628 0
v -0.0168587 -0.00275393 0
v -0.01690938 -0.00287628 0
v -0.01655067 -0.00349759 0
v -0.01641937 -0.00351487 0
v -0.01628807 -0.00349759 0
v -0.01616572 -0.00344691 0
v -0.01606066 -0.00336629 0
v -0.01598004 -0.00326123 0
v -0.01592936 -0.00313888 0
v -0.01598004 -0.00275393 0
v -0.01606066 -0.00264887 0
v -0.01616572 -0.00256825 0
v -0.01628807 -0.00251757 0
v -0.01641937 -0.00250029 0
v -0.01655067 -0.00251757 0
v -0.01806208 -0.00319373 0
v -0.01806208 -0.00310468 0
v -0.01801475 -0.00321545 0
v -0.01783139 -0.00310468 0
v -0.01764062 -0.00300753 0
v -0.01765144 -0.0030723 -0
v -0.01783139 -0.00295959 0
v -0.01809314 -0.00245226 0
v -0.0181901 -0.00249084 0
v -0.01825861 -0.0025395 0
v -0.01825861 -0.00273994 -0
v -0.01777541 -0.00321655 0
v -0.01783756 -0.00323247 -0
v -0.01792438 -0.00323437 0
v -0.01769912 -0.00281343 0
v -0.01775042 -0.00276364 0
v -0.01781485 -0.00272467 0
v -0.01829278 -0.00295959 0
v -0.01801959 -0.00268314 0
v -0.01790042 -0.00269523 0
v -0.01766476 -0.00286922 -0
v -0.01764565 -0.0029301 0
v -0.01767161 -0.00312302 0
v -0.01770127 -0.00316592 -0
v -0.01773406 -0.00319488 0
v -0.01784901 -0.00344647 0
v -0.0181214 -0.00345311 0
v -0.01829278 -0.00342787 0
v -0.01816151 -0.00270296 0
v -0.0176926 -0.00340486 0
v -0.01758665 -0.00334676 0
v -0.01752461 -0.00329093 -0
v -0.0176259 -0.00253753 0
v -0.01771645 -0.00248237 0
v -0.01784603 -0.00244263 -0
v -0.01798145 -0.00243454 0
v -0.01744031 -0.00285568 -0
v -0.01748599 -0.00271645 0
v -0.01754665 -0.00261736 0
v -0.01747899 -0.00322507 -0
v -0.0174448 -0.00313558 0
v -0.01742743 -0.00300877 0
v -0.01934462 -0.00342787 0
v -0.0196719 -0.00265483 0
v -0.01934462 -0.00310468 0
v -0.01912168 -0.00342787 0
v -0.01912168 -0.00310468 0
v -0.01878668 -0.00265483 0
v -0.01904056 -0.0025395 0
v -0.01923315 -0.00291878 0
v -0.01878668 -0.0025395 0
v 0.01648906 -0.00165906 0
v 0.01424642 -0.00165906 0
v 0.01093887 -0.00165906 0
v -0.01970589 -0.00137646 0
v -0.03246763 0.01027412 0.0108733
v -0.03237272 0.01027412 0.01110242
v -0.03053237 0.01027412 0.0108733
v -0.03062728 0.01027412 0.01110242
v -0.03077825 0.01027412 0.01129918
v -0.03179588 0.01027412 0.01154505
v -0.032025 0.01027412 0.01145015
v -0.03222175 0.01027412 0.01129918
v -0.03145 0.01027412 0.01157742
v -0.030975 0.01027412 0.01145015
v -0.03120412 0.01027412 0.01154505
v -0.03155 0.01027412 0.01157742
v -0.02896763 0.01027412 0.0108733
v -0.02887272 0.01027412 0.01110242
v -0.02703237 0.01027412 0.0108733
v -0.02712728 0.01027412 0.01110242
v -0.02727825 0.01027412 0.01129918
v -0.02829588 0.01027412 0.01154505
v -0.028525 0.01027412 0.01145015
v -0.02872175 0.01027412 0.01129918
v -0.02795 0.01027412 0.01157742
v -0.02805 0.01027412 0.01157742
v -0.027475 0.01027412 0.01145015
v -0.02770412 0.01027412 0.01154505
v -0.02546763 0.01027412 0.0108733
v -0.02537272 0.01027412 0.01110242
v -0.02353237 0.01027412 0.0108733
v -0.02362728 0.01027412 0.01110242
v -0.02377825 0.01027412 0.01129918
v -0.02479588 0.01027412 0.01154505
v -0.025025 0.01027412 0.01145015
v -0.02522175 0.01027412 0.01129918
v -0.02445 0.01027412 0.01157742
v -0.023975 0.01027412 0.01145015
v -0.02420412 0.01027412 0.01154505
v -0.02455 0.01027412 0.01157742
v -0.02196763 0.01027412 0.0108733
v -0.02187272 0.01027412 0.01110242
v -0.02003237 0.01027412 0.0108733
v -0.02012728 0.01027412 0.01110242
v -0.02027825 0.01027412 0.01129918
v -0.02129588 0.01027412 0.01154505
v -0.021525 0.01027412 0.01145015
v -0.02172175 0.01027412 0.01129918
v -0.02095 0.01027412 0.01157742
v -0.02105 0.01027412 0.01157742
v -0.020475 0.01027412 0.01145015
v -0.02070412 0.01027412 0.01154505
v -0.01846763 0.01027412 0.0108733
v -0.01837272 0.01027412 0.01110242
v -0.01653237 0.01027412 0.0108733
v -0.01662728 0.01027412 0.01110242
v -0.01677825 0.01027412 0.01129918
v -0.01779588 0.01027412 0.01154505
v -0.018025 0.01027412 0.01145015
v -0.01822175 0.01027412 0.01129918
v -0.01745 0.01027412 0.01157742
v -0.016975 0.01027412 0.01145015
v -0.01720412 0.01027412 0.01154505
v -0.01755 0.01027412 0.01157742
v -0.01496763 0.01027412 0.0108733
v -0.01487272 0.01027412 0.01110242
v -0.01303237 0.01027412 0.0108733
v -0.01312728 0.01027412 0.01110242
v -0.01327825 0.01027412 0.01129918
v -0.01429588 0.01027412 0.01154505
v -0.014525 0.01027412 0.01145015
v -0.01472175 0.01027412 0.01129918
v -0.01395 0.01027412 0.01157742
v -0.013475 0.01027412 0.01145015
v -0.01370412 0.01027412 0.01154505
v -0.01405 0.01027412 0.01157742
v -0.01146763 0.01027412 0.0108733
v -0.01079588 0.01027412 0.01154505
v -0.011025 0.01027412 0.01145015
v -0.00953237 0.01027412 0.0108733
v -0.00962728 0.01027412 0.01110242
v -0.00977825 0.01027412 0.01129918
v -0.01122175 0.01027412 0.01129918
v -0.01137272 0.01027412 0.01110242
v -0.01045 0.01027412 0.01157742
v -0.009975 0.01027412 0.01145015
v -0.01020412 0.01027412 0.01154505
v -0.01055 0.01027412 0.01157742
v -0.00729588 0.01027412 0.01154505
v -0.007525 0.01027412 0.01145015
v -0.00772175 0.01027412 0.01129918
v -0.006 0.01027412 0.01062742
v -0.00603237 0.01027412 0.0108733
v -0.00612728 0.01027412 0.01110242
v -0.00627825 0.01027412 0.01129918
v -0.00787272 0.01027412 0.01110242
v -0.00796763 0.01027412 0.0108733
v -0.008 0.01027412 0.01062742
v -0.00695 0.01027412 0.01157742
v -0.00705 0.01027412 0.01157742
v -0.006475 0.01027412 0.01145015
v -0.00670412 0.01027412 0.01154505
v -0.00446763 0.01027412 0.0108733
v -0.0045 0.01027412 0.01062742
v -0.0025 0.01027412 0.01062742
v -0.00253237 0.01027412 0.0108733
v -0.00262728 0.01027412 0.01110242
v -0.00277825 0.01027412 0.01129918
v -0.00379588 0.01027412 0.01154505
v -0.004025 0.01027412 0.01145015
v -0.00422175 0.01027412 0.01129918
v -0.00437272 0.01027412 0.01110242
v -0.00345 0.01027412 0.01157742
v -0.002975 0.01027412 0.01145015
v -0.00320412 0.01027412 0.01154505
v -0.00355 0.01027412 0.01157742
v -0.03596763 0.01027412 0.0108733
v -0.03587272 0.01027412 0.01110242
v -0.03403237 0.01027412 0.0108733
v -0.03412728 0.01027412 0.01110242
v -0.03427825 0.01027412 0.01129918
v -0.03529588 0.01027412 0.01154505
v -0.035525 0.01027412 0.01145015
v -0.03572175 0.01027412 0.01129918
v -0.03495 0.01027412 0.01157742
v -0.034475 0.01027412 0.01145015
v -0.03470412 0.01027412 0.01154505
v -0.03505 0.01027412 0.01157742
v 0.01498803 -0.00124855 -0.0001
v 0.01415439 -0.00055445 -0.0001
v 0.01415439 0.0016421 -0.0001
v 0.01412633 -0.0006594 -0.0001
v 0.01400027 -0.00090463 -0.0001
v 0.01388966 -0.00103719 -0.0001
v 0.01370975 -0.00116324 -0.0001
v 0.01354142 -0.00124855 -0.0001
v 0.01301235 -0.00124855 -0.0001
v 0.01301235 -0.00067475 -0.0001
v 0.0131103 -0.00067437 -0.0001
v 0.01329405 -0.00067313 -0.0001
v 0.0133489 -0.00066028 -0.0001
v 0.01338361 -0.00064283 -0.0001
v 0.01340665 -0.00062303 -0.0001
v 0.01342387 -0.00059876 -0.0001
v 0.01342844 -0.00058974 -0.0001
v 0.01344142 -0.00054856 -0.0001
v 0.01344431 -0.00051194 -0.0001
v 0.01343985 -0.00047988 -0.0001
v 0.01343985 0.00052698 -0.0001
v 0.0130501 0.00052698 -0.0001
v 0.0130501 0.00107913 -0.0001
v 0.01343985 0.00107913 -0.0001
v 0.01343985 0.0016421 -0.0001
v 0.01244021 0.00010182 -0.0001
v 0.01162798 0.00010182 -0.0001
v 0.01244021 0.00010182 0
v 0.01162798 0.00010182 0
v 0.01144508 -0.00047988 -0.0001
v 0.011719 -0.00061882 -0.0001
v 0.01188656 -0.00067083 -0.0001
v 0.01204786 -0.00068459 -0.0001
v 0.01217121 -0.00066565 -0.0001
v 0.01225529 -0.00063082 -0.0001
v 0.01231068 -0.00059023 -0.0001
v 0.01235617 -0.00053496 -0.0001
v 0.01235896 -0.00053045 -0.0001
v 0.01238828 -0.00046585 -0.0001
v 0.01240094 -0.00040207 -0.0001
v 0.01239919 -0.00034286 -0.0001
v 0.01238335 -0.000285 -0.0001
v 0.01104592 -0.000285 -0.0001
v 0.01104892 0.00025247 -0.0001
v 0.01110773 0.00052679 -0.0001
v 0.01120067 0.00071964 -0.0001
v 0.01131395 0.00086033 -0.0001
v 0.01137667 0.0009144 -0.0001
v 0.01152032 0.00099907 -0.0001
v 0.01168899 0.00105182 -0.0001
v 0.01206722 0.00109209 -0.0001
v 0.01224242 0.00109175 -0.0001
v 0.01235786 0.00106483 -0.0001
v 0.01250504 0.00098857 -0.0001
v 0.01272503 0.00080171 -0.0001
v 0.01294646 0.00050506 -0.0001
v 0.01303398 0.00028415 -0.0001
v 0.01306523 4.94E-05 -0.0001
v 0.01303051 -0.00029116 -0.0001
v 0.01288641 -0.00069894 -0.0001
v 0.01274237 -0.00092007 -0.0001
v 0.01259315 -0.00106398 -0.0001
v 0.01242308 -0.00116252 -0.0001
v 0.01217761 -0.00123318 -0.0001
v 0.0118203 -0.00124755 -0.0001
v 0.01152471 -0.0011983 -0.0001
v 0.0113296 -0.00112079 -0.0001
v 0.01118153 -0.00101781 -0.0001
v 0.01106205 -0.00088287 -0.0001
v 0.01104592 -0.0008588 -0.0001
v 0.01243055 0.00019185 0
v 0.01243055 0.00019185 -0.0001
v 0.01240002 0.00027413 0
v 0.01240002 0.00027413 -0.0001
v 0.01235544 0.00033897 0
v 0.01235544 0.00033897 -0.0001
v 0.0122938 0.0003951 0
v 0.0122938 0.0003951 -0.0001
v 0.01221335 0.00044073 0
v 0.01221335 0.00044073 -0.0001
v 0.01211195 0.00047166 0
v 0.01211195 0.00047166 -0.0001
v 0.0119882 0.0004795 0
v 0.0119882 0.0004795 -0.0001
v 0.01188132 0.00046058 0
v 0.01188132 0.00046058 -0.0001
v 0.01179589 0.00042367 0
v 0.01179589 0.00042367 -0.0001
v 0.01173098 0.00037518 0
v 0.01173098 0.00037518 -0.0001
v 0.01168472 0.00032014 0
v 0.01168472 0.00032014 -0.0001
v 0.01164801 0.00024544 0
v 0.01164801 0.00024544 -0.0001
v 0.01162966 0.00015866 0
v 0.01162966 0.00015866 -0.0001
v 0.01085511 -0.0008588 -0.0001
v 0.01085511 0.00191977 -0.0001
v 0.01072742 -0.00101119 -0.0001
v 0.01061319 -0.00110269 -0.0001
v 0.01049926 -0.00115558 -0.0001
v 0.01041031 -0.00117324 -0.0001
v 0.01033156 -0.00116991 -0.0001
v 0.01027093 -0.00115204 -0.0001
v 0.0102173 -0.00112106 -0.0001
v 0.01019192 -0.00109965 -0.0001
v 0.01019192 0.00191977 -0.0001
v 0.00111519 0.00191977 -0.0001
v 0.00111519 0.00142557 -0.0001
v 0.00353409 0.00191977 -0.0001
v 0.00353409 -0.00181812 -0.0001
v 0.00111519 -0.00181812 -0.0001
v 0.00111519 -0.00124855 -0.0001
v 0.00297222 -0.00124855 -0.0001
v 0.00297222 -0.00021918 -0.0001
v 0.0014485 -0.00021918 -0.0001
v 0.0014485 0.00036458 -0.0001
v 0.00297222 0.00036458 -0.0001
v 0.00297222 0.00142557 -0.0001
v 0.0052764 0.00142557 -0.0001
v 0.00600994 0.00142557 -0.0001
v 0.0052764 0.00142557 0
v 0.00600994 0.00142557 0
v 0.00515858 0.00142495 0
v 0.00515858 0.00142495 -0.0001
v 0.00507367 0.00140408 0
v 0.00507367 0.00140408 -0.0001
v 0.00499886 0.00136418 0
v 0.00499886 0.00136418 -0.0001
v 0.00493383 0.00130433 0
v 0.00493383 0.00130433 -0.0001
v 0.00486726 0.00120322 0
v 0.00486726 0.00120322 -0.0001
v 0.00476508 0.0009118 0
v 0.00476508 0.0009118 -0.0001
v 0.00474764 0.00076601 0
v 0.00474764 0.00076601 -0.0001
v 0.00475693 0.00068324 0
v 0.00475693 0.00068324 -0.0001
v 0.00478092 0.00061597 0
v 0.00478092 0.00061597 -0.0001
v 0.00482823 0.0005454 0
v 0.00482823 0.0005454 -0.0001
v 0.00493974 0.00044203 0
v 0.00493974 0.00044203 -0.0001
v 0.0052764 0.00020219 -0
v 0.0052764 0.00020219 -0.0001
v 0.00600994 0.00020219 -0.0001
v 0.00600994 0.00020219 0
v 0.00500601 -0.00021918 -0.0001
v 0.0038688 -0.00181812 -0.0001
v 0.00465615 -2.744E-05 -0.0001
v 0.00439199 0.00022151 -0.0001
v 0.00422908 0.00047548 -0.0001
v 0.00414193 0.00072288 -0.0001
v 0.00411848 0.00096426 -0.0001
v 0.00415591 0.00120345 -0.0001
v 0.00425106 0.00142852 -0.0001
v 0.00440167 0.00162575 -0.0001
v 0.00458581 0.00177062 -0.0001
v 0.00480915 0.00187359 -0.0001
v 0.00504841 0.00191977 -0.0001
v 0.006684 0.00191977 -0.0001
v 0.006684 -0.00181812 -0.0001
v 0.00600994 -0.00181812 -0.0001
v 0.00600994 -0.000285 -0.0001
v 0.00559361 -0.000285 -0.0001
v 0.00450321 -0.00181812 -0.0001
v 0.00035328 -0.00181812 -0.0001
v 0.00093574 -0.00181812 -0.0001
v -0 -0.0008588 -0.0001
v -0.00138013 -0.0008588 -0.0001
v -0.00171609 -0.00181812 -0.0001
v -0.00237062 -0.00181812 -0.0001
v -0.00106157 0.00191977 -0.0001
v -0.00044078 0.00191977 -0.0001
v -0.00062676 0.00107913 -0.0001
v -0.00014864 -0.00021918 -0.0001
v -0.00062676 0.00107913 0
v -0.00014864 -0.00021918 0
v -0.00083216 0.00107913 -0.0001
v -0.00083216 0.00107913 0
v -0.00128684 -0.00021918 -0.0001
v -0.00128684 -0.00021918 0
v -0.00332792 0.00191977 -0.0001
v -0.00332792 -0.00124855 -0.0001
v -0.00274503 0.00191977 -0.0001
v -0.00274503 -0.00181812 -0.0001
v -0.00511246 -0.00181812 -0.0001
v -0.00511246 -0.00124855 -0.0001
v -0.0056115 -0.00015956 -0.0001
v -0.0056115 -0.00135281 -0.0001
v -0.0056115 -0.00015956 0
v -0.0056115 -0.00135281 0
v -0.0056115 0.00142557 -0.0001
v -0.0056115 0.00036458 -0.0001
v -0.0056115 0.00191977 -0.0001
v -0.00632327 0.00193691 -0.0001
v -0.00664994 0.00187536 -0.0001
v -0.00682783 0.00179725 -0.0001
v -0.00690942 0.00173457 -0.0001
v -0.00696733 0.00166248 -0.0001
v -0.00700846 0.00157279 -0.0001
v -0.00702289 0.00150012 -0.0001
v -0.00702005 0.00143744 -0.0001
v -0.00700214 0.0013801 -0.0001
v -0.00697133 0.0013302 -0.0001
v -0.0069265 0.00128571 -0.0001
v -0.00685713 0.00124353 -0.0001
v -0.00679014 0.00122189 -0.0001
v -0.00673368 0.00121757 -0.0001
v -0.00667738 0.00122669 -0.0001
v -0.00663107 0.00124313 -0.0001
v -0.00639613 0.00137738 -0.0001
v -0.00623107 0.00143218 -0.0001
v -0.00585047 0.00145698 -0.0001
v -0.0056115 0.00345011 -0.0001
v -0.00538327 0.00345011 -0.0001
v -0.00538327 -0.00342787 -0.0001
v -0.0056115 -0.00342787 -0.0001
v -0.0056115 -0.00188894 -0.0001
v -0.00613026 -0.00188894 -0.0001
v -0.00637696 -0.00182741 -0.0001
v -0.00672859 -0.00164157 -0.0001
v -0.00695356 -0.00144484 -0.0001
v -0.00706916 -0.00127178 -0.0001
v -0.00714915 -0.00104877 -0.0001
v -0.00717779 -0.00080407 -0.0001
v -0.00714992 -0.00051257 -0.0001
v -0.00706996 -0.00025663 -0.0001
v -0.00697514 -9.434E-05 -0.0001
v -0.0068508 3.349E-05 -0.0001
v -0.00663001 0.00017136 -0.0001
v -0.00618464 0.00032484 -0.0001
v -0.00574013 0.00037122 -0.0001
v -0.00600629 -0.00017004 -0
v -0.00600629 -0.00017004 -0.0001
v -0.00615547 -0.00020309 -0
v -0.00615547 -0.00020309 -0.0001
v -0.00626102 -0.00025561 -0
v -0.00626102 -0.00025561 -0.0001
v -0.00635149 -0.00033303 -0
v -0.00635149 -0.00033303 -0.0001
v -0.00642929 -0.00043793 -0
v -0.00642929 -0.00043793 -0.0001
v -0.00648981 -0.00057877 -0
v -0.00648981 -0.00057877 -0.0001
v -0.00651212 -0.00071098 -0
v -0.00651212 -0.00071098 -0.0001
v -0.00650314 -0.00083627 -0
v -0.00650314 -0.00083627 -0.0001
v -0.00645919 -0.00097228 -0
v -0.00645919 -0.00097228 -0.0001
v -0.00638237 -0.00109938 -0
v -0.00638237 -0.00109938 -0.0001
v -0.00626634 -0.00121887 -0
v -0.00626634 -0.00121887 -0.0001
v -0.00611833 -0.00131103 -0
v -0.00611833 -0.00131103 -0.0001
v -0.006037 -0.00134263 -0
v -0.006037 -0.00134263 -0.0001
v -0.00586294 -0.0013763 0
v -0.00586294 -0.0013763 -0.0001
v -0.00567708 -0.00136721 0
v -0.00567708 -0.00136721 -0.0001
v -0.01013691 0.00191977 -0.0001
v -0.01013691 0.00142557 -0.0001
v -0.00762571 0.00191977 -0.0001
v -0.00762571 -0.00181812 -0.0001
v -0.01013691 -0.00181812 -0.0001
v -0.01013691 -0.00124855 -0.0001
v -0.00830582 -0.00124855 -0.0001
v -0.00830582 -0.00015956 -0.0001
v -0.00977069 -0.00015956 -0.0001
v -0.00977069 0.00036458 -0.0001
v -0.0083686 0.00036458 -0.0001
v -0.0083686 0.00142557 -0.0001
v -0.01116476 -0.00181812 -0.0001
v -0.01063784 -0.00181812 -0.0001
v -0.01116476 0.00089508 -0.0001
v -0.01281646 -0.00181812 -0.0001
v -0.01349539 -0.00181812 -0.0001
v -0.01349539 0.00194871 -0.0001
v -0.0128874 0.00194871 -0.0001
v -0.0128874 -0.0008588 -0.0001
v -0.01131676 0.00191977 -0.0001
v -0.01063784 0.00191977 -0.0001
v -0.01656114 0.00161004 -0.0001
v -0.01654944 0.0016421 -0.0001
v -0.01650815 0.00171288 -0.0001
v -0.01645312 0.00176993 -0.0001
v -0.0163499 0.00183618 -0.0001
v -0.01606564 0.00193181 -0.0001
v -0.01531984 0.00208065 -0.0001
v -0.01491611 0.0020768 -0.0001
v -0.01468282 0.002015 -0.0001
v -0.014482 0.00190632 -0.0001
v -0.01429543 0.00173667 -0.0001
v -0.01418122 0.00156796 -0.0001
v -0.01410936 0.00136478 -0.0001
v -0.01407473 0.00101017 -0.0001
v -0.01409166 0.00067787 -0.0001
v -0.01411701 0.00050569 -0.0001
v -0.01416309 0.00035636 -0.0001
v -0.01421911 0.00026146 -0.0001
v -0.01429881 0.00018054 -0.0001
v -0.01445915 7.879E-05 -0.0001
v -0.01519514 -0.00019327 -0.0001
v -0.01553693 -0.00030433 -0.0001
v -0.01590588 -0.00046963 -0.0001
v -0.01597519 -0.00052833 -0.0001
v -0.01601797 -0.00058773 -0.0001
v -0.01604757 -0.00065954 -0.0001
v -0.016065 -0.00076525 -0.0001
v -0.01605783 -0.00088026 -0.0001
v -0.01602019 -0.00100377 -0.0001
v -0.01598011 -0.00107379 -0.0001
v -0.01592235 -0.00113735 -0.0001
v -0.01584944 -0.0011875 -0.0001
v -0.01573054 -0.00123422 -0.0001
v -0.01554625 -0.00126009 -0.0001
v -0.01525038 -0.00123191 -0.0001
v -0.01495356 -0.00113656 -0.0001
v -0.01459558 -0.00093264 -0.0001
v -0.01443577 -0.00086086 -0.0001
v -0.01433872 -0.00084161 -0.0001
v -0.01426903 -0.00084462 -0.0001
v -0.01420537 -0.00086301 -0.0001
v -0.01413633 -0.00090266 -0.0001
v -0.01407135 -0.00096257 -0.0001
v -0.01401563 -0.00104582 -0.0001
v -0.01398976 -0.00112034 -0.0001
v -0.01398325 -0.00119715 -0.0001
v -0.01399843 -0.00129361 -0.0001
v -0.01404445 -0.00140317 -0.0001
v -0.01411507 -0.00150114 -0.0001
v -0.01424923 -0.0016183 -0.0001
v -0.01446056 -0.00172785 -0.0001
v -0.01491534 -0.0018333 -0.0001
v -0.01586494 -0.0019081 -0.0001
v -0.01607339 -0.00188322 -0.0001
v -0.01622864 -0.00183121 -0.0001
v -0.01636414 -0.00174399 -0.0001
v -0.0164974 -0.00160032 -0.0001
v -0.01662864 -0.00136308 -0.0001
v -0.01672556 -0.00100762 -0.0001
v -0.01674142 -0.00083452 -0.0001
v -0.01671897 -0.00053839 -0.0001
v -0.01664166 -0.00030384 -0.0001
v -0.01654998 -0.00016022 -0.0001
v -0.01641954 -3.711E-05 -0.0001
v -0.01618388 9.671E-05 -0.0001
v -0.01502838 0.00053045 -0.0001
v -0.01487847 0.00063487 -0.0001
v -0.01477296 0.00072949 -0.0001
v -0.01470969 0.00080891 -0.0001
v -0.0146753 0.00087926 -0.0001
v -0.01466018 0.00095029 -0.0001
v -0.01466332 0.0010438 -0.0001
v -0.01469553 0.00115744 -0.0001
v -0.01475821 0.00126726 -0.0001
v -0.01482544 0.00133863 -0.0001
v -0.0148934 0.00138303 -0.0001
v -0.01497721 0.00141212 -0.0001
v -0.01509902 0.00142323 -0.0001
v -0.01536114 0.00138215 -0.0001
v -0.01588939 0.00121651 -0.0001
v -0.01604598 0.00116866 -0.0001
v -0.01617147 0.0011545 -0.0001
v -0.01628635 0.00116872 -0.0001
v -0.01639945 0.00121168 -0.0001
v -0.0164747 0.00126332 -0.0001
v -0.01652425 0.00131768 -0.0001
v -0.01655671 0.00137748 -0.0001
v -0.01657426 0.0014445 -0.0001
v -0.0165773 0.00152217 -0.0001
v -0.01970589 0.00194871 -0.0001
v -0.01970589 0.00136054 -0.0001
v -0.01725089 0.00194871 -0.0001
v -0.01725089 -0.00181812 -0.0001
v -0.01970589 -0.00181812 -0.0001
v -0.01970589 -0.00124855 -0.0001
v -0.01780101 -0.00124855 -0.0001
v -0.01780101 -0.00015956 -0.0001
v -0.01934462 -0.00015956 -0.0001
v -0.01934462 0.00028273 -0.0001
v -0.01780101 0.00028273 -0.0001
v -0.01780101 0.00136054 -0.0001
v -0.01979276 0.00171318 -0.0001
v -0.01979276 0.00191977 -0.0001
v -0.01989242 0.00171318 -0.0001
v -0.01989242 0.00136054 -0.0001
v -0.02013824 0.00136054 -0.0001
v -0.02013824 0.00169547 -0.0001
v -0.02022682 0.00169547 -0.0001
v -0.02022682 0.00191977 -0.0001
v -0.01904056 -0.0025395 -0.0001
v -0.01923315 -0.00291878 -0.0001
v -0.01878668 -0.0025395 -0.0001
v -0.01878668 -0.00265483 -0.0001
v -0.01912168 -0.00310468 -0.0001
v -0.01912168 -0.00342787 -0.0001
v -0.01934462 -0.00342787 -0.0001
v -0.01934462 -0.00310468 -0.0001
v -0.0196719 -0.00265483 -0.0001
v -0.0196719 -0.0025395 -0.0001
v -0.01941924 -0.0025395 -0.0001
v -0.01806208 -0.00319373 -0.0001
v -0.01806208 -0.00310468 -0.0001
v -0.01801475 -0.00321545 -0.0001
v -0.01792438 -0.00323437 -0.0001
v -0.01783756 -0.00323247 -0.0001
v -0.01777541 -0.00321655 -0.0001
v -0.01773406 -0.00319488 -0.0001
v -0.01770127 -0.00316592 -0.0001
v -0.01767161 -0.00312302 -0.0001
v -0.01765144 -0.0030723 -0.0001
v -0.01764062 -0.00300753 -0.0001
v -0.01764565 -0.0029301 -0.0001
v -0.01766476 -0.00286922 -0.0001
v -0.01769912 -0.00281343 -0.0001
v -0.01775042 -0.00276364 -0.0001
v -0.01781485 -0.00272467 -0.0001
v -0.01790042 -0.00269523 -0.0001
v -0.01801959 -0.00268314 -0.0001
v -0.01816151 -0.00270296 -0.0001
v -0.01825861 -0.00273994 -0.0001
v -0.01825861 -0.0025395 -0.0001
v -0.0181901 -0.00249084 -0.0001
v -0.01809314 -0.00245226 -0.0001
v -0.01798145 -0.00243454 -0.0001
v -0.01784603 -0.00244263 -0.0001
v -0.01771645 -0.00248237 -0.0001
v -0.0176259 -0.00253753 -0.0001
v -0.01754665 -0.00261736 -0.0001
v -0.01748599 -0.00271645 -0.0001
v -0.01744031 -0.00285568 -0.0001
v -0.01742743 -0.00300877 -0.0001
v -0.0174448 -0.00313558 -0.0001
v -0.01747899 -0.00322507 -0.0001
v -0.01752461 -0.00329093 -0.0001
v -0.01758665 -0.00334676 -0.0001
v -0.0176926 -0.00340486 -0.0001
v -0.01784901 -0.00344647 -0.0001
v -0.0181214 -0.00345311 -0.0001
v -0.01829278 -0.00342787 -0.0001
v -0.01829278 -0.00295959 -0.0001
v -0.01783139 -0.00295959 -0.0001
v -0.01783139 -0.00310468 -0.0001
v -0.01619834 -0.00300758 -0.0001
v -0.01619834 -0.00300758 0
v -0.01620588 -0.00295037 -0.0001
v -0.01620588 -0.00295037 0
v -0.01622796 -0.00289707 -0.0001
v -0.01622796 -0.00289707 0
v -0.01626308 -0.00285129 -0.0001
v -0.01626308 -0.00285129 0
v -0.01630886 -0.00281617 -0.0001
v -0.01630886 -0.00281617 0
v -0.01636216 -0.00279409 -0.0001
v -0.01636216 -0.00279409 0
v -0.01641937 -0.00278656 -0.0001
v -0.01641937 -0.00278656 0
v -0.01647657 -0.00279409 -0.0001
v -0.01647657 -0.00279409 0
v -0.01652988 -0.00281617 -0.0001
v -0.01652988 -0.00281617 0
v -0.01657566 -0.00285129 -0.0001
v -0.01657566 -0.00285129 0
v -0.01661078 -0.00289707 -0.0001
v -0.01661078 -0.00289707 0
v -0.01663286 -0.00295037 -0.0001
v -0.01663286 -0.00295037 0
v -0.01664039 -0.00300758 -0.0001
v -0.01664039 -0.00300758 0
v -0.01663286 -0.00306478 -0.0001
v -0.01663286 -0.00306478 0
v -0.01661078 -0.00311809 -0.0001
v -0.01661078 -0.00311809 0
v -0.01657566 -0.00316387 -0.0001
v -0.01657566 -0.00316387 0
v -0.01652988 -0.00319899 -0.0001
v -0.01652988 -0.00319899 0
v -0.01647657 -0.00322107 -0.0001
v -0.01647657 -0.00322107 0
v -0.01641937 -0.0032286 -0.0001
v -0.01641937 -0.0032286 0
v -0.01636216 -0.00322107 -0.0001
v -0.01636216 -0.00322107 0
v -0.01630886 -0.00319899 -0.0001
v -0.01630886 -0.00319899 0
v -0.01626308 -0.00316387 -0.0001
v -0.01626308 -0.00316387 0
v -0.01622796 -0.00311809 -0.0001
v -0.01622796 -0.00311809 0
v -0.01620588 -0.00306478 -0.0001
v -0.01620588 -0.00306478 0
v -0.01592936 -0.00287628 -0.0001
v -0.01598004 -0.00275393 -0.0001
v -0.01606066 -0.00264887 -0.0001
v -0.01616572 -0.00256825 -0.0001
v -0.01628807 -0.00251757 -0.0001
v -0.01641937 -0.00250029 -0.0001
v -0.01655067 -0.00251757 -0.0001
v -0.01667302 -0.00256825 -0.0001
v -0.01677808 -0.00264887 -0.0001
v -0.0168587 -0.00275393 -0.0001
v -0.01690938 -0.00287628 -0.0001
v -0.01692666 -0.00300758 -0.0001
v -0.01690938 -0.00313888 -0.0001
v -0.0168587 -0.00326123 -0.0001
v -0.01677808 -0.00336629 -0.0001
v -0.01667302 -0.00344691 -0.0001
v -0.01655067 -0.00349759 -0.0001
v -0.01641937 -0.00351487 -0.0001
v -0.01628807 -0.00349759 -0.0001
v -0.01616572 -0.00344691 -0.0001
v -0.01606066 -0.00336629 -0.0001
v -0.01598004 -0.00326123 -0.0001
v -0.01592936 -0.00313888 -0.0001
v -0.01591207 -0.00300758 -0.0001
v -0.01641937 -0.00300758 0
v -0.01499124 -0.0025395 -0.0001
v -0.01499124 -0.00318628 -0.0001
v -0.01477005 -0.0025395 -0.0001
v -0.01477005 -0.00342787 -0.0001
v -0.01544408 -0.00342787 -0.0001
v -0.01544408 -0.00318628 -0.0001
v -0.00896239 0 0.022
v -0.00853054 0.00065161 0.02193185
v -0.00903054 0.00051764 0.022
v -0.00878206 0.00125882 0.02193185
v -0.00923034 0.001 0.022
v -0.00918215 0.00178024 0.02193185
v -0.00954818 0.00141421 0.022
v -0.00970357 0.00218034 0.02193185
v -0.00996239 0.00173205 0.022
v -0.01031078 0.00243185 0.02193185
v -0.01044476 0.00193185 0.022
v -0.01096239 0.00251764 0.02193185
v -0.01096239 0.002 0.022
v -0.01161401 0.00243185 0.02193185
v -0.01148003 0.00193185 0.022
v -0.01222121 0.00218034 0.02193185
v -0.01196239 0.00173205 0.022
v -0.01274263 0.00178024 0.02193185
v -0.01237661 0.00141421 0.022
v -0.01314273 0.00125882 0.02193185
v -0.01269444 0.001 0.022
v -0.01339424 0.00065161 0.02193185
v -0.01289424 0.00051764 0.022
v -0.01348003 0 0.02193185
v -0.01296239 -0 0.022
v -0.01339424 -0.00065161 0.02193185
v -0.01289424 -0.00051764 0.022
v -0.01314273 -0.00125882 0.02193185
v -0.01269444 -0.001 0.022
v -0.01274263 -0.00178024 0.02193185
v -0.01237661 -0.00141421 0.022
v -0.01222121 -0.00218034 0.02193185
v -0.01196239 -0.00173205 0.022
v -0.01161401 -0.00243185 0.02193185
v -0.01148003 -0.00193185 0.022
v -0.01096239 -0.00251764 0.02193185
v -0.01096239 -0.002 0.022
v -0.01031078 -0.00243185 0.02193185
v -0.01044476 -0.00193185 0.022
v -0.00970357 -0.00218034 0.02193185
v -0.00996239 -0.00173205 0.022
v -0.00918215 -0.00178024 0.02193185
v -0.00954818 -0.00141421 0.022
v -0.00878206 -0.00125882 0.02193185
v -0.00923034 -0.001 0.022
v -0.00853054 -0.00065161 0.02193185
v -0.00903054 -0.00051764 0.022
v -0.00844476 0 0.02193185
v -0.00806462 0.00077646 0.02173205
v -0.00836432 0.0015 0.02173205
v -0.00884107 0.00212132 0.02173205
v -0.00946239 0.00259808 0.02173205
v -0.01018594 0.00289778 0.02173205
v -0.01096239 0.003 0.02173205
v -0.01173885 0.00289778 0.02173205
v -0.01246239 0.00259808 0.02173205
v -0.01308371 0.00212132 0.02173205
v -0.01356047 0.0015 0.02173205
v -0.01386017 0.00077646 0.02173205
v -0.01396239 0 0.02173205
v -0.01386017 -0.00077646 0.02173205
v -0.01356047 -0.0015 0.02173205
v -0.01308371 -0.00212132 0.02173205
v -0.01246239 -0.00259808 0.02173205
v -0.01173885 -0.00289778 0.02173205
v -0.01096239 -0.003 0.02173205
v -0.01018594 -0.00289778 0.02173205
v -0.00946239 -0.00259808 0.02173205
v -0.00884107 -0.00212132 0.02173205
v -0.00836432 -0.0015 0.02173205
v -0.00806462 -0.00077646 0.02173205
v -0.00796239 0 0.02173205
v -0.00766452 0.00088366 0.02141421
v -0.0080056 0.00170711 0.02141421
v -0.00854818 0.00241421 0.02141421
v -0.00925529 0.0029568 0.02141421
v -0.01007873 0.00329788 0.02141421
v -0.01096239 0.00341421 0.02141421
v -0.01184606 0.00329788 0.02141421
v -0.0126695 0.0029568 0.02141421
v -0.01337661 0.00241421 0.02141421
v -0.01391919 0.00170711 0.02141421
v -0.01426027 0.00088366 0.02141421
v -0.01437661 0 0.02141421
v -0.01426027 -0.00088366 0.02141421
v -0.01391919 -0.00170711 0.02141421
v -0.01337661 -0.00241421 0.02141421
v -0.0126695 -0.0029568 0.02141421
v -0.01184606 -0.00329788 0.02141421
v -0.01096239 -0.00341421 0.02141421
v -0.01007873 -0.00329788 0.02141421
v -0.00925529 -0.0029568 0.02141421
v -0.00854818 -0.00241421 0.02141421
v -0.0080056 -0.00170711 0.02141421
v -0.00766452 -0.00088366 0.02141421
v -0.00754818 0 0.02141421
v -0.00735751 0.00096593 0.021
v -0.00773034 0.00186603 0.021
v -0.00832343 0.00263896 0.021
v -0.00909637 0.00323205 0.021
v -0.00999647 0.00360488 0.021
v -0.01096239 0.00373205 0.021
v -0.01192832 0.00360488 0.021
v -0.01282842 0.00323205 0.021
v -0.01360135 0.00263896 0.021
v -0.01419444 0.00186603 0.021
v -0.01456728 0.00096593 0.021
v -0.01469444 0 0.021
v -0.01456728 -0.00096593 0.021
v -0.01419444 -0.00186603 0.021
v -0.01360135 -0.00263896 0.021
v -0.01282842 -0.00323205 0.021
v -0.01192832 -0.00360488 0.021
v -0.01096239 -0.00373205 0.021
v -0.00999647 -0.00360488 0.021
v -0.00909637 -0.00323205 0.021
v -0.00832343 -0.00263896 0.021
v -0.00773034 -0.00186603 0.021
v -0.00735751 -0.00096593 0.021
v -0.00723034 0 0.021
v -0.00716452 0.00101764 0.02051764
v -0.00755731 0.00196593 0.02051764
v -0.00818215 0.00278024 0.02051764
v -0.00899647 0.00340508 0.02051764
v -0.00994476 0.00379788 0.02051764
v -0.01096239 0.00393185 0.02051764
v -0.01198003 0.00379788 0.02051764
v -0.01292832 0.00340508 0.02051764
v -0.01374263 0.00278024 0.02051764
v -0.01436748 0.00196593 0.02051764
v -0.01476027 0.00101764 0.02051764
v -0.01489425 0 0.02051764
v -0.01476027 -0.00101764 0.02051764
v -0.01436748 -0.00196593 0.02051764
v -0.01374263 -0.00278024 0.02051764
v -0.01292832 -0.00340508 0.02051764
v -0.01198003 -0.00379788 0.02051764
v -0.01096239 -0.00393185 0.02051764
v -0.00994476 -0.00379788 0.02051764
v -0.00899647 -0.00340508 0.02051764
v -0.00818215 -0.00278024 0.02051764
v -0.00755731 -0.00196593 0.02051764
v -0.00716452 -0.00101764 0.02051764
v -0.00703054 0 0.02051764
v -0.01496239 -0 0.02
v -0.00696239 -0 0.02
v -0.01096239 0 0.022
vn 0 0 -1
vn 0 0 1
vn 0.13053 0.99144 0
vn 0.38268 0.92388 0
vn 0.60876 0.79335 0
vn 0.79335 0.60876 0
vn 0.92388 0.38268 0
vn 0.99144 0.13053 0
vn 0.99144 -0.13053 0
vn 0.92388 -0.38268 0
vn 0.79335 -0.60876 0
vn 0.60876 -0.79335 0
vn 0.38269 -0.92388 0
vn 0.13053 -0.99144 0
vn -0.13053 -0.99144 -0
vn -0.38268 -0.92388 -0
vn -0.60876 -0.79335 -0
vn -0.79335 -0.60876 -0
vn -0.92388 -0.38268 -0
vn -0.99144 -0.13053 -0
vn -0.99144 -0.13053 -0
vn -0.99144 0.13053 0
vn -0.99144 0.13053 -0
vn -0.92388 0.38268 0
vn -0.79335 0.60876 0
vn -0.60876 0.79335 0
vn -0.38268 0.92388 0
vn -0.13053 0.99144 0
vn 0.13053 0.99144 0
vn 0.38269 0.92388 0
vn 0.79335 0.60876 0
vn 0.92388 0.38268 0
vn 0.99144 0.13053 0
vn 0.79335 -0.60876 0
vn 0.38268 -0.92388 0
vn 0.13053 -0.99144 0
vn -0.13053 -0.99144 -0
vn -0.79335 -0.60876 -0
vn -0.79335 0.60876 0
vn -0.13053 0.99144 0
vn 0.13053 0.99144 0
vn 0.38268 0.92388 0
vn -0.99144 0.13053 0
vn -0.92388 0.38268 0
vn -0.79335 0.60876 0
vn -0.60876 0.79335 0
vn -0.38268 0.92388 0
vn -0.13053 0.99144 0
vn -1 0 0
vn -0.13053 -0.99144 -0
vn -0.38268 -0.92388 -0
vn -0.60876 -0.79335 -0
vn -0.79335 -0.60876 -0
vn -0.92388 -0.38268 -0
vn -0.99144 -0.13053 -0
vn -0 -1 -0
vn 1 0 0
vn 0.99144 -0.13053 0
vn 0.92388 -0.38268 0
vn 0.38268 -0.92388 0
vn 0.13053 -0.99144 0
vn -0 1 0
vn 0.12347 -0.99235 0
vn 0.36433 -0.93127 -0
vn 0.58393 -0.8118 -0
vn 0.76555 -0.64338 -0
vn 0.90057 -0.4347 -0
vn 0.96734 -0.25347 -0
vn 0.99573 -0.09229 0
vn 0.99573 0.09229 -0
vn 0.95276 0.30371 0
vn 0.84861 0.52902 -0
vn 0.69116 0.7227 -0
vn 0.49267 0.87022 -0
vn 0.26361 0.96463 -0
vn 0.07261 0.99736 -0
vn -0.12347 0.99235 0
vn -0.36433 0.93127 -0
vn -0.58393 0.8118 -0
vn -0.76555 0.64338 -0
vn -0.90057 0.4347 -0
vn -0.96734 0.25347 -0
vn -0.99573 0.09229 0
vn -0.99573 -0.09229 0
vn 0.99144 -0.13053 0
vn 0.92388 -0.38268 0
vn 0.79335 -0.60876 0
vn 0.60876 -0.79335 0
vn 0.38268 -0.92388 0
vn 0.13053 -0.99144 0
vn -0.13053 -0.99144 -0
vn -0.38268 -0.92388 -0
vn -0.60876 -0.79335 -0
vn -0.79335 -0.60876 -0
vn -0.92388 -0.38268 -0
vn -0.99144 -0.13053 -0
vn -0.99144 -0.13053 -0
vn -0.99144 0.13053 0
vn -0.99144 0.13053 -0
vn -0.92388 0.38268 0
vn -0.79335 0.60876 0
vn -0.60876 0.79335 0
vn -0.38268 0.92388 0
vn -0.13053 0.99144 0
vn 0.13053 0.99144 0
vn 0.38268 0.92388 0
vn 0.60876 0.79335 0
vn 0.79335 0.60876 0
vn 0.92388 0.38268 0
vn 0.99144 0.13053 0
vn -0.95276 -0.30371 -0
vn -0.84861 -0.52902 0
vn -0.69116 -0.7227 0
vn -0.49267 -0.87022 0
vn -0.26361 -0.96463 0
vn -0.07261 -0.99736 0
vn 0.13051 0.01718 0.9913
vn 0.12161 0.05037 0.9913
vn 0.12161 0.05037 0.9913
vn 0.10443 0.08013 0.9913
vn 0.10443 0.08013 0.9913
vn 0.08013 0.10443 0.9913
vn 0.05037 0.12161 0.9913
vn 0.05037 0.12161 0.9913
vn 0.01718 0.13051 0.9913
vn 0.01718 0.13051 0.9913
vn -0.01718 0.13051 0.9913
vn -0.01718 0.13051 0.9913
vn -0.05037 0.12161 0.9913
vn -0.05037 0.12161 0.9913
vn -0.08013 0.10443 0.9913
vn -0.08013 0.10443 0.9913
vn -0.10443 0.08013 0.9913
vn -0.10443 0.08013 0.9913
vn -0.12161 0.05037 0.9913
vn -0.12161 0.05037 0.9913
vn -0.13051 0.01718 0.9913
vn -0.13051 0.01718 0.9913
vn -0.13051 -0.01718 0.9913
vn -0.13051 -0.01718 0.9913
vn -0.12161 -0.05037 0.9913
vn -0.12161 -0.05037 0.9913
vn -0.10443 -0.08013 0.9913
vn -0.10443 -0.08013 0.9913
vn -0.08013 -0.10443 0.9913
vn -0.08013 -0.10443 0.9913
vn -0.05037 -0.12161 0.9913
vn -0.05037 -0.12161 0.9913
vn -0.01718 -0.13051 0.9913
vn -0.01718 -0.13051 0.9913
vn 0.01718 -0.13051 0.9913
vn 0.01718 -0.13051 0.9913
vn 0.05037 -0.12161 0.9913
vn 0.05037 -0.12161 0.9913
vn 0.08013 -0.10443 0.9913
vn 0.10443 -0.08013 0.9913
vn 0.10443 -0.08013 0.9913
vn 0.12161 -0.05037 0.9913
vn 0.12161 -0.05037 0.9913
vn 0.13051 -0.01718 0.9913
vn 0.13051 -0.01718 0.9913
vn 0.13051 0.01718 0.9913
vn 0.3822 0.05032 0.92271
vn 0.35615 0.14752 0.92271
vn 0.35615 0.14752 0.92271
vn 0.30583 0.23467 0.92271
vn 0.30583 0.23467 0.92271
vn 0.23467 0.30583 0.92271
vn 0.23468 0.30583 0.92271
vn 0.14752 0.35615 0.92271
vn 0.14752 0.35615 0.92271
vn 0.05032 0.3822 0.92271
vn 0.05032 0.3822 0.92271
vn -0.05032 0.3822 0.92271
vn -0.05032 0.3822 0.92271
vn -0.14752 0.35615 0.92271
vn -0.14752 0.35615 0.92271
vn -0.23468 0.30583 0.92271
vn -0.23468 0.30583 0.92271
vn -0.30583 0.23467 0.92271
vn -0.30583 0.23468 0.92271
vn -0.35615 0.14752 0.92271
vn -0.35615 0.14752 0.92271
vn -0.3822 0.05032 0.92271
vn -0.3822 0.05032 0.92271
vn -0.3822 -0.05032 0.92271
vn -0.3822 -0.05032 0.92271
vn -0.35615 -0.14752 0.92271
vn -0.35615 -0.14752 0.92271
vn -0.30583 -0.23467 0.92271
vn -0.30583 -0.23467 0.92271
vn -0.23467 -0.30583 0.92271
vn -0.23468 -0.30583 0.92271
vn -0.14752 -0.35615 0.92271
vn -0.14752 -0.35615 0.92271
vn -0.05032 -0.3822 0.92271
vn -0.05032 -0.3822 0.92271
vn 0.05032 -0.3822 0.92271
vn 0.05032 -0.3822 0.92271
vn 0.14752 -0.35615 0.92271
vn 0.14752 -0.35615 0.92271
vn 0.23468 -0.30583 0.92271
vn 0.23468 -0.30583 0.92271
vn 0.30583 -0.23467 0.92271
vn 0.30583 -0.23468 0.92271
vn 0.35615 -0.14752 0.92271
vn 0.35615 -0.14752 0.92271
vn 0.3822 -0.05032 0.92271
vn 0.3822 -0.05032 0.92271
vn 0.3822 0.05032 0.92271
vn 0.60682 0.07989 0.79082
vn 0.56546 0.23422 0.79082
vn 0.56546 0.23422 0.79082
vn 0.48557 0.37259 0.79082
vn 0.48557 0.37259 0.79082
vn 0.37259 0.48557 0.79082
vn 0.37259 0.48557 0.79082
vn 0.23422 0.56546 0.79082
vn 0.23422 0.56546 0.79082
vn 0.07989 0.60682 0.79082
vn 0.07989 0.60682 0.79082
vn -0.07989 0.60682 0.79082
vn -0.07989 0.60682 0.79082
vn -0.23422 0.56546 0.79082
vn -0.23422 0.56546 0.79082
vn -0.37259 0.48557 0.79082
vn -0.37259 0.48557 0.79082
vn -0.48557 0.37259 0.79082
vn -0.48557 0.37259 0.79082
vn -0.56546 0.23422 0.79082
vn -0.56546 0.23422 0.79082
vn -0.60682 0.07989 0.79082
vn -0.60682 0.07989 0.79082
vn -0.60682 -0.07989 0.79082
vn -0.60682 -0.07989 0.79082
vn -0.56546 -0.23422 0.79082
vn -0.56546 -0.23422 0.79082
vn -0.48557 -0.37259 0.79082
vn -0.48557 -0.37259 0.79082
vn -0.37259 -0.48557 0.79082
vn -0.37259 -0.48557 0.79082
vn -0.23422 -0.56546 0.79082
vn -0.23422 -0.56546 0.79082
vn -0.07989 -0.60682 0.79082
vn -0.07989 -0.60682 0.79082
vn 0.07989 -0.60682 0.79082
vn 0.07989 -0.60682 0.79082
vn 0.23422 -0.56546 0.79082
vn 0.23422 -0.56546 0.79082
vn 0.37259 -0.48557 0.79082
vn 0.37259 -0.48557 0.79082
vn 0.48557 -0.37259 0.79082
vn 0.48557 -0.37259 0.79082
vn 0.56546 -0.23422 0.79082
vn 0.56546 -0.23422 0.79082
vn 0.60682 -0.07989 0.79082
vn 0.60682 -0.07989 0.79082
vn 0.60682 0.07989 0.79082
vn 0.78906 0.10388 0.60547
vn 0.73529 0.30457 0.60547
vn 0.73529 0.30457 0.60547
vn 0.63141 0.48449 0.60547
vn 0.63141 0.48449 0.60547
vn 0.48449 0.63141 0.60547
vn 0.4845 0.63141 0.60547
vn 0.30457 0.73529 0.60547
vn 0.30457 0.73529 0.60547
vn 0.10388 0.78906 0.60547
vn 0.10388 0.78906 0.60547
vn -0.10388 0.78906 0.60547
vn -0.10388 0.78906 0.60547
vn -0.30457 0.73529 0.60547
vn -0.30457 0.73529 0.60547
vn -0.48449 0.63141 0.60547
vn -0.48449 0.63141 0.60547
vn -0.63141 0.48449 0.60547
vn -0.63141 0.48449 0.60547
vn -0.73529 0.30457 0.60547
vn -0.73529 0.30457 0.60547
vn -0.78906 0.10388 0.60547
vn -0.78906 0.10388 0.60547
vn -0.78906 -0.10388 0.60547
vn -0.78906 -0.10388 0.60547
vn -0.73529 -0.30457 0.60547
vn -0.73529 -0.30457 0.60547
vn -0.63141 -0.48449 0.60547
vn -0.63141 -0.48449 0.60547
vn -0.48449 -0.63141 0.60547
vn -0.48449 -0.63141 0.60547
vn -0.30457 -0.73529 0.60547
vn -0.30457 -0.73529 0.60547
vn -0.10388 -0.78906 0.60547
vn -0.10388 -0.78906 0.60547
vn 0.10388 -0.78906 0.60547
vn 0.10388 -0.78906 0.60547
vn 0.30457 -0.73529 0.60547
vn 0.30457 -0.73529 0.60547
vn 0.48449 -0.63141 0.60547
vn 0.48449 -0.63141 0.60547
vn 0.63141 -0.48449 0.60547
vn 0.63141 -0.48449 0.60547
vn 0.73529 -0.30457 0.60547
vn 0.73529 -0.30457 0.60547
vn 0.78906 -0.10388 0.60547
vn 0.78906 -0.10388 0.60547
vn 0.78906 0.10388 0.60547
vn 0.91712 0.12074 0.37988
vn 0.85462 0.35399 0.37988
vn 0.73388 0.56313 0.37988
vn 0.73388 0.56313 0.37988
vn 0.56313 0.73388 0.37988
vn 0.56312 0.73388 0.37988
vn 0.354 0.85462 0.37988
vn 0.12074 0.91712 0.37988
vn 0.12074 0.91712 0.37988
vn -0.12074 0.91712 0.37988
vn -0.12074 0.91712 0.37988
vn -0.354 0.85462 0.37988
vn -0.56313 0.73388 0.37988
vn -0.56313 0.73388 0.37988
vn -0.73388 0.56312 0.37988
vn -0.73388 0.56313 0.37988
vn -0.85462 0.354 0.37988
vn -0.85462 0.354 0.37988
vn -0.91712 0.12074 0.37988
vn -0.91712 0.12074 0.37988
vn -0.91712 -0.12074 0.37988
vn -0.91712 -0.12074 0.37988
vn -0.85462 -0.354 0.37988
vn -0.85462 -0.354 0.37988
vn -0.73388 -0.56312 0.37988
vn -0.73388 -0.56313 0.37988
vn -0.56313 -0.73388 0.37988
vn -0.56312 -0.73388 0.37988
vn -0.354 -0.85462 0.37988
vn -0.12074 -0.91712 0.37988
vn -0.12074 -0.91712 0.37988
vn 0.12074 -0.91712 0.37988
vn 0.12074 -0.91712 0.37988
vn 0.354 -0.85462 0.37988
vn 0.56313 -0.73388 0.37988
vn 0.56312 -0.73388 0.37988
vn 0.73388 -0.56313 0.37988
vn 0.73388 -0.56313 0.37988
vn 0.85462 -0.35399 0.37988
vn 0.91712 -0.12074 0.37988
vn 0.91712 -0.12074 0.37988
vn 0.91712 0.12074 0.37988
vn 0.98311 0.12943 0.12943
vn 0.91611 0.37947 0.12943
vn 0.91611 0.37946 0.12943
vn 0.78668 0.60364 0.12943
vn 0.78668 0.60364 0.12943
vn 0.60364 0.78668 0.12943
vn 0.60364 0.78668 0.12943
vn 0.37946 0.91611 0.12943
vn 0.37946 0.91611 0.12943
vn 0.12943 0.98311 0.12943
vn 0.12943 0.98311 0.12943
vn -0.12943 0.98311 0.12943
vn -0.12943 0.98311 0.12943
vn -0.37946 0.91611 0.12943
vn -0.37946 0.91611 0.12943
vn -0.60364 0.78668 0.12943
vn -0.60364 0.78668 0.12943
vn -0.78668 0.60364 0.12943
vn -0.78668 0.60364 0.12943
vn -0.91611 0.37946 0.12943
vn -0.91611 0.37946 0.12943
vn -0.98311 0.12943 0.12943
vn -0.98311 0.12943 0.12943
vn -0.98311 -0.12943 0.12943
vn -0.98311 -0.12943 0.12943
vn -0.91611 -0.37946 0.12943
vn -0.91611 -0.37946 0.12943
vn -0.78668 -0.60364 0.12943
vn -0.78668 -0.60364 0.12943
vn -0.60364 -0.78668 0.12943
vn -0.60364 -0.78668 0.12943
vn -0.37946 -0.91611 0.12943
vn -0.37946 -0.91611 0.12943
vn -0.12943 -0.98311 0.12943
vn -0.12943 -0.98311 0.12943
vn 0.12943 -0.98311 0.12943
vn 0.12943 -0.98311 0.12943
vn 0.37946 -0.91611 0.12943
vn 0.37946 -0.91611 0.12943
vn 0.60364 -0.78668 0.12943
vn 0.60364 -0.78668 0.12943
vn 0.78668 -0.60364 0.12943
vn 0.78668 -0.60364 0.12943
vn 0.91611 -0.37947 0.12943
vn 0.91611 -0.37946 0.12943
vn 0.98311 -0.12943 0.12943
vn 0.98311 -0.12943 0.12943
vn 0.98311 0.12943 0.12943
vn 0.1305 0.01718 0.9913
vn 0.12161 0.05037 0.9913
vn 0.12161 0.05037 0.9913
vn 0.10443 0.08013 0.9913
vn 0.10443 0.08013 0.9913
vn 0.08013 0.10443 0.9913
vn 0.08013 0.10443 0.9913
vn 0.05037 0.12161 0.9913
vn 0.05037 0.12161 0.9913
vn 0.01718 0.13051 0.9913
vn 0.01718 0.13051 0.9913
vn -0.01718 0.13051 0.9913
vn -0.01718 0.13051 0.9913
vn -0.05037 0.12161 0.9913
vn -0.05037 0.12161 0.9913
vn -0.08013 0.10443 0.9913
vn -0.08013 0.10443 0.9913
vn -0.10443 0.08013 0.9913
vn -0.10443 0.08013 0.9913
vn -0.12161 0.05037 0.9913
vn -0.12161 0.05038 0.9913
vn -0.13051 0.01718 0.9913
vn -0.13051 0.01718 0.9913
vn -0.13051 -0.01718 0.9913
vn -0.13051 -0.01718 0.9913
vn -0.12161 -0.05037 0.9913
vn -0.12161 -0.05038 0.9913
vn -0.10443 -0.08013 0.9913
vn -0.10443 -0.08013 0.9913
vn -0.08013 -0.10443 0.9913
vn -0.08013 -0.10443 0.9913
vn -0.05037 -0.12161 0.9913
vn -0.05037 -0.12161 0.9913
vn -0.01718 -0.13051 0.9913
vn -0.01718 -0.13051 0.9913
vn 0.01718 -0.13051 0.9913
vn 0.01718 -0.13051 0.9913
vn 0.05037 -0.12161 0.9913
vn 0.05037 -0.12161 0.9913
vn 0.08013 -0.10443 0.9913
vn 0.08013 -0.10443 0.9913
vn 0.10443 -0.08013 0.9913
vn 0.10443 -0.08013 0.9913
vn 0.12161 -0.05037 0.9913
vn 0.12161 -0.05037 0.9913
vn 0.13051 -0.01718 0.9913
vn 0.13051 -0.01718 0.9913
vn 0.13051 0.01718 0.9913
vn 0.3822 0.05032 0.92271
vn 0.35616 0.14752 0.92271
vn 0.35615 0.14753 0.92271
vn 0.30584 0.23468 0.92271
vn 0.30584 0.23468 0.92271
vn 0.23468 0.30584 0.92271
vn 0.23468 0.30584 0.92271
vn 0.14752 0.35615 0.92271
vn 0.14752 0.35615 0.92271
vn 0.05032 0.3822 0.92271
vn 0.05032 0.3822 0.92271
vn -0.05032 0.3822 0.92271
vn -0.05032 0.3822 0.92271
vn -0.14752 0.35616 0.92271
vn -0.14752 0.35615 0.92271
vn -0.23468 0.30584 0.92271
vn -0.23468 0.30584 0.92271
vn -0.30584 0.23468 0.92271
vn -0.30584 0.23468 0.92271
vn -0.35615 0.14752 0.92271
vn -0.35615 0.14753 0.92271
vn -0.3822 0.05032 0.92271
vn -0.3822 0.05032 0.92271
vn -0.3822 -0.05032 0.92271
vn -0.3822 -0.05032 0.92271
vn -0.35616 -0.14752 0.92271
vn -0.35615 -0.14753 0.92271
vn -0.30584 -0.23468 0.92271
vn -0.30584 -0.23468 0.92271
vn -0.23468 -0.30584 0.92271
vn -0.23468 -0.30584 0.92271
vn -0.14752 -0.35615 0.92271
vn -0.14752 -0.35615 0.92271
vn -0.05032 -0.3822 0.92271
vn -0.05032 -0.3822 0.92271
vn 0.05032 -0.3822 0.92271
vn 0.05032 -0.3822 0.92271
vn 0.14752 -0.35616 0.92271
vn 0.14752 -0.35615 0.92271
vn 0.23468 -0.30584 0.92271
vn 0.23468 -0.30584 0.92271
vn 0.30584 -0.23468 0.92271
vn 0.30584 -0.23468 0.92271
vn 0.35615 -0.14752 0.92271
vn 0.35615 -0.14753 0.92271
vn 0.3822 -0.05032 0.92271
vn 0.3822 -0.05032 0.92271
vn 0.3822 0.05032 0.92271
vn 0.60682 0.07989 0.79082
vn 0.56547 0.23422 0.79082
vn 0.56546 0.23422 0.79082
vn 0.48557 0.37259 0.79082
vn 0.48557 0.37259 0.79082
vn 0.37259 0.48557 0.79082
vn 0.37259 0.48557 0.79082
vn 0.23422 0.56546 0.79082
vn 0.23422 0.56546 0.79082
vn 0.07989 0.60681 0.79082
vn 0.07989 0.60682 0.79082
vn -0.07989 0.60682 0.79082
vn -0.07989 0.60681 0.79082
vn -0.23422 0.56546 0.79082
vn -0.23422 0.56546 0.79082
vn -0.37259 0.48557 0.79082
vn -0.37259 0.48557 0.79082
vn -0.48557 0.37259 0.79082
vn -0.48557 0.37259 0.79082
vn -0.56546 0.23422 0.79082
vn -0.56546 0.23422 0.79082
vn -0.60681 0.07989 0.79082
vn -0.60681 0.07989 0.79082
vn -0.60681 -0.07989 0.79082
vn -0.60681 -0.07989 0.79082
vn -0.56546 -0.23422 0.79082
vn -0.56546 -0.23422 0.79082
vn -0.48557 -0.37259 0.79082
vn -0.48557 -0.37259 0.79082
vn -0.37259 -0.48557 0.79082
vn -0.37259 -0.48557 0.79082
vn -0.23422 -0.56546 0.79082
vn -0.23422 -0.56546 0.79082
vn -0.07989 -0.60681 0.79082
vn -0.07989 -0.60682 0.79082
vn 0.07989 -0.60682 0.79082
vn 0.07989 -0.60681 0.79082
vn 0.23422 -0.56546 0.79082
vn 0.23422 -0.56546 0.79082
vn 0.37259 -0.48557 0.79082
vn 0.37259 -0.48557 0.79082
vn 0.48557 -0.37259 0.79082
vn 0.48557 -0.37259 0.79082
vn 0.56546 -0.23422 0.79082
vn 0.56546 -0.23422 0.79082
vn 0.60682 -0.07989 0.79082
vn 0.60682 -0.07989 0.79082
vn 0.60682 0.07989 0.79082
vn 0.78906 0.10388 0.60547
vn 0.73529 0.30456 0.60547
vn 0.73529 0.30456 0.60547
vn 0.63141 0.4845 0.60547
vn 0.6314 0.4845 0.60547
vn 0.4845 0.63141 0.60547
vn 0.48449 0.63141 0.60547
vn 0.30456 0.73529 0.60547
vn 0.30457 0.73529 0.60547
vn 0.10388 0.78906 0.60547
vn 0.10388 0.78906 0.60547
vn -0.10388 0.78906 0.60547
vn -0.10388 0.78906 0.60547
vn -0.30457 0.73529 0.60547
vn -0.30457 0.73529 0.60547
vn -0.48449 0.6314 0.60547
vn -0.48449 0.63141 0.60547
vn -0.63141 0.4845 0.60547
vn -0.63141 0.4845 0.60547
vn -0.73529 0.30456 0.60547
vn -0.73529 0.30457 0.60546
vn -0.78906 0.10389 0.60546
vn -0.78906 0.10388 0.60547
vn -0.78906 -0.10389 0.60547
vn -0.78906 -0.10388 0.60546
vn -0.73529 -0.30456 0.60546
vn -0.73529 -0.30457 0.60547
vn -0.63141 -0.4845 0.60547
vn -0.6314 -0.4845 0.60547
vn -0.4845 -0.63141 0.60547
vn -0.48449 -0.63141 0.60547
vn -0.30456 -0.73529 0.60547
vn -0.30457 -0.73529 0.60547
vn -0.10388 -0.78906 0.60547
vn -0.10388 -0.78906 0.60547
vn 0.10388 -0.78906 0.60547
vn 0.10388 -0.78906 0.60547
vn 0.30457 -0.73529 0.60547
vn 0.30457 -0.73529 0.60547
vn 0.48449 -0.6314 0.60547
vn 0.48449 -0.63141 0.60547
vn 0.63141 -0.4845 0.60547
vn 0.63141 -0.4845 0.60547
vn 0.73529 -0.30456 0.60547
vn 0.73529 -0.30456 0.60547
vn 0.78906 -0.10388 0.60547
vn 0.78906 -0.10388 0.60547
vn 0.78906 0.10388 0.60547
vn 0.91712 0.12074 0.37989
vn 0.85462 0.35399 0.37989
vn 0.85462 0.35399 0.37988
vn 0.73388 0.56313 0.37988
vn 0.73388 0.56313 0.37988
vn 0.56313 0.73388 0.37988
vn 0.56313 0.73388 0.37988
vn 0.354 0.85462 0.37988
vn 0.35399 0.85462 0.37988
vn 0.12074 0.91712 0.37988
vn 0.12074 0.91712 0.37988
vn -0.12074 0.91712 0.37988
vn -0.12074 0.91712 0.37988
vn -0.354 0.85462 0.37989
vn -0.35399 0.85462 0.37988
vn -0.56313 0.73388 0.37988
vn -0.56313 0.73388 0.37989
vn -0.73388 0.56312 0.37989
vn -0.73388 0.56313 0.37988
vn -0.85462 0.354 0.37988
vn -0.85462 0.35399 0.37989
vn -0.91712 0.12074 0.37989
vn -0.91712 0.12075 0.37988
vn -0.91712 -0.12074 0.37988
vn -0.91712 -0.12075 0.37989
vn -0.85462 -0.35399 0.37989
vn -0.85462 -0.35399 0.37988
vn -0.73388 -0.56312 0.37988
vn -0.73388 -0.56313 0.37989
vn -0.56313 -0.73388 0.37989
vn -0.56313 -0.73388 0.37988
vn -0.354 -0.85462 0.37988
vn -0.35399 -0.85462 0.37989
vn -0.12074 -0.91712 0.37988
vn -0.12074 -0.91712 0.37988
vn 0.12074 -0.91712 0.37988
vn 0.12074 -0.91712 0.37988
vn 0.354 -0.85462 0.37988
vn 0.35399 -0.85462 0.37988
vn 0.56313 -0.73388 0.37988
vn 0.56313 -0.73388 0.37988
vn 0.73388 -0.56313 0.37988
vn 0.73388 -0.56313 0.37988
vn 0.85462 -0.354 0.37988
vn 0.85462 -0.35399 0.37989
vn 0.91712 -0.12074 0.37989
vn 0.91712 -0.12074 0.37988
vn 0.91712 0.12074 0.37988
vn 0.98311 0.12943 0.12943
vn 0.91611 0.37947 0.12943
vn 0.91611 0.37946 0.12942
vn 0.78668 0.60364 0.12943
vn 0.78668 0.60364 0.12943
vn 0.60364 0.78668 0.12943
vn 0.60364 0.78668 0.12943
vn 0.37946 0.91611 0.12943
vn 0.37946 0.91611 0.12943
vn 0.12943 0.98311 0.12943
vn 0.12943 0.98311 0.12943
vn -0.12943 0.98311 0.12943
vn -0.12943 0.98311 0.12943
vn -0.37946 0.91611 0.12943
vn -0.37946 0.91611 0.12943
vn -0.60364 0.78668 0.12943
vn -0.60364 0.78668 0.12943
vn -0.78668 0.60364 0.12942
vn -0.78668 0.60364 0.12943
vn -0.91611 0.37947 0.12943
vn -0.91611 0.37946 0.12943
vn -0.98311 0.12943 0.12943
vn -0.98311 0.12943 0.12943
vn -0.98311 -0.12943 0.12943
vn -0.98311 -0.12943 0.12943
vn -0.91611 -0.37947 0.12943
vn -0.91611 -0.37946 0.12943
vn -0.78668 -0.60364 0.12943
vn -0.78668 -0.60364 0.12942
vn -0.60364 -0.78668 0.12943
vn -0.60364 -0.78668 0.12943
vn -0.37946 -0.91611 0.12943
vn -0.37946 -0.91611 0.12943
vn -0.12943 -0.98311 0.12943
vn -0.12943 -0.98311 0.12943
vn 0.12943 -0.98311 0.12943
vn 0.12943 -0.98311 0.12943
vn 0.37946 -0.91611 0.12943
vn 0.37946 -0.91611 0.12943
vn 0.60364 -0.78668 0.12943
vn 0.60364 -0.78668 0.12943
vn 0.78668 -0.60364 0.12943
vn 0.78668 -0.60364 0.12943
vn 0.91611 -0.37947 0.12943
vn 0.91611 -0.37946 0.12943
vn 0.98311 -0.12943 0.12943
vn 0.98311 -0.12943 0.12943
vn 0.98311 0.12943 0.12943
vn -0.99145 0.13052 0
vn -0.92388 0.38269 -0
vn -0.79335 0.60876 -0
vn -0.60876 0.79335 -0
vn -0.38268 0.92388 -0
vn -0.13053 0.99144 -0
vn 0.13053 0.99144 0
vn 0.38268 0.92388 0
vn 0.60876 0.79335 0
vn 0.79335 0.60876 0
vn 0.92388 0.38269 0
vn 0.99144 0.13053 0
vn 0.99144 0.13053 0
vn 0.99144 -0.13053 -0
vn 0.99144 -0.13053 0
vn 0.92388 -0.38269 -0
vn 0.79335 -0.60876 -0
vn 0.60876 -0.79335 -0
vn 0.38268 -0.92388 -0
vn 0.13053 -0.99144 -0
vn -0.13053 -0.99144 -0
vn -0.38268 -0.92388 -0
vn -0.60876 -0.79335 -0
vn -0.79335 -0.60876 -0
vn -0.92388 -0.38269 -0
vn -0.99145 -0.13052 -0
vn -0.99145 -0.13052 -0
vn -0.99145 0.13052 0
vn -0.99144 -0.13053 -0
vn -0.99144 0.13053 0
vn -0.13053 -0.99144 -0
vn -0.79335 -0.60876 -0
vn -0.92388 -0.38268 -0
vn -0.99144 -0.13053 -0
vn -0.99144 -0.13053 -0
vn -0.99144 0.13053 0
vn -0.99144 0.13053 -0
vn -0.92388 0.38268 0
vn -0.79335 0.60876 0
vn -0.13053 0.99144 0
vn -0.99144 -0.13053 -0
vn -0.99144 0.13053 0
vn 0.70076 -0.07454 0.70949
vn 0.44539 -0.85035 0.28023
vn 0.50443 -0.83895 0.20424
vn 0.08925 -0.42213 0.90213
vn 0.08781 -0.4199 0.90331
vn 0.18999 -0.41666 0.88899
vn 0.1893 -0.41557 0.88965
vn 0.33235 -0.40449 0.85202
vn 0.3354 -0.24708 0.9091
vn 0.5123 -0.22464 0.82891
vn 0.09215 -0.08424 0.99218
vn 0.14223 -0.17168 0.97483
vn 0.18894 -0.0827 0.9785
vn 0.32493 -0.08368 0.94203
vn 0.09207 -0.25371 0.96289
vn 0.09171 -0.25311 0.96308
vn 0.19227 -0.24996 0.94898
vn 0.19317 -0.25142 0.9484
vn 0.33696 -0.24089 0.91018
vn 0.32768 -0.06869 0.94229
vn 0.80078 -0.4458 0.40001
vn 0.79689 -0.45723 0.39485
vn 0.72234 -0.46666 0.51036
vn 0.72021 -0.4762 0.50452
vn 0.61788 -0.49423 0.61152
vn 0.84557 -0.3208 0.42674
vn 0.84428 -0.32748 0.42421
vn 0.75999 -0.33816 0.55503
vn 0.75981 -0.34042 0.55389
vn 0.6458 -0.36049 0.67305
vn 0.61373 -0.50267 0.60882
vn 0.48387 -0.52423 0.70075
vn 0.78718 -0.05861 0.61393
vn 0.95418 -0.03691 0.29694
vn 0.87372 0.00668 0.48639
vn 0.88077 -0.14716 0.45011
vn 0.80671 -0.03168 0.59009
vn 0.73768 0.13277 0.66197
vn 0.52319 -0.805 0.27972
vn 0.57233 -0.76197 0.30304
vn 0.39734 -0.89668 0.19515
vn 0.48181 -0.8466 0.2261
vn 0.51267 -0.83694 0.19157
vn 0.48801 -0.85 0.19836
vn 0.62279 -0.75343 0.21087
vn 0.60952 -0.76408 0.21134
vn 0.72317 -0.6554 0.21788
vn 0.34671 -0.85453 0.38674
vn 0.33801 -0.87235 0.35321
vn 0.22264 -0.8866 0.40542
vn 0.22068 -0.90014 0.37557
vn 0.11399 -0.75031 0.65119
vn 0.87456 -0.19191 0.44534
vn 0.87446 -0.1934 0.44487
vn 0.78225 -0.20507 0.58825
vn 0.78198 -0.19963 0.59048
vn 0.65925 -0.22121 0.71865
vn 0.64618 -0.35938 0.67327
vn 0.50334 -0.3831 0.77452
vn 0.48028 -0.53185 0.69748
vn 0.32037 -0.55199 0.76985
vn 0.29889 -0.66525 0.68418
vn 0.16876 -0.67591 0.7174
vn 0.1376 -0.55321 0.8216
vn 0.07434 -0.6881 0.7218
vn 0.26178 -0.81247 0.52092
vn 0.26163 -0.79858 0.54205
vn 0.39749 -0.78168 0.4806
vn 0.40161 -0.7645 0.50423
vn 0.17818 -0.95521 0.23628
vn 0.18322 -0.94433 0.27326
vn 0.27527 -0.93844 0.20871
vn 0.32078 -0.89019 0.32351
vn 0.33517 -0.91776 0.21301
vn 0.43339 -0.84033 0.32561
vn 0.44895 -0.81873 0.35794
vn 0.50688 -0.74715 0.42993
vn 0.41686 -0.07902 0.90553
vn 0.44751 -0.07506 0.89112
vn 0.49436 0.00238 0.86926
vn 0.53279 -0.0823 0.84224
vn 0.60577 -0.07052 0.79251
vn 0.08349 -0.58071 0.80982
vn 0.08098 -0.57712 0.81263
vn 0.18159 -0.5739 0.79854
vn 0.17938 -0.57052 0.80146
vn 0.31692 -0.55946 0.76588
vn 0.33267 -0.40355 0.85233
vn 0.50375 -0.38191 0.77484
vn 0.50997 -0.23526 0.8274
vn 0.66167 -0.2101 0.71976
vn 0.6509 0.00242 0.75916
vn 0.63131 0.05147 0.77382
vn 0.51571 -0.72727 0.4529
vn 0.58865 -0.71495 0.37728
vn 0.79964 -0.38297 0.4625
vn 0.66762 -0.67003 0.32456
vn 0.70851 -0.67077 0.21928
vn 0.96662 -0.16312 0.19759
vn 0.81299 -0.55554 0.17443
vn 0.8789 -0.44932 0.16016
vn 0.88565 -0.43546 0.16126
vn 0.93407 -0.32677 0.14398
vn 0.94042 -0.30759 0.14494
vn 0.97171 -0.20015 0.1254
vn 0.97631 -0.17591 0.12598
vn 0.99062 -0.0845 0.10743
vn 0.99326 -0.04382 0.10732
vn 0.95002 -0.12543 0.28588
vn 0.94041 -0.18036 0.28826
vn 0.93832 -0.19457 0.28583
vn 0.90648 -0.30929 0.28745
vn 0.90256 -0.3232 0.28447
vn 0.85556 -0.43449 0.2815
vn 0.84977 -0.44792 0.27796
vn 0.77987 -0.56515 0.2691
vn 0.74093 -0.56332 0.36564
vn 0.73314 -0.57859 0.3574
vn 0.66996 -0.58653 0.45513
vn 0.66383 -0.60217 0.44354
vn 0.57218 -0.61811 0.53903
vn 0.56851 -0.63321 0.52521
vn 0.44737 -0.65327 0.61082
vn 0.44643 -0.66668 0.59686
vn 0.29019 -0.68599 0.66724
vn 0.28611 -0.72888 0.622
vn 0.11787 -0.74009 0.66209
vn 0.10246 -0.82297 0.55877
vn 0.10543 -0.83335 0.54259
vn 0.0838 -0.9091 0.40806
vn 0.0865 -0.91838 0.38613
vn 0.06114 -0.9695 0.23733
vn 0.06243 -0.97258 0.22401
vn 0.9978 -0.06483 0.01414
vn 0.99763 -0.06713 0.01481
vn 0.97984 -0.19521 0.04242
vn 0.97834 -0.20218 0.04444
vn 0.94305 -0.32507 0.07057
vn 0.93872 -0.33666 0.07395
vn 0.88741 -0.45051 0.09776
vn 0.87874 -0.46618 0.10237
vn 0.814 -0.56766 0.12316
vn 0.7997 -0.58644 0.12875
vn 0.72497 -0.67312 0.14603
vn 0.70408 -0.69361 0.15224
vn 0.62335 -0.76416 0.16579
vn 0.59539 -0.78476 0.17219
vn 0.51267 -0.83905 0.18208
vn 0.47769 -0.85813 0.18823
vn 0.00182 -0.97389 0.227
vn 0.03699 -0.96477 0.26047
vn -0.01683 -0.92002 0.39152
vn 0.0062 -0.90639 0.42239
vn 0.00915 -0.83591 0.54879
vn -0.02204 -0.84974 0.52674
vn 0.03572 -0.75286 0.65721
vn 0.05641 -0.73796 0.67248
vn 0.02075 -0.11852 0.99273
vn 0.08141 -0.08421 0.99312
vn -0.02571 -0.28703 0.95758
vn 0.01997 -0.25356 0.96711
vn 0.01833 -0.39858 0.91695
vn -0.00588 -0.42176 0.90669
vn 0.04967 -0.55911 0.82761
vn 0.01564 -0.58101 0.81375
vn 0.01335 -0.68844 0.72517
vn 0.59537 -0.78776 0.15804
vn 0.63274 -0.75889 0.15402
vn 0.44058 -0.87825 0.18594
vn 0.4341 -0.88359 0.17558
vn 0.95085 -0.30964 0
vn 0.90335 -0.42811 0.02625
vn 0.91056 -0.41256 0.02584
vn 0.85739 -0.512 0.05227
vn 0.85765 -0.51157 0.05225
vn 0.80224 -0.59193 0.07764
vn 0.79265 -0.60457 0.07872
vn 0.73845 -0.66655 0.10194
vn 0.71668 -0.68949 0.1047
vn 0.6669 -0.73462 0.1248
vn 0.63127 -0.76466 0.12962
vn 0.43982 -0.88114 0.17361
vn 0.57661 -0.80523 0.13829
vn 0.57347 -0.80737 0.13886
vn 0.90062 -0.43462 0
vn 0.82738 -0.56102 0.02632
vn 0.85454 -0.51878 0.02491
vn 0.77687 -0.62741 0.05317
vn 0.79949 -0.59849 0.0512
vn 0.72339 -0.68591 0.07893
vn 0.73591 -0.67263 0.07746
vn 0.66631 -0.73851 0.1031
vn 0.66467 -0.73996 0.10332
vn 0.58711 -0.79882 0.13112
vn 0.58863 -0.79512 0.14594
vn 0.53828 -0.82877 0.15297
vn 0.53941 -0.82439 0.17152
vn 0.47768 -0.86036 0.17778
vn 0.79964 -0.58953 0.11413
vn 0.87874 -0.46584 0.10397
vn 0.84015 -0.53479 0.09024
vn 0.9387 -0.33571 0.07837
vn 0.90373 -0.42375 0.06092
vn 0.9783 -0.20055 0.052
vn 0.95122 -0.307 0.03053
vn 0.99757 -0.06481 0.02564
vn 0.98222 -0.18773 0
vn 0.70402 -0.69721 0.13514
vn 0.77648 -0.61742 0.126
vn 0.71733 -0.6873 0.11425
vn 0.84042 -0.53273 0.09945
vn 0.79326 -0.60258 0.08744
vn 0.90414 -0.42066 0.07473
vn 0.85814 -0.51002 0.05901
vn 0.95178 -0.30275 0.04952
vn 0.91084 -0.41169 0.02963
vn 0.98295 -0.18226 0.02443
vn 0 -0.96543 0.26064
vn 0 -0.90641 0.4224
vn 0 -0.84995 0.52687
vn 0 -0.73914 0.67355
vn 0 -0.5598 0.82863
vn 0 -0.39865 0.9171
vn 0 -0.28713 0.95789
vn 0 -0.11855 0.99295
vn 0.43353 -0.8876 0.15561
vn 0.4322 -0.88676 0.16386
vn 0.56694 -0.81773 0.0995
vn 0.57316 -0.81197 0.11041
vn 0.68103 -0.72993 0.05828
vn 0.8089 -0.58795 0
vn 0.66442 -0.74178 0.09112
vn 0.71746 -0.69525 0.04336
vn 0.76165 -0.64678 0.03971
vn 0.77244 -0.63455 0.02622
vn 0.82377 -0.56691 0.00415
vn -0.00411 -0.96543 0.26064
vn -0.03368 -0.97382 0.22481
vn 0.01258 -0.90634 0.42236
vn -0.00877 -0.92046 0.39073
vn -0.01384 -0.84987 0.52682
vn -0.00116 -0.83544 0.54958
vn -0.03886 -0.73858 0.67304
vn -0.02009 -0.72113 0.6925
vn -0.02391 -0.61788 0.78591
vn -0.05444 -0.55897 0.8274
vn -0.04256 -0.54264 0.83889
vn -0.02352 -0.46251 0.8863
vn -0.03751 -0.39837 0.91646
vn -0.02977 -0.3799 0.92455
vn -0.03148 -0.28699 0.95742
vn -0.03362 -0.08365 0.99593
vn -0.06033 -0.11833 0.99114
vn -0.02967 -0.20991 0.97727
vn -0.0356 -0.29539 0.95471
vn -0.4876 -0.53373 0.69093
vn -0.98343 -0.13755 0.1181
vn -0.78672 -0.20244 0.58317
vn -0.58384 -0.72023 0.37469
vn -0.15276 -0.96812 0.19852
vn -0.45013 -0.82195 0.34897
vn -0.08416 -0.72122 0.68757
vn -0.1263 -0.78579 0.60546
vn -0.15079 -0.82232 0.54868
vn -0.18004 -0.70801 0.68287
vn -0.09078 -0.91884 0.38406
vn -0.13149 -0.94354 0.30405
vn -0.05112 -0.9812 0.1861
vn -0.02884 -0.97389 0.22517
vn -0.26748 -0.81335 0.51665
vn -0.26782 -0.79887 0.53859
vn -0.30476 -0.69822 0.64778
vn -0.30369 -0.68584 0.66136
vn -0.65887 -0.60793 0.44308
vn -0.67083 -0.59133 0.44755
vn -0.72775 -0.58528 0.35754
vn -0.77519 -0.57237 0.26735
vn -0.73921 -0.56998 0.35873
vn -0.66158 -0.6773 0.32185
vn -0.79079 -0.41401 0.45083
vn -0.5612 -0.76889 0.30638
vn -0.51936 -0.80961 0.27351
vn -0.79159 -0.00458 0.61104
vn -0.87006 -0.12251 0.47748
vn -0.89224 0.01059 0.45144
vn -0.91752 -0.05436 0.39395
vn -0.95246 -0.11684 0.28136
vn -0.9552 -0.07156 0.28719
vn -0.99328 -0.05601 0.10128
vn -0.99344 -0.05297 0.10133
vn -0.78686 -0.20617 0.58167
vn -0.87687 -0.19654 0.43871
vn -0.87706 -0.1938 0.43955
vn -0.93873 -0.19777 0.28226
vn -0.94094 -0.18316 0.28477
vn -0.97106 -0.20291 0.12595
vn -0.97126 -0.20196 0.12598
vn -0.21552 -0.0855 0.97275
vn -0.34599 -0.03948 0.93741
vn -0.34103 -0.06147 0.93804
vn -0.26557 -0.08259 0.96055
vn -0.79835 0.09139 0.59521
vn -0.76485 -0.06563 0.64086
vn -0.66812 -0.08045 0.73969
vn -0.67901 0.12979 0.72257
vn -0.64462 -0.03814 0.76355
vn -0.6109 -0.07226 0.78841
vn -0.5194 -0.08552 0.85024
vn -0.53066 0.01649 0.84742
vn -0.44784 -0.09111 0.88946
vn -0.09693 -0.61803 0.78015
vn -0.12768 -0.72053 0.68157
vn -0.15098 -0.54107 0.82731
vn -0.15032 -0.53356 0.8323
vn -0.15626 -0.46174 0.87314
vn -0.15567 -0.45606 0.87623
vn -0.16019 -0.37943 0.91125
vn -0.1641 -0.21034 0.96376
vn -0.16259 -0.29373 0.94196
vn -0.35346 -0.2823 0.89184
vn -0.34819 -0.40307 0.84635
vn -0.51398 -0.38359 0.76726
vn -0.51406 -0.38336 0.76732
vn -0.65129 -0.36232 0.66674
vn -0.16279 -0.29527 0.94144
vn -0.15976 -0.37579 0.91283
vn -0.33916 -0.36548 0.86683
vn -0.34496 -0.44474 0.82657
vn -0.33089 -0.55195 0.76542
vn -0.32593 -0.52362 0.78714
vn -0.32517 -0.59644 0.73384
vn -0.19245 -0.60648 0.77146
vn -0.17412 -0.71388 0.67828
vn -0.08933 -0.71613 0.69223
vn -0.06807 -0.83581 0.54478
vn -0.66694 -0.22153 0.71142
vn -0.66905 -0.21252 0.71218
vn -0.52297 -0.23488 0.81935
vn -0.52508 -0.22605 0.82049
vn -0.34864 -0.24668 0.90421
vn -0.35448 -0.19953 0.91353
vn -0.16418 -0.21095 0.96361
vn -0.16203 -0.00252 0.98678
vn -0.11881 -0.08444 0.98932
vn -0.38034 -0.88424 0.27104
vn -0.36483 -0.89461 0.25801
vn -0.41065 -0.88751 0.20901
vn -0.40077 -0.89307 0.2045
vn -0.51115 -0.83041 0.22169
vn -0.46723 -0.86276 0.19324
vn -0.51175 -0.83495 0.20243
vn -0.60022 -0.77214 0.20867
vn -0.64463 -0.73328 0.21623
vn -0.70184 -0.67883 0.21589
vn -0.73353 -0.64325 0.21946
vn -0.95703 -0.21023 0.19975
vn -0.78878 -0.5904 0.17105
vn -0.83788 -0.51896 0.16922
vn -0.26629 -0.91528 0.30226
vn -0.25204 -0.94328 0.2161
vn -0.35298 -0.85564 0.37854
vn -0.42088 -0.84535 0.32901
vn -0.50403 -0.75087 0.42679
vn -0.51335 -0.73095 0.44965
vn -0.5685 -0.63684 0.52081
vn -0.5726 -0.62128 0.53493
vn -0.62112 -0.49663 0.60627
vn -0.72062 -0.48076 0.49958
vn -0.72306 -0.47052 0.50577
vn -0.79572 -0.46277 0.39075
vn -0.79985 -0.451 0.39603
vn -0.84722 -0.45411 0.27567
vn -0.85311 -0.44072 0.27922
vn -0.87595 -0.45581 0.15792
vn -0.89949 -0.40651 0.16022
vn -0.08849 -0.90888 0.40755
vn -0.22252 -0.90099 0.37243
vn -0.22522 -0.88706 0.40299
vn -0.32788 -0.87573 0.35439
vn -0.3986 -0.78373 0.47634
vn -0.40333 -0.76619 0.50028
vn -0.45084 -0.66869 0.59127
vn -0.45218 -0.65462 0.60582
vn -0.49189 -0.52509 0.69449
vn -0.61629 -0.50602 0.60343
vn -0.65145 -0.36187 0.66682
vn -0.76255 -0.34417 0.54778
vn -0.76287 -0.34069 0.54951
vn -0.8451 -0.33189 0.41912
vn -0.84661 -0.32442 0.42191
vn -0.90174 -0.32799 0.28159
vn -0.9058 -0.31389 0.28462
vn -0.93264 -0.33159 0.1422
vn -0.9472 -0.28775 0.14148
vn -0.8977 -0.43167 0.08833
vn -0.89387 -0.43903 0.09083
vn -0.95915 -0.27681 0.05837
vn -0.96008 -0.27393 0.05657
vn -0.99059 -0.13383 0.0287
vn -0.99059 -0.13366 0.02946
vn -0.9986 -0.05196 0.00955
vn -0.99728 -0.07206 0.01554
vn -0.51184 -0.83943 0.18268
vn -0.47551 -0.86045 0.18309
vn -0.64558 -0.74621 0.16247
vn -0.61806 -0.76891 0.16363
vn -0.7357 -0.66201 0.14315
vn -0.83912 -0.53168 0.11489
vn -0.82616 -0.55098 0.11784
vn -0.90167 -0.42257 0.09183
vn -0.89387 -0.43844 0.09364
vn -0.94999 -0.30521 0.06606
vn -0.96008 -0.273 0.06096
vn -0.97437 -0.21996 0.04719
vn -0.98708 -0.15662 0.03379
vn -0.57748 -0.80013 0.16223
vn -0.61806 -0.76942 0.16125
vn -0.47468 -0.86213 0.17721
vn -0.4755 -0.86169 0.17718
vn -0.39689 -0.89876 0.18628
vn -0.64974 -0.7445 0.15349
vn -0.74503 -0.65289 0.13658
vn -0.74503 -0.6518 0.14173
vn -0.78943 -0.60022 0.12858
vn -0.84858 -0.51878 0.10381
vn -0.85119 -0.51395 0.10642
vn -0.81273 -0.57069 0.11744
vn -0.82616 -0.55164 0.11471
vn -0.77165 -0.62295 0.12838
vn -0.7108 -0.68948 0.13924
vn -0.33994 -0.71139 -0.61512
vn -0.24382 -0.2076 -0.94734
vn -0.49179 -0.35519 -0.79497
vn -0.53554 -0.50596 -0.67617
vn -0.37009 -0.82498 -0.42713
vn -0.82075 -0.56645 -0.07413
vn -0.00778 -0.00345 -0.99996
vn -0.15035 -0.13764 -0.97901
vn -0.84843 -0.52213 0.08681
vn -0.85454 -0.50969 -0.09988
vn -0.86226 -0.3859 -0.32801
vn -0.80801 -0.45848 -0.37002
vn -0.7533 -0.44885 -0.48071
vn -0.82363 -0.44836 -0.34727
vn -0.7626 -0.54393 -0.35011
vn -0.83937 -0.49293 -0.22909
vn -0.8541 -0.46773 -0.22745
vn -0.83119 -0.50926 -0.2231
vn -0.6763 -0.37938 -0.63142
vn -0.75918 -0.3976 -0.51533
vn -0.52155 -0.23133 -0.82126
vn -0.52156 -0.23133 -0.82125
vn -0.49322 -0.2389 -0.83646
vn -0.52057 -0.24229 -0.81872
vn -0.65041 -0.32242 -0.68776
vn -0.60514 -0.79418 0.05551
vn -0.57389 -0.81727 0.0522
vn -0.53692 -0.84153 0.0595
vn -0.46637 -0.88243 0.0618
vn -0.4716 -0.8796 0.06243
vn -0.39412 -0.91672 0.06553
vn -0.24753 -0.96468 0.09016
vn -0.58752 -0.73171 -0.34557
vn -0.60018 -0.72432 -0.33933
vn -0.51666 -0.77416 -0.36569
vn -0.53127 -0.76722 -0.35935
vn -0.44348 -0.81039 -0.38287
vn -0.45998 -0.80413 -0.37656
vn -0.18778 -0.88559 -0.42482
vn -0.12925 -0.98099 -0.14478
vn -0.36364 -0.89922 -0.24325
vn -0.41996 -0.8568 -0.2992
vn -0.53591 -0.35465 -0.76617
vn -0.4068 -0.37216 -0.83427
vn -0.40715 -0.21341 -0.88808
vn -0.25017 -0.20798 -0.9456
vn -0.04329 -0.0192 -0.99888
vn -0.24432 -0.09675 -0.96486
vn -0.23885 -0.10594 -0.96526
vn -0.12592 -0.08847 -0.98809
vn -0.17457 -0.08087 -0.98132
vn -0.37644 -0.3897 -0.84049
vn -0.13942 -0.58855 -0.79635
vn -0.34117 -0.63301 -0.69492
vn -0.17623 -0.58211 -0.79378
vn -0.41683 -0.55151 -0.72256
vn -0.37609 -0.55472 -0.74219
vn -0.49306 -0.52765 -0.69172
vn -0.23404 -0.28436 -0.92971
vn -0.56704 -0.49937 -0.65506
vn -0.45681 -0.53274 -0.7124
vn -0.45718 -0.37386 -0.80698
vn -0.32013 -0.38546 -0.86541
vn -0.32046 -0.22316 -0.9206
vn -0.06547 -0.20256 -0.97708
vn -0.1501 -0.19448 -0.96935
vn -0.29589 -0.51173 -0.80659
vn -0.29597 -0.46734 -0.83306
vn -0.14222 -0.39404 -0.90802
vn -0.12674 -0.39598 -0.90947
vn -0.23404 -0.33117 -0.91408
vn -0.94884 -0.31568 0.00689
vn -0.81013 -0.58508 0.03712
vn -0.7867 -0.61568 0.0452
vn -0.76902 -0.63763 0.04511
vn -0.70786 -0.70457 0.05016
vn -0.71853 -0.62894 -0.2969
vn -0.71868 -0.53998 -0.43809
vn -0.70401 -0.54932 -0.45014
vn -0.70539 -0.44705 -0.55007
vn -0.80309 -0.37388 -0.46396
vn -0.78041 -0.59569 -0.19005
vn -0.84732 -0.52228 -0.09632
vn -0.70115 -0.70081 -0.13136
vn -0.70102 -0.71119 0.0527
vn -0.64652 -0.76106 0.05294
vn -0.37113 -0.77096 -0.51758
vn -0.20106 -0.75244 -0.62722
vn -0.44363 -0.69619 -0.56438
vn -0.41655 -0.70268 -0.57683
vn -0.51682 -0.66498 -0.53916
vn -0.49276 -0.67269 -0.55197
vn -0.58768 -0.62842 -0.50962
vn -0.56673 -0.63704 -0.52249
vn -0.38879 -0.92096 -0.02596
vn -0.44443 -0.88064 -0.16418
vn -0.46638 -0.86966 -0.16181
vn -0.45995 -0.87277 -0.16346
vn -0.53696 -0.82938 -0.15429
vn -0.53124 -0.83275 -0.15591
vn -0.60514 -0.78269 -0.14559
vn -0.60015 -0.78623 -0.14716
vn -0.69726 -0.7048 -0.13071
vn -0.69742 -0.64939 -0.30314
vn -0.65585 -0.67708 -0.33381
vn -0.65529 -0.58666 -0.47585
vn -0.63749 -0.59582 -0.48847
vn -0.63779 -0.46676 -0.61266
vn -0.61106 -0.47445 -0.63365
vn -0.6118 -0.33962 -0.71439
vn -0.69851 -0.31638 -0.64186
vn 0.99144 0.13053 -0
vn 0.99144 -0.13053 0
vn -0.99144 0.13053 0
vn -0.92388 0.38268 -0
vn -0.60876 0.79335 -0
vn -0.13053 0.99144 -0
vn 0.13053 0.99144 0
vn 0.60876 0.79335 0
vn 0.79335 0.60876 0
vn 0.92388 0.38268 0
vn 0.99145 0.13052 0
vn 0.99145 0.13052 -0
vn 0.99145 -0.13052 0
vn 0.99145 -0.13052 0
vn 0.92388 -0.38268 -0
vn 0.79335 -0.60876 -0
vn 0.60876 -0.79335 -0
vn 0.13053 -0.99144 -0
vn -0.13053 -0.99144 -0
vn -0.60876 -0.79335 -0
vn -0.92388 -0.38268 -0
vn -0.99144 -0.13053 -0
vn -0.99144 0.13053 0
vn -0.79335 0.60876 -0
vn 0.13053 0.99144 0
vn 0.60876 0.79335 0
vn 0.79335 0.60876 0
vn 0.92388 0.38268 0
vn 0.99144 0.13053 0
vn 0.99144 0.13053 -0
vn 0.99144 -0.13053 0
vn 0.99144 -0.13053 0
vn 0.92388 -0.38268 -0
vn 0.79335 -0.60876 -0
vn 0.60876 -0.79335 -0
vn 0.13053 -0.99144 -0
vn -0.79335 -0.60876 -0
vn -0.99144 -0.13053 -0
vn 0.99144 -0.13053 0
vn 0.79336 -0.60876 0
vn 0.38269 -0.92388 0
vn -0.13052 -0.99145 -0
vn -0.38269 -0.92388 -0
vn -0.60877 -0.79335 -0
vn -0.79335 -0.60877 -0
vn -0.92387 -0.3827 -0
vn -0.99145 -0.13052 -0
vn -0.99145 -0.13052 -0
vn -0.99145 0.13052 0
vn -0.99145 0.13052 -0
vn -0.92387 0.3827 0
vn -0.79335 0.60877 0
vn -0.60877 0.79335 0
vn -0.38269 0.92388 0
vn -0.13052 0.99145 0
vn 0.38269 0.92388 0
vn 0.79336 0.60876 0
vn 0.99144 0.13053 0
vn -0.79335 0.60876 -0
vn -0.60876 0.79335 -0
vn -0.13053 0.99144 -0
vn 0.13053 0.99144 0
vn 0.60876 0.79335 0
vn 0.79335 0.60876 0
vn 0.99145 0.13052 0
vn 0.99145 0.13052 -0
vn 0.99145 -0.13052 0
vn 0.99145 -0.13052 0
vn 0.79335 -0.60876 -0
vn 0.60876 -0.79335 -0
vn 0.13053 -0.99144 -0
vn -0.13053 -0.99144 -0
vn -0.60876 -0.79335 -0
vn -0.79335 -0.60876 -0
vn 0.99144 0 -0.13053
vn 0.92388 0 -0.38268
vn 0.79335 0 -0.60876
vn 0.60876 0 -0.79335
vn 0.38268 0 -0.92388
vn 0.13053 0 -0.99144
vn -0.13053 0 -0.99144
vn -0.38268 0 -0.92388
vn -0.60876 0 -0.79335
vn -0.79335 0 -0.60876
vn -0.92388 0 -0.38268
vn -0.99144 0 -0.13053
vn -0.60876 0 -0.79335
vn -0.77408 0 0.63309
vn 0.41843 -0 0.90825
vn 0.92129 0 -0.38887
vn 0.85009 0 -0.52664
vn 0.79334 -0.00516 -0.60875
vn 0.84937 0.04106 -0.52619
vn 0.79335 -0 -0.60876
vn 0.92388 0 -0.38268
vn 0.99144 0 -0.13053
vn 0.99144 0 0.13053
vn 0.92388 0 0.38268
vn 0.85009 0 0.52664
vn 0.79332 0.00977 0.60873
vn -0.38266 0.0113 0.92382
vn -0.2963 -0 0.95509
vn -0.13053 0 0.99144
vn 0.13053 -0 0.99144
vn 0.38268 -0 0.92388
vn -0.92129 -0 -0.38887
vn -0.79335 -0 -0.60876
vn -0.84989 -0.02168 -0.52651
vn -0.77408 -0 -0.63309
vn -0.79332 0.00977 -0.60873
vn -0.85009 -0 -0.52664
vn -0.92388 0 -0.38268
vn -0.99144 0 -0.13053
vn -0.99144 0 0.13053
vn -0.92388 0 0.38268
vn -0.79335 0 0.60876
vn -0.41843 0 -0.90825
vn -0.29609 0.03779 -0.95441
vn -0.38268 -0 -0.92388
vn -0.13053 -0 -0.99144
vn 0.13053 0 -0.99144
vn 0.2963 0 -0.95509
vn 0.38266 0.0113 -0.92382
vn 0.41843 0 -0.90825
vn -0.41843 0 0.90825
vn -0.60876 0 0.79335
vn -0.84937 0.04106 0.52619
vn -0.38268 -0.00597 -0.92386
vn -0.2963 -0 -0.95509
vn 0.38268 0 -0.92388
vn 0.29624 -0.01996 -0.9549
vn 0.60876 0 -0.79335
vn 0.77408 0 -0.63309
vn 0.77408 0 0.63309
vn 0.60876 0 0.79335
vn 0.29609 0.03779 0.95441
vn 0.02139 0 0.99977
vn 0.14008 -0.07819 0.98705
vn 0.40726 0.00017 0.91331
vn 0.31655 0.00044 0.94858
vn 0.28676 -0.07622 0.95496
vn 0.08362 0.10095 0.99137
vn 0.63933 -0.0007 0.76893
vn 0.59719 -0.0007 0.8021
vn 0.51257 -0.0358 0.8579
vn 0.53178 -0.0729 0.84374
vn 0.43859 -0.00394 0.89868
vn 0.69739 -0.03364 0.71591
vn 0.70638 -0.04537 0.70638
vn 0.75715 0.00044 0.65324
vn 0.80483 0.00055 0.5935
vn 0.85813 -0.02735 0.51271
vn 0.87377 0.00509 0.48631
vn 0.95773 -0.00618 0.28759
vn 0.95519 -0.0163 0.29554
vn 0.99635 0.01489 0.08404
vn 0.99522 0 0.09767
vn -0.0343 0 0.99941
vn -0.08393 -0.05267 0.99508
vn -0.99599 0 0.08943
vn -0.99644 0.00606 0.08405
vn -0.95939 -0.00545 0.28203
vn -0.95767 -0.01284 0.28758
vn -0.64028 0.00047 0.76814
vn -0.70644 -0.04345 0.70644
vn -0.70361 -0.04838 0.70894
vn -0.76094 5E-05 0.64883
vn -0.80239 0.00015 0.5968
vn -0.80732 0.00246 0.59011
vn -0.86972 -0.00911 0.49345
vn -0.87381 -0.0001 0.48627
vn -0.91913 -8E-05 0.39396
vn -0.4381 -0.00021 0.89893
vn -0.51181 -0.06501 0.85663
vn -0.53545 -0.0191 0.84435
vn -0.60296 0.00047 0.79777
vn -0.11815 -4E-05 0.993
vn -0.21143 -0.00017 0.97739
vn -0.2862 -0.09841 0.9531
vn -0.26817 -0.13632 0.95368
vn -0.33537 5E-05 0.94209
vn -0.99145 -0 -0.13052
vn -0.92388 -0 -0.38268
vn -0.79336 -0 -0.60876
vn -0.60876 -0 -0.79336
vn -0.38269 -0 -0.92388
vn -0.13053 -0 -0.99144
vn 0.13053 0 -0.99144
vn 0.38268 0 -0.92388
vn 0.60876 0 -0.79335
vn 0.79336 0 -0.60876
vn 0.92388 0 -0.38268
vn 0.99144 0 -0.13053
vn 0.13053 0 -0.99144
vn 0.38269 0 -0.92388
vn 0.60876 0 -0.79336
vn 0.99145 0 -0.13052
vn -0.99144 -0 -0.13053
vn -0.60876 -0 -0.79335
vn -0.38268 -0 -0.92388
vn -0.13053 -0 -0.99144
vn -0.79335 -0 -0.60876
vn 0.79335 0 -0.60876
vn 0.92388 0 -0.38268
vn 0.60876 0 -0.79336
vn -0.92388 -0 -0.38268
vn -0.60876 -0 -0.79336
vn -0.99145 -0 -0.13052
vn -0.13053 -0 -0.99144
vn 0.13053 0 -0.99144
vn 0.99145 0 -0.13052
vn -0.92388 -0 -0.38268
vn 0.38268 0 -0.92388
vn 0.60876 0 -0.79335
vn 0.79335 0 -0.60876
vn -0.79335 -0 -0.60876
vn -0.60876 -0 -0.79335
vn -0.38268 -0 -0.92388
vn 0.92388 0 -0.38268
vn -0.38268 -0 -0.92388
vn 0.38268 0 -0.92388
vn -0.06541 0 0.99786
vn -0.13053 0.00033 0.99144
vn -0.19509 0 0.98079
vn -0.32144 0 0.94693
vn -0.38269 0.00033 0.92388
vn -0.44229 0 0.89687
vn -0.55557 0 0.83147
vn -0.60875 0.00033 0.79336
vn -0.65934 0 0.75185
vn -0.79336 -0 0.60876
vn -0.92388 -0 0.38268
vn -0.99145 -0 0.13052
vn 0.99144 0 0.13053
vn 0.92388 -0 0.38268
vn 0.79336 -0 0.60876
vn 0.65934 0 0.75184
vn 0.60876 0.00033 0.79335
vn 0.55557 0 0.83147
vn 0.44229 0 0.89687
vn 0.38268 0.00033 0.92388
vn 0.32144 0 0.94693
vn 0.19509 0 0.98079
vn 0.13053 0.00033 0.99144
vn 0.06541 0 0.99786
vn 0.06541 0 -0.99786
vn 0.13051 0.01788 -0.99129
vn 0.19509 0 -0.98079
vn 0.32144 0 -0.94693
vn 0.38262 0.01751 -0.92374
vn 0.44228 0 -0.89687
vn 0.55557 0 -0.83147
vn 0.60868 0.01686 -0.79324
vn 0.65935 0 -0.75184
vn -0.55748 0.03295 -0.82954
vn -0.65934 0 -0.75184
vn -0.0657 0.03557 -0.99721
vn -0.19509 -0 -0.98078
vn -0.32278 0.03451 -0.94584
vn -0.44229 0 -0.89687
vn -0.55749 0.03295 -0.82953
vn -0.65935 0 -0.75184
vn -0.0657 0.03557 -0.99721
vn -0.19509 -0 -0.98079
vn -0.32278 0.03451 -0.94584
vn -0.44228 0 -0.89687
vn -0.13053 0.00033 0.99144
vn -0.19509 0 0.98079
vn -0.38268 0.00033 0.92388
vn -0.44229 0 0.89687
vn -0.55557 0 0.83147
vn -0.60876 0.00033 0.79335
vn -0.65934 0 0.75184
vn -0.99144 -0 0.13053
vn 0.99145 0 0.13052
vn 0.65934 0 0.75185
vn 0.60875 0.00033 0.79336
vn 0.55557 0 0.83147
vn 0.44229 0 0.89687
vn 0.38269 0.00033 0.92388
vn 0.19509 0 0.98079
vn 0.13053 0.00033 0.99144
vn 0.13051 0.01788 -0.99129
vn 0.19509 0 -0.98078
vn 0.38263 0.01752 -0.92374
vn 0.44229 0 -0.89687
vn 0.55556 0 -0.83147
vn 0.60867 0.01686 -0.79325
vn 0.65934 0 -0.75184
vn -0.79335 -0 0.60876
vn 0.79335 -0 0.60876
vn 0.92388 -0 0.38268
vn 0.60876 0.00033 0.79336
vn 0.38268 0.00033 0.92388
vn 0.32144 0 0.94693
vn 0.32144 0 -0.94693
vn 0.38262 0.01752 -0.92374
vn 0.60867 0.01686 -0.79324
vn -0.55748 0.03295 -0.82954
vn -0.65936 0 -0.75183
vn -0.32278 0.03451 -0.94584
vn -0.32144 0 0.94693
vn -0.38268 0.00033 0.92388
vn -0.60876 0.00033 0.79335
vn -0.65935 0 0.75184
vn 0.13053 0.00033 0.99144
vn 0.06541 0 0.99786
vn 0.06541 0 -0.99786
vn 0.13051 0.01788 -0.99129
vn -0.92388 -0 0.38268
vn -0.60876 0.00033 0.79336
vn -0.55748 0.03295 -0.82954
vn -0.06541 0 0.99786
vn -0.13053 0.00033 0.99144
vn 0.65935 0 0.75184
vn 0.60876 0.00033 0.79335
vn 0.60868 0.01686 -0.79324
vn 0.65936 0 -0.75183
vn -0.0657 0.03557 -0.99721
vn -0.06541 0 0.99786
vn -0.13053 0.00033 0.99144
vn -0.32144 0 0.94693
vn -0.38268 0.00033 0.92388
vn -0.44229 0 0.89687
vn -0.55557 0 0.83147
vn -0.60876 0.00033 0.79335
vn -0.65935 0 0.75184
vn -0.99145 -0 0.13052
vn 0.99145 0 0.13052
vn 0.65935 0 0.75184
vn 0.60876 0.00033 0.79335
vn 0.55557 0 0.83147
vn 0.44229 0 0.89687
vn 0.38268 0.00033 0.92388
vn 0.32144 0 0.94693
vn 0.13053 0.00033 0.99144
vn 0.06541 0 0.99786
vn 0.06541 0 -0.99786
vn 0.13051 0.01788 -0.99129
vn 0.32144 0 -0.94693
vn 0.38262 0.01752 -0.92374
vn 0.44229 0 -0.89687
vn 0.55557 0 -0.83147
vn 0.60868 0.01686 -0.79324
vn 0.65935 0 -0.75183
vn -0.55748 0.03295 -0.82953
vn -0.65935 0 -0.75183
vn -0.0657 0.03557 -0.99721
vn -0.32278 0.03451 -0.94584
vn -0.44229 0 -0.89687
vn -0.92388 -0 0.38268
vn 0.79335 -0 0.60876
vn 0.60876 0.00033 0.79335
vn 0.38268 0.00033 0.92388
vn 0.38263 0.01752 -0.92374
vn 0.60867 0.01686 -0.79324
vn 0.06541 0 -0.99786
vn 0.13051 0.01788 -0.99129
vn 0.32144 0 -0.94693
vn 0.38263 0.01752 -0.92374
vn 0.60868 0.01686 -0.79324
vn 0.65935 0 -0.75184
vn 0.79335 -0 -0.60876
vn 0.99144 -0 -0.13053
vn -0.79335 0 -0.60876
vn -0.60876 0 -0.79335
vn -0.55748 0.03295 -0.82953
vn -0.65935 0 -0.75184
vn -0.13053 0 -0.99144
vn -0.0657 0.03557 -0.99721
vn -0.38268 0 -0.92388
vn -0.32278 0.03451 -0.94584
vn 0.06541 0 -0.99786
vn 0.13051 0.01788 -0.99129
vn 0.19509 0 -0.98079
vn 0.38263 0.01752 -0.92374
vn 0.44229 0 -0.89687
vn 0.55557 0 -0.83147
vn 0.60868 0.01686 -0.79324
vn 0.79335 -0 -0.60876
vn -0.99144 -0 -0.13053
vn -0.92388 0 -0.38268
vn -0.55748 0.03295 -0.82953
vn -0.0657 0.03557 -0.99721
vn -0.19509 -0 -0.98079
vn -0.32278 0.03451 -0.94584
vn -0.44229 0 -0.89687
vn -0.55748 0.03295 -0.82953
vn -0.32278 0.03451 -0.94584
vn -0.38268 0.00033 0.92388
vn -0.60876 0.00033 0.79335
vn -0.79335 -0 0.60876
vn 0.92388 -0 0.38268
vn -0.79335 0 -0.60876
vn -0.55748 0.03295 -0.82953
vn -0.32278 0.03451 -0.94584
vn -0.44229 0 -0.89687
vn 0.38262 0.01752 -0.92374
vn 0.44229 0 -0.89687
vn 0.55557 0 -0.83147
vn 0.60868 0.01686 -0.79324
vn 0.92388 -0 -0.38268
vn 0.06541 0 -0.99786
vn 0.13051 0.01788 -0.99129
vn 0.19509 0 -0.98079
vn 0.32144 0 -0.94693
vn 0.38263 0.01752 -0.92374
vn 0.44229 0 -0.89687
vn 0.55557 0 -0.83147
vn 0.60868 0.01686 -0.79324
vn 0.65935 0 -0.75184
vn -0.55748 0.03295 -0.82953
vn -0.65935 0 -0.75184
vn -0.0657 0.03557 -0.99721
vn -0.19509 -0 -0.98079
vn -0.32278 0.03451 -0.94584
vn -0.44229 0 -0.89687
vn -0.89732 0.04699 -0.43888
vn -0.94695 -0 -0.32138
vn -0.98102 0.04238 -0.18923
vn -0.99787 0 -0.06523
vn -0.60857 0.02495 -0.79311
vn -0.65923 -0 -0.75194
vn -0.75089 0.05022 -0.65852
vn -0.83133 0 -0.55578
vn -0.3782 0.00341 -0.92572
vn -0.49587 -0 -0.86839
vn -0.55545 0 -0.83155
vn -0.04981 0 0.99876
vn -0.13053 0.00032 0.99144
vn -0.17974 0 0.98371
vn -0.32143 0 0.94693
vn -0.38268 0.00033 0.92388
vn -0.44227 0 0.89688
vn -0.55585 0 0.83128
vn -0.60876 0.00033 0.79335
vn -0.65959 0 0.75162
vn 0.60876 0.00033 0.79335
vn 0.55558 0 0.83146
vn 0.44228 0 0.89688
vn 0.38268 0.00033 0.92388
vn 0.55575 -1E-05 -0.83135
vn 0.496 -0 -0.86832
vn 0.38268 0.00329 -0.92388
vn 0.37846 -0 -0.92562
vn 0.65783 0.04949 -0.75153
vn 0.7519 0 -0.65928
vn 0.79311 0.02513 -0.60857
vn 0.83151 0 -0.5555
vn 0.89679 0 -0.44245
vn 0.92361 0.02418 -0.38257
vn 0.94687 0 -0.3216
vn 0.98078 0 -0.1951
vn 0.9912 0.02226 -0.13049
vn 0.99786 0 -0.0654
vn 0.65924 0 0.75193
vn 0.60876 0.00033 0.79335
vn 0.55546 0 0.83154
vn 0.44218 0 0.89693
vn 0.38268 0.00033 0.92388
vn 0.32131 0 0.94697
vn 0.17974 0 0.98371
vn 0.13053 0.00032 0.99144
vn 0.04981 0 0.99876
vn -0.38268 0.00033 0.92388
vn -0.44228 0 0.89688
vn -0.55558 0 0.83146
vn -0.60876 0.00033 0.79335
vn 0.84561 -0.5338 0
vn -0.84561 0.5338 0
vn -0.9677 -0.25209 0
vn -0.99758 -0.06949 -0
vn -0.99485 0.10132 -0
vn -0.94484 0.32753 -0
vn -0.8382 0.54537 -0
vn -0.67741 0.7356 -0
vn -0.48116 0.87663 -0
vn -0.27936 0.96019 -0
vn -0.07277 0.99735 -0
vn 0.05195 0.99865 0
vn 0.20393 0.97898 0
vn 0.40974 0.9122 0
vn 0.62276 0.78241 0
vn 0.79129 0.61145 0
vn 0.89618 0.44369 0
vn 0.97604 0.21757 0
vn 0.99982 -0.01888 -0
vn 0.96991 -0.24348 -0
vn 0.89413 -0.4478 -0
vn 0.76551 -0.64343 -0
vn 0.59749 -0.80188 -0
vn 0.39765 -0.91754 -0
vn 0.17432 -0.98469 -0
vn -0.05154 -0.99867 -0
vn -0.18123 -0.98344 -0
vn -0.38177 -0.92426 -0
vn -0.58445 -0.81143 -0
vn -0.76319 -0.64618 -0
vn -0.90172 -0.43232 -0
vn -0.97784 -0.20934 -0
vn -0.99991 0.0135 -0
vn -0.97327 0.22965 -0
vn -0.89789 0.44022 -0
vn -0.77101 0.63683 -0
vn -0.60432 0.79674 -0
vn -0.40159 0.91582 -0
vn -0.19063 0.98166 -0
vn -0.03208 0.99949 -0
vn -0.12297 0.99241 -0
vn -0.34848 0.93732 -0
vn -0.55462 0.8321 -0
vn -0.73916 0.67353 -0
vn -0.87632 0.48173 -0
vn -0.95992 0.28027 -0
vn -0.99778 0.06659 -0
vn -0.9956 -0.0937 -0
vn -0.97113 -0.23855 -0
vn -0.89088 -0.45424 -0
vn -0.74849 -0.66314 -0
vn -0.56661 -0.82398 -0
vn -0.36451 -0.9312 -0
vn -0.18193 -0.98331 -0
vn -0.22455 -0.97446 -0
vn -0.40731 -0.91329 -0
vn -0.58584 -0.81043 -0
vn -0.73139 -0.68196 -0
vn -0.87508 -0.48397 -0
vn 0.99145 0.13052 0
vn 0.92388 0.38268 -0
vn 0.79335 0.60876 -0
vn 0.60876 0.79335 -0
vn 0.38268 0.92388 -0
vn 0.13053 0.99144 -0
vn -0.13053 0.99144 -0
vn -0.38268 0.92388 -0
vn -0.60876 0.79335 -0
vn -0.79335 0.60876 -0
vn -0.92388 0.38268 -0
vn -0.99144 0.13053 -0
vn -0.99144 -0.13053 0
vn -0.92388 -0.38268 0
vn -0.79335 -0.60876 0
vn -0.60876 -0.79335 0
vn -0.38269 -0.92388 0
vn -0.13053 -0.99144 0
vn 0.13053 -0.99144 -0
vn 0.60876 -0.79335 -0
vn 0.79335 -0.60876 -0
vn 0.92388 -0.38268 -0
vn 0.99145 -0.13052 -0
vn -0.99144 -0.13053 0
vn -0.92388 -0.38268 0
vn -0.79335 -0.60876 0
vn -0.60877 -0.79335 0
vn -0.38268 -0.92388 0
vn -0.13053 -0.99144 0
vn 0.13053 -0.99144 0
vn 0.38268 -0.92388 0
vn 0.60876 -0.79336 0
vn 0.79336 -0.60876 0
vn 0.92388 -0.38269 0
vn 0.99145 -0.13052 0
vn 0.99145 0.13052 -0
vn 0.92388 0.38269 -0
vn 0.79336 0.60876 -0
vn 0.60876 0.79336 -0
vn 0.38269 0.92388 -0
vn 0.13052 0.99145 -0
vn -0.13052 0.99145 0
vn -0.38268 0.92388 0
vn -0.60877 0.79335 0
vn -0.79335 0.60876 0
vn -0.92388 0.38268 0
vn -0.99144 0.13053 0
vn -0.2435 -0.9699 0
vn -0.01606 -0.99987 -0
vn 0.22452 -0.97447 -0
vn 0.46285 -0.88644 -0
vn 0.66087 -0.7505 -0
vn 0.79619 -0.60505 -0
vn -0.86154 0.50769 0
vn -0.73012 0.68332 -0
vn -0.56357 0.82607 -0
vn -0.3699 0.92907 -0
vn -0.40922 -0.91243 0
vn -0.60535 -0.79596 -0
vn -0.78103 -0.62449 -0
vn -0.90845 -0.41799 -0
vn -0.98379 -0.17933 -0
vn -0.99803 0.06272 -0
vn -0.95328 0.3021 -0
vn -0.84322 0.53757 -0
vn -0.72271 0.69115 -0
vn -0.58473 0.81123 -0
vn -0.37771 0.92593 -0
vn -0.17464 0.98463 -0
vn -0.01342 0.99991 -0
vn 0.1309 0.9914 0
vn 0.36976 0.92913 0
vn -0.10536 -0.99443 0
vn 0.69276 -0.72117 0
vn 0.84572 -0.53362 -0
vn 0.95505 -0.29646 -0
vn 0.99226 -0.12414 -0
vn 0.99328 0.1157 0
vn 0.94086 0.33878 0
vn 0.83269 0.55374 0
vn 0.69326 0.72069 0
vn 0.50473 0.86328 0
vn 0.13247 -0.99119 0
vn 0.26273 -0.96487 -0
vn 0.38249 -0.92396 -0
vn 0.48973 -0.8717 0.01761
vn 0.49352 -0.86974 -0
vn 0.01989 -0.96118 0.27519
vn 0.03488 -0.99939 -0
vn -0.21035 -0.97763 -0
vn -0.23615 -0.89791 0.37148
vn -0.29806 -0.95455 0
vn -0.34914 -0.93707 0
vn -0.53277 -0.84626 0
vn 0.70711 -0.70711 0
vn -0.89899 0.43797 0
vn -0.81311 -0.58211 -0
vn 0.46117 0.88731 -0
vn 0.5029 0.86412 -0.01964
vn 0.4753 0.87454 0.09632
vn 0.41181 0.82544 0.38608
vn 0.35874 0.93344 0
vn 0.228 0.97366 0
vn 0.0515 0.99867 0
vn -0.03676 0.99932 -0
vn -0.27059 0.96269 -0
vn -0.48141 0.8765 -0
vn -0.63433 0.77306 -0
vn -0.76254 0.64695 -0
vn -0.89095 0.45409 -0
vn -0.97269 0.23209 -0
vn -0.99997 0.00736 -0
vn -0.97406 -0.22627 -0
vn -0.91965 -0.39274 -0
vn -0.8849 -0.4457 0.1353
vn -0.87259 -0.48845 -0
vn 0.48944 0.87204 -0
vn 0.65959 0.75162 0
vn 0.81296 0.58232 0
vn 0.92159 0.38816 0
vn 0.97933 0.20227 0
vn 0.99961 -0.02785 -0
vn 0.979 -0.20385 -0
vn 0.89422 -0.44763 -0
vn 0.77409 -0.63308 -0
vn 0.6245 -0.78102 -0
vn 0.41094 -0.91166 -0
vn 0.19234 -0.98133 -0
vn -0.01247 -0.99992 -0
vn -0.28354 -0.95896 -0
vn 0.99144 -0.13053 0
vn 0.99144 -0.13053 -0
vn 0.79335 -0.60876 0
vn 0.60876 -0.79335 0
vn 0.38268 -0.92388 0
vn 0.13053 -0.99144 0
vn -0.13053 -0.99144 -0
vn -0.38268 -0.92388 -0
vn -0.60876 -0.79335 -0
vn -0.79335 -0.60876 -0
vn -0.99144 -0.13053 -0
vn -0.99144 0.13053 0
vn -0.79335 0.60876 0
vn -0.60876 0.79335 0
vn -0.38268 0.92388 0
vn -0.13053 0.99144 0
vn 0.13053 0.99144 0
vn 0.38268 0.92388 0
vn 0.60876 0.79335 0
vn 0.79335 0.60876 0
vn 0.99144 0.13053 0
vn 0.99144 0.13053 -0
vn 0.13053 -0.99144 0
vn -0.13053 -0.99144 -0
vn -0.99144 -0.13053 -0
vn -0.99144 0.13053 0
vn -0.13053 0.99144 0
vn 0.13053 0.99144 0
vn -0.97522 0.06155 -0.21252
vn -0.13172 0.98785 -0.08247
vn -0.21557 0.97286 0.08412
vn -0.9692 0.24624 -0.00324
vn -0.98554 0.06047 0.15829
vn -0.99302 0.09539 0.06942
vn -0.93097 0.36268 0.04199
vn -0.92068 0.3784 0.09572
vn -0.974 0.20536 0.09568
vn -0.89048 0.4417 0.10927
vn -0.82973 0.54747 0.10876
vn -0.83279 0.5352 0.1415
vn -0.72794 0.67889 0.09599
vn -0.72723 0.68008 0.0929
vn -0.6433 0.75485 0.12794
vn -0.59434 0.80196 0.06019
vn -0.44343 0.89473 0.05316
vn -0.43902 0.89634 0.06198
vn -0.49847 0.85957 0.1125
vn -0.56557 0.81701 0.11234
vn -0.30738 0.95157 -0.00597
vn -0.22128 0.97172 -0.08249
vn -0.26997 0.96278 -0.01324
vn -0.26462 0.95906 0.10094
vn -0.37957 0.91959 0.10136
vn -0.04197 0.99376 -0.10338
vn -0.09216 0.99524 -0.03179
vn -0.09127 0.99575 -0.01223
vn -0.08938 0.99246 0.08382
vn -0.09498 0.99305 0.06943
vn -0.04618 0.97602 -0.21271
vn -0.06062 0.96245 -0.26459
vn -0.13478 0.95495 -0.26438
vn -0.12798 0.95813 -0.25613
vn -0.22065 0.94112 -0.25613
vn -0.90099 0.06766 -0.42853
vn -0.91095 0.05895 -0.40828
vn -0.95278 0.05686 -0.29828
vn -0.12608 0.89668 -0.42435
vn -0.20652 0.88169 -0.42424
vn -0.21494 0.9444 -0.24883
vn -0.30571 0.91903 -0.24884
vn -0.30955 0.94854 -0.06673
vn -0.43814 0.89644 -0.06654
vn -0.44171 0.89539 -0.05635
vn -0.59403 0.80247 -0.05634
vn -0.5956 0.80162 -0.05169
vn -0.72945 0.68207 -0.05169
vn -0.72912 0.68235 -0.05275
vn -0.83982 0.5403 -0.05275
vn -0.83807 0.54234 -0.05929
vn -0.92338 0.37927 -0.05928
vn -0.92076 0.38356 -0.07135
vn -0.97595 0.206 -0.07136
vn -0.97311 0.21274 -0.08833
vn -0.99443 0.05714 -0.08854
vn -0.99343 0.06178 -0.09629
vn -0.04191 0.95349 -0.2985
vn -0.04475 0.91162 -0.40858
vn -0.08185 0.87809 -0.47145
vn -0.07923 0.8704 -0.48592
vn -0.07763 0.81394 -0.57574
vn -0.07242 0.80759 -0.58528
vn -0.06538 0.70442 -0.70676
vn -0.83967 0.3496 -0.41562
vn -0.84471 0.34733 -0.40723
vn -0.75867 0.31576 -0.56984
vn -0.76404 0.3142 -0.5635
vn -0.6569 0.27318 -0.70275
vn -0.66182 0.27248 -0.69839
vn -0.53784 0.22388 -0.81278
vn -0.54223 0.22314 -0.81006
vn -0.3968 0.1651 -0.90294
vn -0.40005 0.16472 -0.90157
vn -0.24467 0.10189 -0.96424
vn -0.24664 0.10164 -0.96376
vn -0.7668 0.49612 -0.40728
vn -0.76968 0.49539 -0.40271
vn -0.6936 0.4487 -0.56355
vn -0.6966 0.44837 -0.5601
vn -0.60096 0.38863 -0.69844
vn -0.60365 0.38873 -0.69606
vn -0.49226 0.31847 -0.8101
vn -0.49467 0.31849 -0.80862
vn -0.36323 0.23495 -0.90159
vn -0.365 0.23506 -0.90085
vn -0.22395 0.14491 -0.96377
vn -0.22502 0.14496 -0.96351
vn -0.66833 0.62541 -0.40275
vn -0.6688 0.62537 -0.40202
vn -0.60487 0.56601 -0.56015
vn -0.60535 0.56604 -0.5596
vn -0.52424 0.49053 -0.69611
vn -0.52464 0.49062 -0.69573
vn -0.42955 0.40195 -0.80865
vn -0.42991 0.40202 -0.80843
vn -0.31697 0.2966 -0.90087
vn -0.31723 0.29666 -0.90075
vn -0.19542 0.18288 -0.96352
vn -0.19558 0.18291 -0.96348
vn -0.54602 0.73502 -0.40201
vn -0.544 0.73474 -0.40524
vn -0.49419 0.66531 -0.55959
vn -0.49218 0.66475 -0.56202
vn -0.42827 0.57669 -0.69571
vn -0.42656 0.57594 -0.69738
vn -0.351 0.47251 -0.80842
vn -0.34945 0.47189 -0.80945
vn -0.25899 0.34868 -0.90075
vn -0.25788 0.34817 -0.90126
vn -0.15971 0.21496 -0.96348
vn -0.15904 0.21466 -0.96365
vn -0.40442 0.81989 -0.40525
vn -0.40024 0.81839 -0.41237
vn -0.36584 0.74181 -0.56203
vn -0.36177 0.7397 -0.56742
vn -0.31687 0.64285 -0.69738
vn -0.31348 0.64047 -0.70109
vn -0.25976 0.5266 -0.80946
vn -0.25664 0.52456 -0.81177
vn -0.19163 0.38858 -0.90127
vn -0.18938 0.38697 -0.90243
vn -0.11822 0.23956 -0.96366
vn -0.11684 0.2386 -0.96406
vn -0.06275 0.7004 -0.71099
vn -0.05748 0.61206 -0.78872
vn -0.06414 0.57489 -0.81571
vn -0.04876 0.53853 -0.8412
vn -0.04075 0.42503 -0.90426
vn -0.04762 0.43582 -0.89877
vn -0.01443 0.264 -0.96441
vn -0.01509 0.26484 -0.96417
vn -0.09058 0.00833 -0.99585
vn -0.07497 0.02118 -0.99696
vn -0.26297 0.00331 -0.9648
vn -0.26487 0.00166 -0.96428
vn -0.42292 0.03609 -0.90545
vn -0.43613 0.02886 -0.89942
vn -0.57528 0.0344 -0.81723
vn -0.53809 0.06335 -0.8405
vn -0.70607 0.00652 -0.70811
vn -0.67359 0.04251 -0.73788
vn -0.81338 0.04913 -0.57965
vn -0.80854 0.05383 -0.58597
vn -0.87189 0.05366 -0.48675
vn -0.88326 0.19281 -0.4274
vn -0.88982 0.18831 -0.41564
vn -0.79679 0.17377 -0.57873
vn -0.80393 0.1702 -0.56986
vn -0.68922 0.15 -0.70886
vn -0.6959 0.14775 -0.70277
vn -0.56396 0.12302 -0.81659
vn -0.56987 0.12087 -0.8128
vn -0.41595 0.09064 -0.90486
vn -0.42036 0.08929 -0.90295
vn -0.25654 0.05603 -0.96491
vn -0.25919 0.05518 -0.96425
vn -0.09469 0.02084 -0.99529
vn -0.07571 0.03176 -0.99662
vn -0.09884 0.03093 -0.99462
vn -0.07597 0.04927 -0.99589
vn -0.08102 0.04967 -0.99547
vn -0.07029 0.0658 -0.99535
vn -0.07111 0.06592 -0.99529
vn -0.05631 0.07569 -0.99554
vn -0.05357 0.07457 -0.99578
vn -0.04342 0.08777 -0.99519
vn -0.03241 0.08285 -0.99604
vn -0.96254 0.07186 -0.26143
vn -0.94317 0.20612 -0.26065
vn -0.94832 0.20039 -0.24605
vn -0.89474 0.37269 -0.24604
vn -0.8989 0.36939 -0.23565
vn -0.8159 0.52798 -0.23569
vn -0.81839 0.52661 -0.23003
vn -0.71057 0.66496 -0.23006
vn -0.71099 0.66482 -0.22915
vn -0.58051 0.78134 -0.22914
vn -0.5786 0.78157 -0.23315
vn -0.43025 0.87208 -0.23316
vn -0.42615 0.87169 -0.24196
vn -0.30111 0.92221 -0.24262
vn -0.28709 0.86409 -0.41344
vn -0.23766 0.85404 -0.46276
vn -0.22368 0.79244 -0.56745
vn -0.21825 0.78803 -0.57565
vn -0.19348 0.68629 -0.70112
vn -0.18915 0.68171 -0.70675
vn -0.15872 0.56195 -0.8118
vn -0.15467 0.558 -0.8153
vn -0.11703 0.41459 -0.90245
vn -0.11417 0.41154 -0.90421
vn -0.07229 0.25561 -0.96407
vn -0.07052 0.25379 -0.96469
vn -0.0267 0.09385 -0.99523
vn -0.01802 0.09109 -0.99568
vn -0.00944 0.07499 -0.99714
vn -0 0.99756 0.06975
vn 0 0.07499 -0.99718
vn 0 0.99992 -0.01228
vn 7E-05 0.99534 -0.09648
vn 0 0.99463 -0.10347
vn 0 0.97707 -0.21294
vn 0 0.95433 -0.29877
vn 0 0.91254 -0.40899
vn 0 0.87315 -0.48745
vn 0 0.80972 -0.58682
vn 0 0.70178 -0.71239
vn 0.00106 0.61307 -0.79003
vn -0 0.6742 -0.73855
vn 0 0.53917 -0.8422
vn 0 0.43632 -0.89979
vn -0 0.26487 -0.96428
vn -0.07499 -0 -0.99718
vn -0.99757 0 0.06974
vn -0.99959 0 -0.02868
vn -0.99533 0.00261 -0.09648
vn -0.98926 -0.00296 -0.14613
vn -0.97707 0 -0.21292
vn -0.95433 -0 -0.29877
vn -0.93619 -0.00568 -0.35144
vn -0.91254 0 -0.40899
vn -0.87315 -0 -0.48745
vn -0.82813 -0.00452 -0.56052
vn -0.80972 -0 -0.58682
vn -0.67723 0 -0.73577
vn -0.6742 0.00077 -0.73855
vn -0.58592 0 -0.81037
vn -0.53917 -0 -0.8422
vn -0.4829 -0.00563 -0.87566
vn -0.43631 -0 -0.89979
vn -0.28741 0 -0.95781
vn -0.26487 0.00363 -0.96428
vn -0.1727 0 -0.98498
vn 0.06156 0.97521 -0.21253
vn 0.98785 0.13172 -0.08247
vn 0.97286 0.21557 0.08412
vn 0.24624 0.9692 -0.00324
vn 0.06048 0.98554 0.1583
vn 0.09539 0.99302 0.06943
vn 0.36268 0.93097 0.04199
vn 0.37839 0.92068 0.09572
vn 0.20536 0.974 0.09568
vn 0.4417 0.89048 0.10927
vn 0.54747 0.82973 0.10876
vn 0.5352 0.83279 0.1415
vn 0.67889 0.72794 0.09599
vn 0.68008 0.72723 0.09289
vn 0.75485 0.6433 0.12794
vn 0.80196 0.59434 0.06019
vn 0.89473 0.44343 0.05316
vn 0.89634 0.43902 0.06198
vn 0.85957 0.49847 0.1125
vn 0.81701 0.56557 0.11235
vn 0.95157 0.30738 -0.00597
vn 0.97172 0.22128 -0.08249
vn 0.96278 0.26997 -0.01324
vn 0.95906 0.26462 0.10093
vn 0.91959 0.37958 0.10135
vn 0.99376 0.04197 -0.10338
vn 0.99524 0.09216 -0.03179
vn 0.99575 0.09127 -0.01221
vn 0.99246 0.08938 0.08382
vn 0.99306 0.09498 0.06943
vn 0.97603 0.04618 -0.2127
vn 0.96245 0.06062 -0.2646
vn 0.95495 0.13478 -0.26438
vn 0.95813 0.12798 -0.25614
vn 0.94112 0.22065 -0.25613
vn 0.06766 0.90099 -0.42853
vn 0.05895 0.91095 -0.40828
vn 0.05686 0.95278 -0.29828
vn 0.89668 0.12607 -0.42435
vn 0.88169 0.20652 -0.42424
vn 0.9444 0.21494 -0.24883
vn 0.91903 0.30571 -0.24884
vn 0.94854 0.30955 -0.06673
vn 0.89644 0.43814 -0.06654
vn 0.89539 0.44171 -0.05635
vn 0.80246 0.59403 -0.05634
vn 0.80162 0.5956 -0.05169
vn 0.68208 0.72945 -0.05169
vn 0.68235 0.72912 -0.05275
vn 0.5403 0.83982 -0.05274
vn 0.54234 0.83807 -0.0593
vn 0.37927 0.92338 -0.05929
vn 0.38356 0.92076 -0.07135
vn 0.206 0.97595 -0.07135
vn 0.21274 0.97311 -0.08834
vn 0.05715 0.99443 -0.08854
vn 0.06178 0.99343 -0.09629
vn 0.95349 0.04192 -0.2985
vn 0.91162 0.04475 -0.40858
vn 0.87809 0.08185 -0.47144
vn 0.8704 0.07923 -0.48592
vn 0.81394 0.07763 -0.57574
vn 0.80759 0.07242 -0.58528
vn 0.70443 0.06538 -0.70676
vn 0.3496 0.83967 -0.41562
vn 0.34733 0.84471 -0.40723
vn 0.31576 0.75867 -0.56984
vn 0.3142 0.76403 -0.5635
vn 0.27318 0.6569 -0.70275
vn 0.27248 0.66182 -0.69839
vn 0.22388 0.53784 -0.81278
vn 0.22314 0.54222 -0.81006
vn 0.1651 0.3968 -0.90294
vn 0.16472 0.40005 -0.90157
vn 0.10189 0.24468 -0.96424
vn 0.10165 0.24664 -0.96376
vn 0.49612 0.7668 -0.40727
vn 0.49539 0.76969 -0.4027
vn 0.4487 0.6936 -0.56355
vn 0.44837 0.6966 -0.56009
vn 0.38863 0.60096 -0.69843
vn 0.38873 0.60364 -0.69606
vn 0.31847 0.49226 -0.8101
vn 0.31849 0.49467 -0.80862
vn 0.23495 0.36323 -0.90159
vn 0.23506 0.365 -0.90085
vn 0.14491 0.22395 -0.96377
vn 0.14496 0.22502 -0.96351
vn 0.6254 0.66833 -0.40275
vn 0.62537 0.66879 -0.40202
vn 0.56601 0.60487 -0.56015
vn 0.56604 0.60534 -0.5596
vn 0.49053 0.52423 -0.69611
vn 0.49062 0.52464 -0.69573
vn 0.40195 0.42955 -0.80865
vn 0.40202 0.42991 -0.80843
vn 0.2966 0.31697 -0.90087
vn 0.29666 0.31723 -0.90075
vn 0.18288 0.19542 -0.96352
vn 0.18292 0.19558 -0.96348
vn 0.73502 0.54602 -0.40201
vn 0.73474 0.544 -0.40524
vn 0.66531 0.49419 -0.55959
vn 0.66475 0.49218 -0.56202
vn 0.57669 0.42827 -0.69571
vn 0.57594 0.42656 -0.69738
vn 0.47251 0.351 -0.80841
vn 0.47189 0.34945 -0.80945
vn 0.34868 0.25899 -0.90075
vn 0.34817 0.25788 -0.90126
vn 0.21496 0.15971 -0.96348
vn 0.21466 0.15904 -0.96365
vn 0.81989 0.40442 -0.40525
vn 0.81839 0.40024 -0.41237
vn 0.74181 0.36584 -0.56203
vn 0.7397 0.36177 -0.56742
vn 0.64285 0.31686 -0.69738
vn 0.64047 0.31348 -0.70109
vn 0.5266 0.25976 -0.80946
vn 0.52456 0.25664 -0.81177
vn 0.38858 0.19163 -0.90127
vn 0.38697 0.18938 -0.90243
vn 0.23956 0.11822 -0.96366
vn 0.2386 0.11684 -0.96406
vn 0.7004 0.06275 -0.71099
vn 0.61205 0.05748 -0.78873
vn 0.5749 0.06414 -0.81571
vn 0.53853 0.04876 -0.84119
vn 0.42503 0.04075 -0.90426
vn 0.43582 0.04762 -0.89877
vn 0.264 0.01443 -0.96441
vn 0.26484 0.01509 -0.96417
vn 0.00833 0.09058 -0.99585
vn 0.02118 0.07497 -0.99696
vn 0.00331 0.26297 -0.9648
vn 0.00166 0.26487 -0.96428
vn 0.03609 0.42292 -0.90545
vn 0.02886 0.43613 -0.89942
vn 0.0344 0.57528 -0.81723
vn 0.06335 0.53809 -0.84051
vn 0.00652 0.70607 -0.70812
vn 0.04251 0.67359 -0.73788
vn 0.04913 0.81338 -0.57965
vn 0.05383 0.80854 -0.58597
vn 0.05366 0.87189 -0.48675
vn 0.19281 0.88326 -0.4274
vn 0.18831 0.88982 -0.41564
vn 0.17377 0.79679 -0.57873
vn 0.1702 0.80393 -0.56986
vn 0.15 0.68922 -0.70886
vn 0.14775 0.6959 -0.70277
vn 0.12302 0.56396 -0.81659
vn 0.12087 0.56987 -0.8128
vn 0.09064 0.41595 -0.90486
vn 0.08929 0.42036 -0.90295
vn 0.05603 0.25654 -0.96491
vn 0.05518 0.2592 -0.96425
vn 0.02084 0.09469 -0.99529
vn 0.03176 0.07571 -0.99662
vn 0.03093 0.09884 -0.99462
vn 0.04927 0.07597 -0.99589
vn 0.04967 0.08102 -0.99547
vn 0.0658 0.07029 -0.99535
vn 0.06592 0.07111 -0.99529
vn 0.07569 0.05631 -0.99554
vn 0.07457 0.05357 -0.99578
vn 0.08777 0.04342 -0.99519
vn 0.08285 0.03241 -0.99604
vn 0.07186 0.96254 -0.26143
vn 0.20612 0.94317 -0.26065
vn 0.20039 0.94832 -0.24605
vn 0.37269 0.89474 -0.24604
vn 0.36939 0.8989 -0.23565
vn 0.52798 0.8159 -0.23568
vn 0.52661 0.81839 -0.23003
vn 0.66496 0.71056 -0.23006
vn 0.66482 0.71099 -0.22915
vn 0.78134 0.58051 -0.22914
vn 0.78157 0.5786 -0.23315
vn 0.87208 0.43025 -0.23316
vn 0.8717 0.42615 -0.24196
vn 0.92221 0.30111 -0.24261
vn 0.86409 0.28708 -0.41345
vn 0.85404 0.23766 -0.46276
vn 0.79244 0.22368 -0.56745
vn 0.78803 0.21825 -0.57565
vn 0.68629 0.19348 -0.70112
vn 0.68171 0.18915 -0.70674
vn 0.56195 0.15872 -0.8118
vn 0.558 0.15467 -0.8153
vn 0.41459 0.11704 -0.90245
vn 0.41154 0.11417 -0.90421
vn 0.25561 0.07229 -0.96407
vn 0.25379 0.07052 -0.96469
vn 0.09386 0.0267 -0.99523
vn 0.09109 0.01802 -0.99568
vn 0.07499 0.00944 -0.99714
vn -0.42963 -0.89801 0.0948
vn -0.42413 -0.90179 0.08301
vn -0.42798 -0.90186 -0.05899
vn -0.43703 -0.89909 -0.02524
vn -0.40439 -0.89933 -0.16635
vn -0.42463 -0.89611 -0.1291
vn -0.4182 -0.87715 -0.23605
vn -0.41805 -0.86564 -0.27551
vn -0.40938 -0.86125 -0.30108
vn -0.40376 -0.83065 -0.38341
vn -0.38504 -0.81984 -0.4238
vn -0.38843 -0.78153 -0.48819
vn -0.3768 -0.76922 -0.51607
vn -0.36091 -0.7245 -0.58723
vn -0.33841 -0.71174 -0.61555
vn -0.29003 -0.46771 -0.83494
vn -0.2753 -0.5134 -0.81279
vn -0.30566 -0.57625 -0.75796
vn -0.28697 -0.42286 -0.85956
vn -0.1151 -0.13306 -0.9844
vn -0.10399 -0.18931 -0.9764
vn -0.21005 -0.22457 -0.95155
vn -0.20803 -0.28286 -0.93633
vn -0.227 -0.33094 -0.91594
vn -0.09264 -0.0281 -0.9953
vn -0.10031 -0.05383 -0.9935
vn -0.09278 -0.0452 -0.99466
vn -0.07747 -0.06413 -0.99493
vn -0.06289 -0.01261 -0.99794
vn -0.79302 -0.27551 -0.54333
vn -0.74522 -0.39309 -0.53863
vn -0.71267 -0.44932 -0.53872
vn -0.78943 -0.2796 -0.54647
vn -0.88944 -0.3088 -0.33696
vn -0.88597 -0.31388 -0.34137
vn -0.93773 -0.32537 -0.12162
vn -0.93492 -0.33132 -0.1271
vn -0.84347 -0.53431 -0.05551
vn -0.85616 -0.50411 -0.11343
vn -0.83424 -0.52657 -0.16359
vn -0.90384 -0.41795 0.09158
vn -0.72373 -0.36965 -0.58273
vn -0.73817 -0.46759 -0.48628
vn -0.79846 -0.50329 -0.33039
vn -0.8159 -0.43627 -0.37943
vn -0.81271 -0.51481 -0.2729
vn -0.3443 -0.3779 -0.85945
vn -0.17726 -0.19424 -0.96481
vn -0.22533 -0.21233 -0.95086
vn -0.08301 -0.07828 -0.99347
vn -0.1572 -0.0783 -0.98446
vn -0.29218 -0.39783 -0.86969
vn -0.30386 -0.45378 -0.83771
vn -0.38512 -0.57757 -0.71979
vn -0.35764 -0.59396 -0.72063
vn -0.34333 -0.63259 -0.69423
vn -0.54179 -0.43752 -0.71766
vn -0.46933 -0.51454 -0.71762
vn -0.54704 -0.60033 -0.5834
vn -0.54693 -0.59984 -0.584
vn -0.58951 -0.64695 -0.48367
vn -0.58944 -0.64645 -0.48442
vn -0.62344 -0.6842 -0.37842
vn -0.62342 -0.68372 -0.3793
vn -0.64851 -0.71172 -0.26998
vn -0.64856 -0.71129 -0.27098
vn -0.66477 -0.72957 -0.16066
vn -0.6649 -0.7292 -0.16179
vn -0.67258 -0.73815 -0.05262
vn -0.67279 -0.73787 -0.05382
vn -0.6698 -0.73536 0.10303
vn -0.58042 -0.80828 0.09896
vn -0.07499 -0.00736 -0.99716
vn -0.10004 -0.02268 -0.99473
vn -0.17264 -0.02638 -0.98463
vn -0.27411 -0.0411 -0.96082
vn -0.67881 -0.08066 -0.72987
vn -0.82736 -0.09123 -0.55421
vn -0.82357 -0.09807 -0.55867
vn -0.93031 -0.10232 -0.3522
vn -0.92697 -0.1105 -0.35848
vn -0.98417 -0.108 -0.14055
vn -0.98196 -0.11721 -0.1484
vn -0.9989 -0.03722 -0.02866
vn -0.98837 -0.04264 -0.146
vn -0.98788 -0.04529 -0.14848
vn -0.93586 -0.02725 -0.35131
vn -0.93278 -0.03659 -0.35859
vn -0.82775 -0.03055 -0.56026
vn -0.82888 -0.0281 -0.55872
vn -0.67694 -0.02934 -0.73545
vn -0.66583 -0.04855 -0.74452
vn -0.58533 -0.04469 -0.80956
vn -0.49994 -0.0431 -0.86499
vn -0.48273 -0.02702 -0.87535
vn -0.28726 -0.03182 -0.95732
vn -0.47048 -0.18651 -0.86248
vn -0.4741 -0.18518 -0.86078
vn -0.43975 -0.25616 -0.86082
vn -0.44218 -0.25566 -0.85972
vn -0.39692 -0.32144 -0.85972
vn -0.6314 -0.24669 -0.73517
vn -0.64919 -0.2299 -0.72505
vn -0.66431 -0.18131 -0.72514
vn -0.8094 -0.21503 -0.54647
vn -0.80561 -0.22003 -0.55008
vn -0.90847 -0.24113 -0.34137
vn -0.9049 -0.24725 -0.34644
vn -0.95875 -0.25426 -0.1271
vn -0.95598 -0.26133 -0.13342
vn -0.52019 -0.84876 0.09494
vn -0.55377 -0.83025 0.06345
vn -0.55537 -0.82951 -0.05895
vn -0.55425 -0.83061 -0.05382
vn -0.54856 -0.81936 -0.16651
vn -0.54776 -0.82084 -0.16178
vn -0.53483 -0.79888 -0.27523
vn -0.53432 -0.80067 -0.27097
vn -0.51388 -0.76762 -0.383
vn -0.51363 -0.76963 -0.37929
vn -0.48569 -0.72554 -0.48754
vn -0.48565 -0.72767 -0.4844
vn -0.45053 -0.67304 -0.58655
vn -0.45064 -0.67519 -0.58399
vn -0.38757 -0.57808 -0.71806
vn -0.46873 -0.51451 -0.71803
vn -0.34474 -0.37795 -0.85925
vn -0.39793 -0.3214 -0.85928
vn -0.2385 -0.19316 -0.95174
vn -0.26513 -0.15446 -0.95176
vn -0.25327 -0.12198 -0.95967
vn -0.28271 -0.11212 -0.95263
vn -0.29599 -0.06922 -0.95268
vn -0.49356 -0.11189 -0.86248
vn -0.48906 -0.11434 -0.86472
vn -0.65684 -0.14899 -0.73916
vn -0.67109 -0.13096 -0.72972
vn -0.82085 -0.15357 -0.55011
vn -0.81699 -0.1595 -0.55415
vn -0.92211 -0.17228 -0.34646
vn -0.91858 -0.17944 -0.35216
vn -0.97424 -0.18179 -0.13343
vn -0.97168 -0.18996 -0.14053
vn -0.7612 -0.64666 0.04913
vn -0.80181 -0.58934 0.09886
vn -0.84195 -0.53043 0.09883
vn -0.84754 -0.51917 0.11016
vn -0.74241 -0.39547 -0.54077
vn -0.83491 -0.44024 -0.33033
vn -0.8321 -0.44329 -0.33332
vn -0.87892 -0.4633 -0.11334
vn -0.87649 -0.46699 -0.11704
vn -0.88134 -0.46466 0.0856
vn -0.886 -0.45455 0.09158
vn -0.67299 -0.73095 0.11309
vn -0.77484 -0.62559 0.09085
vn -0.77629 -0.62817 -0.05263
vn -0.77666 -0.62748 -0.05539
vn -0.76727 -0.62087 -0.1607
vn -0.76741 -0.62002 -0.16325
vn -0.74849 -0.60567 -0.27004
vn -0.74844 -0.60471 -0.27233
vn -0.71954 -0.58224 -0.37849
vn -0.71933 -0.58119 -0.3805
vn -0.68036 -0.55053 -0.48376
vn -0.68003 -0.54945 -0.48545
vn -0.63133 -0.51085 -0.58349
vn -0.63092 -0.50978 -0.58487
vn -0.54043 -0.43767 -0.71859
vn -0.58645 -0.37218 -0.71941
vn -0.58916 -0.3407 -0.73267
vn -0.61103 -0.32547 -0.7216
vn -0.63368 -0.27876 -0.72163
vn -0.77167 -0.3349 -0.54072
vn -0.76839 -0.33812 -0.54336
vn -0.86495 -0.37521 -0.33328
vn -0.86175 -0.37925 -0.33699
vn -0.91116 -0.39508 -0.11702
vn -0.90846 -0.39989 -0.12164
vn -0.91445 -0.39665 0.08034
vn -0.93887 -0.32462 0.11469
vn -0.93321 -0.35031 0.08006
vn -0.96353 -0.25532 0.08013
vn -0.95982 -0.2733 0.0636
vn -0.97944 -0.18196 0.08707
vn -0.97734 -0.20148 0.06491
vn -0.99196 -0.10862 0.06495
vn -0.99267 -0.07887 0.0916
vn -0.99595 -0.05684 0.06963
vn 0.99757 -0 0.06974
vn 0.07499 0 -0.99718
vn 0.99992 0 -0.01226
vn 0.99559 -0.00094 -0.09377
vn 0.99463 0.00036 -0.10347
vn 0.97707 -0.00013 -0.21292
vn 0.97764 -0 -0.21028
vn 0.95433 0 -0.29877
vn 0.95514 0.00028 -0.29614
vn 0.91254 -0.00026 -0.40899
vn 0.91366 -0 -0.40649
vn 0.87315 0 -0.48745
vn 0.82813 -0.00452 -0.56052
vn 0.80972 0 -0.58682
vn 0.70178 0 -0.71239
vn 0.67419 -0.00498 -0.73854
vn 0.61306 0 -0.79003
vn 0.53917 0 -0.8422
vn 0.53916 -0 -0.8422
vn 0.43631 0 -0.89979
vn 0.43631 0 -0.8998
vn 0.26487 -0 -0.96428
vn 0.00014 -0.25801 -0.96614
vn 0 -0.08263 -0.99658
vn -9E-05 -0.07993 -0.9968
vn 0 -0.07074 -0.99749
vn 0 -0.53796 -0.84297
vn -0.00012 -0.51906 -0.85474
vn 0.00011 -0.43375 -0.90104
vn -2E-05 -0.40954 -0.91229
vn 5E-05 -0.2652 -0.96419
vn 0.00121 -0.73921 -0.67348
vn 0.00044 -0.68591 -0.72768
vn -0 -0.61494 -0.78857
vn -0.00103 -0.61187 -0.79095
vn 0 -0.70171 -0.71246
vn -0 -0.81338 -0.58173
vn -3E-05 -0.81136 -0.58455
vn 1E-05 -0.87687 -0.48072
vn 0 -0.87519 -0.48377
vn 0 -0.8998 -0.43629
vn 8E-05 -0.91423 -0.4052
vn -0.00023 -0.94536 -0.32603
vn 0 -0.95598 -0.29344
vn -0 -0.97725 -0.21211
vn 0.00017 -0.98994 -0.14145
vn -0.00035 -0.97823 -0.20752
vn 0.00019 -0.9951 -0.09892
vn -0.0002 -0.99998 -0.00618
vn -0.00061 -0.99726 0.07398
vn 0 -0.99965 0.02648
vn 0.20706 -0.88401 -0.41911
vn 0.09441 -0.99281 0.07365
vn 0.09125 -0.99243 0.08217
vn 0.2146 -0.97321 0.08246
vn 0.26691 -0.96318 0.03243
vn 0.4367 -0.88623 0.15456
vn 0.63618 -0.76261 0.11705
vn 0.59445 -0.80201 0.05839
vn 0.59544 -0.80141 0.05647
vn 0.54652 -0.82993 0.11196
vn 0.71075 -0.69367 0.11685
vn 0.72837 -0.68122 0.07359
vn 0.76978 -0.6277 0.11593
vn 0.93489 -0.3547 0.01313
vn 0.90243 -0.42063 0.09318
vn 0.83143 -0.53417 0.15293
vn 0.84255 -0.5267 0.11263
vn 0.78325 -0.61079 0.11595
vn 0.0423 -0.9942 -0.09883
vn 0.04652 -0.97717 -0.2073
vn 0.06084 -0.96396 -0.25898
vn 0.99541 -0.06568 0.06959
vn 0.99514 -0.06173 0.07678
vn 0.99353 -0.06428 -0.09358
vn 0.995 -0.05731 -0.08181
vn 0.97577 -0.06192 -0.20988
vn 0.96401 -0.07245 -0.25581
vn 0.91363 -0.3273 -0.24114
vn 0.91337 -0.33224 -0.2353
vn 0.96331 -0.25084 0.09548
vn 0.92068 -0.37852 0.09521
vn 0.922 -0.38361 -0.05249
vn 0.83841 -0.54251 -0.05247
vn 0.84012 -0.54046 -0.0459
vn 0.72938 -0.68257 -0.0459
vn 0.7297 -0.6823 -0.04483
vn 0.59577 -0.8019 -0.04483
vn 0.59424 -0.80277 -0.0495
vn 0.47934 -0.87622 -0.04965
vn 0.46985 -0.85175 -0.23185
vn 0.3863 -0.89276 -0.23186
vn 0.36616 -0.83626 -0.40816
vn 0.21524 -0.94581 -0.24314
vn 0.30615 -0.92041 -0.24314
vn 0.30964 -0.94897 -0.05991
vn 0.0921 -0.99573 -0.00616
vn 0.09299 -0.99534 -0.02565
vn 0.13173 -0.98839 -0.0757
vn 0.13499 -0.95646 -0.25877
vn 0.88096 -0.41055 -0.23529
vn 0.82801 -0.38973 -0.40313
vn 0.81985 -0.30061 -0.48731
vn 0.31717 -0.94341 0.09683
vn 0.26849 -0.96281 0.03001
vn 0.26987 -0.96288 -0.00579
vn 0.22134 -0.97225 -0.07572
vn 0.22098 -0.94257 -0.25047
vn 0.12816 -0.9596 -0.25048
vn 0.12641 -0.89904 -0.41923
vn 0.04201 -0.95513 -0.29318
vn 0.04492 -0.91331 -0.40479
vn 0.08216 -0.88064 -0.4666
vn 0.07947 -0.87243 -0.48224
vn 0.07794 -0.81716 -0.57111
vn 0.07145 -0.80928 -0.58306
vn 0.06659 -0.70616 -0.70492
vn 0.24668 -0.10166 -0.96375
vn 0.24472 -0.10191 -0.96422
vn 0.40006 -0.16472 -0.90156
vn 0.39681 -0.1651 -0.90293
vn 0.54223 -0.22313 -0.81006
vn 0.53784 -0.22387 -0.81278
vn 0.66359 -0.27316 -0.69644
vn 0.65863 -0.27395 -0.70083
vn 0.76702 -0.31541 -0.55874
vn 0.76165 -0.317 -0.56516
vn 0.84325 -0.34691 -0.41058
vn 0.76875 -0.49738 -0.40204
vn 0.77163 -0.49663 -0.39743
vn 0.69631 -0.45044 -0.5588
vn 0.69931 -0.45011 -0.55531
vn 0.60254 -0.38968 -0.69649
vn 0.60525 -0.38974 -0.6941
vn 0.49226 -0.31846 -0.8101
vn 0.49467 -0.31849 -0.80862
vn 0.36324 -0.23495 -0.90158
vn 0.36501 -0.23506 -0.90084
vn 0.22399 -0.14494 -0.96375
vn 0.22506 -0.14499 -0.9635
vn 0.67001 -0.62698 -0.39747
vn 0.67048 -0.62694 -0.39674
vn 0.60722 -0.5682 -0.55536
vn 0.6077 -0.56824 -0.55481
vn 0.52562 -0.49182 -0.69415
vn 0.52603 -0.49191 -0.69377
vn 0.42955 -0.40195 -0.80866
vn 0.42991 -0.40202 -0.80843
vn 0.31698 -0.29661 -0.90086
vn 0.31724 -0.29667 -0.90075
vn 0.19546 -0.18291 -0.9635
vn 0.19561 -0.18295 -0.96347
vn 0.54739 -0.73686 -0.39673
vn 0.54538 -0.7366 -0.39998
vn 0.49611 -0.66789 -0.55479
vn 0.4941 -0.66734 -0.55725
vn 0.42941 -0.5782 -0.69375
vn 0.42768 -0.57747 -0.69543
vn 0.351 -0.47251 -0.80842
vn 0.34945 -0.47189 -0.80945
vn 0.259 -0.34869 -0.90074
vn 0.25789 -0.34818 -0.90126
vn 0.15974 -0.21499 -0.96346
vn 0.15907 -0.2147 -0.96364
vn 0.93948 -0.33641 -0.06479
vn 0.90604 -0.41916 0.05828
vn 0.88035 -0.41447 -0.23064
vn 0.81706 -0.52872 -0.22993
vn 0.81953 -0.52733 -0.22425
vn 0.71155 -0.66588 -0.22428
vn 0.71198 -0.66573 -0.22336
vn 0.58131 -0.78242 -0.22336
vn 0.57941 -0.78267 -0.22739
vn 0.46741 -0.85413 -0.22802
vn 0.44236 -0.80219 -0.40102
vn 0.39326 -0.80243 -0.44884
vn 0.36727 -0.7447 -0.55726
vn 0.36318 -0.7426 -0.56271
vn 0.31774 -0.64452 -0.69544
vn 0.31428 -0.64218 -0.69917
vn 0.25976 -0.5266 -0.80946
vn 0.25664 -0.52456 -0.81177
vn 0.19163 -0.38859 -0.90126
vn 0.18939 -0.38698 -0.90243
vn 0.11824 -0.2396 -0.96365
vn 0.11686 -0.23864 -0.96405
vn 0.06278 -0.70033 -0.71106
vn 0.05744 -0.61086 -0.78965
vn 0.06419 -0.57488 -0.81571
vn 0.04867 -0.53732 -0.84197
vn 0.04074 -0.42504 -0.90426
vn 0.04598 -0.43329 -0.90008
vn 0.0164 -0.26371 -0.96446
vn 0.01203 -0.258 -0.96607
vn 0.09062 -0.00834 -0.99585
vn 0.07497 -0.02122 -0.99696
vn 0.26301 -0.00334 -0.96479
vn 0.26487 -0.00173 -0.96428
vn 0.42293 -0.03607 -0.90544
vn 0.43613 -0.02884 -0.89942
vn 0.57528 -0.03439 -0.81723
vn 0.53808 -0.06332 -0.84051
vn 0.70798 -0.00589 -0.7062
vn 0.67352 -0.04496 -0.7378
vn 0.81678 -0.04739 -0.575
vn 0.8276 -0.03617 -0.56016
vn 0.90344 -0.0671 -0.42343
vn 0.91206 -0.05916 -0.40577
vn 0.95359 -0.05703 -0.29566
vn 0.98325 -0.16525 0.07684
vn 0.97756 -0.20919 0.02489
vn 0.97369 -0.21275 -0.08162
vn 0.97641 -0.20603 -0.06457
vn 0.94464 -0.20643 -0.25503
vn 0.94972 -0.20065 -0.24036
vn 0.88559 -0.19331 -0.42232
vn 0.89212 -0.18878 -0.41047
vn 0.79996 -0.17446 -0.57414
vn 0.80709 -0.17085 -0.56517
vn 0.69104 -0.15047 -0.70698
vn 0.69776 -0.14809 -0.70085
vn 0.56396 -0.12301 -0.81659
vn 0.56987 -0.12086 -0.8128
vn 0.41596 -0.09063 -0.90485
vn 0.42038 -0.08929 -0.90295
vn 0.25658 -0.05603 -0.9649
vn 0.25924 -0.05519 -0.96423
vn 0.09474 -0.02085 -0.99528
vn 0.07575 -0.03177 -0.99662
vn 0.09889 -0.03095 -0.99462
vn 0.07601 -0.04929 -0.99589
vn 0.08106 -0.0497 -0.99547
vn 0.07033 -0.06583 -0.99535
vn 0.07115 -0.06595 -0.99528
vn 0.05634 -0.07573 -0.99554
vn 0.05359 -0.0746 -0.99577
vn 0.04344 -0.08782 -0.99519
vn 0.03243 -0.08289 -0.99603
vn 0.44087 -0.89061 0.11159
vn 0.43716 -0.8942 0.09639
vn 0.44113 -0.89742 0.0067
vn 0.39638 -0.91613 -0.05992
vn 0.38979 -0.88991 -0.2369
vn 0.30154 -0.92356 -0.23689
vn 0.28782 -0.86632 -0.40823
vn 0.23833 -0.85645 -0.45791
vn 0.22455 -0.79555 -0.56274
vn 0.21911 -0.79115 -0.57102
vn 0.19405 -0.68809 -0.6992
vn 0.18961 -0.68354 -0.70486
vn 0.15871 -0.56195 -0.8118
vn 0.15467 -0.558 -0.8153
vn 0.11704 -0.4146 -0.90245
vn 0.11418 -0.41155 -0.90421
vn 0.0723 -0.25565 -0.96406
vn 0.07053 -0.25384 -0.96467
vn 0.02671 -0.0939 -0.99522
vn 0.01955 -0.09162 -0.9956
vn 0.00891 -0.07074 -0.99746
vn 0.97651 -0.04609 0.2105
vn 0.98223 -0.08932 0.16504
vn 0.97818 0.09237 0.18611
vn 0.9856 0.0456 0.16284
vn 0.98752 0.04546 0.15076
vn 0.98752 -0.04546 0.15076
vn -0.97651 0.04609 0.2105
vn -0.98223 0.08932 0.16504
vn -0.97818 -0.09237 0.18611
vn -0.9856 -0.0456 0.16284
vn -0.98752 -0.04546 0.15076
vn -0.98752 0.04546 0.15076
vn -0.12757 0.98223 0.13764
vn -0.10999 0.98631 0.12282
vn -0.20547 0.95415 0.21766
vn -0.07495 0.98867 0.13005
vn -0.06414 0.99046 0.12193
vn -0.05195 0.99237 0.11182
vn -0.09023 0.98508 0.14657
vn -0.02162 0.98899 0.14636
vn -0.00762 0.98934 0.14544
vn -0.00762 0.98934 0.14544
vn -0.21142 0.95846 0.19147
vn -0.1998 0.96061 0.19313
vn -0.22296 0.95615 0.1899
vn -0.2355 0.95346 0.18828
vn -0.25177 0.9497 0.18623
vn -0.37073 0.90642 0.20241
vn -0.25047 0.95286 0.17126
vn -0.29557 0.93757 0.1833
vn -0.16542 0.97258 0.16349
vn -0.14414 0.97817 0.1497
vn -0.00141 0.9895 0.14456
vn -0.00205 0.98932 0.14578
vn -0.00477 0.98941 0.14504
vn -0.01563 0.98906 0.14668
vn -0.03039 0.98835 0.14911
vn -0.13136 0.97794 0.16239
vn -0.15338 0.97438 0.16452
vn -0.28098 0.94296 0.17855
vn -0.18056 0.96381 0.19614
vn -0.18751 0.96271 0.195
vn -0.0495 0.98705 0.1526
vn -0.0719 0.98495 0.1572
vn -0.08203 0.98378 0.15955
vn -0.09695 0.98233 0.16009
vn -0.1145 0.98026 0.16118
vn -0.2795 0.94259 0.18275
vn -0.29876 0.93714 0.1803
vn -0.50155 0.84261 0.19609
vn -0.43155 0.87936 0.20122
vn -0.48996 0.84853 0.19981
vn -0.55677 0.80651 0.19886
vn -0.63498 0.74581 0.20141
vn -0.69202 0.69202 0.20546
vn -0.71635 0.66766 0.20266
vn -0.81908 0.53872 0.19719
vn -0.84209 0.50125 0.19908
vn -0.98355 0.08999 0.15661
vn -0.88012 0.43416 0.19208
vn -0.91743 0.35244 0.18469
vn -0.93966 0.28933 0.18257
vn -0.95623 0.23544 0.17374
vn -0.97728 0.13612 0.16246
vn -0.98772 0.05181 0.14743
vn 0.03039 0.98835 0.14911
vn 0.0495 0.98705 0.1526
vn 0.13136 0.97794 0.16239
vn 0.1145 0.98026 0.16118
vn 0.08204 0.98384 0.15912
vn 0.09653 0.98191 0.16289
vn 0.0719 0.98495 0.1572
vn 0.01563 0.98906 0.14668
vn 0.00615 0.98938 0.14525
vn 0.00141 0.9895 0.14456
vn 0.25179 0.94969 0.18623
vn 0.27956 0.94258 0.18274
vn 0.23554 0.95345 0.18827
vn 0.22293 0.95616 0.18991
vn 0.21139 0.95846 0.19147
vn 0.19976 0.96062 0.19314
vn 0.18748 0.96272 0.19501
vn 0.28097 0.94294 0.17865
vn 0.16384 0.97246 0.16577
vn 0.15338 0.97438 0.16452
vn 0.09039 0.98447 0.15047
vn 0.00762 0.98934 0.14544
vn 0.00762 0.98934 0.14544
vn 0.0382 0.99439 0.09869
vn 0.05215 0.9924 0.11145
vn 0.06439 0.99048 0.12166
vn 0.07521 0.98868 0.12982
vn 0.08879 0.98629 0.13909
vn 0.10407 0.98355 0.14763
vn 0.11712 0.98114 0.15377
vn 0.14205 0.97616 0.16409
vn 0.23552 0.95639 0.17279
vn 0.22513 0.95927 0.17064
vn 0.35135 0.91561 0.19546
vn 0.30342 0.93576 0.17969
vn 0.43416 0.88012 0.19208
vn 0.50125 0.84209 0.19908
vn 0.80651 0.55677 0.19886
vn 0.74581 0.63498 0.20141
vn 0.69202 0.69202 0.20546
vn 0.66766 0.71635 0.20266
vn 0.53872 0.81908 0.19719
vn 0.98753 0.04556 0.15071
vn 0.98393 0.08972 0.15435
vn 0.96216 0.20917 0.17462
vn 0.9771 0.13965 0.16053
vn 0.93767 0.29562 0.18273
vn 0.93984 0.28939 0.18153
vn 0.90907 0.37236 0.18694
vn 0.84261 0.50155 0.19609
vn 0.87936 0.43155 0.20122
vn 0.84854 0.48996 0.19981
vn -0.98953 0 0.14436
vn -0 0.98953 0.14436
vn -0 0.98953 0.14436
vn -0 0.98953 0.14436
vn 0 0.98953 0.14436
vn 0 0.98953 0.14435
vn -0 0.98953 0.14436
vn 0 0.98953 0.14436
vn 0 0.98953 0.14436
vn 0 0.98953 0.14436
vn -0 0.98953 0.14436
vn -0 0.98953 0.14436
vn 0 0.98953 0.14436
vn 1E-05 0.98953 0.14436
vn -0 0.98953 0.14436
vn 0 0.98953 0.14436
vn -0 0.98953 0.14436
vn -0 0.98953 0.14435
vn -0 0.98953 0.14436
vn -0 0.98953 0.14436
vn 0 0.98953 0.14436
vn -0 0.98953 0.14436
vn 0 0.98953 0.14436
vn 0 0.98953 0.14436
vn -0 0.98953 0.14436
vn 0 0.98953 0.14436
vn -0 0.98953 0.14436
vn 0 0.98953 0.14436
vn 0 0.98953 0.14436
vn 0 0.98953 0.14436
vn -1E-05 0.98953 0.14436
vn -0 0.98953 0.14436
vn 0 0.98953 0.14435
vn 0 0.98953 0.14435
vn -0 0.98953 0.14436
vn -0 0.98952 0.14436
vn -0 0.98953 0.14436
vn 0 0.98953 0.14436
vn 0 0.98953 0.14436
vn 0 0.98953 0.14436
vn 0 0.98953 0.14436
vn -0 0.98953 0.14435
vn -0 0.98953 0.14435
vn 0 0.98953 0.14436
vn -0 0.98953 0.14436
vn -0 0.98953 0.14436
vn -0 0.98953 0.14436
vn 0 0.98953 0.14436
vn -0 0.98953 0.14436
vn 0 0.98953 0.14436
vn -0 0.98953 0.14436
vn 0 0.98953 0.14436
vn 0 0.98953 0.14436
vn -0 0.98953 0.14436
vn -0 0.98953 0.14436
vn 1E-05 0.98953 0.14436
vn -0 0.98953 0.14436
vn -0 0.98953 0.14436
vn 0 0.98953 0.14436
vn -0 0.98953 0.14436
vn 0 0.98953 0.14436
vn -0 0.98953 0.14436
vn -0 0.98953 0.14435
vn 0 0.98953 0.14436
vn 1E-05 0.98953 0.14436
vn -0 0.98953 0.14436
vn -9E-05 0.98959 0.14391
vn -0 0.98953 0.14436
vn 0 0.98953 0.14436
vn 0 0.98953 0.14436
vn 0 0.98953 0.14436
vn -0 0.98953 0.14436
vn -0 0.98953 0.14435
vn 0 0.98953 0.14436
vn -0 0.98953 0.14436
vn 0 0.98953 0.14436
vn 1E-05 0.98953 0.14436
vn 0 0.98953 0.14436
vn -0 0.98953 0.14436
vn 0 0.98953 0.14436
vn -0 0.98953 0.14436
vn -0 0.98953 0.14436
vn 0 0.98953 0.14436
vn 0 0.98953 0.14436
vn -0 0.98953 0.14436
vn -0 0.98953 0.14435
vn -0 0.98953 0.14435
vn -0 0.98953 0.14435
vn 0 0.98952 0.14438
vn -0 0.98953 0.14436
vn -0 0.98953 0.14436
vn 0 0.98953 0.14436
vn -0 0.98953 0.14436
vn -0 0.98952 0.14437
vn 0 0.98953 0.14436
vn -1E-05 0.98953 0.14436
vn -0 0.98953 0.14436
vn -0 0.98953 0.14436
vn 0 0.98953 0.14436
vn -0 0.98953 0.14436
vn 0 0.98953 0.14436
vn -0 0.98953 0.14436
vn 0 0.98953 0.14436
vn 1E-05 0.98953 0.14434
vn -0 0.98952 0.14436
vn 0 0.98953 0.14435
vn 0 0.98953 0.14435
vn -9E-05 0.98946 0.14483
vn 0 0.98953 0.14435
vn 0 0.98953 0.14435
vn 0 0.98953 0.14435
vn -0 0.98953 0.14436
vn 0 0.98953 0.14436
vn 0 0.98953 0.14436
vn 0 0.98953 0.14436
vn 0 0.98953 0.14436
vn 0 0.98953 0.14435
vn 0 0.98953 0.14435
vn -0 0.98953 0.14436
vn 0 0.98953 0.14435
vn -0 0.98952 0.14436
vn -0 0.98952 0.14436
vn 0 0.98953 0.14435
vn -0 0.98953 0.14436
vn 0 0.98953 0.14436
vn -0 0.98953 0.14436
vn -0 0.98953 0.14436
vn 0 0.98953 0.14435
vn 0 0.98953 0.14435
vn 0 0.98953 0.14435
vn -0 0.98952 0.14437
vn -0 0.98953 0.14435
vn 0 0.98953 0.14436
vn 0 0.98953 0.14436
vn 0 0.98953 0.14436
vn -0 0.98953 0.14436
vn 0 0.98953 0.14435
vn -0 0.98952 0.14436
vn 0 0.98953 0.14435
vn -0 0.98952 0.14437
vn -0 0.98953 0.14436
vn -0 0.98953 0.14436
vn 0 0.98953 0.14436
vn 0 0.98953 0.14436
vn -0 0.98953 0.14436
vn 0 0.98953 0.14436
vn -0 0.98953 0.14436
vn -0 0.98953 0.14436
vn -0 0.98953 0.14436
vn 0 0.98953 0.14436
vn 0 0.98953 0.14436
vn -1E-05 0.98953 0.14436
vn 0 0.98953 0.14436
vn 0 0.98953 0.14436
vn -0 0.98953 0.14435
vn -0 0.98953 0.14435
vn -0 0.98953 0.14436
vn 0 0.98953 0.14436
vn 0 0.98953 0.14436
vn -0 0.98953 0.14436
vn 0 0.98953 0.14436
vn 1E-05 0.98953 0.14436
vn -0 0.98953 0.14436
vn -0 0.98953 0.14436
vn -0 0.98953 0.14436
vn 0 0.98953 0.14436
vn 0 0.98953 0.14436
vn -0 0.98953 0.14436
vn 0 0.98953 0.14435
vn 0 0.98953 0.14435
vn -0 0.98953 0.14436
vn 0 0.98953 0.14435
vn -0 0.98953 0.14435
vn 0 0.98953 0.14436
vn -0 0.98953 0.14435
vn 0 0.98953 0.14436
vn -0 0.98953 0.14436
vn -0 0.98953 0.14436
vn -0 0.98953 0.14436
vn -0 0.98953 0.14436
vn -1E-05 0.98952 0.14439
vn 0 0.98953 0.14435
vn 0 0.98953 0.14435
vn 0 0.98953 0.14436
vn -0 0.98953 0.14436
vn -0 0.98953 0.14436
vn -1E-05 0.98953 0.14436
vn 0 0.98953 0.14436
vn 0 0.98953 0.14436
vn 0 0.98953 0.14436
vn 9E-05 0.98959 0.14391
vn -0 0.98953 0.14436
vn -0 0.98953 0.14436
vn 0 0.98953 0.14435
vn 0 0.98953 0.14436
vn -0 0.98953 0.14436
vn 0 0.98953 0.14436
vn -0 0.98953 0.14436
vn 0 0.98953 0.14436
vn 1E-05 0.98953 0.14436
vn -0 0.98953 0.14436
vn -0 0.98953 0.14436
vn 0 0.98953 0.14436
vn -0 0.98953 0.14435
vn 0 0.98953 0.14436
vn -0 0.98953 0.14436
vn 0 0.98953 0.14436
vn -0 0.98953 0.14436
vn -0 0.98953 0.14436
vn -0 0.98953 0.14436
vn 0 0.98953 0.14435
vn 0 0.98953 0.14436
vn 0 0.98953 0.14436
vn -1E-05 0.98953 0.14436
vn -0 0.98953 0.14436
vn 0 0.98953 0.14435
vn 0 0.98953 0.14435
vn 0 0.98952 0.14437
vn 0 0.98953 0.14436
vn -0 0.98953 0.14435
vn 0 0.98953 0.14436
vn 0 0.98952 0.14436
vn 0 0.98953 0.14436
vn -1E-05 0.98953 0.14434
vn 0 0.98953 0.14436
vn -0 0.98953 0.14435
vn 0 0.98952 0.14436
vn -0 0.98953 0.14435
vn 0 0.98952 0.14437
vn -0 0.98953 0.14435
vn -0 0.98953 0.14435
vn 0 0.98953 0.14436
vn -0 0.98953 0.14435
vn -0 0.98953 0.14435
vn 0 0.98953 0.14436
vn -0 0.98953 0.14436
vn -0 0.98953 0.14436
vn 0 0.98953 0.14436
vn -0 0.98953 0.14436
vn 0 0.98953 0.14436
vn 0 0.98953 0.14436
vn -0 0.98953 0.14436
vn 0 0.98953 0.14436
vn 0 0.98953 0.14436
vn -0 0.98953 0.14436
vn 0 0.98953 0.14436
vn -0 0.98953 0.14436
vn -0 0.98953 0.14436
vn 0 0.98953 0.14436
vn -0 0.98953 0.14436
vn -0 0.98953 0.14436
vn 0 0.98953 0.14435
vn -0 0.98953 0.14435
vn 0 0.98953 0.14436
vn 0 0.98953 0.14436
vn 0 0.98953 0.14436
vn -0 0.98953 0.14436
vn 0 0.98953 0.14436
vn 0 0.98953 0.14436
vn -0 0.98953 0.14436
vn -0 0.98953 0.14436
vn -0 0.98953 0.14436
vn 0 0.98953 0.14436
vn 0 0.98953 0.14436
vn -0 0.98953 0.14436
vn 1E-05 0.98953 0.14436
vn 0 0.98953 0.14436
vn -0 0.98953 0.14436
vn 0 0.98953 0.14436
vn -0 0.98953 0.14436
vn -0 0.98953 0.14436
vn 0 0.98953 0.14436
vn 0 0.98953 0.14436
vn -0 0.98953 0.14436
vn 0 0.98953 0.14436
vn -0 0.98953 0.14436
vn 0 0.98953 0.14436
vn 0 0.98953 0.14435
vn 0 0.98953 0.14435
vn -0 0.98953 0.14436
vn 0 0.98953 0.14435
vn -0 0.98953 0.14435
vn 0 0.98953 0.14436
vn -0 0.98953 0.14435
vn 0 0.98953 0.14436
vn -1E-05 0.98953 0.14436
vn -0 0.98953 0.14435
vn -0 0.98953 0.14436
vn -0 0.98953 0.14436
vn -0 0.98953 0.14436
vn -0 0.98953 0.14436
vn 0 0.98953 0.14436
vn 0 0.98953 0.14436
vn 0 0.98953 0.14436
vn 0 0.98953 0.14436
vn -0 0.98953 0.14436
vn -0 0.98953 0.14436
vn 0 0.98953 0.14436
vn 0 0.98953 0.14436
vn -1E-05 0.98953 0.14436
vn -0 0.98953 0.14436
vn 0 0.98953 0.14436
vn 1E-05 0.98953 0.14436
vn -0 0.98953 0.14436
vn 0 0.98953 0.14436
vn -0 0.98953 0.14436
vn 0 0.98953 0.14436
vn -0 0.98953 0.14436
vn 0 0.98953 0.14436
vn -0 0.98953 0.14436
vn 0 0.98953 0.14436
vn -0 0.98953 0.14436
vn 0 0.98953 0.14436
vn -0 0.98953 0.14436
vn -0 0.98953 0.14436
vn 0 0.98953 0.14436
vn -0 0.98953 0.14436
vn 0 0.98953 0.14435
vn 0 0.98953 0.14435
vn -0 0.98953 0.14436
vn 0 0.98953 0.14435
vn -0 0.98953 0.14435
vn 0 0.98953 0.14436
vn 0 0.98953 0.14436
vn -0 0.98953 0.14435
vn -0 0.98953 0.14435
vn 0 0.98953 0.14436
vn -0 0.98953 0.14436
vn -0 0.98953 0.14436
vn 0 0.98953 0.14435
vn -0 0.98953 0.14436
vn -0 0.98953 0.14436
vn -0 0.98953 0.14436
vn -1E-05 0.98953 0.14436
vn 0 0.98953 0.14436
vn -0 0.98953 0.14436
vn 0 0.98953 0.14435
vn 0 0.98953 0.14436
vn 9E-05 0.98959 0.14391
vn 0 0.98953 0.14436
vn -0 0.98952 0.14438
vn 0 0.98953 0.14435
vn 0 0.98953 0.14435
vn -0 0.98953 0.14436
vn -0 0.98952 0.14437
vn 0 0.98953 0.14436
vn 0 0.98953 0.14436
vn -0 0.98953 0.14436
vn 0 0.98953 0.14436
vn -0 0.98953 0.14436
vn -0 0.98952 0.14436
vn 0 0.98953 0.14435
vn 0 0.98953 0.14435
vn -0 0.98953 0.14435
vn 0 0.98953 0.14436
vn -1E-05 0.98953 0.14436
vn -0 0.98953 0.14435
vn -0 0.98953 0.14436
vn 1E-05 0.98953 0.14434
vn -0 0.98953 0.14436
vn -0 0.98952 0.14436
vn 0 0.98953 0.14435
vn 0 0.98953 0.14435
vn -0 0.98952 0.14437
vn 0 0.98953 0.14436
vn 0 0.98953 0.14436
vn -0 0.98953 0.14436
vn 1E-05 0.98953 0.14436
vn -0 0.98953 0.14436
vn 0 0.98953 0.14436
vn -0 0.98953 0.14436
vn 0 0.98953 0.14436
vn 0 0.98953 0.14435
vn 0 0.98953 0.14435
vn -0 0.98953 0.14435
vn 0 0.98953 0.14436
vn 0 0.98953 0.14436
vn 0 0.98953 0.14436
vn -0 0.98953 0.14436
vn -0 0.98953 0.14436
vn -0 0.98953 0.14436
vn 0 0.98953 0.14436
vn 0 0.98953 0.14436
vn -0 0.98953 0.14436
vn 0 0.98953 0.14436
vn -0 0.98953 0.14436
vn -0 0.98953 0.14436
vn -0 0.98953 0.14436
vn 0 0.98953 0.14435
vn -0 0.98953 0.14436
vn 0 0.98953 0.14436
vn 0 0.98953 0.14435
vn 0 0.98953 0.14436
vn 0 0.98953 0.14436
vn -0 0.98953 0.14436
vn -0 0.98953 0.14436
vn 0 0.98953 0.14436
vn -1E-05 0.98953 0.14436
vn -0 0.98953 0.14436
vn -0 0.98953 0.14435
vn 0 0.98953 0.14436
vn -0 0.98953 0.14435
vn 0 0.98953 0.14436
vn 0 0.98953 0.14436
vn -0 0.98953 0.14436
vn -0 0.98953 0.14436
vn 0 0.98953 0.14435
vn 0 0.98953 0.14435
vn -0 0.98953 0.14436
vn 0 0.98953 0.14436
vn -0 0.98953 0.14436
vn 0 0.98953 0.14436
vn -0 0.98953 0.14436
vn 0.98953 -0 0.14436
vn -0 -0 -1
vn 0 -0 -1
vn -0 0 -1
vn -0 0 -1
vn 0 -0 -1
vn -0 -0 -1
vn 0 0 -1
vn -0 -0 -1
vn 0 0 -1
vn 0 0 -1
vn -0 -0 -1
vn 0 -0 -1
vn 0 -0 -1
vn -0 -0 -1
vn -0 -0 -1
vn -0 -0 -1
vn -0 -0 -1
vn -0 -0 -1
vn 0 -0 -1
vn 0 -0 -1
vn 0 0 -1
vn 0 0 -1
vn 0 0 -1
vn -0 -0 -1
vn 0 -0 -1
vn 0 -0 -1
vn -0 0 -1
vn -0 -0 -1
vn 0 0 -1
vn -0 -0 -1
vn 0 0 -1
vn -0 0 -1
vn 0 -0 -1
vn 0 -0 -1
vn 0 -0 -1
vn 0 -0 -1
vn 0 -0 -1
vn -0 -0 -1
vn 0 0 -1
vn 0 -0 -1
vn 0 0 -1
vn -0 -0 -1
vn -0 -0 -1
vn -0 0 -1
vn 0 0 -1
vn 0 -0 -1
vn -0 0 -1
vn 0 0 -1
vn -0 0 -1
vn -0 -0 -1
vn -0 0 -1
vn 0 0 -1
vn -0 -0 -1
vn 0 0 -1
vn -0 0 -1
vn 0 -0 -1
vn -0 -0 -1
vn -0 -0 -1
vn -0 -0 -1
vn -0 0 -1
vn -0 0 -1
vn -0 0 -1
vn 0 -0 -1
vn 0 -0 -1
vn 0 0 -1
vn -0 -0 -1
vn -0 -0 -1
vn 0 -0 -1
vn 0 0 -1
vn 0 0 -1
vn -0 0 -1
vn -0 -0 -1
vn -0 0 -1
vn 0 -0 -1
vn 0 -0 -1
vn 0 0 -1
vn 0 0 -1
vn 0 -0 -1
vn -0 0 -1
vn -0 -0 -1
vn -0 -0 -1
vn 0 0 -1
vn 0 0 -1
vn 0 -0 -1
vn 0 -0 -1
vn -0 -0 -1
vn -0 0 -1
vn 0 0 -1
vn -0 0 -1
vn 0 0 -1
vn 0 -0 -1
vn 0 -0 -1
vn 0 0 -1
vn 0 0 -1
vn -0 -0 -1
vn -0 0 -1
vn 0 -0 -1
vn 0 -0 -1
vn -0 0 -1
vn -0 0 -1
vn 0 -0 -1
vn 0 0 -1
vn 0 0 -1
vn -0 0 -1
vn -0 0 -1
vn 0 0 -1
vn -0 -0 -1
vn 0 0 -1
vn -0 0 -1
vn 0 -0 -1
vn -0 0 -1
vn 0 0 -1
vn 0 0 -1
vn -0 0 -1
vn -0 0 -1
vn -0 -0 -1
vn -0 0 -1
vn 0 -0 -1
vn -0 0 -1
vn 0 0 -1
vn 0 -0 -1
vn -0 0 -1
vn 0 -0 -1
vn -0 0 -1
vn 0 -0 -1
vn 0 0 -1
vn 0 0 -1
vn -0 0 -1
vn 0 -0 -1
vn -0 -0 -1
vn -0 0 -1
vn 0 -0 -1
vn -0 -0 -1
vn -0 -0 -1
vn 0 0 -1
vn 0 -0 -1
vn 0 -0 -1
vn -0 0 -1
vn -0 0 -1
vn 0 0 -1
vn 0 0 -1
vn 0 0 -1
vn -0 0 -1
vn 0 0 -1
vn -0 -0 -1
vn 0 -0 -1
vn 0 -0 -1
vn 0 -0 -1
vn 0 -0 -1
vn -0 0 -1
vn -0 0 -1
vn 0 -0 -1
vn 0 -0 -1
vn 0 -0 -1
vn 0 -0 -1
vn -0 -0 -1
vn -0 -0 -1
vn 0 -0 -1
vn 0 -0 -1
vn 0 -0 -1
vn 0 -0 -1
vn 0 -0 -1
vn -0 -0 -1
vn -0 -0 -1
vn -0 -0 -1
vn 0 -0 -1
vn 0 -0 -1
vn -0 0 -1
vn 0 0 -1
vn -0 -0 -1
vn 0 0 -1
vn 0 -0 -1
vn -0 -0 -1
vn -0 0 -1
vn -0 0 -1
vn -0 0 -1
vn -0 -0 -1
vn 0 -0 -1
vn 0 0 -1
vn -0 0 -1
vn -0 0 -1
vn -0 0 -1
vn 0 -0 -1
vn -0 0 -1
vn 0 0 -1
vn -0 0 -1
vn 0 0 -1
vn -0 -0 -1
vn -1E-05 0.00011 -1
vn 1E-05 1E-05 -1
vn 1E-05 1E-05 -1
vn 1E-05 1E-05 -1
vn 0.00013 -0.0002 -1
vn 1E-05 0 -1
vn 1E-05 1E-05 -1
vn 1E-05 1E-05 -1
vn 0 0 -1
vn -0 0 -1
vn 0 -0 -1
vn 0 0 -1
vn 0 0 -1
vn 0 -0 -1
vn 0 -0 -1
vn 0 -0 -1
vn -0 -0 -1
vn -0 -0 -1
vn -0 0 -1
vn 0.00016 -0.00016 -1
vn 4E-05 -1E-05 -1
vn 5E-05 -3E-05 -1
vn 6E-05 -6E-05 -1
vn 0.00014 -0.00025 -1
vn 0 -0 -1
vn 0 0 -1
vn -0 -0 -1
vn 0 -0 -1
vn -0 -0 -1
vn 0 -0 -1
vn 0 0 -1
vn 0 -0 -1
vn -0 0 -1
vn -0 0 -1
vn -0 -0 -1
vn -1E-05 1E-05 -1
vn -1E-05 1E-05 -1
vn -1E-05 1E-05 -1
vn -1E-05 1E-05 -1
vn -1E-05 1E-05 -1
vn -0.0001 -3E-05 -1
vn 0 -0 -1
vn -0 0 -1
vn 0 0 -1
vn -0 -0 -1
vn -0 0 -1
vn -0 0 -1
vn -0 0 -1
vn -0 -0 -1
vn -0 -0 -1
vn -0 0 -1
vn -0 0 -1
vn -0 -0 -1
vn -0 0 -1
vn 0 0 -1
vn 0 0 -1
vn 0 0 -1
vn 0 0 -1
vn -0 0 -1
vn -0 0 -1
vn -0 0 -1
vn -0 -0 -1
vn 0 0 -1
vn -0 0 -1
vn 0 0 -1
vn 0 0 -1
vn -0 0 -1
vn -0 0 -1
vn -0 0 -1
vn -0 0 -1
vn -0 0 -1
vn 0 0 -1
vn 0 0 -1
vn 0 0 -1
vn 0 0 -1
vn 0 0 -1
vn 0 0 -1
vn 0 0 -1
vn -0 0 -1
vn -0 0 -1
vn -0 0 -1
vn -0 -0 -1
vn 0 0 -1
vn 0 -0 -1
vn 0 0 -1
vn 0 0 -1
vn 0 0 -1
vn 0 -0 -1
vn -0 -0 -1
vn 0 0 -1
vn 0 0 -1
vn 0 0 -1
vn -0 -0 -1
vn -0 0 -1
vn 0 0 -1
vn -0 0 -1
vn 0 -0 -1
vn -0 0 -1
vn 0 -0 -1
vn 0 -0 -1
vn -0 0 -1
vn 0 -0 -1
vn -0 0 -1
vn -0 0 -1
vn 0 -0 -1
vn 0 -0 -1
vn 0 -0 -1
vn -0 -0 -1
vn 0 0 -1
vn 0 -0 -1
vn 0 0 -1
vn 0 -0 -1
vn 0 -0 -1
vn -0 -0 -1
vn -0 0 -1
vn -0 -0 -1
vn 0 -0 -1
vn 0 -0 -1
vn 0 -0 -1
vn -0 -0 -1
vn 0 -0 -1
vn -0 -0 -1
vn -0 -0 -1
vn -0 -0 -1
vn -0 0 -1
vn 0 -0 -1
vn -0 0 -1
vn -0 -0 -1
vn -0 0 -1
vn -0 0 -1
vn 0 0 -1
vn 0 0 -1
vn 0 -0 -1
vn 0 0 -1
vn -0 -0 -1
vn -0 -0 -1
vn -0 -0 -1
vn 0 -0 -1
vn -0 -0 -1
vn -0 0 -1
vn -0 -0 -1
vn 0 0 -1
vn 0 0 -1
vn -0 0 -1
vn -0 -0 -1
vn -0 -0 -1
vn 0 0 -1
vn -0 -0 -1
vn 0 -0 -1
vn 0 0 -1
vn 0 0 -1
vn 0 0 -1
vn -0 0 -1
vn 0 -0 -1
vn 0 -0 -1
vn 0 0 -1
vn -0 0 -1
vn -0 0 -1
vn -0 -0 -1
vn -0 0 -1
vn 0 -0 -1
vn -0 0 -1
vn -0 0 -1
vn 0 -0 -1
vn -0 0 -1
vn 0 -0 -1
vn -0 0 -1
vn 0 -0 -1
vn -0 0 -1
vn 0 -0 -1
vn -0 -0 -1
vn -0 0 -1
vn -0 0 -1
vn 0 -0 -1
vn -0 0 -1
vn 0 0 -1
vn 0 0 -1
vn 0 0 -1
vn 0 0 -1
vn -0 -0 -1
vn 0 0 -1
vn -0 -0 -1
vn 0 0 -1
vn -0 -0 -1
vn 0 0 -1
vn -0 -0 -1
vn 0 0 -1
vn 0 0 -1
vn -0 -0 -1
vn 0 0 -1
vn 0 0 -1
vn 0 0 -1
vn -0 -0 -1
vn 0 0 -1
vn -0 -0 -1
vn -0 -0 -1
vn 0 0 -1
vn 0 -0 -1
vn 0 0 -1
vn 0 0 -1
vn 0 0 -1
vn -0 0 -1
vn 0 -0 -1
vn 0 0 -1
vn 0 0 -1
vn 0 0 -1
vn 0 0 -1
vn -0 0 -1
vn 0 -0 -1
vn 0 0 -1
vn -0 -0 -1
vn 0 0 -1
vn -0 -0 -1
vn -0 -0 -1
vn -0 0 -1
vn 0 -0 -1
vn -0 -0 -1
vn -0 -0 -1
vn 0 -0 -1
vn -0 0 -1
vn 0 0 -1
vn -0 -0 -1
vn -0 -0 -1
vn 0 -0 -1
vn 0 0 -1
vn -0 -0 -1
vn 0 -0 -1
vn -0 0 -1
vn -0 -0 -1
vn 0 -0 -1
vn 0 -0 -1
vn 0 0 -1
vn -0 0 -1
vn 0 -0 -1
vn 0 -0 -1
vn -0 0 -1
vn -0 -0 -1
vn 0 0 -1
vn -0 -0 -1
vn -0 -0 -1
vn -0 -0 -1
vn -0 0 -1
vn -0 0 -1
vn 0 0 -1
vn 0 0 -1
vn 6E-05 0.00014 -1
vn 0 -0.98953 0.14436
vn 0 -0.98953 0.14436
vn -0 -0.98953 0.14436
vn 0.99145 0 -0.13052
vn 0.13053 0 -0.99145
vn -0.13053 0 -0.99145
vn -0.99145 0 -0.13052
vn -0.5471 -0 -0.83707
vn -0.99144 -0 -0.13053
vn -0.13052 0 -0.99145
vn -0.65168 -0.00083 -0.75849
vn 0.99144 0 -0.13053
vn 0.13052 0 -0.99145
vn 0.99144 0 -0.13053
vn 0.60876 0 -0.79335
vn 0.38268 0 -0.92388
vn -0.13052 0 -0.99145
vn -0.99144 0 -0.13053
vn 0.13052 0 -0.99145
vn -0.13052 0 -0.99145
vn -0.99145 0 -0.13052
vn 0.99145 0 -0.13052
vn 0.13052 0 -0.99145
vn 0.65168 0 -0.75849
vn 0.60876 -0.00048 -0.79335
vn 0.5471 0 -0.83707
vn 0.13053 0 -0.99144
vn -0.06541 0 0.99786
vn -0.13053 0.00036 0.99144
vn -0.32144 0 0.94693
vn -0.38268 0.00036 0.92388
vn -0.60876 0.00036 0.79335
vn -0.65935 0 0.75184
vn -0.79335 -0 0.60876
vn 0.99144 0 0.13053
vn 0.79335 -0 0.60876
vn 0.65935 0 0.75184
vn 0.60876 0.00036 0.79335
vn 0.38268 0.00036 0.92388
vn 0.32144 0 0.94693
vn 0.13053 0.00036 0.99144
vn 0.06541 0 0.99786
vn -0.06541 0 0.99786
vn -0.13053 0.00036 0.99144
vn -0.19509 0 0.98079
vn -0.38268 0.00036 0.92388
vn -0.44229 0 0.89687
vn -0.55557 0 0.83147
vn -0.60876 0.00036 0.79335
vn -0.92388 -0 0.38268
vn -0.99144 -0 0.13053
vn 0.79335 -0 0.60876
vn 0.60876 0.00036 0.79335
vn 0.55557 0 0.83147
vn 0.44229 0 0.89687
vn 0.38268 0.00036 0.92388
vn 0.19509 0 0.98079
vn 0.13053 0.00036 0.99144
vn 0.06541 0 0.99786
vn -0.38268 0.00036 0.92388
vn -0.44229 0 0.89687
vn -0.55557 0 0.83147
vn -0.60876 0.00036 0.79335
vn -0.79335 -0 0.60876
vn 0.99144 0 -0.13053
vn 0.13052 0 -0.99145
vn -0.13052 0 -0.99145
vn -0.99144 0 -0.13053
vn 0.08209 -0.98441 0.15558
vn 0.05143 -0.98578 0.15995
vn 0.14948 -0.97542 0.1619
vn 0.28065 -0.94187 0.18469
vn 0.26201 -0.94647 0.18853
vn 0.34588 -0.91985 0.18505
vn 0.50165 -0.84278 0.19512
vn 0.44894 -0.86893 0.20836
vn 0.49363 -0.84587 0.20207
vn 0.53342 -0.82241 0.19776
vn 0.627 -0.75258 0.20123
vn 0.69209 -0.69209 0.20498
vn 0.70067 -0.68372 0.20391
vn 0.75962 -0.61851 0.20104
vn 0.77307 -0.60179 0.20054
vn 0.83215 -0.51839 0.19699
vn 0.84227 -0.50135 0.19808
vn 0.9864 -0.06065 0.15275
vn 0.98758 -0.04705 0.14993
vn 0.97316 -0.15931 0.16608
vn 0.97724 -0.13693 0.16202
vn 0.95356 -0.24492 0.17532
vn 0.93966 -0.28933 0.18256
vn 0.92092 -0.34335 0.18443
vn 0.89098 -0.41233 0.19012
vn 0.51386 -0.83622 0.19153
vn 0.49933 -0.84617 0.18617
vn 0.5756 -0.77853 0.25017
vn 0.47228 -0.86236 0.18244
vn 0.52712 -0.80523 0.27157
vn 0.43466 -0.88333 0.17547
vn -0 -0.98953 0.14436
vn 0 -0.98953 0.14436
vn -0.98753 -0.04556 0.15071
vn -0.98535 -0.07504 0.15318
vn -0.96583 -0.19427 0.17157
vn -0.9771 -0.13967 0.16051
vn -0.94755 -0.26511 0.17851
vn -0.93969 -0.28934 0.18241
vn -0.92141 -0.34216 0.1842
vn -0.89231 -0.40959 0.18979
vn -0.84229 -0.50137 0.19792
vn -0.87282 -0.44473 0.20099
vn -0.83656 -0.51047 0.19896
vn -0.66319 -0.72075 0.20171
vn -0.69206 -0.69206 0.20522
vn -0.74715 -0.63342 0.20138
vn -0.79025 -0.57931 0.19978
vn -0.01796 -0.98899 0.1469
vn -0.08204 -0.98381 0.15936
vn -0.09011 -0.98321 0.15868
vn -0.19486 -0.96634 0.16798
vn -0.3089 -0.93105 0.19423
vn -0.28066 -0.94189 0.18461
vn -0.37511 -0.90796 0.1868
vn -0.50139 -0.84233 0.19769
vn -0.46433 -0.86152 0.20536
vn -0.52543 -0.82766 0.19722
vn -0.52011 -0.83143 0.19549
vn -0.56843 -0.79419 0.21483
vn -0.46058 -0.8676 0.18745
vn -0.50809 -0.83344 0.21731
vn -0.42198 -0.88762 0.18457
vn 0.07712 -0.41077 0.90847
vn 0.0108 -0.98924 0.14589
vn 0.02995 -0.99001 0.13775
vn 0.04889 -0.99207 0.11578
vn 0.10877 -0.9528 -0.28346
vn 0.11911 -0.67447 0.72863
vn 0.99144 0 0.13053
vn 0.92388 -0 0.38268
vn 0.79335 -0 0.60876
vn 0.65934 0 0.75184
vn 0.60876 0.00036 0.79335
vn 0.55557 0 0.83147
vn 0.44229 0 0.89687
vn 0.38268 0.00036 0.92388
vn 0.32144 0 0.94693
vn 0.19509 0 0.98079
vn 0.13053 0.00036 0.99144
vn 0.06541 0 0.99786
vn -0.06541 0 0.99786
vn -0.13053 0.00036 0.99144
vn -0.19509 0 0.98079
vn -0.32144 0 0.94693
vn -0.38268 0.00036 0.92388
vn -0.44229 0 0.89687
vn -0.55557 0 0.83147
vn -0.60876 0.00036 0.79335
vn -0.65934 0 0.75184
vn -0.79335 -0 0.60876
vn -0.92388 -0 0.38268
vn -0.99144 -0 0.13053
vn 0.92388 -0 0.38268
vn 0.60876 0.00036 0.79335
vn 0.55557 0 0.83147
vn 0.44229 0 0.89687
vn 0.38268 0.00036 0.92388
vn 0.96606 -0.25832 0
vn 0.88937 -0.45718 -0
vn 0.76783 -0.64065 -0
vn 0.57379 -0.819 -0
vn 0.45208 -0.89198 -0
vn -0.00394 0.99999 0
vn -0.00674 0.99998 -0
vn -0.2281 0.97364 -0
vn -0.44907 0.8935 -0
vn -0.65173 0.75845 -0
vn -0.81559 0.57863 -0
vn -0.89212 0.4518 -0
vn -0.95374 0.30063 -0
vn -0.99691 0.07849 -0
vn -0.99048 -0.13768 -0
vn 0.45237 0.89183 -0
vn 0.29642 0.95506 0
vn 0.08502 0.99638 0
vn -0.1518 0.98841 -0
vn -0.38262 0.92391 -0
vn -0.59111 0.80659 -0
vn -0.7721 0.6355 -0
vn -0.85046 0.52603 -0
vn -0.91057 0.41335 -0
vn -0.98088 0.19463 -0
vn -0.99956 -0.02959 -0
vn -0.96451 -0.26405 -0
vn -0.99998 0.00558 0
vn -0.97779 0.2096 -0
vn -0.90083 0.43417 -0
vn -0.77891 0.62714 -0
vn -0.65289 0.75745 -0
vn -0.5078 0.86147 -0
vn -0.29851 0.95441 -0
vn -0.10587 0.99438 -0
vn 0.00194 1 0
vn 0.22716 0.97386 0
vn 0.46005 0.88789 0
vn 0.64739 0.76215 0
vn 0.80135 0.59819 0
vn 0.9297 0.36831 0
vn 0.99126 0.13195 0
vn 0.99484 -0.10142 -0
vn 0.94286 -0.33319 -0
vn 0.83793 -0.54578 -0
vn 0.69417 -0.71981 -0
vn 0.50136 -0.86524 -0
vn 0.27661 -0.96098 -0
vn 0.04017 -0.99919 -0
vn -0.16434 -0.9864 -0
vn -0.3692 -0.92935 -0
vn -0.57097 -0.82097 -0
vn -0.74869 -0.66292 -0
vn -0.83075 -0.55665 -0
vn -0.68849 0.72525 0
vn -0.99429 -0.10671 0
vn -0.93753 -0.3479 -0
vn -0.82405 -0.56652 -0
vn -0.67328 -0.73938 -0
vn -0.49336 -0.86983 -0
vn -0.29171 -0.95651 -0
vn -0.06327 -0.998 -0
vn 0.17433 -0.98469 -0
vn 0.39659 -0.91799 -0
vn 0.59844 -0.80117 -0
vn 0.76557 -0.64335 -0
vn 0.89747 -0.44108 -0
vn 0.97836 -0.20689 -0
vn 0.99957 -0.02948 -0
vn -0 0 -1
vn 0 -0 -1
vn 0 -0 -1
vn -0 0 -1
vn -0 -0 -1
vn 0 0 -1
vn 0 0 -1
vn 0 -0 -1
vn 0 0 -1
vn 0 0 -1
vn 0.76649 -0.64226 0
vn 0.62516 -0.7805 -0
vn 0.42112 -0.907 -0
vn 0.19473 -0.98086 -0
vn -0.04226 -0.99911 -0
vn -0.28275 -0.95919 -0
vn -0.50017 -0.86593 -0
vn -0.64492 -0.76425 -0
vn 0.00523 -0.99999 0
vn 0.23871 -0.97109 -0
vn 0.47068 -0.8823 -0
vn 0.67714 -0.73586 -0
vn 0.83523 -0.5499 -0
vn 0.94367 -0.33088 -0
vn 0.99292 -0.11877 -0
vn 0.99376 0.11155 0
vn 0.94188 0.33594 0
vn 0.83066 0.55677 0
vn 0.67981 0.73339 0
vn 0.58023 0.81445 0
vn -0.81491 0.57958 0
vn -0.48061 -0.87694 0
vn -0.68585 -0.72774 -0
vn -0.84171 -0.53992 -0
vn -0.94319 -0.33227 -0
vn -0.99531 -0.0967 -0
vn -0.98797 0.15463 -0
vn -0.92108 0.38938 -0
vn -0.79477 0.60691 -0
vn -0.61833 0.78592 -0
vn -0.41867 0.90814 -0
vn -0.18951 0.98188 -0
vn 0.81491 -0.57958 0
vn 0.81491 -0.57958 -0
vn 0.81491 -0.57959 0
vn 0.81491 -0.57958 0
vn 0 0 -1
vn -0 0 -1
vn -0 -0 -1
vn -0.93839 -0.34557 -0
vn -0.93839 -0.34557 0
vn -0.93839 -0.34557 0
vn 0.9438 -0.33053 0
vn -0.9438 0.33053 0
vn -0.93839 -0.34557 0
vn 0.9438 -0.33053 0
vn 0.93839 0.34557 -0
vn 0.02408 0.99971 0
vn -0.18518 0.98271 -0
vn -0.40203 0.91563 -0
vn -0.6092 0.79301 -0
vn -0.7796 0.62628 -0
vn -0.90897 0.41687 -0
vn -0.98086 0.19473 -0
vn -0.99897 -0.04535 0
vn -0.95454 -0.29809 0
vn -0.85086 -0.5254 0
vn -0.70444 -0.70976 0
vn -0.51956 -0.85443 0
vn -0.30744 -0.95157 0
vn -0.07622 -0.99709 0
vn 0.15992 -0.98713 -0
vn 0.33452 -0.94239 -0
vn 0.49615 -0.86824 -0
vn 0.31505 -0.94907 -0
vn 0.06503 -0.99788 -0
vn -0.13033 -0.99147 0
vn -0.24203 -0.97027 0
vn -0.46726 -0.88412 -0
vn -0.65828 -0.75278 -0
vn -0.83154 -0.55547 -0
vn -0.94129 -0.33761 -0
vn -0.99322 -0.11623 -0
vn -0.99546 0.09516 -0
vn -0.9545 0.29821 -0
vn -0.86344 0.50446 -0
vn -0.71681 0.69727 -0
vn -0.52968 0.8482 -0
vn -0.32581 0.94543 -0
vn -0.10378 0.9946 -0
vn 0.05156 0.99867 0
vn 0.02651 -0.99965 0
vn 0.21632 -0.97632 -0
vn 0.4455 -0.89528 -0
vn 0.65016 -0.7598 -0
vn 0.80323 -0.59567 -0
vn 0.91876 -0.39482 -0
vn 0.98606 -0.16642 -0
vn 0.99744 0.07148 0
vn 0.95155 0.3075 0
vn 0.85583 0.51726 0
vn 0.7174 0.69666 0
vn 0.52857 0.84889 0
vn 0.36222 0.93209 0
vn 0.18991 0.9818 0
vn -0.04885 0.99881 -0
vn -0.2145 0.97672 -0
vn 0 -0 -1
vn 0 0 -1
vn 0 -0 -1
vn 0 -0 -1
vn -0 -0 -1
vn 0 -0 -1
vn 0 -0 -1
vn -0 -0 -1
vn 0 -0 -1
vn -0 -0 -1
vn -0 -0 -1
vn 0 -0 -1
vn -0 -0 -1
vn 0 -0 -1
vn -0 -0 -1
vn 0.85417 -0.51999 0
vn 0.85417 -0.51999 0
vn 0.85417 -0.51999 0
vn 0.85417 -0.51999 0
vn 0.85417 -0.51999 0
vn -0.87054 0.49209 0
vn -0.93932 0.34304 0
vn -0.86375 0.50393 -0
vn -0.71974 0.69424 -0
vn -0.54019 0.84154 -0
vn -0.31883 0.94781 -0
vn -0.19572 0.98066 -0
vn 0.00954 0.99995 0
vn 0.25606 0.96666 0
vn 0.47596 0.87947 0
vn 0.67274 0.73988 0
vn 0.82811 0.56056 0
vn 0.94277 0.33344 0
vn 0.99526 0.09721 0
vn 0.9987 -0.0509 -0
vn 0.98934 -0.14565 -0
vn 0.95554 -0.29487 -0
vn 0.86116 -0.50833 -0
vn 0.71247 -0.7017 -0
vn 0.53577 -0.84436 -0
vn 0.34672 -0.93797 -0
vn 0.30904 -0.95105 -0
vn 0.40888 -0.91259 -0
vn 0.64627 -0.76311 -0
vn 0.81149 -0.58436 -0
vn 0.92449 -0.3812 -0
vn 0.98669 -0.16264 -0
vn 0.99806 0.06222 0
vn 0.95657 0.2915 0
vn 0.8679 0.49674 0
vn 0.74004 0.67256 0
vn 0.56676 0.82388 0
vn 0.36573 0.93072 0
vn 0.13899 0.99029 0
vn -0.09483 0.99549 -0
vn -0.30582 0.95209 -0
vn -0.49496 0.86891 -0
vn -0.40974 0.9122 -0
vn -0.19453 0.9809 -0
vn 0.04312 0.99907 0
vn 0.27751 0.96072 0
vn 0.49802 0.86716 0
vn 0.67787 0.73518 0
vn 0.83103 0.55623 0
vn 0.9447 0.32794 0
vn 0.99642 0.08454 0
vn 0.98784 -0.15545 -0
vn 0.92195 -0.3873 -0
vn 0.81121 -0.58475 -0
vn 0.65775 -0.75324 -0
vn 0.46023 -0.8878 -0
vn 0.22589 -0.97415 -0
vn 0.07852 -0.99691 -0
vn -0.11849 -0.99295 -0
vn -0.31768 -0.9482 -0
vn -0.54123 -0.84088 -0
vn -0.73317 -0.68005 -0
vn -0.87503 -0.48407 -0
vn -0.96478 -0.26305 -0
vn -0.99583 -0.09124 -0
vn -0.99714 0.0756 -0
vn -0.94974 0.31304 -0
vn -0.84291 0.53806 -0
vn -0.68636 0.72726 -0
vn -0.4938 0.86958 -0
vn -0.35143 0.93621 -0
vn -0.57157 0.82056 -0
vn -0.66768 0.74445 -0
vn -0.78209 0.62317 -0
vn -0.89843 0.43911 -0
vn -0.97807 0.20827 -0
vn -0.99944 -0.03356 -0
vn -0.96211 -0.27267 -0
vn -0.86849 -0.49571 -0
vn -0.72791 -0.68567 -0
vn -0.54692 -0.83719 -0
vn -0.32787 -0.94472 -0
vn -0.09085 -0.99586 -0
vn 0.15482 -0.98794 -0
vn 0.29921 -0.95419 -0
vn 0.29225 -0.95634 -0
vn 0.11207 -0.9937 -0
vn -0.12277 -0.99244 -0
vn -0.35512 -0.93482 -0
vn -0.56581 -0.82453 -0
vn -0.73909 -0.6736 -0
vn -0.87885 -0.47709 -0
vn -0.96739 -0.25329 -0
vn -0.99923 -0.03913 -0
vn -0.98352 0.1808 -0
vn -0.89165 0.45273 0
vn 0.80204 -0.59727 0
vn -0.80864 -0.58831 0
vn 0.89776 0.44049 -0
vn 0.41704 0.90889 -0
vn 0.20493 0.97878 0
vn -0.02189 0.99976 -0
vn -0.24814 0.96872 -0
vn -0.46414 0.88576 -0
vn -0.66204 0.74947 -0
vn -0.82252 0.56873 -0
vn -0.92921 0.36955 -0
vn -0.98634 0.1647 -0
vn -0.9979 -0.06472 -0
vn -0.95407 -0.29958 -0
vn -0.85144 -0.52444 -0
vn -0.69656 -0.7175 -0
vn -0.51751 -0.85567 -0
vn -0.32528 -0.94562 -0
vn -0.10098 -0.99489 -0
vn 0.13835 -0.99038 -0
vn 0.35585 -0.93454 -0
vn -0.57905 0.81529 0
vn -0.36973 0.92914 -0
vn -0.15664 0.98766 -0
vn 0.05961 0.99822 0
vn 0.2932 0.95605 0
vn 0.52023 0.85403 0
vn 0.70967 0.70453 0
vn 0.85287 0.52213 0
vn 0.95016 0.31175 0
vn 0.99648 0.08385 0
vn 0.99074 -0.13575 -0
vn 0.93416 -0.35686 -0
vn 0.82204 -0.56943 -0
vn 0.66887 -0.74338 -0
vn 0.48088 -0.87678 -0
vn 0.25709 -0.96639 -0
vn 0.02436 -0.9997 -0
vn -0.1457 -0.98933 -0
vn -0.99145 -0.13052 0
vn -0.92387 -0.3827 0
vn -0.79336 -0.60875 0
vn -0.60875 -0.79336 0
vn -0.38268 -0.92388 0
vn -0.13052 -0.99145 0
vn 0.13053 -0.99144 0
vn 0.60875 -0.79336 0
vn 0.79336 -0.60875 0
vn 0.92387 -0.3827 0
vn 0.99145 -0.13052 0
vn 0.99145 0.13052 -0
vn 0.92387 0.3827 -0
vn 0.79336 0.60875 -0
vn 0.60875 0.79336 -0
vn 0.13053 0.99144 -0
vn -0.13052 0.99145 0
vn -0.38268 0.92388 0
vn -0.60875 0.79336 0
vn -0.79336 0.60875 0
vn -0.92387 0.3827 0
vn -0.99145 0.13052 0
vn 0.99145 0.13052 0
vn 0.92388 0.38268 -0
vn 0.79335 0.60876 -0
vn 0.60876 0.79335 -0
vn 0.38268 0.92388 -0
vn 0.13053 0.99144 -0
vn -0.13053 0.99144 -0
vn -0.38268 0.92388 -0
vn -0.60876 0.79335 -0
vn -0.79335 0.60876 -0
vn -0.92388 0.38268 -0
vn -0.99145 0.13052 -0
vn -0.99145 -0.13052 0
vn -0.92388 -0.38268 0
vn -0.79335 -0.60876 0
vn -0.60876 -0.79335 0
vn -0.38268 -0.92388 0
vn -0.13053 -0.99144 0
vn 0.13053 -0.99144 -0
vn 0.38268 -0.92388 -0
vn 0.60876 -0.79335 -0
vn 0.79335 -0.60876 -0
vn 0.92388 -0.38268 -0
vn 0.99145 -0.13052 -0
vn 0.13051 0.01718 0.9913
vn 0.12161 0.05037 0.9913
vn 0.12161 0.05037 0.9913
vn 0.10443 0.08013 0.9913
vn 0.10443 0.08013 0.9913
vn 0.08013 0.10443 0.9913
vn 0.08013 0.10443 0.9913
vn 0.05037 0.12161 0.9913
vn 0.05037 0.12161 0.9913
vn 0.01718 0.13051 0.9913
vn 0.01718 0.13051 0.9913
vn -0.05037 0.12161 0.9913
vn -0.05037 0.12161 0.9913
vn -0.08013 0.10443 0.9913
vn -0.08013 0.10443 0.9913
vn -0.10443 0.08013 0.9913
vn -0.12161 0.05037 0.9913
vn -0.12161 0.05037 0.9913
vn -0.13051 0.01718 0.9913
vn -0.13051 -0.01718 0.9913
vn -0.13051 -0.01718 0.9913
vn -0.12161 -0.05037 0.9913
vn -0.12161 -0.05037 0.9913
vn -0.10443 -0.08013 0.9913
vn -0.10443 -0.08013 0.9913
vn -0.08013 -0.10443 0.9913
vn -0.05037 -0.12161 0.9913
vn 0.01718 -0.13051 0.9913
vn 0.01718 -0.13051 0.9913
vn 0.05037 -0.12161 0.9913
vn 0.05037 -0.12161 0.9913
vn 0.08013 -0.10443 0.9913
vn 0.08013 -0.10443 0.9913
vn 0.10443 -0.08013 0.9913
vn 0.10443 -0.08013 0.9913
vn 0.12161 -0.05037 0.9913
vn 0.12161 -0.05037 0.9913
vn 0.13051 -0.01718 0.9913
vn 0.13051 -0.01718 0.9913
vn 0.13051 0.01718 0.9913
vn 0.3822 0.05032 0.92271
vn 0.35615 0.14752 0.92271
vn 0.35615 0.14752 0.92271
vn 0.30583 0.23467 0.92271
vn 0.23468 0.30583 0.92271
vn 0.23467 0.30583 0.92271
vn 0.14752 0.35615 0.92271
vn 0.05032 0.3822 0.92271
vn 0.05032 0.3822 0.92271
vn -0.05032 0.3822 0.92271
vn -0.05032 0.3822 0.92271
vn -0.14752 0.35615 0.92271
vn -0.14752 0.35615 0.92271
vn -0.30583 0.23467 0.92271
vn -0.30583 0.23467 0.92271
vn -0.35615 0.14752 0.92271
vn -0.3822 0.05032 0.92271
vn -0.3822 0.05032 0.92271
vn -0.3822 -0.05032 0.92271
vn -0.3822 -0.05032 0.92271
vn -0.35615 -0.14752 0.92271
vn -0.35615 -0.14752 0.92271
vn -0.14752 -0.35615 0.92271
vn -0.05032 -0.3822 0.92271
vn 0.05032 -0.3822 0.92271
vn 0.14752 -0.35615 0.92271
vn 0.14752 -0.35615 0.92271
vn 0.23467 -0.30583 0.92271
vn 0.30583 -0.23468 0.92271
vn 0.30583 -0.23467 0.92271
vn 0.35615 -0.14752 0.92271
vn 0.3822 -0.05032 0.92271
vn 0.3822 -0.05032 0.92271
vn 0.3822 0.05032 0.92271
vn 0.60682 0.07989 0.79082
vn 0.56546 0.23422 0.79082
vn 0.56546 0.23422 0.79082
vn 0.48557 0.37259 0.79082
vn 0.48557 0.37259 0.79082
vn -0.07989 0.60682 0.79082
vn -0.07989 0.60682 0.79082
vn -0.23422 0.56546 0.79082
vn -0.23422 0.56546 0.79082
vn -0.37259 0.48557 0.79082
vn -0.37259 0.48557 0.79082
vn -0.48557 0.37259 0.79082
vn -0.48557 0.37259 0.79082
vn -0.56546 0.23422 0.79082
vn -0.60682 0.07989 0.79082
vn -0.60682 0.07989 0.79082
vn -0.60682 -0.07989 0.79082
vn -0.60682 -0.07989 0.79082
vn -0.56546 -0.23422 0.79082
vn -0.56546 -0.23422 0.79082
vn -0.48557 -0.37259 0.79082
vn -0.37259 -0.48557 0.79082
vn -0.37259 -0.48557 0.79082
vn -0.23422 -0.56546 0.79082
vn -0.07989 -0.60682 0.79082
vn -0.07989 -0.60682 0.79082
vn 0.48557 -0.37259 0.79082
vn 0.48557 -0.37259 0.79082
vn 0.56546 -0.23422 0.79082
vn 0.56546 -0.23422 0.79082
vn 0.60682 -0.07989 0.79082
vn 0.60682 -0.07989 0.79082
vn 0.60682 0.07989 0.79082
vn 0.78906 0.10388 0.60547
vn 0.73529 0.30457 0.60547
vn 0.73529 0.30457 0.60547
vn 0.63141 0.48449 0.60547
vn 0.63141 0.48449 0.60547
vn 0.48449 0.63141 0.60547
vn 0.48449 0.63141 0.60547
vn 0.30457 0.73529 0.60547
vn 0.30457 0.73529 0.60547
vn 0.10388 0.78906 0.60547
vn -0.10388 0.78906 0.60547
vn -0.10388 0.78906 0.60547
vn -0.30457 0.73529 0.60547
vn -0.30457 0.73529 0.60547
vn -0.48449 0.63141 0.60547
vn -0.48449 0.63141 0.60547
vn -0.63141 0.4845 0.60547
vn -0.73529 0.30457 0.60547
vn -0.73529 0.30457 0.60547
vn -0.78906 0.10388 0.60547
vn -0.78906 0.10388 0.60547
vn -0.78906 -0.10388 0.60547
vn -0.73529 -0.30457 0.60547
vn -0.63141 -0.4845 0.60547
vn -0.63141 -0.4845 0.60547
vn -0.4845 -0.63141 0.60547
vn -0.30457 -0.73529 0.60547
vn -0.30457 -0.73529 0.60547
vn -0.10388 -0.78906 0.60547
vn -0.10388 -0.78906 0.60547
vn 0.10388 -0.78906 0.60547
vn 0.10388 -0.78906 0.60547
vn 0.30457 -0.73529 0.60547
vn 0.30457 -0.73529 0.60547
vn 0.48449 -0.63141 0.60547
vn 0.63141 -0.48449 0.60547
vn 0.63141 -0.48449 0.60547
vn 0.73529 -0.30457 0.60547
vn 0.73529 -0.30457 0.60547
vn 0.78906 -0.10388 0.60547
vn 0.78906 -0.10388 0.60547
vn 0.78906 0.10388 0.60547
vn 0.91712 0.12074 0.37988
vn 0.85462 0.354 0.37988
vn 0.85462 0.354 0.37988
vn 0.73388 0.56313 0.37988
vn 0.73388 0.56313 0.37988
vn 0.56313 0.73388 0.37988
vn 0.354 0.85462 0.37988
vn 0.354 0.85462 0.37988
vn 0.12074 0.91712 0.37988
vn 0.12074 0.91712 0.37988
vn -0.12074 0.91712 0.37988
vn -0.12074 0.91712 0.37988
vn -0.354 0.85462 0.37988
vn -0.56313 0.73388 0.37988
vn -0.56313 0.73388 0.37988
vn -0.73388 0.56313 0.37988
vn -0.73388 0.56313 0.37988
vn -0.85462 0.35399 0.37988
vn -0.91712 0.12074 0.37988
vn -0.91712 0.12074 0.37988
vn -0.91712 -0.12074 0.37988
vn -0.91712 -0.12074 0.37988
vn -0.85462 -0.354 0.37988
vn -0.85462 -0.35399 0.37988
vn -0.73388 -0.56313 0.37988
vn -0.73388 -0.56313 0.37988
vn -0.56313 -0.73388 0.37988
vn -0.354 -0.85462 0.37988
vn -0.35399 -0.85462 0.37988
vn -0.12074 -0.91712 0.37988
vn -0.12074 -0.91712 0.37988
vn 0.12074 -0.91712 0.37988
vn 0.354 -0.85462 0.37988
vn 0.354 -0.85462 0.37988
vn 0.56313 -0.73388 0.37988
vn 0.56313 -0.73388 0.37988
vn 0.73388 -0.56312 0.37988
vn 0.85462 -0.354 0.37988
vn 0.85462 -0.354 0.37988
vn 0.91712 -0.12074 0.37988
vn 0.91712 -0.12074 0.37988
vn 0.91712 0.12074 0.37988
vn 0.98311 0.12943 0.12943
vn 0.91611 0.37946 0.12943
vn 0.91611 0.37946 0.12943
vn 0.78668 0.60364 0.12943
vn 0.60364 0.78668 0.12943
vn 0.60364 0.78668 0.12943
vn 0.37946 0.91611 0.12943
vn 0.37946 0.91611 0.12943
vn 0.12943 0.98311 0.12943
vn -0.12943 0.98311 0.12943
vn -0.37946 0.91611 0.12943
vn -0.37946 0.91611 0.12943
vn -0.60364 0.78668 0.12943
vn -0.60364 0.78668 0.12943
vn -0.78668 0.60364 0.12943
vn -0.78668 0.60364 0.12943
vn -0.91611 0.37946 0.12943
vn -0.91611 0.37946 0.12943
vn -0.98311 0.12943 0.12943
vn -0.98311 -0.12943 0.12943
vn -0.98311 -0.12943 0.12943
vn -0.91611 -0.37946 0.12943
vn -0.91611 -0.37946 0.12943
vn -0.78668 -0.60364 0.12943
vn -0.78668 -0.60364 0.12943
vn -0.60364 -0.78668 0.12943
vn -0.60364 -0.78668 0.12943
vn -0.37946 -0.91611 0.12943
vn -0.37946 -0.91611 0.12943
vn -0.12943 -0.98311 0.12943
vn -0.12943 -0.98311 0.12943
vn 0.12943 -0.98311 0.12943
vn 0.12943 -0.98311 0.12943
vn 0.37946 -0.91611 0.12943
vn 0.37946 -0.91611 0.12943
vn 0.60364 -0.78668 0.12943
vn 0.78668 -0.60364 0.12943
vn 0.78668 -0.60364 0.12943
vn 0.91611 -0.37946 0.12943
vn 0.91611 -0.37946 0.12943
vn 0.98311 -0.12943 0.12943
vn 0.98311 0.12943 0.12943
f 1//1 2//1 3//1
f 4//1 5//1 6//1
f 7//1 8//1 9//1
f 10//1 11//1 12//1
f 9//1 8//1 13//1
f 8//1 14//1 13//1
f 13//1 14//1 15//1
f 6//1 5//1 16//1
f 5//1 17//1 16//1
f 16//1 17//1 18//1
f 17//1 19//1 18//1
f 18//1 19//1 12//1
f 19//1 20//1 12//1
f 12//1 20//1 10//1
f 21//1 22//1 23//1
f 24//1 25//1 3//1
f 25//1 26//1 3//1
f 11//1 1//1 12//1
f 1//1 3//1 12//1
f 12//1 3//1 27//1
f 3//1 26//1 27//1
f 28//1 29//1 30//1
f 29//1 31//1 30//1
f 30//1 31//1 23//1
f 31//1 32//1 23//1
f 23//1 32//1 21//1
f 33//1 34//1 35//1
f 34//1 36//1 35//1
f 1//1 37//1 2//1
f 37//1 38//1 2//1
f 2//1 38//1 39//1
f 15//1 14//1 40//1
f 14//1 41//1 40//1
f 40//1 41//1 42//1
f 24//1 43//1 25//1
f 43//1 44//1 25//1
f 25//1 44//1 45//1
f 39//1 46//1 2//1
f 46//1 47//1 2//1
f 2//1 47//1 48//1
f 47//1 49//1 48//1
f 48//1 49//1 50//1
f 49//1 51//1 50//1
f 52//1 53//1 54//1
f 36//1 55//1 35//1
f 55//1 56//1 35//1
f 35//1 56//1 57//1
f 58//1 59//1 60//1
f 59//1 61//1 60//1
f 60//1 61//1 62//1
f 63//1 64//1 65//1
f 64//1 66//1 65//1
f 9//1 67//1 7//1
f 67//1 68//1 7//1
f 7//1 68//1 69//1
f 68//1 70//1 69//1
f 69//1 70//1 71//1
f 70//1 72//1 71//1
f 71//1 72//1 73//1
f 72//1 74//1 73//1
f 73//1 74//1 75//1
f 74//1 76//1 75//1
f 77//1 78//1 79//1
f 80//1 79//1 81//1
f 82//1 83//1 60//1
f 83//1 84//1 60//1
f 60//1 84//1 85//1
f 35//1 86//1 33//1
f 86//1 65//1 33//1
f 33//1 65//1 87//1
f 65//1 66//1 87//1
f 42//1 41//1 88//1
f 41//1 89//1 88//1
f 88//1 89//1 79//1
f 89//1 90//1 79//1
f 79//1 90//1 77//1
f 62//1 91//1 60//1
f 91//1 92//1 60//1
f 60//1 92//1 54//1
f 92//1 93//1 54//1
f 54//1 93//1 52//1
f 51//1 49//1 94//1
f 49//1 95//1 94//1
f 94//1 95//1 96//1
f 97//1 54//1 96//1
f 54//1 53//1 96//1
f 96//1 53//1 94//1
f 82//1 60//1 81//1
f 60//1 98//1 81//1
f 81//1 98//1 80//1
f 6//1 99//1 4//1
f 99//1 100//1 4//1
f 4//1 100//1 101//1
f 100//1 102//1 101//1
f 101//1 102//1 103//1
f 102//1 104//1 103//1
f 103//1 104//1 105//1
f 104//1 106//1 105//1
f 105//1 106//1 107//1
f 106//1 108//1 107//1
f 107//1 108//1 109//1
f 108//1 110//1 109//1
f 109//1 110//1 111//1
f 110//1 54//1 111//1
f 111//1 54//1 112//1
f 54//1 97//1 112//1
f 113//1 81//1 114//1
f 81//1 79//1 114//1
f 114//1 79//1 115//1
f 79//1 78//1 115//1
f 45//1 116//1 25//1
f 116//1 57//1 25//1
f 25//1 57//1 74//1
f 22//1 76//1 23//1
f 76//1 74//1 23//1
f 23//1 74//1 117//1
f 74//1 57//1 117//1
f 117//1 57//1 118//1
f 57//1 56//1 118//1
f 85//1 119//1 60//1
f 119//1 120//1 60//1
f 60//1 120//1 58//1
f 120//1 121//1 58//1
f 28//1 122//1 29//1
f 122//1 123//1 29//1
f 29//1 123//1 124//1
f 123//1 125//1 124//1
f 124//1 125//1 126//1
f 125//1 81//1 126//1
f 126//1 81//1 127//1
f 81//1 113//1 127//1
f 65//1 128//1 63//1
f 128//1 129//1 63//1
f 63//1 129//1 120//1
f 129//1 130//1 120//1
f 120//1 130//1 121//1
f 131//2 132//2 133//2
f 134//2 135//2 136//2
f 137//2 138//2 139//2
f 140//2 141//2 142//2
f 143//2 144//2 145//2
f 144//2 146//2 145//2
f 136//2 135//2 147//2
f 135//2 148//2 147//2
f 147//2 148//2 149//2
f 148//2 150//2 149//2
f 149//2 150//2 151//2
f 152//2 153//2 154//2
f 153//2 144//2 154//2
f 154//2 144//2 155//2
f 144//2 143//2 155//2
f 138//2 156//2 139//2
f 156//2 157//2 139//2
f 139//2 157//2 158//2
f 157//2 149//2 158//2
f 158//2 149//2 159//2
f 149//2 160//2 159//2
f 151//2 161//2 149//2
f 161//2 162//2 149//2
f 149//2 162//2 160//2
f 162//2 163//2 160//2
f 131//2 164//2 132//2
f 164//2 165//2 132//2
f 132//2 165//2 166//2
f 165//2 167//2 166//2
f 166//2 167//2 168//2
f 167//2 169//2 168//2
f 168//2 169//2 170//2
f 169//2 171//2 170//2
f 170//2 171//2 172//2
f 142//2 173//2 140//2
f 173//2 174//2 140//2
f 140//2 174//2 139//2
f 174//2 175//2 139//2
f 139//2 175//2 137//2
f 176//2 177//2 178//2
f 177//2 179//2 178//2
f 178//2 179//2 180//2
f 179//2 181//2 180//2
f 180//2 181//2 182//2
f 181//2 183//2 182//2
f 182//2 183//2 184//2
f 183//2 185//2 184//2
f 184//2 185//2 186//2
f 185//2 160//2 186//2
f 186//2 160//2 187//2
f 160//2 163//2 187//2
f 188//2 189//2 190//2
f 189//2 191//2 190//2
f 190//2 191//2 133//2
f 191//2 192//2 133//2
f 133//2 192//2 131//2
f 193//2 140//2 194//2
f 140//2 195//2 194//2
f 194//2 195//2 188//2
f 195//2 196//2 188//2
f 188//2 196//2 189//2
f 197//2 198//2 199//2
f 200//2 201//2 202//2
f 201//2 203//2 202//2
f 202//2 203//2 204//2
f 205//2 206//2 207//2
f 206//2 208//2 207//2
f 207//2 208//2 209//2
f 208//2 210//2 209//2
f 209//2 210//2 152//2
f 210//2 211//2 152//2
f 152//2 211//2 153//2
f 212//2 213//2 214//2
f 213//2 215//2 214//2
f 214//2 215//2 216//2
f 199//2 217//2 197//2
f 217//2 218//2 197//2
f 197//2 218//2 219//2
f 218//2 220//2 219//2
f 219//2 220//2 221//2
f 216//2 222//2 214//2
f 222//2 219//2 214//2
f 214//2 219//2 223//2
f 219//2 221//2 223//2
f 144//2 224//2 146//2
f 224//2 225//2 146//2
f 146//2 225//2 226//2
f 193//2 227//2 140//2
f 227//2 228//2 140//2
f 140//2 228//2 206//2
f 202//2 229//2 200//2
f 229//2 230//2 200//2
f 200//2 230//2 140//2
f 230//2 231//2 140//2
f 140//2 231//2 141//2
f 232//2 197//2 233//2
f 197//2 234//2 233//2
f 233//2 234//2 235//2
f 234//2 236//2 235//2
f 235//2 236//2 237//2
f 236//2 238//2 237//2
f 237//2 238//2 239//2
f 238//2 240//2 239//2
f 239//2 240//2 176//2
f 240//2 241//2 176//2
f 176//2 241//2 177//2
f 136//2 242//2 134//2
f 242//2 243//2 134//2
f 134//2 243//2 244//2
f 243//2 245//2 244//2
f 244//2 245//2 246//2
f 245//2 198//2 246//2
f 246//2 198//2 247//2
f 198//2 197//2 247//2
f 247//2 197//2 248//2
f 197//2 232//2 248//2
f 204//2 249//2 202//2
f 249//2 250//2 202//2
f 202//2 250//2 212//2
f 250//2 251//2 212//2
f 212//2 251//2 213//2
f 205//2 252//2 206//2
f 252//2 253//2 206//2
f 206//2 253//2 140//2
f 253//2 254//2 140//2
f 140//2 254//2 200//2
f 226//2 255//2 146//2
f 255//2 219//2 146//2
f 146//2 219//2 256//2
f 219//2 222//2 256//2
f 255//2 257//2 219//2
f 257//2 258//2 219//2
f 219//2 258//2 259//2
f 258//2 172//2 259//2
f 259//2 172//2 260//2
f 172//2 171//2 260//2
f 175//3 116//3 137//3
f 116//3 45//3 137//3
f 137//4 45//4 138//4
f 45//4 44//4 138//4
f 138//5 44//5 156//5
f 44//5 43//5 156//5
f 156//6 43//6 157//6
f 43//6 24//6 157//6
f 157//7 24//7 149//7
f 24//7 3//7 149//7
f 149//8 3//8 147//8
f 3//8 2//8 147//8
f 178//9 4//9 176//9
f 4//9 101//9 176//9
f 176//10 101//10 239//10
f 101//10 103//10 239//10
f 239//11 103//11 237//11
f 103//11 105//11 237//11
f 237//12 105//12 235//12
f 105//12 107//12 235//12
f 235//13 107//13 233//13
f 107//13 109//13 233//13
f 233//14 109//14 232//14
f 109//14 111//14 232//14
f 232//15 111//15 248//15
f 111//15 112//15 248//15
f 248//16 112//16 247//16
f 112//16 97//16 247//16
f 247//17 97//17 246//17
f 97//17 96//17 246//17
f 246//18 96//18 244//18
f 96//18 95//18 244//18
f 244//19 95//19 134//19
f 95//19 49//19 134//19
f 134//20 49//20 135//20
f 49//21 47//21 135//21
f 135//22 47//22 148//22
f 47//23 46//23 148//23
f 148//24 46//24 150//24
f 46//24 39//24 150//24
f 150//25 39//25 151//25
f 39//25 38//25 151//25
f 151//26 38//26 161//26
f 38//26 37//26 161//26
f 161//27 37//27 162//27
f 37//27 1//27 162//27
f 162//28 1//28 163//28
f 1//28 11//28 163//28
f 163//29 11//29 187//29
f 11//29 10//29 187//29
f 187//30 10//30 186//30
f 10//30 20//30 186//30
f 186//5 20//5 184//5
f 20//5 19//5 184//5
f 184//31 19//31 182//31
f 19//31 17//31 182//31
f 182//32 17//32 180//32
f 17//32 5//32 180//32
f 180//33 5//33 178//33
f 5//33 4//33 178//33
f 153//9 29//9 144//9
f 29//9 124//9 144//9
f 144//10 124//10 224//10
f 124//10 126//10 224//10
f 224//34 126//34 225//34
f 126//34 127//34 225//34
f 225//12 127//12 226//12
f 127//12 113//12 226//12
f 226//35 113//35 255//35
f 113//35 114//35 255//35
f 255//36 114//36 257//36
f 114//36 115//36 257//36
f 257//37 115//37 258//37
f 115//37 78//37 258//37
f 258//16 78//16 172//16
f 78//16 77//16 172//16
f 172//17 77//17 170//17
f 77//17 90//17 170//17
f 170//38 90//38 168//38
f 90//38 89//38 168//38
f 168//19 89//19 166//19
f 89//19 41//19 166//19
f 166//20 41//20 132//20
f 41//21 14//21 132//21
f 132//22 14//22 133//22
f 14//23 8//23 133//23
f 133//24 8//24 190//24
f 8//24 7//24 190//24
f 190//39 7//39 188//39
f 7//39 69//39 188//39
f 188//26 69//26 194//26
f 69//26 71//26 194//26
f 194//27 71//27 193//27
f 71//27 73//27 193//27
f 193//40 73//40 227//40
f 73//40 75//40 227//40
f 227//41 75//41 228//41
f 75//41 76//41 228//41
f 228//42 76//42 206//42
f 76//42 22//42 206//42
f 206//5 22//5 208//5
f 22//5 21//5 208//5
f 208//6 21//6 210//6
f 21//6 32//6 210//6
f 210//32 32//32 211//32
f 32//32 31//32 211//32
f 211//33 31//33 153//33
f 31//33 29//33 153//33
f 229//43 130//43 230//43
f 130//43 129//43 230//43
f 230//44 129//44 231//44
f 129//44 128//44 231//44
f 231//45 128//45 141//45
f 128//45 65//45 141//45
f 141//46 65//46 142//46
f 65//46 86//46 142//46
f 142//47 86//47 173//47
f 86//47 35//47 173//47
f 173//48 35//48 174//48
f 35//48 57//48 174//48
f 229//49 202//49 130//49
f 202//49 121//49 130//49
f 218//50 92//50 220//50
f 92//50 91//50 220//50
f 220//51 91//51 221//51
f 91//51 62//51 221//51
f 221//52 62//52 223//52
f 62//52 61//52 223//52
f 223//53 61//53 214//53
f 61//53 59//53 214//53
f 214//54 59//54 212//54
f 59//54 58//54 212//54
f 212//55 58//55 202//55
f 58//55 121//55 202//55
f 218//56 217//56 92//56
f 217//56 93//56 92//56
f 136//57 147//57 48//57
f 147//57 2//57 48//57
f 136//58 48//58 242//58
f 48//58 50//58 242//58
f 242//59 50//59 243//59
f 50//59 51//59 243//59
f 243//34 51//34 245//34
f 51//34 94//34 245//34
f 245//12 94//12 198//12
f 94//12 53//12 198//12
f 198//60 53//60 199//60
f 53//60 52//60 199//60
f 199//61 52//61 217//61
f 52//61 93//61 217//61
f 175//62 174//62 116//62
f 174//62 57//62 116//62
f 140//56 139//56 74//56
f 139//56 25//56 74//56
f 140//63 74//63 72//63
f 140//63 72//63 195//63
f 72//64 70//64 195//64
f 195//64 70//64 196//64
f 70//65 68//65 196//65
f 196//65 68//65 189//65
f 68//66 67//66 189//66
f 189//66 67//66 191//66
f 67//67 9//67 191//67
f 191//67 9//67 192//67
f 9//68 13//68 192//68
f 192//68 13//68 131//68
f 131//69 13//69 15//69
f 131//69 15//69 164//69
f 15//70 40//70 164//70
f 164//70 40//70 165//70
f 165//71 40//71 42//71
f 165//71 42//71 167//71
f 42//72 88//72 167//72
f 167//72 88//72 169//72
f 88//73 79//73 169//73
f 169//73 79//73 171//73
f 79//74 80//74 171//74
f 171//74 80//74 260//74
f 80//75 98//75 260//75
f 260//75 98//75 259//75
f 98//76 60//76 259//76
f 259//76 60//76 219//76
f 197//62 219//62 54//62
f 219//62 60//62 54//62
f 197//77 54//77 110//77
f 197//77 110//77 234//77
f 110//78 108//78 234//78
f 234//78 108//78 236//78
f 108//79 106//79 236//79
f 236//79 106//79 238//79
f 106//80 104//80 238//80
f 238//80 104//80 240//80
f 104//81 102//81 240//81
f 240//81 102//81 241//81
f 102//82 100//82 241//82
f 241//82 100//82 177//82
f 177//83 100//83 99//83
f 177//83 99//83 179//83
f 99//84 6//84 179//84
f 179//84 6//84 181//84
f 250//85 33//85 251//85
f 33//85 87//85 251//85
f 251//86 87//86 213//86
f 87//86 66//86 213//86
f 213//87 66//87 215//87
f 66//87 64//87 215//87
f 215//88 64//88 216//88
f 64//88 63//88 216//88
f 216//89 63//89 222//89
f 63//89 120//89 222//89
f 222//90 120//90 256//90
f 120//90 119//90 256//90
f 256//91 119//91 146//91
f 119//91 85//91 146//91
f 146//92 85//92 145//92
f 85//92 84//92 145//92
f 145//93 84//93 143//93
f 84//93 83//93 143//93
f 143//94 83//94 155//94
f 83//94 82//94 155//94
f 155//95 82//95 154//95
f 82//95 81//95 154//95
f 154//96 81//96 152//96
f 81//97 125//97 152//97
f 152//98 125//98 209//98
f 125//99 123//99 209//99
f 209//100 123//100 207//100
f 123//100 122//100 207//100
f 207//101 122//101 205//101
f 122//101 28//101 205//101
f 205//102 28//102 252//102
f 28//102 30//102 252//102
f 252//103 30//103 253//103
f 30//103 23//103 253//103
f 253//104 23//104 254//104
f 23//104 117//104 254//104
f 254//105 117//105 200//105
f 117//105 118//105 200//105
f 200//106 118//106 201//106
f 118//106 56//106 201//106
f 201//107 56//107 203//107
f 56//107 55//107 203//107
f 203//108 55//108 204//108
f 55//108 36//108 204//108
f 204//109 36//109 249//109
f 36//109 34//109 249//109
f 249//110 34//110 250//110
f 34//110 33//110 250//110
f 181//111 6//111 16//111
f 181//111 16//111 183//111
f 16//112 18//112 183//112
f 183//112 18//112 185//112
f 18//113 12//113 185//113
f 185//113 12//113 160//113
f 12//114 27//114 160//114
f 160//114 27//114 159//114
f 27//115 26//115 159//115
f 159//115 26//115 158//115
f 26//116 25//116 158//116
f 158//116 25//116 139//116
f 261//117 262//117 263//117
f 262//118 264//118 263//118
f 263//119 264//119 265//119
f 264//120 266//120 265//120
f 265//121 266//121 267//121
f 266//122 268//122 267//122
f 267//122 268//122 269//122
f 268//123 270//123 269//123
f 269//124 270//124 271//124
f 270//125 272//125 271//125
f 271//126 272//126 273//126
f 272//127 274//127 273//127
f 273//128 274//128 275//128
f 274//129 276//129 275//129
f 275//130 276//130 277//130
f 276//131 278//131 277//131
f 277//132 278//132 279//132
f 278//133 280//133 279//133
f 279//134 280//134 281//134
f 280//135 282//135 281//135
f 281//136 282//136 283//136
f 282//137 284//137 283//137
f 283//138 284//138 285//138
f 284//139 286//139 285//139
f 285//140 286//140 287//140
f 286//141 288//141 287//141
f 287//142 288//142 289//142
f 288//143 290//143 289//143
f 289//144 290//144 291//144
f 290//145 292//145 291//145
f 291//146 292//146 293//146
f 292//147 294//147 293//147
f 293//148 294//148 295//148
f 294//149 296//149 295//149
f 295//150 296//150 297//150
f 296//151 298//151 297//151
f 297//152 298//152 299//152
f 298//153 300//153 299//153
f 299//154 300//154 301//154
f 300//155 302//155 301//155
f 301//155 302//155 303//155
f 302//156 304//156 303//156
f 303//157 304//157 305//157
f 304//158 306//158 305//158
f 305//159 306//159 307//159
f 306//160 308//160 307//160
f 307//161 308//161 261//161
f 308//162 262//162 261//162
f 308//163 309//163 262//163
f 309//164 310//164 262//164
f 262//165 310//165 264//165
f 310//166 311//166 264//166
f 264//167 311//167 266//167
f 311//168 312//168 266//168
f 266//169 312//169 268//169
f 312//170 313//170 268//170
f 268//171 313//171 270//171
f 313//172 314//172 270//172
f 270//173 314//173 272//173
f 314//174 315//174 272//174
f 272//175 315//175 274//175
f 315//176 316//176 274//176
f 274//177 316//177 276//177
f 316//178 317//178 276//178
f 276//179 317//179 278//179
f 317//180 318//180 278//180
f 278//181 318//181 280//181
f 318//182 319//182 280//182
f 280//183 319//183 282//183
f 319//184 320//184 282//184
f 282//185 320//185 284//185
f 320//186 321//186 284//186
f 284//187 321//187 286//187
f 321//188 322//188 286//188
f 286//189 322//189 288//189
f 322//190 323//190 288//190
f 288//191 323//191 290//191
f 323//192 324//192 290//192
f 290//193 324//193 292//193
f 324//194 325//194 292//194
f 292//195 325//195 294//195
f 325//196 326//196 294//196
f 294//197 326//197 296//197
f 326//198 327//198 296//198
f 296//199 327//199 298//199
f 327//200 328//200 298//200
f 298//201 328//201 300//201
f 328//202 329//202 300//202
f 300//203 329//203 302//203
f 329//204 330//204 302//204
f 302//205 330//205 304//205
f 330//206 331//206 304//206
f 304//207 331//207 306//207
f 331//208 332//208 306//208
f 306//209 332//209 308//209
f 332//210 309//210 308//210
f 332//211 333//211 309//211
f 333//212 334//212 309//212
f 309//213 334//213 310//213
f 334//214 335//214 310//214
f 310//215 335//215 311//215
f 335//216 336//216 311//216
f 311//217 336//217 312//217
f 336//218 337//218 312//218
f 312//219 337//219 313//219
f 337//220 338//220 313//220
f 313//221 338//221 314//221
f 338//222 339//222 314//222
f 314//223 339//223 315//223
f 339//224 340//224 315//224
f 315//225 340//225 316//225
f 340//226 341//226 316//226
f 316//227 341//227 317//227
f 341//228 342//228 317//228
f 317//229 342//229 318//229
f 342//230 343//230 318//230
f 318//231 343//231 319//231
f 343//232 344//232 319//232
f 319//233 344//233 320//233
f 344//234 345//234 320//234
f 320//235 345//235 321//235
f 345//236 346//236 321//236
f 321//237 346//237 322//237
f 346//238 347//238 322//238
f 322//239 347//239 323//239
f 347//240 348//240 323//240
f 323//241 348//241 324//241
f 348//242 349//242 324//242
f 324//243 349//243 325//243
f 349//244 350//244 325//244
f 325//245 350//245 326//245
f 350//246 351//246 326//246
f 326//247 351//247 327//247
f 351//248 352//248 327//248
f 327//249 352//249 328//249
f 352//250 353//250 328//250
f 328//251 353//251 329//251
f 353//252 354//252 329//252
f 329//253 354//253 330//253
f 354//254 355//254 330//254
f 330//255 355//255 331//255
f 355//256 356//256 331//256
f 331//257 356//257 332//257
f 356//258 333//258 332//258
f 356//259 357//259 333//259
f 357//260 358//260 333//260
f 333//261 358//261 334//261
f 358//262 359//262 334//262
f 334//263 359//263 335//263
f 359//264 360//264 335//264
f 335//265 360//265 336//265
f 360//266 361//266 336//266
f 336//267 361//267 337//267
f 361//268 362//268 337//268
f 337//269 362//269 338//269
f 362//270 363//270 338//270
f 338//271 363//271 339//271
f 363//272 364//272 339//272
f 339//273 364//273 340//273
f 364//274 365//274 340//274
f 340//275 365//275 341//275
f 365//276 366//276 341//276
f 341//277 366//277 342//277
f 366//278 367//278 342//278
f 342//279 367//279 343//279
f 367//280 368//280 343//280
f 343//281 368//281 344//281
f 368//282 369//282 344//282
f 344//283 369//283 345//283
f 369//284 370//284 345//284
f 345//285 370//285 346//285
f 370//286 371//286 346//286
f 346//287 371//287 347//287
f 371//288 372//288 347//288
f 347//289 372//289 348//289
f 372//290 373//290 348//290
f 348//291 373//291 349//291
f 373//292 374//292 349//292
f 349//293 374//293 350//293
f 374//294 375//294 350//294
f 350//295 375//295 351//295
f 375//296 376//296 351//296
f 351//297 376//297 352//297
f 376//298 377//298 352//298
f 352//299 377//299 353//299
f 377//300 378//300 353//300
f 353//301 378//301 354//301
f 378//302 379//302 354//302
f 354//303 379//303 355//303
f 379//304 380//304 355//304
f 355//305 380//305 356//305
f 380//306 357//306 356//306
f 380//307 381//307 357//307
f 381//308 382//308 357//308
f 357//308 382//308 358//308
f 382//309 383//309 358//309
f 358//310 383//310 359//310
f 383//311 384//311 359//311
f 359//312 384//312 360//312
f 384//313 385//313 360//313
f 360//313 385//313 361//313
f 385//314 386//314 361//314
f 361//315 386//315 362//315
f 386//316 387//316 362//316
f 362//317 387//317 363//317
f 387//318 388//318 363//318
f 363//318 388//318 364//318
f 388//319 389//319 364//319
f 364//320 389//320 365//320
f 389//321 390//321 365//321
f 365//322 390//322 366//322
f 390//323 391//323 366//323
f 366//324 391//324 367//324
f 391//325 392//325 367//325
f 367//326 392//326 368//326
f 392//327 393//327 368//327
f 368//328 393//328 369//328
f 393//329 394//329 369//329
f 369//330 394//330 370//330
f 394//331 395//331 370//331
f 370//332 395//332 371//332
f 395//333 396//333 371//333
f 371//334 396//334 372//334
f 396//335 397//335 372//335
f 372//335 397//335 373//335
f 397//336 398//336 373//336
f 373//337 398//337 374//337
f 398//338 399//338 374//338
f 374//339 399//339 375//339
f 399//340 400//340 375//340
f 375//340 400//340 376//340
f 400//341 401//341 376//341
f 376//342 401//342 377//342
f 401//343 402//343 377//343
f 377//344 402//344 378//344
f 402//345 403//345 378//345
f 378//345 403//345 379//345
f 403//346 404//346 379//346
f 379//347 404//347 380//347
f 404//348 381//348 380//348
f 404//349 405//349 381//349
f 405//350 406//350 381//350
f 381//351 406//351 382//351
f 406//352 407//352 382//352
f 382//353 407//353 383//353
f 407//354 408//354 383//354
f 383//355 408//355 384//355
f 408//356 409//356 384//356
f 384//357 409//357 385//357
f 409//358 410//358 385//358
f 385//359 410//359 386//359
f 410//360 411//360 386//360
f 386//361 411//361 387//361
f 411//362 412//362 387//362
f 387//363 412//363 388//363
f 412//364 413//364 388//364
f 388//365 413//365 389//365
f 413//366 414//366 389//366
f 389//367 414//367 390//367
f 414//368 415//368 390//368
f 390//369 415//369 391//369
f 415//370 416//370 391//370
f 391//371 416//371 392//371
f 416//372 417//372 392//372
f 392//373 417//373 393//373
f 417//374 418//374 393//374
f 393//375 418//375 394//375
f 418//376 419//376 394//376
f 394//377 419//377 395//377
f 419//378 420//378 395//378
f 395//379 420//379 396//379
f 420//380 421//380 396//380
f 396//381 421//381 397//381
f 421//382 422//382 397//382
f 397//383 422//383 398//383
f 422//384 423//384 398//384
f 398//385 423//385 399//385
f 423//386 424//386 399//386
f 399//387 424//387 400//387
f 424//388 425//388 400//388
f 400//389 425//389 401//389
f 425//390 426//390 401//390
f 401//391 426//391 402//391
f 426//392 427//392 402//392
f 402//393 427//393 403//393
f 427//394 428//394 403//394
f 403//395 428//395 404//395
f 428//396 405//396 404//396
f 305//2 307//2 429//2
f 307//2 261//2 429//2
f 429//2 261//2 263//2
f 299//2 301//2 429//2
f 301//2 303//2 429//2
f 429//2 303//2 305//2
f 293//2 295//2 429//2
f 295//2 297//2 429//2
f 429//2 297//2 299//2
f 287//2 289//2 429//2
f 289//2 291//2 429//2
f 429//2 291//2 293//2
f 281//2 283//2 429//2
f 283//2 285//2 429//2
f 429//2 285//2 287//2
f 275//2 277//2 429//2
f 277//2 279//2 429//2
f 429//2 279//2 281//2
f 269//2 271//2 429//2
f 271//2 273//2 429//2
f 429//2 273//2 275//2
f 263//2 265//2 429//2
f 265//2 267//2 429//2
f 429//2 267//2 269//2
f 406//1 405//1 430//1
f 405//1 428//1 430//1
f 430//1 428//1 427//1
f 409//1 408//1 430//1
f 408//1 407//1 430//1
f 430//1 407//1 406//1
f 412//1 411//1 430//1
f 411//1 410//1 430//1
f 430//1 410//1 409//1
f 415//1 414//1 430//1
f 414//1 413//1 430//1
f 430//1 413//1 412//1
f 418//1 417//1 430//1
f 417//1 416//1 430//1
f 430//1 416//1 415//1
f 421//1 420//1 430//1
f 420//1 419//1 430//1
f 430//1 419//1 418//1
f 424//1 423//1 430//1
f 423//1 422//1 430//1
f 430//1 422//1 421//1
f 427//1 426//1 430//1
f 426//1 425//1 430//1
f 430//1 425//1 424//1
f 431//397 432//397 433//397
f 432//398 434//398 433//398
f 433//399 434//399 435//399
f 434//400 436//400 435//400
f 435//401 436//401 437//401
f 436//402 438//402 437//402
f 437//403 438//403 439//403
f 438//404 440//404 439//404
f 439//405 440//405 441//405
f 440//406 442//406 441//406
f 441//407 442//407 443//407
f 442//408 444//408 443//408
f 443//409 444//409 445//409
f 444//410 446//410 445//410
f 445//411 446//411 447//411
f 446//412 448//412 447//412
f 447//413 448//413 449//413
f 448//414 450//414 449//414
f 449//415 450//415 451//415
f 450//416 452//416 451//416
f 451//417 452//417 453//417
f 452//418 454//418 453//418
f 453//419 454//419 455//419
f 454//420 456//420 455//420
f 455//421 456//421 457//421
f 456//422 458//422 457//422
f 457//423 458//423 459//423
f 458//424 460//424 459//424
f 459//425 460//425 461//425
f 460//426 462//426 461//426
f 461//427 462//427 463//427
f 462//428 464//428 463//428
f 463//429 464//429 465//429
f 464//430 466//430 465//430
f 465//431 466//431 467//431
f 466//432 468//432 467//432
f 467//433 468//433 469//433
f 468//434 470//434 469//434
f 469//435 470//435 471//435
f 470//436 472//436 471//436
f 471//437 472//437 473//437
f 472//438 474//438 473//438
f 473//439 474//439 475//439
f 474//440 476//440 475//440
f 475//441 476//441 477//441
f 476//442 478//442 477//442
f 477//443 478//443 431//443
f 478//444 432//444 431//444
f 478//445 479//445 432//445
f 479//446 480//446 432//446
f 432//447 480//447 434//447
f 480//448 481//448 434//448
f 434//449 481//449 436//449
f 481//450 482//450 436//450
f 436//451 482//451 438//451
f 482//452 483//452 438//452
f 438//453 483//453 440//453
f 483//454 484//454 440//454
f 440//455 484//455 442//455
f 484//456 485//456 442//456
f 442//457 485//457 444//457
f 485//458 486//458 444//458
f 444//459 486//459 446//459
f 486//460 487//460 446//460
f 446//461 487//461 448//461
f 487//462 488//462 448//462
f 448//463 488//463 450//463
f 488//464 489//464 450//464
f 450//465 489//465 452//465
f 489//466 490//466 452//466
f 452//467 490//467 454//467
f 490//468 491//468 454//468
f 454//469 491//469 456//469
f 491//470 492//470 456//470
f 456//471 492//471 458//471
f 492//472 493//472 458//472
f 458//473 493//473 460//473
f 493//474 494//474 460//474
f 460//475 494//475 462//475
f 494//476 495//476 462//476
f 462//477 495//477 464//477
f 495//478 496//478 464//478
f 464//479 496//479 466//479
f 496//480 497//480 466//480
f 466//481 497//481 468//481
f 497//482 498//482 468//482
f 468//483 498//483 470//483
f 498//484 499//484 470//484
f 470//485 499//485 472//485
f 499//486 500//486 472//486
f 472//487 500//487 474//487
f 500//488 501//488 474//488
f 474//489 501//489 476//489
f 501//490 502//490 476//490
f 476//491 502//491 478//491
f 502//492 479//492 478//492
f 502//493 503//493 479//493
f 503//494 504//494 479//494
f 479//495 504//495 480//495
f 504//496 505//496 480//496
f 480//497 505//497 481//497
f 505//498 506//498 481//498
f 481//499 506//499 482//499
f 506//500 507//500 482//500
f 482//501 507//501 483//501
f 507//502 508//502 483//502
f 483//503 508//503 484//503
f 508//504 509//504 484//504
f 484//505 509//505 485//505
f 509//506 510//506 485//506
f 485//507 510//507 486//507
f 510//508 511//508 486//508
f 486//509 511//509 487//509
f 511//510 512//510 487//510
f 487//511 512//511 488//511
f 512//512 513//512 488//512
f 488//513 513//513 489//513
f 513//514 514//514 489//514
f 489//515 514//515 490//515
f 514//516 515//516 490//516
f 490//517 515//517 491//517
f 515//518 516//518 491//518
f 491//519 516//519 492//519
f 516//520 517//520 492//520
f 492//521 517//521 493//521
f 517//522 518//522 493//522
f 493//523 518//523 494//523
f 518//524 519//524 494//524
f 494//525 519//525 495//525
f 519//526 520//526 495//526
f 495//527 520//527 496//527
f 520//528 521//528 496//528
f 496//529 521//529 497//529
f 521//530 522//530 497//530
f 497//531 522//531 498//531
f 522//532 523//532 498//532
f 498//533 523//533 499//533
f 523//534 524//534 499//534
f 499//535 524//535 500//535
f 524//536 525//536 500//536
f 500//537 525//537 501//537
f 525//538 526//538 501//538
f 501//539 526//539 502//539
f 526//540 503//540 502//540
f 526//541 527//541 503//541
f 527//542 528//542 503//542
f 503//543 528//543 504//543
f 528//544 529//544 504//544
f 504//545 529//545 505//545
f 529//546 530//546 505//546
f 505//547 530//547 506//547
f 530//548 531//548 506//548
f 506//549 531//549 507//549
f 531//550 532//550 507//550
f 507//551 532//551 508//551
f 532//552 533//552 508//552
f 508//553 533//553 509//553
f 533//554 534//554 509//554
f 509//555 534//555 510//555
f 534//556 535//556 510//556
f 510//557 535//557 511//557
f 535//558 536//558 511//558
f 511//559 536//559 512//559
f 536//560 537//560 512//560
f 512//561 537//561 513//561
f 537//562 538//562 513//562
f 513//563 538//563 514//563
f 538//564 539//564 514//564
f 514//565 539//565 515//565
f 539//566 540//566 515//566
f 515//567 540//567 516//567
f 540//568 541//568 516//568
f 516//569 541//569 517//569
f 541//570 542//570 517//570
f 517//571 542//571 518//571
f 542//572 543//572 518//572
f 518//573 543//573 519//573
f 543//574 544//574 519//574
f 519//575 544//575 520//575
f 544//576 545//576 520//576
f 520//577 545//577 521//577
f 545//578 546//578 521//578
f 521//579 546//579 522//579
f 546//580 547//580 522//580
f 522//581 547//581 523//581
f 547//582 548//582 523//582
f 523//583 548//583 524//583
f 548//584 549//584 524//584
f 524//585 549//585 525//585
f 549//586 550//586 525//586
f 525//587 550//587 526//587
f 550//588 527//588 526//588
f 550//589 551//589 527//589
f 551//590 552//590 527//590
f 527//591 552//591 528//591
f 552//592 553//592 528//592
f 528//593 553//593 529//593
f 553//594 554//594 529//594
f 529//595 554//595 530//595
f 554//596 555//596 530//596
f 530//597 555//597 531//597
f 555//598 556//598 531//598
f 531//599 556//599 532//599
f 556//600 557//600 532//600
f 532//601 557//601 533//601
f 557//602 558//602 533//602
f 533//603 558//603 534//603
f 558//604 559//604 534//604
f 534//605 559//605 535//605
f 559//606 560//606 535//606
f 535//607 560//607 536//607
f 560//608 561//608 536//608
f 536//609 561//609 537//609
f 561//610 562//610 537//610
f 537//611 562//611 538//611
f 562//612 563//612 538//612
f 538//613 563//613 539//613
f 563//614 564//614 539//614
f 539//615 564//615 540//615
f 564//616 565//616 540//616
f 540//617 565//617 541//617
f 565//618 566//618 541//618
f 541//619 566//619 542//619
f 566//620 567//620 542//620
f 542//621 567//621 543//621
f 567//622 568//622 543//622
f 543//623 568//623 544//623
f 568//624 569//624 544//624
f 544//625 569//625 545//625
f 569//626 570//626 545//626
f 545//627 570//627 546//627
f 570//628 571//628 546//628
f 546//629 571//629 547//629
f 571//630 572//630 547//630
f 547//631 572//631 548//631
f 572//632 573//632 548//632
f 548//633 573//633 549//633
f 573//634 574//634 549//634
f 549//635 574//635 550//635
f 574//636 551//636 550//636
f 574//637 575//637 551//637
f 575//638 576//638 551//638
f 551//639 576//639 552//639
f 576//640 577//640 552//640
f 552//641 577//641 553//641
f 577//642 578//642 553//642
f 553//643 578//643 554//643
f 578//644 579//644 554//644
f 554//645 579//645 555//645
f 579//646 580//646 555//646
f 555//647 580//647 556//647
f 580//648 581//648 556//648
f 556//649 581//649 557//649
f 581//650 582//650 557//650
f 557//651 582//651 558//651
f 582//652 583//652 558//652
f 558//653 583//653 559//653
f 583//654 584//654 559//654
f 559//655 584//655 560//655
f 584//656 585//656 560//656
f 560//657 585//657 561//657
f 585//658 586//658 561//658
f 561//659 586//659 562//659
f 586//660 587//660 562//660
f 562//661 587//661 563//661
f 587//662 588//662 563//662
f 563//663 588//663 564//663
f 588//664 589//664 564//664
f 564//665 589//665 565//665
f 589//666 590//666 565//666
f 565//667 590//667 566//667
f 590//668 591//668 566//668
f 566//669 591//669 567//669
f 591//670 592//670 567//670
f 567//671 592//671 568//671
f 592//672 593//672 568//672
f 568//673 593//673 569//673
f 593//674 594//674 569//674
f 569//675 594//675 570//675
f 594//676 595//676 570//676
f 570//677 595//677 571//677
f 595//678 596//678 571//678
f 571//679 596//679 572//679
f 596//680 597//680 572//680
f 572//681 597//681 573//681
f 597//682 598//682 573//682
f 573//683 598//683 574//683
f 598//684 575//684 574//684
f 599//1 600//1 601//1
f 600//1 602//1 601//1
f 601//1 602//1 603//1
f 604//1 605//1 601//1
f 605//1 606//1 601//1
f 601//1 606//1 599//1
f 607//1 608//1 601//1
f 608//1 609//1 601//1
f 601//1 609//1 604//1
f 610//1 611//1 601//1
f 611//1 612//1 601//1
f 601//1 612//1 607//1
f 613//1 614//1 601//1
f 614//1 615//1 601//1
f 601//1 615//1 610//1
f 616//1 617//1 601//1
f 617//1 618//1 601//1
f 601//1 618//1 613//1
f 619//1 620//1 601//1
f 620//1 621//1 601//1
f 601//1 621//1 616//1
f 603//1 622//1 601//1
f 622//1 623//1 601//1
f 601//1 623//1 619//1
f 615//685 585//685 610//685
f 585//686 584//686 610//686
f 610//686 584//686 611//686
f 584//687 583//687 611//687
f 611//687 583//687 612//687
f 583//688 582//688 612//688
f 612//688 582//688 607//688
f 582//689 581//689 607//689
f 607//689 581//689 608//689
f 581//690 580//690 608//690
f 608//690 580//690 609//690
f 580//691 579//691 609//691
f 609//691 579//691 604//691
f 579//692 578//692 604//692
f 604//692 578//692 605//692
f 578//693 577//693 605//693
f 605//693 577//693 606//693
f 577//694 576//694 606//694
f 606//694 576//694 599//694
f 576//695 575//695 599//695
f 599//695 575//695 600//695
f 575//696 598//696 600//696
f 600//697 598//697 602//697
f 598//698 597//698 602//698
f 602//699 597//699 603//699
f 597//700 596//700 603//700
f 603//700 596//700 622//700
f 596//701 595//701 622//701
f 622//701 595//701 623//701
f 595//702 594//702 623//702
f 623//702 594//702 619//702
f 594//703 593//703 619//703
f 619//703 593//703 620//703
f 593//704 592//704 620//704
f 620//704 592//704 621//704
f 592//705 591//705 621//705
f 621//705 591//705 616//705
f 591//706 590//706 616//706
f 616//706 590//706 617//706
f 590//707 589//707 617//707
f 617//707 589//707 618//707
f 589//708 588//708 618//708
f 618//708 588//708 613//708
f 588//709 587//709 613//709
f 613//709 587//709 614//709
f 587//710 586//710 614//710
f 614//711 586//711 615//711
f 586//712 585//712 615//712
f 475//2 477//2 624//2
f 477//2 431//2 624//2
f 624//2 431//2 433//2
f 469//2 471//2 624//2
f 471//2 473//2 624//2
f 624//2 473//2 475//2
f 463//2 465//2 624//2
f 465//2 467//2 624//2
f 624//2 467//2 469//2
f 457//2 459//2 624//2
f 459//2 461//2 624//2
f 624//2 461//2 463//2
f 451//2 453//2 624//2
f 453//2 455//2 624//2
f 624//2 455//2 457//2
f 445//2 447//2 624//2
f 447//2 449//2 624//2
f 624//2 449//2 451//2
f 439//2 441//2 624//2
f 441//2 443//2 624//2
f 624//2 443//2 445//2
f 433//2 435//2 624//2
f 435//2 437//2 624//2
f 624//2 437//2 439//2
f 625//1 626//1 627//1
f 628//1 629//1 630//1
f 627//1 626//1 631//1
f 626//1 632//1 631//1
f 631//1 632//1 633//1
f 634//1 635//1 636//1
f 637//1 638//1 639//1
f 638//1 640//1 639//1
f 639//1 640//1 641//1
f 640//1 642//1 641//1
f 641//1 642//1 643//1
f 642//1 644//1 643//1
f 643//1 644//1 645//1
f 644//1 646//1 645//1
f 645//1 646//1 647//1
f 648//1 649//1 650//1
f 649//1 638//1 650//1
f 650//1 638//1 651//1
f 638//1 637//1 651//1
f 635//1 634//1 652//1
f 634//1 653//1 652//1
f 652//1 653//1 630//1
f 653//1 654//1 630//1
f 630//1 654//1 628//1
f 655//1 656//1 657//1
f 656//1 658//1 657//1
f 657//1 658//1 659//1
f 660//1 661//1 657//1
f 661//1 662//1 657//1
f 657//1 662//1 663//1
f 650//1 664//1 648//1
f 664//1 665//1 648//1
f 648//1 665//1 666//1
f 667//1 668//1 669//1
f 633//1 632//1 670//1
f 632//1 671//1 670//1
f 670//1 671//1 672//1
f 655//1 657//1 649//1
f 657//1 673//1 649//1
f 649//1 673//1 638//1
f 659//1 674//1 657//1
f 674//1 675//1 657//1
f 657//1 675//1 660//1
f 675//1 676//1 660//1
f 660//1 676//1 677//1
f 678//1 679//1 680//1
f 679//1 681//1 680//1
f 680//1 681//1 682//1
f 681//1 683//1 682//1
f 682//1 683//1 684//1
f 683//1 685//1 684//1
f 684//1 685//1 686//1
f 685//1 625//1 686//1
f 686//1 625//1 687//1
f 625//1 627//1 687//1
f 669//1 688//1 667//1
f 688//1 689//1 667//1
f 667//1 689//1 690//1
f 689//1 648//1 690//1
f 690//1 648//1 691//1
f 648//1 666//1 691//1
f 672//1 671//1 692//1
f 671//1 693//1 692//1
f 692//1 693//1 694//1
f 693//1 695//1 694//1
f 694//1 695//1 696//1
f 695//1 697//1 696//1
f 696//1 697//1 698//1
f 697//1 699//1 698//1
f 698//1 699//1 700//1
f 699//1 701//1 700//1
f 701//1 702//1 700//1
f 700//1 702//1 703//1
f 703//1 704//1 700//1
f 704//1 705//1 700//1
f 700//1 705//1 706//1
f 668//1 667//1 707//1
f 667//1 708//1 707//1
f 707//1 708//1 709//1
f 702//1 710//1 703//1
f 710//1 711//1 703//1
f 703//1 711//1 712//1
f 713//1 714//1 715//1
f 646//1 716//1 647//1
f 716//1 717//1 647//1
f 647//1 717//1 718//1
f 717//1 719//1 718//1
f 718//1 719//1 720//1
f 719//1 721//1 720//1
f 720//1 721//1 722//1
f 721//1 723//1 722//1
f 722//1 723//1 724//1
f 723//1 725//1 724//1
f 724//1 725//1 726//1
f 725//1 727//1 726//1
f 726//1 727//1 728//1
f 727//1 729//1 728//1
f 728//1 729//1 730//1
f 729//1 731//1 730//1
f 629//1 678//1 630//1
f 678//1 680//1 630//1
f 630//1 680//1 732//1
f 680//1 657//1 732//1
f 732//1 657//1 733//1
f 657//1 663//1 733//1
f 636//1 734//1 634//1
f 734//1 735//1 634//1
f 634//1 735//1 736//1
f 735//1 737//1 736//1
f 736//1 737//1 712//1
f 737//1 738//1 712//1
f 712//1 738//1 703//1
f 715//1 739//1 713//1
f 739//1 740//1 713//1
f 713//1 740//1 741//1
f 709//1 731//1 707//1
f 731//1 729//1 707//1
f 707//1 729//1 742//1
f 729//1 700//1 742//1
f 742//1 700//1 740//1
f 700//1 706//1 740//1
f 740//1 706//1 741//1
f 713//1 743//1 714//1
f 743//1 744//1 714//1
f 714//1 744//1 745//1
f 677//1 746//1 660//1
f 746//1 747//1 660//1
f 660//1 747//1 748//1
f 747//1 749//1 748//1
f 748//1 749//1 745//1
f 749//1 750//1 745//1
f 745//1 750//1 714//1
f 13//2 751//2 8//2
f 83//2 124//2 84//2
f 124//2 85//2 84//2
f 752//2 29//2 81//2
f 29//2 124//2 81//2
f 81//2 124//2 82//2
f 124//2 83//2 82//2
f 69//2 68//2 7//2
f 68//2 67//2 7//2
f 7//2 67//2 8//2
f 67//2 9//2 8//2
f 8//2 9//2 13//2
f 73//2 74//2 71//2
f 74//2 72//2 71//2
f 71//2 72//2 69//2
f 72//2 70//2 69//2
f 69//2 70//2 68//2
f 753//2 754//2 74//2
f 39//2 38//2 755//2
f 101//2 102//2 100//2
f 13//2 15//2 751//2
f 15//2 40//2 751//2
f 751//2 40//2 41//2
f 40//2 42//2 41//2
f 41//2 42//2 89//2
f 42//2 88//2 89//2
f 89//2 88//2 90//2
f 88//2 79//2 90//2
f 90//2 79//2 77//2
f 756//2 757//2 758//2
f 757//2 759//2 758//2
f 756//2 758//2 755//2
f 758//2 46//2 755//2
f 755//2 46//2 39//2
f 760//2 761//2 49//2
f 761//2 762//2 49//2
f 49//2 762//2 763//2
f 28//2 22//2 122//2
f 22//2 21//2 122//2
f 122//2 21//2 123//2
f 21//2 32//2 123//2
f 123//2 32//2 752//2
f 32//2 31//2 752//2
f 752//2 31//2 29//2
f 759//2 764//2 758//2
f 764//2 765//2 758//2
f 758//2 765//2 49//2
f 765//2 766//2 49//2
f 49//2 766//2 760//2
f 73//2 75//2 74//2
f 75//2 76//2 74//2
f 74//2 76//2 22//2
f 38//2 37//2 755//2
f 37//2 25//2 755//2
f 755//2 25//2 767//2
f 25//2 74//2 767//2
f 767//2 74//2 768//2
f 74//2 754//2 768//2
f 37//2 1//2 25//2
f 1//2 11//2 25//2
f 25//2 11//2 26//2
f 11//2 10//2 26//2
f 101//2 100//2 4//2
f 100//2 99//2 4//2
f 4//2 99//2 5//2
f 99//2 6//2 5//2
f 5//2 6//2 17//2
f 6//2 16//2 17//2
f 17//2 16//2 19//2
f 16//2 18//2 19//2
f 19//2 18//2 20//2
f 18//2 12//2 20//2
f 20//2 12//2 10//2
f 12//2 27//2 10//2
f 10//2 27//2 26//2
f 33//2 769//2 34//2
f 769//2 770//2 34//2
f 34//2 770//2 771//2
f 28//2 30//2 22//2
f 30//2 23//2 22//2
f 22//2 23//2 74//2
f 23//2 117//2 74//2
f 74//2 117//2 118//2
f 56//2 772//2 118//2
f 772//2 773//2 118//2
f 118//2 773//2 74//2
f 773//2 774//2 74//2
f 74//2 774//2 753//2
f 771//2 775//2 34//2
f 775//2 776//2 34//2
f 34//2 776//2 36//2
f 776//2 772//2 36//2
f 36//2 772//2 55//2
f 772//2 56//2 55//2
f 124//2 126//2 85//2
f 126//2 127//2 85//2
f 85//2 127//2 113//2
f 102//2 101//2 104//2
f 101//2 103//2 104//2
f 104//2 103//2 106//2
f 103//2 105//2 106//2
f 106//2 105//2 108//2
f 105//2 107//2 108//2
f 108//2 107//2 110//2
f 107//2 109//2 110//2
f 110//2 109//2 54//2
f 109//2 111//2 54//2
f 54//2 111//2 112//2
f 87//2 66//2 54//2
f 113//2 114//2 85//2
f 114//2 60//2 85//2
f 85//2 60//2 119//2
f 60//2 54//2 119//2
f 119//2 54//2 120//2
f 66//2 64//2 54//2
f 64//2 63//2 54//2
f 54//2 63//2 120//2
f 112//2 97//2 54//2
f 97//2 96//2 54//2
f 54//2 96//2 763//2
f 96//2 95//2 763//2
f 763//2 95//2 49//2
f 114//2 115//2 60//2
f 115//2 78//2 60//2
f 60//2 78//2 98//2
f 78//2 77//2 98//2
f 98//2 77//2 80//2
f 77//2 79//2 80//2
f 763//2 777//2 54//2
f 777//2 769//2 54//2
f 54//2 769//2 87//2
f 769//2 33//2 87//2
f 74//56 25//56 680//56
f 25//56 657//56 680//56
f 4//9 647//9 101//9
f 647//9 718//9 101//9
f 101//10 718//10 103//10
f 718//10 720//10 103//10
f 103//11 720//11 105//11
f 720//11 722//11 105//11
f 105//12 722//12 107//12
f 722//12 724//12 107//12
f 107//13 724//13 109//13
f 724//13 726//13 109//13
f 109//14 726//14 111//14
f 726//14 728//14 111//14
f 111//15 728//15 112//15
f 728//15 730//15 112//15
f 112//16 730//16 97//16
f 730//16 731//16 97//16
f 97//17 731//17 96//17
f 731//17 709//17 96//17
f 96//18 709//18 95//18
f 709//18 708//18 95//18
f 95//19 708//19 49//19
f 708//19 667//19 49//19
f 49//20 667//20 758//20
f 667//713 690//713 758//713
f 758//714 690//714 46//714
f 690//23 691//23 46//23
f 46//24 691//24 39//24
f 691//24 666//24 39//24
f 39//25 666//25 38//25
f 666//25 665//25 38//25
f 38//26 665//26 37//26
f 665//26 664//26 37//26
f 37//27 664//27 1//27
f 664//27 650//27 1//27
f 1//28 650//28 11//28
f 650//28 651//28 11//28
f 11//29 651//29 10//29
f 651//29 637//29 10//29
f 10//30 637//30 20//30
f 637//30 639//30 20//30
f 20//5 639//5 19//5
f 639//5 641//5 19//5
f 19//31 641//31 17//31
f 641//31 643//31 17//31
f 17//32 643//32 5//32
f 643//32 645//32 5//32
f 5//33 645//33 4//33
f 645//33 647//33 4//33
f 765//85 648//85 766//85
f 648//85 689//85 766//85
f 766//86 689//86 760//86
f 689//86 688//86 760//86
f 760//87 688//87 761//87
f 688//87 669//87 761//87
f 761//88 669//88 762//88
f 669//88 668//88 762//88
f 762//89 668//89 763//89
f 668//89 707//89 763//89
f 763//90 707//90 777//90
f 707//90 742//90 777//90
f 777//715 742//715 769//715
f 742//715 740//715 769//715
f 769//92 740//92 770//92
f 740//92 739//92 770//92
f 770//93 739//93 771//93
f 739//93 715//93 771//93
f 771//716 715//716 775//716
f 715//716 714//716 775//716
f 775//717 714//717 776//717
f 714//717 750//717 776//717
f 776//718 750//718 772//718
f 750//719 749//719 772//719
f 772//720 749//720 773//720
f 749//721 747//721 773//721
f 773//722 747//722 774//722
f 747//722 746//722 774//722
f 774//723 746//723 753//723
f 746//723 677//723 753//723
f 753//102 677//102 754//102
f 677//102 676//102 754//102
f 754//103 676//103 768//103
f 676//103 675//103 768//103
f 768//724 675//724 767//724
f 675//724 674//724 767//724
f 767//105 674//105 755//105
f 674//105 659//105 755//105
f 755//106 659//106 756//106
f 659//106 658//106 756//106
f 756//107 658//107 757//107
f 658//107 656//107 757//107
f 757//108 656//108 759//108
f 656//108 655//108 759//108
f 759//109 655//109 764//109
f 655//109 649//109 764//109
f 764//110 649//110 765//110
f 649//110 648//110 765//110
f 29//9 634//9 124//9
f 634//9 736//9 124//9
f 124//10 736//10 126//10
f 736//10 712//10 126//10
f 126//34 712//34 127//34
f 712//34 711//34 127//34
f 127//12 711//12 113//12
f 711//12 710//12 113//12
f 113//35 710//35 114//35
f 710//35 702//35 114//35
f 114//36 702//36 115//36
f 702//36 701//36 115//36
f 115//37 701//37 78//37
f 701//37 699//37 78//37
f 78//16 699//16 77//16
f 699//16 697//16 77//16
f 77//17 697//17 90//17
f 697//17 695//17 90//17
f 90//38 695//38 89//38
f 695//38 693//38 89//38
f 89//19 693//19 41//19
f 693//19 671//19 41//19
f 41//20 671//20 751//20
f 671//713 632//713 751//713
f 751//714 632//714 8//714
f 632//23 626//23 8//23
f 8//24 626//24 7//24
f 626//24 625//24 7//24
f 7//39 625//39 69//39
f 625//39 685//39 69//39
f 69//26 685//26 71//26
f 685//26 683//26 71//26
f 71//27 683//27 73//27
f 683//27 681//27 73//27
f 73//40 681//40 75//40
f 681//40 679//40 75//40
f 75//41 679//41 76//41
f 679//41 678//41 76//41
f 76//42 678//42 22//42
f 678//42 629//42 22//42
f 22//5 629//5 21//5
f 629//5 628//5 21//5
f 21//6 628//6 32//6
f 628//6 654//6 32//6
f 32//32 654//32 31//32
f 654//32 653//32 31//32
f 31//33 653//33 29//33
f 653//33 634//33 29//33
f 33//85 748//85 87//85
f 748//85 745//85 87//85
f 87//86 745//86 66//86
f 745//86 744//86 66//86
f 66//87 744//87 64//87
f 744//87 743//87 64//87
f 64//88 743//88 63//88
f 743//88 713//88 63//88
f 63//89 713//89 120//89
f 713//89 741//89 120//89
f 120//90 741//90 119//90
f 741//90 706//90 119//90
f 119//91 706//91 85//91
f 706//91 705//91 85//91
f 85//92 705//92 84//92
f 705//92 704//92 84//92
f 84//93 704//93 83//93
f 704//93 703//93 83//93
f 83//94 703//94 82//94
f 703//94 738//94 82//94
f 82//95 738//95 81//95
f 738//95 737//95 81//95
f 81//96 737//96 752//96
f 737//725 735//725 752//725
f 752//726 735//726 123//726
f 735//99 734//99 123//99
f 123//100 734//100 122//100
f 734//100 636//100 122//100
f 122//101 636//101 28//101
f 636//101 635//101 28//101
f 28//102 635//102 30//102
f 635//102 652//102 30//102
f 30//103 652//103 23//103
f 652//103 630//103 23//103
f 23//104 630//104 117//104
f 630//104 732//104 117//104
f 117//105 732//105 118//105
f 732//105 733//105 118//105
f 118//106 733//106 56//106
f 733//106 663//106 56//106
f 56//107 663//107 55//107
f 663//107 662//107 55//107
f 55//108 662//108 36//108
f 662//108 661//108 36//108
f 36//109 661//109 34//109
f 661//109 660//109 34//109
f 34//110 660//110 33//110
f 660//110 748//110 33//110
f 6//111 646//111 644//111
f 6//111 644//111 16//111
f 644//112 642//112 16//112
f 16//112 642//112 18//112
f 642//113 640//113 18//113
f 18//113 640//113 12//113
f 640//114 638//114 12//114
f 12//114 638//114 27//114
f 638//115 673//115 27//115
f 27//115 673//115 26//115
f 673//116 657//116 26//116
f 26//116 657//116 25//116
f 13//69 631//69 633//69
f 13//69 633//69 15//69
f 633//70 670//70 15//70
f 15//70 670//70 40//70
f 74//63 680//63 682//63
f 74//63 682//63 72//63
f 682//64 684//64 72//64
f 72//64 684//64 70//64
f 684//65 686//65 70//65
f 70//65 686//65 68//65
f 686//66 687//66 68//66
f 68//66 687//66 67//66
f 687//67 627//67 67//67
f 67//67 627//67 9//67
f 627//68 631//68 9//68
f 9//68 631//68 13//68
f 40//71 670//71 672//71
f 40//71 672//71 42//71
f 672//72 692//72 42//72
f 42//72 692//72 88//72
f 692//73 694//73 88//73
f 88//73 694//73 79//73
f 694//74 696//74 79//74
f 79//74 696//74 80//74
f 696//75 698//75 80//75
f 80//75 698//75 98//75
f 698//76 700//76 98//76
f 98//76 700//76 60//76
f 54//62 60//62 729//62
f 60//62 700//62 729//62
f 54//77 729//77 727//77
f 54//77 727//77 110//77
f 727//78 725//78 110//78
f 110//78 725//78 108//78
f 725//79 723//79 108//79
f 108//79 723//79 106//79
f 723//80 721//80 106//80
f 106//80 721//80 104//80
f 721//81 719//81 104//81
f 104//81 719//81 102//81
f 719//82 717//82 102//82
f 102//82 717//82 100//82
f 100//83 717//83 716//83
f 100//83 716//83 99//83
f 716//84 646//84 99//84
f 99//84 646//84 6//84
f 778//727 779//727 780//727
f 781//728 782//728 783//728
f 784//729 785//729 786//729
f 787//730 788//730 789//730
f 788//731 790//731 789//731
f 789//732 790//732 791//732
f 790//733 792//733 791//733
f 791//734 792//734 793//734
f 792//735 794//735 793//735
f 793//736 794//736 795//736
f 796//737 797//737 798//737
f 797//738 799//738 798//738
f 798//739 799//739 800//739
f 799//740 801//740 800//740
f 788//741 796//741 790//741
f 796//742 798//742 790//742
f 790//743 798//743 792//743
f 798//744 800//744 792//744
f 792//745 800//745 794//745
f 800//746 801//746 794//746
f 802//747 803//747 804//747
f 803//748 805//748 804//748
f 804//749 805//749 806//749
f 805//750 807//750 806//750
f 806//751 807//751 808//751
f 809//752 802//752 810//752
f 802//753 804//753 810//753
f 810//754 804//754 811//754
f 804//755 806//755 811//755
f 811//756 806//756 812//756
f 806//757 808//757 812//757
f 812//758 808//758 813//758
f 780//759 779//759 814//759
f 815//760 816//760 817//760
f 815//761 818//761 819//761
f 818//762 814//762 819//762
f 819//763 814//763 820//763
f 814//764 779//764 820//764
f 821//765 822//765 781//765
f 822//766 786//766 781//766
f 781//767 786//767 782//767
f 786//768 785//768 782//768
f 823//769 784//769 824//769
f 784//770 786//770 824//770
f 824//771 786//771 825//771
f 786//772 822//772 825//772
f 825//773 822//773 826//773
f 827//774 828//774 829//774
f 828//775 830//775 829//775
f 829//776 830//776 831//776
f 830//777 832//777 831//777
f 833//778 834//778 835//778
f 818//779 809//779 814//779
f 809//780 810//780 814//780
f 814//781 810//781 780//781
f 810//782 811//782 780//782
f 780//783 811//783 836//783
f 811//784 812//784 836//784
f 836//785 812//785 837//785
f 812//786 813//786 837//786
f 837//787 813//787 838//787
f 813//788 835//788 838//788
f 838//789 835//789 839//789
f 835//790 834//790 839//790
f 839//791 834//791 840//791
f 831//792 841//792 829//792
f 841//793 842//793 829//793
f 829//794 842//794 827//794
f 842//795 843//795 827//795
f 844//796 832//796 845//796
f 832//797 830//797 845//797
f 845//798 830//798 783//798
f 830//799 828//799 783//799
f 783//800 828//800 781//800
f 828//801 827//801 781//801
f 781//802 827//802 821//802
f 827//803 843//803 821//803
f 801//804 846//804 794//804
f 846//805 847//805 794//805
f 794//806 847//806 795//806
f 847//807 848//807 795//807
f 795//808 848//808 849//808
f 840//809 787//809 839//809
f 787//810 789//810 839//810
f 839//811 789//811 838//811
f 789//812 791//812 838//812
f 838//813 791//813 837//813
f 791//814 793//814 837//814
f 837//815 793//815 836//815
f 793//816 795//816 836//816
f 836//817 795//817 780//817
f 795//818 849//818 780//818
f 780//819 849//819 778//819
f 843//820 850//820 821//820
f 850//821 851//821 821//821
f 821//822 851//822 822//822
f 851//823 852//823 822//823
f 822//824 852//824 826//824
f 852//825 853//825 826//825
f 826//826 853//826 854//826
f 853//827 855//827 854//827
f 854//828 855//828 856//828
f 855//829 857//829 856//829
f 856//830 857//830 858//830
f 857//831 817//831 858//831
f 858//832 817//832 859//832
f 817//833 816//833 859//833
f 859//834 816//834 860//834
f 815//835 817//835 818//835
f 817//836 857//836 818//836
f 818//837 857//837 809//837
f 857//838 855//838 809//838
f 809//839 855//839 802//839
f 855//840 853//840 802//840
f 802//841 853//841 803//841
f 853//842 852//842 803//842
f 803//843 852//843 805//843
f 852//844 851//844 805//844
f 805//845 851//845 807//845
f 851//846 850//846 807//846
f 807//847 850//847 808//847
f 850//848 843//848 808//848
f 808//849 843//849 813//849
f 843//850 842//850 813//850
f 813//851 842//851 835//851
f 842//852 841//852 835//852
f 835//853 841//853 833//853
f 841//854 831//854 833//854
f 833//855 831//855 861//855
f 831//856 832//856 861//856
f 861//857 832//857 862//857
f 832//858 844//858 862//858
f 862//859 844//859 863//859
f 860//860 864//860 859//860
f 864//861 865//861 859//861
f 859//862 865//862 858//862
f 865//863 866//863 858//863
f 858//864 866//864 856//864
f 866//865 867//865 856//865
f 856//866 867//866 854//866
f 867//867 868//867 854//867
f 854//868 868//868 826//868
f 868//869 869//869 826//869
f 826//870 869//870 825//870
f 869//871 870//871 825//871
f 825//872 870//872 824//872
f 870//873 871//873 824//873
f 824//874 871//874 823//874
f 871//875 872//875 823//875
f 863//876 873//876 862//876
f 873//877 874//877 862//877
f 862//878 874//878 861//878
f 874//879 875//879 861//879
f 861//880 875//880 833//880
f 875//881 876//881 833//881
f 833//882 876//882 834//882
f 876//883 877//883 834//883
f 878//884 797//884 879//884
f 797//885 796//885 879//885
f 879//886 796//886 880//886
f 796//887 788//887 880//887
f 880//888 788//888 881//888
f 788//889 787//889 881//889
f 881//890 787//890 877//890
f 787//891 840//891 877//891
f 877//892 840//892 834//892
f 871//893 870//893 882//893
f 882//894 870//894 883//894
f 884//895 885//895 872//895
f 886//896 887//896 885//896
f 888//897 889//897 890//897
f 889//898 891//898 890//898
f 890//899 891//899 892//899
f 891//900 893//900 892//900
f 892//901 893//901 894//901
f 893//902 895//902 894//902
f 894//903 895//903 896//903
f 895//904 897//904 896//904
f 896//905 897//905 883//905
f 897//906 898//906 883//906
f 883//907 898//907 882//907
f 885//908 884//908 886//908
f 884//909 899//909 886//909
f 886//910 899//910 900//910
f 889//911 901//911 891//911
f 901//912 902//912 891//912
f 891//913 902//913 893//913
f 902//914 903//914 893//914
f 893//915 903//915 895//915
f 903//916 904//916 895//916
f 895//917 904//917 897//917
f 904//918 900//918 897//918
f 897//919 900//919 898//919
f 900//920 899//920 898//920
f 898//921 899//921 882//921
f 899//922 884//922 882//922
f 882//923 884//923 871//923
f 884//924 872//924 871//924
f 869//925 868//925 905//925
f 868//926 867//926 905//926
f 905//927 867//927 906//927
f 867//928 866//928 906//928
f 906//929 866//929 907//929
f 866//930 865//930 907//930
f 907//931 865//931 908//931
f 865//932 864//932 908//932
f 908//933 864//933 909//933
f 870//934 869//934 883//934
f 869//935 905//935 883//935
f 883//936 905//936 896//936
f 905//937 906//937 896//937
f 896//938 906//938 894//938
f 906//939 907//939 894//939
f 894//940 907//940 892//940
f 907//941 908//941 892//941
f 892//942 908//942 890//942
f 908//943 909//943 890//943
f 890//897 909//897 888//897
f 873//944 910//944 874//944
f 910//944 911//944 874//944
f 874//945 911//945 875//945
f 911//945 912//945 875//945
f 875//946 912//946 876//946
f 912//946 913//946 876//946
f 876//947 913//947 877//947
f 913//947 914//947 877//947
f 877//948 914//948 881//948
f 914//948 915//948 881//948
f 881//949 915//949 880//949
f 915//949 916//949 880//949
f 880//950 916//950 879//950
f 916//950 917//950 879//950
f 879//951 917//951 878//951
f 917//951 918//951 878//951
f 919//952 920//952 887//952
f 887//953 886//953 919//953
f 886//954 900//954 919//954
f 919//955 900//955 921//955
f 900//956 922//956 921//956
f 901//957 923//957 924//957
f 900//958 904//958 922//958
f 904//959 903//959 922//959
f 922//960 903//960 924//960
f 903//961 902//961 924//961
f 924//962 902//962 901//962
f 910//963 925//963 911//963
f 925//964 926//964 911//964
f 911//965 926//965 912//965
f 926//966 927//966 912//966
f 912//967 927//967 913//967
f 927//968 928//968 913//968
f 913//969 928//969 914//969
f 928//970 929//970 914//970
f 929//971 930//971 914//971
f 914//972 930//972 915//972
f 930//973 931//973 915//973
f 931//974 932//974 915//974
f 915//975 932//975 916//975
f 932//976 933//976 916//976
f 916//977 933//977 917//977
f 934//978 918//978 935//978
f 918//979 917//979 935//979
f 935//980 917//980 936//980
f 917//981 933//981 936//981
f 937//982 938//982 939//982
f 940//983 941//983 942//983
f 943//984 944//984 945//984
f 946//985 947//985 948//985
f 949//986 950//986 951//986
f 952//987 953//987 948//987
f 954//988 929//988 928//988
f 927//989 955//989 956//989
f 955//990 957//990 956//990
f 956//991 957//991 958//991
f 927//992 926//992 949//992
f 950//993 949//993 959//993
f 949//994 926//994 959//994
f 959//995 926//995 925//995
f 955//996 960//996 957//996
f 960//997 961//997 957//997
f 957//998 961//998 958//998
f 961//999 939//999 958//999
f 962//1000 947//1000 963//1000
f 947//1001 946//1001 963//1001
f 963//1002 946//1002 964//1002
f 965//1003 964//1003 966//1003
f 964//1004 946//1004 966//1004
f 966//1005 946//1005 967//1005
f 946//1006 948//1006 967//1006
f 967//1007 948//1007 968//1007
f 948//1008 953//1008 968//1008
f 943//1009 969//1009 970//1009
f 970//1010 969//1010 971//1010
f 969//1011 972//1011 971//1011
f 971//1012 972//1012 973//1012
f 972//1013 942//1013 973//1013
f 973//1014 942//1014 974//1014
f 942//1015 941//1015 974//1015
f 974//1016 941//1016 975//1016
f 943//1017 945//1017 969//1017
f 945//1018 976//1018 969//1018
f 969//1019 976//1019 972//1019
f 976//1020 977//1020 972//1020
f 972//1021 977//1021 942//1021
f 977//1022 978//1022 942//1022
f 942//1023 978//1023 940//1023
f 979//1024 980//1024 981//1024
f 982//1025 983//1025 979//1025
f 983//1026 984//1026 979//1026
f 979//1027 984//1027 980//1027
f 970//1028 985//1028 943//1028
f 985//1029 986//1029 943//1029
f 943//1030 986//1030 987//1030
f 986//1031 988//1031 987//1031
f 988//1032 989//1032 987//1032
f 989//1033 990//1033 987//1033
f 987//1034 990//1034 982//1034
f 990//1035 991//1035 982//1035
f 982//1036 991//1036 983//1036
f 929//1037 954//1037 930//1037
f 954//1038 992//1038 930//1038
f 930//1039 992//1039 931//1039
f 992//1040 993//1040 931//1040
f 931//1041 993//1041 932//1041
f 993//1042 994//1042 932//1042
f 932//1043 994//1043 933//1043
f 935//1044 936//1044 995//1044
f 936//1045 996//1045 995//1045
f 995//1046 996//1046 997//1046
f 996//1047 938//1047 997//1047
f 997//1048 938//1048 998//1048
f 938//1049 937//1049 998//1049
f 998//1050 937//1050 944//1050
f 936//1051 933//1051 996//1051
f 933//1052 994//1052 996//1052
f 996//1053 994//1053 938//1053
f 994//1054 993//1054 938//1054
f 938//1055 993//1055 939//1055
f 993//1056 992//1056 939//1056
f 939//1057 992//1057 958//1057
f 992//1058 954//1058 958//1058
f 958//1059 954//1059 956//1059
f 954//1060 928//1060 956//1060
f 956//1061 928//1061 927//1061
f 944//1062 943//1062 998//1062
f 943//1063 987//1063 998//1063
f 998//1064 987//1064 997//1064
f 987//1065 982//1065 997//1065
f 997//1066 982//1066 995//1066
f 982//1067 979//1067 995//1067
f 995//1068 979//1068 935//1068
f 979//1069 981//1069 935//1069
f 935//1070 981//1070 934//1070
f 952//1071 999//1071 953//1071
f 999//1072 1000//1072 953//1072
f 953//1073 1000//1073 968//1073
f 1000//1074 1001//1074 968//1074
f 968//1075 1001//1075 1002//1075
f 1002//1076 1003//1076 968//1076
f 1003//1077 1004//1077 968//1077
f 968//1078 1004//1078 967//1078
f 1004//1079 1005//1079 967//1079
f 967//1080 1005//1080 966//1080
f 1005//1081 1006//1081 966//1081
f 966//1082 1006//1082 965//1082
f 1006//1083 1007//1083 965//1083
f 965//1084 1007//1084 1008//1084
f 950//1085 999//1085 951//1085
f 999//1086 952//1086 951//1086
f 951//1087 952//1087 1009//1087
f 952//1088 948//1088 1009//1088
f 1009//1089 948//1089 1010//1089
f 948//1090 947//1090 1010//1090
f 1010//1091 947//1091 1011//1091
f 947//1092 962//1092 1011//1092
f 1011//1093 962//1093 1012//1093
f 962//1094 963//1094 1012//1094
f 1012//1095 963//1095 1013//1095
f 963//1096 964//1096 1013//1096
f 1013//1097 964//1097 1014//1097
f 964//1098 965//1098 1014//1098
f 1014//1099 965//1099 1015//1099
f 965//1100 1008//1100 1015//1100
f 1015//1101 1008//1101 1016//1101
f 927//1102 949//1102 955//1102
f 949//1103 951//1103 955//1103
f 955//1104 951//1104 960//1104
f 951//1105 1009//1105 960//1105
f 960//1106 1009//1106 961//1106
f 1009//1107 1010//1107 961//1107
f 961//1108 1010//1108 939//1108
f 1010//1109 1011//1109 939//1109
f 939//1110 1011//1110 937//1110
f 1011//1111 1012//1111 937//1111
f 937//1112 1012//1112 944//1112
f 1012//1113 1013//1113 944//1113
f 944//1114 1013//1114 945//1114
f 1013//1115 1014//1115 945//1115
f 945//1116 1014//1116 976//1116
f 1014//1117 1015//1117 976//1117
f 976//1118 1015//1118 977//1118
f 1015//1119 1016//1119 977//1119
f 977//1120 1016//1120 978//1120
f 1017//1121 1018//1121 1019//1121
f 1019//1122 1018//1122 1020//1122
f 1018//1123 1021//1123 1020//1123
f 1020//1124 1021//1124 1022//1124
f 1021//1125 1023//1125 1022//1125
f 1022//1126 1023//1126 941//1126
f 1023//1127 1024//1127 941//1127
f 941//1128 1024//1128 975//1128
f 1003//1129 1025//1129 1004//1129
f 1025//1130 1026//1130 1004//1130
f 1004//1131 1026//1131 1005//1131
f 1026//1132 1027//1132 1005//1132
f 1005//1133 1027//1133 1006//1133
f 1007//1134 1028//1134 1008//1134
f 1028//1135 1019//1135 1008//1135
f 1008//1136 1019//1136 1016//1136
f 1019//1137 1020//1137 1016//1137
f 1016//1138 1020//1138 978//1138
f 1020//1139 1022//1139 978//1139
f 978//1140 1022//1140 940//1140
f 1022//1141 941//1141 940//1141
f 1029//1142 1027//1142 1030//1142
f 1027//1143 1026//1143 1030//1143
f 1030//1144 1026//1144 1031//1144
f 1026//1145 1025//1145 1031//1145
f 1031//1146 1025//1146 1032//1146
f 1029//1147 1033//1147 1027//1147
f 1033//1148 1028//1148 1027//1148
f 1027//1149 1028//1149 1006//1149
f 1028//1150 1007//1150 1006//1150
f 1034//1151 1017//1151 1035//1151
f 1017//1152 1019//1152 1035//1152
f 1035//1153 1019//1153 1036//1153
f 1019//1154 1028//1154 1036//1154
f 1036//1155 1028//1155 1037//1155
f 1028//1156 1033//1156 1037//1156
f 1038//1157 1039//1157 1040//1157
f 1041//1158 1042//1158 1043//1158
f 1044//1159 1045//1159 1046//1159
f 1047//1160 1046//1160 1048//1160
f 1049//1161 1050//1161 1051//1161
f 1052//1162 1053//1162 1054//1162
f 1055//1163 1056//1163 1057//1163
f 1041//1164 1058//1164 1059//1164
f 1060//1165 1034//1165 1035//1165
f 1052//1166 1054//1166 1061//1166
f 1062//1167 1063//1167 1064//1167
f 1063//1168 1065//1168 1064//1168
f 1064//1169 1065//1169 1066//1169
f 1062//1170 1067//1170 1063//1170
f 1067//1171 1068//1171 1063//1171
f 1063//1172 1068//1172 1069//1172
f 1068//1173 1070//1173 1069//1173
f 1069//1174 1070//1174 1071//1174
f 1072//1175 1073//1175 1074//1175
f 1072//1176 1074//1176 1075//1176
f 1076//1177 1077//1177 1044//1177
f 1077//1178 1078//1178 1044//1178
f 1044//1179 1078//1179 1045//1179
f 1078//1180 1079//1180 1045//1180
f 1045//1181 1079//1181 1046//1181
f 1080//1182 1029//1182 1081//1182
f 1029//1183 1030//1183 1081//1183
f 1081//1184 1030//1184 1082//1184
f 1030//1185 1083//1185 1082//1185
f 1030//1186 1031//1186 1083//1186
f 1031//1187 1032//1187 1083//1187
f 1083//1188 1032//1188 1084//1188
f 1085//1189 1086//1189 1087//1189
f 1086//1190 1088//1190 1087//1190
f 1087//1191 1088//1191 1089//1191
f 1088//1192 1090//1192 1089//1192
f 1089//1193 1090//1193 1051//1193
f 1090//1194 1091//1194 1051//1194
f 1051//1195 1091//1195 1049//1195
f 1092//1196 1093//1196 1091//1196
f 1093//1197 1094//1197 1091//1197
f 1091//1198 1094//1198 1049//1198
f 1046//1199 1047//1199 1044//1199
f 1047//1200 1043//1200 1044//1200
f 1044//1201 1043//1201 1076//1201
f 1043//1202 1042//1202 1076//1202
f 1076//1203 1042//1203 1095//1203
f 1042//1204 1041//1204 1095//1204
f 1095//1205 1041//1205 1057//1205
f 1041//1206 1059//1206 1057//1206
f 1057//1207 1059//1207 1055//1207
f 1096//1208 1097//1208 1098//1208
f 1099//1209 1100//1209 1097//1209
f 1039//1210 1099//1210 1040//1210
f 1099//1211 1097//1211 1040//1211
f 1040//1212 1097//1212 1101//1212
f 1097//1213 1096//1213 1101//1213
f 1101//1214 1096//1214 1102//1214
f 1098//1215 1103//1215 1104//1215
f 1048//1216 1102//1216 1047//1216
f 1102//1217 1096//1217 1047//1217
f 1047//1218 1096//1218 1043//1218
f 1096//1219 1098//1219 1043//1219
f 1043//1220 1098//1220 1041//1220
f 1098//1221 1104//1221 1041//1221
f 1041//1222 1104//1222 1058//1222
f 1100//1223 1105//1223 1097//1223
f 1105//1224 1106//1224 1097//1224
f 1097//1225 1106//1225 1098//1225
f 1106//1226 1107//1226 1098//1226
f 1098//1227 1107//1227 1103//1227
f 1060//1228 1035//1228 1053//1228
f 1035//1229 1036//1229 1053//1229
f 1053//1230 1036//1230 1054//1230
f 1036//1231 1037//1231 1054//1231
f 1054//1232 1037//1232 1033//1232
f 1069//1233 1108//1233 1063//1233
f 1108//1234 1075//1234 1063//1234
f 1063//1235 1075//1235 1065//1235
f 1075//1236 1074//1236 1065//1236
f 1065//1237 1074//1237 1066//1237
f 1071//1238 1061//1238 1069//1238
f 1061//1239 1054//1239 1069//1239
f 1069//1240 1054//1240 1080//1240
f 1054//1241 1033//1241 1080//1241
f 1080//1242 1033//1242 1029//1242
f 1050//1243 1038//1243 1051//1243
f 1038//1244 1040//1244 1051//1244
f 1051//1245 1040//1245 1089//1245
f 1040//1246 1101//1246 1089//1246
f 1089//1247 1101//1247 1087//1247
f 1101//1248 1102//1248 1087//1248
f 1087//1249 1102//1249 1085//1249
f 1102//1250 1048//1250 1085//1250
f 1084//1251 1092//1251 1083//1251
f 1092//1252 1091//1252 1083//1252
f 1083//1253 1091//1253 1082//1253
f 1091//1254 1090//1254 1082//1254
f 1082//1255 1090//1255 1081//1255
f 1090//1256 1088//1256 1081//1256
f 1081//1257 1088//1257 1080//1257
f 1088//1258 1086//1258 1080//1258
f 1080//1259 1086//1259 1069//1259
f 1086//1260 1085//1260 1069//1260
f 1069//1261 1085//1261 1108//1261
f 1085//1262 1048//1262 1108//1262
f 1108//1263 1048//1263 1075//1263
f 1048//1264 1046//1264 1075//1264
f 1075//1265 1046//1265 1072//1265
f 1046//1266 1079//1266 1072//1266
f 1072//1267 1079//1267 1073//1267
f 622//2 603//2 601//2
f 603//2 1109//2 601//2
f 601//2 1109//2 600//2
f 620//2 619//2 601//2
f 619//2 623//2 601//2
f 601//2 623//2 622//2
f 617//2 616//2 601//2
f 616//2 621//2 601//2
f 601//2 621//2 620//2
f 614//2 613//2 601//2
f 613//2 618//2 601//2
f 601//2 618//2 617//2
f 611//2 610//2 601//2
f 610//2 615//2 601//2
f 601//2 615//2 614//2
f 608//2 607//2 601//2
f 607//2 612//2 601//2
f 601//2 612//2 611//2
f 605//2 604//2 601//2
f 604//2 609//2 601//2
f 601//2 609//2 608//2
f 600//2 599//2 601//2
f 599//2 606//2 601//2
f 601//2 606//2 605//2
f 1110//685 610//685 1111//685
f 610//686 611//686 1111//686
f 1111//686 611//686 1112//686
f 611//687 612//687 1112//687
f 1112//687 612//687 1113//687
f 612//688 607//688 1113//688
f 1113//688 607//688 1114//688
f 607//689 608//689 1114//689
f 1114//689 608//689 1115//689
f 608//690 609//690 1115//690
f 1115//690 609//690 1116//690
f 609//691 604//691 1116//691
f 1116//691 604//691 1117//691
f 604//692 605//692 1117//692
f 1117//692 605//692 1118//692
f 605//693 606//693 1118//693
f 1118//693 606//693 1119//693
f 606//694 599//694 1119//694
f 1119//694 599//694 1120//694
f 599//695 600//695 1120//695
f 1120//695 600//695 1121//695
f 600//696 1109//696 1121//696
f 1121//1268 1109//1268 1122//1268
f 1109//1269 603//1269 1122//1269
f 1122//699 603//699 1123//699
f 603//700 622//700 1123//700
f 1123//700 622//700 1124//700
f 622//701 623//701 1124//701
f 1124//701 623//701 1125//701
f 623//702 619//702 1125//702
f 1125//702 619//702 1126//702
f 619//703 620//703 1126//703
f 1126//703 620//703 1127//703
f 620//704 621//704 1127//704
f 1127//704 621//704 1128//704
f 621//705 616//705 1128//705
f 1128//705 616//705 1129//705
f 616//706 617//706 1129//706
f 1129//706 617//706 1130//706
f 617//707 618//707 1130//707
f 1130//707 618//707 1131//707
f 618//708 613//708 1131//708
f 1131//708 613//708 1132//708
f 613//709 614//709 1132//709
f 1132//709 614//709 1133//709
f 614//710 615//710 1133//710
f 1133//710 615//710 1110//710
f 615//685 610//685 1110//685
f 426//2 427//2 430//2
f 427//2 1134//2 430//2
f 430//2 1134//2 405//2
f 423//2 424//2 430//2
f 424//2 425//2 430//2
f 430//2 425//2 426//2
f 420//2 421//2 430//2
f 421//2 422//2 430//2
f 430//2 422//2 423//2
f 417//2 418//2 430//2
f 418//2 419//2 430//2
f 430//2 419//2 420//2
f 414//2 415//2 430//2
f 415//2 1135//2 430//2
f 430//2 1135//2 417//2
f 411//2 412//2 430//2
f 412//2 413//2 430//2
f 430//2 413//2 414//2
f 408//2 409//2 430//2
f 409//2 410//2 430//2
f 430//2 410//2 411//2
f 405//2 406//2 430//2
f 406//2 407//2 430//2
f 430//2 407//2 408//2
f 1136//1270 415//1270 1137//1270
f 415//1271 414//1271 1137//1271
f 1137//1271 414//1271 1138//1271
f 414//101 413//101 1138//101
f 1138//101 413//101 1139//101
f 413//1272 412//1272 1139//1272
f 1139//1272 412//1272 1140//1272
f 412//689 411//689 1140//689
f 1140//689 411//689 1141//689
f 411//1273 410//1273 1141//1273
f 1141//1273 410//1273 1142//1273
f 410//1274 409//1274 1142//1274
f 1142//1274 409//1274 1143//1274
f 409//692 408//692 1143//692
f 1143//692 408//692 1144//692
f 408//1275 407//1275 1144//1275
f 1144//1275 407//1275 1145//1275
f 407//1276 406//1276 1145//1276
f 1145//1276 406//1276 1146//1276
f 406//1277 405//1277 1146//1277
f 1146//1277 405//1277 1147//1277
f 405//1278 1134//1278 1147//1278
f 1147//1279 1134//1279 1148//1279
f 1134//1280 427//1280 1148//1280
f 1148//1281 427//1281 1149//1281
f 427//1282 426//1282 1149//1282
f 1149//1282 426//1282 1150//1282
f 426//1283 425//1283 1150//1283
f 1150//1283 425//1283 1151//1283
f 425//1284 424//1284 1151//1284
f 1151//1284 424//1284 1152//1284
f 424//703 423//703 1152//703
f 1152//703 423//703 1153//703
f 423//1285 422//1285 1153//1285
f 1153//1285 422//1285 1154//1285
f 422//1286 421//1286 1154//1286
f 1154//1286 421//1286 1155//1286
f 421//706 420//706 1155//706
f 1155//706 420//706 1156//706
f 420//1287 419//1287 1156//1287
f 1156//1287 419//1287 1157//1287
f 419//94 418//94 1157//94
f 1157//94 418//94 1158//94
f 418//1288 417//1288 1158//1288
f 1158//1288 417//1288 1159//1288
f 417//1289 1135//1289 1159//1289
f 1159//1289 1135//1289 1136//1289
f 1135//1270 415//1270 1136//1270
f 1160//2 1161//2 1162//2
f 1161//2 1163//2 1162//2
f 1162//2 1163//2 1164//2
f 1165//2 1166//2 1162//2
f 1166//2 1167//2 1162//2
f 1162//2 1167//2 1160//2
f 1168//2 1169//2 1162//2
f 1169//2 1170//2 1162//2
f 1162//2 1170//2 1165//2
f 1171//2 1172//2 1162//2
f 1172//2 1173//2 1162//2
f 1162//2 1173//2 1168//2
f 1174//2 1175//2 1162//2
f 1175//2 1176//2 1162//2
f 1162//2 1176//2 1171//2
f 1177//2 1178//2 1162//2
f 1178//2 1179//2 1162//2
f 1162//2 1179//2 1174//2
f 1180//2 1181//2 1162//2
f 1181//2 1182//2 1162//2
f 1162//2 1182//2 1177//2
f 1164//2 1183//2 1162//2
f 1183//2 1184//2 1162//2
f 1162//2 1184//2 1180//2
f 1185//1290 1175//1290 1186//1290
f 1175//1271 1174//1271 1186//1271
f 1186//1271 1174//1271 1187//1271
f 1174//1291 1179//1291 1187//1291
f 1187//1291 1179//1291 1188//1291
f 1179//1272 1178//1272 1188//1272
f 1188//1272 1178//1272 1189//1272
f 1178//689 1177//689 1189//689
f 1189//689 1177//689 1190//689
f 1177//1273 1182//1273 1190//1273
f 1190//1273 1182//1273 1191//1273
f 1182//1292 1181//1292 1191//1292
f 1191//1292 1181//1292 1192//1292
f 1181//692 1180//692 1192//692
f 1192//692 1180//692 1193//692
f 1180//1293 1184//1293 1193//1293
f 1193//1293 1184//1293 1194//1293
f 1184//1294 1183//1294 1194//1294
f 1194//1294 1183//1294 1195//1294
f 1183//1295 1164//1295 1195//1295
f 1195//1295 1164//1295 1196//1295
f 1164//1296 1163//1296 1196//1296
f 1196//1297 1163//1297 1197//1297
f 1163//1298 1161//1298 1197//1298
f 1197//1299 1161//1299 1198//1299
f 1161//1300 1160//1300 1198//1300
f 1198//1300 1160//1300 1199//1300
f 1160//1301 1167//1301 1199//1301
f 1199//1301 1167//1301 1200//1301
f 1167//1302 1166//1302 1200//1302
f 1200//1302 1166//1302 1201//1302
f 1166//703 1165//703 1201//703
f 1201//703 1165//703 1202//703
f 1165//1303 1170//1303 1202//1303
f 1202//1303 1170//1303 1203//1303
f 1170//1286 1169//1286 1203//1286
f 1203//1286 1169//1286 1204//1286
f 1169//706 1168//706 1204//706
f 1204//706 1168//706 1205//706
f 1168//1287 1173//1287 1205//1287
f 1205//1287 1173//1287 1206//1287
f 1173//1304 1172//1304 1206//1304
f 1206//1304 1172//1304 1207//1304
f 1172//1288 1171//1288 1207//1288
f 1207//1288 1171//1288 1208//1288
f 1171//1305 1176//1305 1208//1305
f 1208//1305 1176//1305 1185//1305
f 1176//1290 1175//1290 1185//1290
f 1209//2 1210//2 1211//2
f 1210//2 1212//2 1211//2
f 1211//2 1212//2 1213//2
f 1214//2 1215//2 1211//2
f 1215//2 1216//2 1211//2
f 1211//2 1216//2 1209//2
f 1217//2 1218//2 1211//2
f 1218//2 1219//2 1211//2
f 1211//2 1219//2 1214//2
f 1220//2 1221//2 1211//2
f 1221//2 1222//2 1211//2
f 1211//2 1222//2 1217//2
f 1223//2 1224//2 1211//2
f 1224//2 1225//2 1211//2
f 1211//2 1225//2 1220//2
f 1226//2 1227//2 1211//2
f 1227//2 1228//2 1211//2
f 1211//2 1228//2 1223//2
f 1229//2 1230//2 1211//2
f 1230//2 1231//2 1211//2
f 1211//2 1231//2 1226//2
f 1213//2 1232//2 1211//2
f 1232//2 1233//2 1211//2
f 1211//2 1233//2 1229//2
f 1234//1306 1225//1306 1235//1306
f 1225//1306 1224//1306 1235//1306
f 1235//700 1224//700 1236//700
f 1224//700 1223//700 1236//700
f 1236//1307 1223//1307 1237//1307
f 1223//1307 1228//1307 1237//1307
f 1237//702 1228//702 1238//702
f 1228//702 1227//702 1238//702
f 1238//1308 1227//1308 1239//1308
f 1227//1308 1226//1308 1239//1308
f 1239//704 1226//704 1240//704
f 1226//704 1231//704 1240//704
f 1240//1309 1231//1309 1241//1309
f 1231//1309 1230//1309 1241//1309
f 1241//1310 1230//1310 1242//1310
f 1230//1310 1229//1310 1242//1310
f 1242//1311 1229//1311 1243//1311
f 1229//1311 1233//1311 1243//1311
f 1243//1312 1233//1312 1244//1312
f 1233//1312 1232//1312 1244//1312
f 1244//1313 1232//1313 1245//1313
f 1232//1313 1213//1313 1245//1313
f 1245//1314 1213//1314 1246//1314
f 1213//1315 1212//1315 1246//1315
f 1246//1316 1212//1316 1247//1316
f 1212//1317 1210//1317 1247//1317
f 1247//1318 1210//1318 1248//1318
f 1210//1318 1209//1318 1248//1318
f 1248//1319 1209//1319 1249//1319
f 1209//1319 1216//1319 1249//1319
f 1249//1320 1216//1320 1250//1320
f 1216//1320 1215//1320 1250//1320
f 1250//1321 1215//1321 1251//1321
f 1215//1321 1214//1321 1251//1321
f 1251//1322 1214//1322 1252//1322
f 1214//1322 1219//1322 1252//1322
f 1252//691 1219//691 1253//691
f 1219//691 1218//691 1253//691
f 1253//1323 1218//1323 1254//1323
f 1218//1323 1217//1323 1254//1323
f 1254//693 1217//693 1255//693
f 1217//693 1222//693 1255//693
f 1255//1324 1222//1324 1256//1324
f 1222//1324 1221//1324 1256//1324
f 1256//695 1221//695 1257//695
f 1221//695 1220//695 1257//695
f 1257//1325 1220//1325 1234//1325
f 1220//1325 1225//1325 1234//1325
f 1258//685 1259//685 1260//685
f 1259//686 1261//686 1260//686
f 1260//686 1261//686 1262//686
f 1261//1326 1263//1326 1262//1326
f 1262//1326 1263//1326 1264//1326
f 1263//1327 1265//1327 1264//1327
f 1264//1327 1265//1327 1266//1327
f 1265//689 1267//689 1266//689
f 1266//689 1267//689 1268//689
f 1267//1328 1269//1328 1268//1328
f 1268//1328 1269//1328 1270//1328
f 1269//1329 1271//1329 1270//1329
f 1270//1329 1271//1329 1272//1329
f 1271//692 1273//692 1272//692
f 1272//692 1273//692 1274//692
f 1273//1330 1275//1330 1274//1330
f 1274//1330 1275//1330 1276//1330
f 1275//1331 1277//1331 1276//1331
f 1276//1331 1277//1331 1278//1331
f 1277//695 1279//695 1278//695
f 1278//695 1279//695 1280//695
f 1279//1332 1281//1332 1280//1332
f 1280//1333 1281//1333 1282//1333
f 1281//1334 1283//1334 1282//1334
f 1282//1335 1283//1335 1284//1335
f 1283//700 1285//700 1284//700
f 1284//700 1285//700 1286//700
f 1285//1336 1287//1336 1286//1336
f 1286//1336 1287//1336 1288//1336
f 1287//1337 1289//1337 1288//1337
f 1288//1337 1289//1337 1290//1337
f 1289//703 1291//703 1290//703
f 1290//703 1291//703 1292//703
f 1291//1338 1293//1338 1292//1338
f 1292//1338 1293//1338 1294//1338
f 1293//1339 1295//1339 1294//1339
f 1294//1339 1295//1339 1296//1339
f 1295//706 1297//706 1296//706
f 1296//706 1297//706 1298//706
f 1297//1340 1299//1340 1298//1340
f 1298//1340 1299//1340 1300//1340
f 1299//1341 1301//1341 1300//1341
f 1300//1341 1301//1341 1302//1341
f 1301//709 1303//709 1302//709
f 1302//709 1303//709 1304//709
f 1303//710 1305//710 1304//710
f 1304//710 1305//710 1258//710
f 1305//685 1259//685 1258//685
f 1239//2 1267//2 1238//2
f 1267//2 1265//2 1238//2
f 1238//2 1265//2 1237//2
f 1265//2 1263//2 1237//2
f 1237//2 1263//2 1236//2
f 1263//2 1261//2 1236//2
f 1236//2 1261//2 1235//2
f 1261//2 1259//2 1235//2
f 1235//2 1259//2 1234//2
f 1259//2 1305//2 1234//2
f 1234//2 1305//2 1257//2
f 1305//2 1303//2 1257//2
f 1257//2 1303//2 1256//2
f 1303//2 1301//2 1256//2
f 1256//2 1301//2 1255//2
f 1301//2 1299//2 1255//2
f 1255//2 1299//2 1254//2
f 1299//2 1297//2 1254//2
f 1254//2 1297//2 1253//2
f 1297//2 1295//2 1253//2
f 1253//2 1295//2 1252//2
f 1295//2 1293//2 1252//2
f 1252//2 1293//2 1251//2
f 1293//2 1291//2 1251//2
f 1251//2 1291//2 1250//2
f 1291//2 1289//2 1250//2
f 1250//2 1289//2 1249//2
f 1289//2 1287//2 1249//2
f 1249//2 1287//2 1248//2
f 1287//2 1285//2 1248//2
f 1248//2 1285//2 1247//2
f 1285//2 1283//2 1247//2
f 1247//2 1283//2 1246//2
f 1283//2 1281//2 1246//2
f 1246//2 1281//2 1245//2
f 1281//2 1279//2 1245//2
f 1245//2 1279//2 1244//2
f 1279//2 1277//2 1244//2
f 1244//2 1277//2 1243//2
f 1277//2 1275//2 1243//2
f 1243//2 1275//2 1242//2
f 1275//2 1273//2 1242//2
f 1242//2 1273//2 1241//2
f 1273//2 1271//2 1241//2
f 1241//2 1271//2 1240//2
f 1271//2 1269//2 1240//2
f 1240//2 1269//2 1239//2
f 1269//2 1267//2 1239//2
f 1145//2 1258//2 1144//2
f 1258//2 1143//2 1144//2
f 1145//2 1146//2 1258//2
f 1146//2 1147//2 1258//2
f 1258//2 1147//2 1304//2
f 1147//2 1148//2 1304//2
f 1304//2 1148//2 1302//2
f 1148//2 1300//2 1302//2
f 627//2 631//2 1284//2
f 631//2 1282//2 1284//2
f 1204//2 1122//2 1123//2
f 1157//2 1158//2 1197//2
f 627//2 1284//2 687//2
f 1284//2 1286//2 687//2
f 687//2 1286//2 686//2
f 1286//2 1288//2 686//2
f 686//2 1288//2 684//2
f 631//2 1306//2 1282//2
f 1306//2 670//2 1282//2
f 1282//2 670//2 1280//2
f 670//2 672//2 1280//2
f 1280//2 672//2 1278//2
f 672//2 692//2 1278//2
f 1278//2 692//2 1276//2
f 692//2 694//2 1276//2
f 1276//2 694//2 1274//2
f 1199//2 1200//2 680//2
f 1200//2 1201//2 680//2
f 1111//2 717//2 1110//2
f 717//2 1307//2 1110//2
f 1110//2 1307//2 1133//2
f 1307//2 646//2 1133//2
f 1133//2 646//2 1132//2
f 646//2 644//2 1132//2
f 1132//2 644//2 1131//2
f 644//2 642//2 1131//2
f 1131//2 642//2 1130//2
f 642//2 640//2 1130//2
f 1130//2 640//2 1129//2
f 1204//2 1205//2 1122//2
f 1205//2 1206//2 1122//2
f 1122//2 1206//2 1207//2
f 680//2 1151//2 1152//2
f 657//2 1128//2 673//2
f 1128//2 1129//2 673//2
f 673//2 1129//2 638//2
f 1129//2 640//2 638//2
f 1258//2 1260//2 1143//2
f 1260//2 1262//2 1143//2
f 1143//2 1262//2 1264//2
f 1207//2 1208//2 1122//2
f 1208//2 1185//2 1122//2
f 1122//2 1185//2 1121//2
f 1185//2 1186//2 1121//2
f 1121//2 1186//2 1120//2
f 1186//2 1187//2 1120//2
f 1120//2 1187//2 1188//2
f 684//2 1288//2 682//2
f 1288//2 1290//2 682//2
f 682//2 1290//2 680//2
f 1290//2 1292//2 680//2
f 680//2 1292//2 1294//2
f 1152//2 1153//2 680//2
f 1153//2 1154//2 680//2
f 680//2 1154//2 1155//2
f 1201//2 1202//2 680//2
f 1202//2 1203//2 680//2
f 680//2 1203//2 657//2
f 1123//2 1124//2 1204//2
f 1124//2 1125//2 1204//2
f 1204//2 1125//2 1203//2
f 1125//2 1126//2 1203//2
f 1203//2 1126//2 657//2
f 1126//2 1127//2 657//2
f 657//2 1127//2 1128//2
f 1151//2 680//2 1150//2
f 680//2 1294//2 1150//2
f 1150//2 1294//2 1149//2
f 1294//2 1296//2 1149//2
f 1149//2 1296//2 1148//2
f 1296//2 1298//2 1148//2
f 1148//2 1298//2 1300//2
f 1199//2 680//2 1198//2
f 680//2 1155//2 1198//2
f 1198//2 1155//2 1197//2
f 1155//2 1156//2 1197//2
f 1197//2 1156//2 1157//2
f 1195//2 1196//2 700//2
f 1191//2 1192//2 700//2
f 1138//2 1139//2 1196//2
f 1116//2 729//2 1115//2
f 729//2 727//2 1115//2
f 1115//2 727//2 1114//2
f 727//2 725//2 1114//2
f 1114//2 725//2 1113//2
f 725//2 723//2 1113//2
f 1113//2 723//2 1112//2
f 723//2 721//2 1112//2
f 1112//2 721//2 1111//2
f 721//2 719//2 1111//2
f 1111//2 719//2 717//2
f 1192//2 1193//2 700//2
f 1193//2 1194//2 700//2
f 700//2 1194//2 1195//2
f 1158//2 1159//2 1197//2
f 1159//2 1136//2 1197//2
f 1197//2 1136//2 1196//2
f 1136//2 1137//2 1196//2
f 1196//2 1137//2 1138//2
f 700//2 1272//2 698//2
f 1272//2 1274//2 698//2
f 698//2 1274//2 696//2
f 1274//2 694//2 696//2
f 1116//2 1117//2 729//2
f 1117//2 1118//2 729//2
f 729//2 1118//2 1119//2
f 1188//2 1189//2 1120//2
f 1189//2 1190//2 1120//2
f 1120//2 1190//2 1119//2
f 1190//2 1191//2 1119//2
f 1119//2 1191//2 729//2
f 1191//2 700//2 729//2
f 1139//2 1140//2 1196//2
f 1140//2 1141//2 1196//2
f 1196//2 1141//2 700//2
f 1141//2 1142//2 700//2
f 700//2 1142//2 1143//2
f 1264//2 1266//2 1143//2
f 1266//2 1268//2 1143//2
f 1143//2 1268//2 700//2
f 1268//2 1270//2 700//2
f 700//2 1270//2 1272//2
f 670//111 1308//111 1309//111
f 670//111 1309//111 672//111
f 1309//112 1310//112 672//112
f 672//112 1310//112 692//112
f 1310//113 1311//113 692//113
f 692//113 1311//113 694//113
f 1311//114 1312//114 694//114
f 694//114 1312//114 696//114
f 1312//115 1313//115 696//115
f 696//115 1313//115 698//115
f 1313//116 1314//116 698//116
f 698//116 1314//116 700//116
f 729//56 700//56 1315//56
f 700//56 1314//56 1315//56
f 729//63 1315//63 1316//63
f 729//63 1316//63 727//63
f 1316//64 1317//64 727//64
f 727//64 1317//64 725//64
f 1317//65 1318//65 725//65
f 725//65 1318//65 723//65
f 1318//66 1319//66 723//66
f 723//66 1319//66 721//66
f 1319//67 1320//67 721//67
f 721//67 1320//67 719//67
f 1320//68 1321//68 719//68
f 719//68 1321//68 717//68
f 717//69 1321//69 1307//69
f 1321//69 1322//69 1307//69
f 1307//70 1322//70 646//70
f 1322//70 1323//70 646//70
f 646//71 1323//71 1324//71
f 646//71 1324//71 644//71
f 1324//72 1325//72 644//72
f 644//72 1325//72 642//72
f 1325//73 1326//73 642//73
f 642//73 1326//73 640//73
f 1326//74 1327//74 640//74
f 640//74 1327//74 638//74
f 1327//75 1328//75 638//75
f 638//75 1328//75 673//75
f 1328//76 1329//76 673//76
f 673//76 1329//76 657//76
f 680//62 657//62 1330//62
f 657//62 1329//62 1330//62
f 680//77 1330//77 1331//77
f 680//77 1331//77 682//77
f 1331//78 1332//78 682//78
f 682//78 1332//78 684//78
f 1332//79 1333//79 684//79
f 684//79 1333//79 686//79
f 1333//80 1334//80 686//80
f 686//80 1334//80 687//80
f 1334//81 1335//81 687//81
f 687//81 1335//81 627//81
f 1335//82 1336//82 627//82
f 627//82 1336//82 631//82
f 631//83 1336//83 1306//83
f 1336//83 1337//83 1306//83
f 1306//84 1337//84 670//84
f 1337//84 1308//84 670//84
f 1338//57 1339//57 1340//57
f 1339//57 1341//57 1340//57
f 1342//49 1343//49 1344//49
f 1343//49 1345//49 1344//49
f 1346//56 1344//56 1345//56
f 1339//56 1338//56 1347//56
f 1339//56 1347//56 1348//56
f 1347//56 1349//56 1348//56
f 1348//56 1349//56 1350//56
f 1351//56 1352//56 1349//56
f 1353//56 1354//56 1349//56
f 1354//56 1355//56 1349//56
f 1355//56 1356//56 1349//56
f 1356//56 1357//56 1349//56
f 1349//56 1357//56 1350//56
f 1352//56 1358//56 1349//56
f 1358//56 1359//56 1349//56
f 1349//56 1359//56 1353//56
f 1346//56 1345//56 1349//56
f 1345//56 1360//56 1349//56
f 1349//56 1360//56 1351//56
f 1361//62 1340//62 1341//62
f 1362//62 1363//62 1364//62
f 1365//62 1366//62 1362//62
f 1361//62 1341//62 1362//62
f 1341//62 1367//62 1362//62
f 1362//62 1367//62 1365//62
f 1364//62 1368//62 1362//62
f 1368//62 1369//62 1362//62
f 1362//62 1369//62 1370//62
f 1366//62 1371//62 1362//62
f 1371//62 1372//62 1362//62
f 1362//62 1372//62 1363//62
f 1370//62 1373//62 1362//62
f 1373//62 1374//62 1362//62
f 1362//62 1374//62 1375//62
f 1374//62 1343//62 1375//62
f 1375//62 1343//62 1342//62
f 1341//1342 1339//1342 1367//1342
f 1339//1342 1348//1342 1367//1342
f 1367//1343 1348//1343 1365//1343
f 1348//1343 1350//1343 1365//1343
f 1365//1344 1350//1344 1366//1344
f 1350//1344 1357//1344 1366//1344
f 1366//1345 1357//1345 1371//1345
f 1357//1345 1356//1345 1371//1345
f 1371//1346 1356//1346 1372//1346
f 1356//1346 1355//1346 1372//1346
f 1372//1347 1355//1347 1363//1347
f 1355//1347 1354//1347 1363//1347
f 1354//1 1353//1 1363//1
f 1353//1 1364//1 1363//1
f 1364//1348 1353//1348 1368//1348
f 1353//1348 1359//1348 1368//1348
f 1368//1349 1359//1349 1369//1349
f 1359//1349 1358//1349 1369//1349
f 1369//1350 1358//1350 1370//1350
f 1358//1350 1352//1350 1370//1350
f 1370//1351 1352//1351 1373//1351
f 1352//1351 1351//1351 1373//1351
f 1373//1352 1351//1352 1374//1352
f 1351//1352 1360//1352 1374//1352
f 1374//1353 1360//1353 1343//1353
f 1360//1353 1345//1353 1343//1353
f 1376//1354 1377//1354 1378//1354
f 1379//1355 1380//1355 1381//1355
f 1382//1356 1383//1356 1384//1356
f 1385//1357 1386//1357 1387//1357
f 1386//1357 1388//1357 1387//1357
f 1387//1358 1388//1358 1389//1358
f 1388//1359 1390//1359 1389//1359
f 1391//1360 1392//1360 1393//1360
f 1392//1361 1394//1361 1393//1361
f 1393//1362 1394//1362 1395//1362
f 1394//1362 1396//1362 1395//1362
f 1395//1363 1396//1363 1397//1363
f 1396//1363 1398//1363 1397//1363
f 1397//1364 1398//1364 1399//1364
f 1398//1364 1400//1364 1399//1364
f 1399//1365 1400//1365 1401//1365
f 1400//1365 1402//1365 1401//1365
f 1401//1366 1402//1366 1403//1366
f 1402//1367 1404//1367 1403//1367
f 1405//1368 1406//1368 1407//1368
f 1406//1369 1408//1369 1407//1369
f 1407//1370 1408//1370 1409//1370
f 1408//1370 1410//1370 1409//1370
f 1409//1371 1410//1371 1411//1371
f 1410//1371 1412//1371 1411//1371
f 1411//1372 1412//1372 1413//1372
f 1414//1373 1415//1373 1416//1373
f 1415//1373 1417//1373 1416//1373
f 1416//1374 1417//1374 1377//1374
f 1417//1375 1418//1375 1377//1375
f 1377//1376 1418//1376 1378//1376
f 1418//1376 1419//1376 1378//1376
f 1378//1377 1419//1377 1420//1377
f 1419//1378 1421//1378 1420//1378
f 1420//1379 1421//1379 1422//1379
f 1421//1379 1423//1379 1422//1379
f 1422//1380 1423//1380 1424//1380
f 1423//1380 1425//1380 1424//1380
f 1424//1381 1425//1381 1426//1381
f 1425//1381 1427//1381 1426//1381
f 1426//1382 1427//1382 1428//1382
f 1427//1382 1429//1382 1428//1382
f 1428//1383 1429//1383 1430//1383
f 1431//1384 1342//1384 1344//1384
f 1342//1385 1431//1385 1375//1385
f 1431//1386 1432//1386 1375//1386
f 1375//1387 1432//1387 1362//1387
f 1432//1387 1433//1387 1362//1387
f 1362//1388 1433//1388 1361//1388
f 1433//1388 1434//1388 1361//1388
f 1361//1389 1434//1389 1340//1389
f 1434//1390 1435//1390 1340//1390
f 1340//1391 1435//1391 1338//1391
f 1436//1392 1406//1392 1437//1392
f 1406//1392 1405//1392 1437//1392
f 1437//1393 1405//1393 1381//1393
f 1405//1393 1430//1393 1381//1393
f 1381//1355 1430//1355 1379//1355
f 1430//1394 1429//1394 1379//1394
f 1378//1354 1431//1354 1376//1354
f 1431//1384 1344//1384 1376//1384
f 1376//1395 1344//1395 1438//1395
f 1344//1396 1346//1396 1438//1396
f 1438//1387 1346//1387 1439//1387
f 1346//1387 1349//1387 1439//1387
f 1439//1388 1349//1388 1440//1388
f 1349//1388 1347//1388 1440//1388
f 1440//1397 1347//1397 1441//1397
f 1347//1398 1338//1398 1441//1398
f 1338//1391 1435//1391 1441//1391
f 1441//1399 1435//1399 1390//1399
f 1435//1399 1392//1399 1390//1399
f 1390//1400 1392//1400 1389//1400
f 1392//1400 1391//1400 1389//1400
f 1442//1401 1403//1401 1443//1401
f 1403//1401 1404//1401 1443//1401
f 1443//1402 1404//1402 1384//1402
f 1404//1402 1413//1402 1384//1402
f 1384//1356 1413//1356 1382//1356
f 1413//1403 1412//1403 1382//1403
f 1384//56 1383//56 1444//56
f 1445//56 1386//56 1446//56
f 1446//56 1447//56 1445//56
f 1447//56 1448//56 1445//56
f 1445//56 1448//56 1444//56
f 1448//56 1449//56 1444//56
f 1381//56 1380//56 1450//56
f 1451//56 1436//56 1437//56
f 1449//56 1442//56 1444//56
f 1442//56 1443//56 1444//56
f 1444//56 1443//56 1384//56
f 1386//56 1445//56 1388//56
f 1445//56 1452//56 1388//56
f 1388//56 1452//56 1390//56
f 1452//56 1453//56 1390//56
f 1390//56 1453//56 1441//56
f 1453//56 1454//56 1441//56
f 1441//56 1454//56 1440//56
f 1454//56 1455//56 1440//56
f 1440//56 1455//56 1439//56
f 1456//56 1457//56 1458//56
f 1457//56 1414//56 1458//56
f 1458//56 1414//56 1459//56
f 1414//56 1416//56 1459//56
f 1459//56 1416//56 1460//56
f 1416//56 1377//56 1460//56
f 1460//56 1377//56 1461//56
f 1377//56 1376//56 1461//56
f 1461//56 1376//56 1462//56
f 1376//56 1438//56 1462//56
f 1462//56 1438//56 1463//56
f 1438//56 1439//56 1463//56
f 1463//56 1439//56 1464//56
f 1439//56 1455//56 1464//56
f 1437//56 1381//56 1451//56
f 1381//56 1450//56 1451//56
f 1451//56 1450//56 1458//56
f 1450//56 1465//56 1458//56
f 1458//56 1465//56 1456//56
f 1466//1 920//1 919//1
f 919//1 921//1 1466//1
f 921//1 922//1 1466//1
f 1466//1 922//1 1467//1
f 922//1 924//1 1467//1
f 1467//1 924//1 923//1
f 975//49 1024//49 1468//49
f 864//57 860//57 1469//57
f 1018//56 1017//56 1470//56
f 1471//56 1472//56 1473//56
f 1474//56 1475//56 1473//56
f 1476//56 1477//56 1478//56
f 1479//56 1480//56 1478//56
f 1481//56 1482//56 1483//56
f 1484//56 1485//56 1483//56
f 1486//56 1487//56 1488//56
f 1489//56 1490//56 1488//56
f 1491//56 1492//56 1493//56
f 1494//56 1495//56 1493//56
f 1496//56 1497//56 1498//56
f 1499//56 1500//56 1501//56
f 1502//56 1503//56 1504//56
f 1503//56 1498//56 1504//56
f 1500//56 1505//56 1501//56
f 1505//56 1506//56 1501//56
f 1501//56 1506//56 1507//56
f 1508//56 1509//56 1498//56
f 1509//56 1510//56 1498//56
f 1498//56 1510//56 1504//56
f 1507//56 1511//56 1501//56
f 1511//56 1512//56 1501//56
f 1501//56 1512//56 1498//56
f 1512//56 1513//56 1498//56
f 1498//56 1513//56 1496//56
f 1514//56 1515//56 1498//56
f 1515//56 1516//56 1498//56
f 1498//56 1516//56 1508//56
f 1517//56 1497//56 1518//56
f 1497//56 1519//56 1518//56
f 1518//56 1519//56 1520//56
f 1519//56 1521//56 1520//56
f 1517//56 1522//56 1497//56
f 1522//56 1523//56 1497//56
f 1497//56 1523//56 1498//56
f 1523//56 1524//56 1498//56
f 1498//56 1524//56 1514//56
f 1525//56 1526//56 1527//56
f 1528//56 1529//56 1527//56
f 1502//56 1530//56 1503//56
f 1530//56 1531//56 1503//56
f 1503//56 1531//56 1532//56
f 1531//56 1533//56 1532//56
f 1532//56 1533//56 1534//56
f 1535//56 1536//56 1527//56
f 1536//56 1537//56 1527//56
f 1527//56 1537//56 1528//56
f 1538//56 1539//56 1540//56
f 1539//56 1541//56 1540//56
f 1540//56 1541//56 1501//56
f 1541//56 1542//56 1501//56
f 1501//56 1542//56 1499//56
f 1519//56 1543//56 1521//56
f 1543//56 1544//56 1521//56
f 1521//56 1544//56 1545//56
f 1544//56 1546//56 1545//56
f 1545//56 1546//56 1547//56
f 1546//56 1548//56 1547//56
f 1547//56 1548//56 1549//56
f 1548//56 1550//56 1549//56
f 1549//56 1550//56 1526//56
f 1550//56 1551//56 1526//56
f 1526//56 1551//56 1552//56
f 1534//56 1553//56 1532//56
f 1553//56 1554//56 1532//56
f 1532//56 1554//56 1555//56
f 1555//56 1556//56 1532//56
f 1556//56 1557//56 1532//56
f 1532//56 1557//56 1527//56
f 1557//56 1558//56 1527//56
f 1527//56 1558//56 1525//56
f 1552//56 1559//56 1526//56
f 1559//56 1560//56 1526//56
f 1526//56 1560//56 1527//56
f 1560//56 1561//56 1527//56
f 1527//56 1561//56 1535//56
f 1562//56 1563//56 1532//56
f 1564//56 1565//56 1566//56
f 1495//56 1567//56 1493//56
f 1567//56 1568//56 1493//56
f 1493//56 1568//56 1566//56
f 1568//56 1569//56 1566//56
f 1566//56 1569//56 1564//56
f 1563//56 1570//56 1532//56
f 1570//56 1571//56 1532//56
f 1532//56 1571//56 1503//56
f 1571//56 1572//56 1503//56
f 1503//56 1572//56 1573//56
f 1565//56 1574//56 1566//56
f 1574//56 1575//56 1566//56
f 1566//56 1575//56 1532//56
f 1575//56 1576//56 1532//56
f 1532//56 1576//56 1562//56
f 1577//56 1578//56 1579//56
f 1580//56 1581//56 1498//56
f 1580//56 1498//56 1582//56
f 1573//56 1583//56 1503//56
f 1583//56 1584//56 1503//56
f 1503//56 1584//56 1498//56
f 1584//56 1585//56 1498//56
f 1498//56 1585//56 1582//56
f 1578//56 1586//56 1579//56
f 1586//56 1587//56 1579//56
f 1579//56 1587//56 1588//56
f 1581//56 1589//56 1498//56
f 1589//56 1590//56 1498//56
f 1498//56 1590//56 1579//56
f 1590//56 1591//56 1579//56
f 1579//56 1591//56 1577//56
f 1592//56 1593//56 1594//56
f 1593//56 1595//56 1594//56
f 1594//56 1595//56 1596//56
f 1597//56 1598//56 1599//56
f 1598//56 1600//56 1599//56
f 1600//56 1601//56 1599//56
f 1599//56 1601//56 1602//56
f 1595//56 1603//56 1604//56
f 1605//56 1606//56 1607//56
f 1606//56 1597//56 1607//56
f 1604//56 1608//56 1595//56
f 1608//56 1609//56 1595//56
f 1595//56 1609//56 1596//56
f 1602//56 1610//56 1599//56
f 1610//56 1611//56 1599//56
f 1599//56 1611//56 1595//56
f 1611//56 1612//56 1595//56
f 1595//56 1612//56 1603//56
f 1592//56 1613//56 1593//56
f 1613//56 1614//56 1593//56
f 1593//56 1614//56 1615//56
f 1616//56 1617//56 1607//56
f 1617//56 1618//56 1607//56
f 1607//56 1618//56 1605//56
f 1614//56 1619//56 1615//56
f 1619//56 1620//56 1615//56
f 1615//56 1620//56 1621//56
f 1622//56 1623//56 1616//56
f 1623//56 1624//56 1616//56
f 1616//56 1624//56 1617//56
f 1621//56 1625//56 1615//56
f 1625//56 1626//56 1615//56
f 1615//56 1626//56 1616//56
f 1626//56 1627//56 1616//56
f 1616//56 1627//56 1622//56
f 1628//56 1629//56 1579//56
f 1588//56 1494//56 1579//56
f 1494//56 1493//56 1579//56
f 1579//56 1493//56 1628//56
f 1493//56 1492//56 1628//56
f 1599//56 1630//56 1631//56
f 1597//56 1599//56 1607//56
f 1599//56 1631//56 1607//56
f 1607//56 1631//56 1632//56
f 1629//56 1633//56 1579//56
f 1633//56 1634//56 1579//56
f 1579//56 1634//56 1635//56
f 1599//56 1636//56 1637//56
f 1635//56 1638//56 1579//56
f 1638//56 1639//56 1579//56
f 1579//56 1639//56 1599//56
f 1639//56 1640//56 1599//56
f 1599//56 1640//56 1636//56
f 1637//56 1641//56 1599//56
f 1641//56 1642//56 1599//56
f 1599//56 1642//56 1630//56
f 1566//56 1643//56 1644//56
f 1645//56 1646//56 1616//56
f 1644//56 1647//56 1566//56
f 1647//56 1648//56 1566//56
f 1566//56 1648//56 1493//56
f 1648//56 1649//56 1493//56
f 1493//56 1649//56 1491//56
f 1632//56 1650//56 1607//56
f 1650//56 1651//56 1607//56
f 1607//56 1651//56 1616//56
f 1651//56 1652//56 1616//56
f 1616//56 1652//56 1645//56
f 1646//56 1653//56 1616//56
f 1653//56 1654//56 1616//56
f 1616//56 1654//56 1566//56
f 1654//56 1655//56 1566//56
f 1566//56 1655//56 1643//56
f 1656//56 1595//56 1657//56
f 1595//56 1658//56 1657//56
f 1659//56 1660//56 1661//56
f 1660//56 1662//56 1661//56
f 1662//56 1663//56 1661//56
f 1661//56 1663//56 1664//56
f 1665//56 1666//56 1593//56
f 1666//56 1667//56 1593//56
f 1593//56 1667//56 1595//56
f 1667//56 1668//56 1595//56
f 1595//56 1668//56 1658//56
f 1656//56 1669//56 1595//56
f 1669//56 1670//56 1595//56
f 1595//56 1670//56 1661//56
f 1670//56 1671//56 1661//56
f 1661//56 1671//56 1659//56
f 1672//56 1673//56 1674//56
f 1675//56 1676//56 1615//56
f 1676//56 1677//56 1615//56
f 1677//56 1678//56 1615//56
f 1615//56 1678//56 1593//56
f 1678//56 1679//56 1593//56
f 1593//56 1679//56 1665//56
f 1490//56 1680//56 1488//56
f 1680//56 1681//56 1488//56
f 1488//56 1681//56 1672//56
f 1681//56 1682//56 1672//56
f 1672//56 1682//56 1673//56
f 1674//56 1683//56 1672//56
f 1683//56 1684//56 1672//56
f 1672//56 1684//56 1615//56
f 1684//56 1685//56 1615//56
f 1615//56 1685//56 1675//56
f 1485//56 1686//56 1483//56
f 1686//56 1687//56 1483//56
f 1483//56 1687//56 1688//56
f 1687//56 1689//56 1688//56
f 1689//56 1690//56 1688//56
f 1688//56 1690//56 1691//56
f 1672//56 1692//56 1693//56
f 1691//56 1694//56 1688//56
f 1694//56 1695//56 1688//56
f 1688//56 1695//56 1672//56
f 1695//56 1696//56 1672//56
f 1672//56 1696//56 1692//56
f 1693//56 1697//56 1672//56
f 1697//56 1698//56 1672//56
f 1672//56 1698//56 1488//56
f 1698//56 1699//56 1488//56
f 1488//56 1699//56 1486//56
f 1700//56 1701//56 1661//56
f 1664//56 1489//56 1661//56
f 1489//56 1488//56 1661//56
f 1661//56 1488//56 1700//56
f 1488//56 1487//56 1700//56
f 1701//56 1702//56 1661//56
f 1702//56 1703//56 1661//56
f 1661//56 1703//56 1704//56
f 1705//56 1706//56 1707//56
f 1707//56 1708//56 1705//56
f 1708//56 1709//56 1705//56
f 1705//56 1709//56 1710//56
f 1704//56 1711//56 1661//56
f 1711//56 1712//56 1661//56
f 1661//56 1712//56 1705//56
f 1712//56 1713//56 1705//56
f 1705//56 1713//56 1706//56
f 1688//56 1714//56 1715//56
f 1715//56 1716//56 1688//56
f 1716//56 1717//56 1688//56
f 1688//56 1717//56 1483//56
f 1717//56 1718//56 1483//56
f 1483//56 1718//56 1481//56
f 1719//56 1720//56 1721//56
f 1720//56 1722//56 1721//56
f 1721//56 1722//56 1723//56
f 1724//56 1725//56 1726//56
f 1725//56 1720//56 1726//56
f 1726//56 1720//56 1727//56
f 1720//56 1719//56 1727//56
f 1724//56 1728//56 1725//56
f 1728//56 1729//56 1725//56
f 1725//56 1729//56 1714//56
f 1729//56 1730//56 1714//56
f 1714//56 1730//56 1715//56
f 1731//56 1732//56 1705//56
f 1710//56 1484//56 1705//56
f 1484//56 1483//56 1705//56
f 1705//56 1483//56 1731//56
f 1483//56 1482//56 1731//56
f 1470//56 1733//56 1734//56
f 1732//56 1735//56 1705//56
f 1735//56 1736//56 1705//56
f 1705//56 1736//56 1737//56
f 1470//56 1738//56 1739//56
f 1739//56 1740//56 1470//56
f 1740//56 1741//56 1470//56
f 1470//56 1741//56 1733//56
f 1737//56 1742//56 1705//56
f 1742//56 1743//56 1705//56
f 1705//56 1743//56 1470//56
f 1743//56 1744//56 1470//56
f 1470//56 1744//56 1738//56
f 1745//56 1746//56 1747//56
f 1480//56 1748//56 1478//56
f 1748//56 1749//56 1478//56
f 1478//56 1749//56 1750//56
f 1747//56 1746//56 1751//56
f 1749//56 1752//56 1750//56
f 1752//56 1753//56 1750//56
f 1750//56 1753//56 1754//56
f 1755//56 1756//56 1757//56
f 1755//56 1757//56 1758//56
f 1746//56 1759//56 1751//56
f 1759//56 1760//56 1751//56
f 1751//56 1760//56 1761//56
f 1760//56 1762//56 1761//56
f 1761//56 1762//56 1763//56
f 1761//56 1764//56 1751//56
f 1764//56 1765//56 1751//56
f 1751//56 1765//56 1766//56
f 1765//56 1767//56 1766//56
f 1767//56 1768//56 1766//56
f 1768//56 1769//56 1766//56
f 1766//56 1769//56 1755//56
f 1769//56 1770//56 1755//56
f 1755//56 1770//56 1756//56
f 1754//56 1771//56 1750//56
f 1771//56 1772//56 1750//56
f 1750//56 1772//56 1747//56
f 1772//56 1773//56 1747//56
f 1747//56 1773//56 1745//56
f 1774//56 1775//56 1776//56
f 1777//56 1778//56 1779//56
f 1778//56 1775//56 1779//56
f 1780//56 901//56 1781//56
f 901//56 889//56 1781//56
f 1781//56 889//56 1782//56
f 889//56 888//56 1782//56
f 1782//56 888//56 1783//56
f 1784//56 1785//56 1786//56
f 1785//56 1467//56 1786//56
f 1786//56 1467//56 1780//56
f 1467//56 923//56 1780//56
f 1780//56 923//56 901//56
f 1777//56 1779//56 1787//56
f 1779//56 1788//56 1787//56
f 1787//56 1788//56 1789//56
f 1788//56 1790//56 1789//56
f 1789//56 1790//56 1791//56
f 1790//56 1792//56 1791//56
f 1791//56 1792//56 1762//56
f 1792//56 1793//56 1762//56
f 1762//56 1793//56 1763//56
f 888//56 909//56 1783//56
f 909//56 864//56 1783//56
f 1783//56 864//56 1794//56
f 864//56 1469//56 1794//56
f 1757//56 1795//56 1758//56
f 1795//56 1796//56 1758//56
f 1758//56 1796//56 1797//56
f 1796//56 1794//56 1797//56
f 1797//56 1794//56 1798//56
f 1794//56 1469//56 1798//56
f 1778//56 1799//56 1775//56
f 1799//56 1800//56 1775//56
f 1775//56 1800//56 1776//56
f 1800//56 1801//56 1776//56
f 1776//56 1801//56 1802//56
f 1803//56 1804//56 1776//56
f 1804//56 1805//56 1776//56
f 1776//56 1805//56 1806//56
f 1802//56 1807//56 1776//56
f 1807//56 1808//56 1776//56
f 1776//56 1808//56 1803//56
f 1809//56 1810//56 1784//56
f 1810//56 1811//56 1784//56
f 1784//56 1811//56 1785//56
f 1809//56 1812//56 1810//56
f 1812//56 1813//56 1810//56
f 1810//56 1813//56 1776//56
f 1813//56 1814//56 1776//56
f 1776//56 1814//56 1774//56
f 1815//56 1816//56 1776//56
f 1806//56 1479//56 1776//56
f 1479//56 1478//56 1776//56
f 1776//56 1478//56 1815//56
f 1478//56 1477//56 1815//56
f 1816//56 1817//56 1776//56
f 1817//56 1818//56 1776//56
f 1776//56 1818//56 1819//56
f 1820//56 1821//56 1822//56
f 1821//56 1823//56 1822//56
f 1822//56 1823//56 1824//56
f 1825//56 1826//56 1827//56
f 1826//56 1822//56 1827//56
f 1827//56 1822//56 1828//56
f 1822//56 1824//56 1828//56
f 1819//56 1829//56 1776//56
f 1829//56 1830//56 1776//56
f 1776//56 1830//56 1822//56
f 1830//56 1831//56 1822//56
f 1822//56 1831//56 1820//56
f 1825//56 1832//56 1826//56
f 1832//56 1833//56 1826//56
f 1826//56 1833//56 1834//56
f 1835//56 1836//56 1750//56
f 1833//56 1837//56 1834//56
f 1837//56 1838//56 1834//56
f 1834//56 1838//56 1839//56
f 1836//56 1840//56 1750//56
f 1840//56 1841//56 1750//56
f 1750//56 1841//56 1478//56
f 1841//56 1842//56 1478//56
f 1478//56 1842//56 1476//56
f 1839//56 1843//56 1834//56
f 1843//56 1844//56 1834//56
f 1834//56 1844//56 1750//56
f 1844//56 1845//56 1750//56
f 1750//56 1845//56 1835//56
f 1846//56 1847//56 1848//56
f 1849//56 1850//56 1822//56
f 1850//56 1851//56 1822//56
f 1852//56 1853//56 1826//56
f 1853//56 1854//56 1826//56
f 1826//56 1854//56 1822//56
f 1854//56 1855//56 1822//56
f 1822//56 1855//56 1849//56
f 1847//56 1856//56 1848//56
f 1856//56 1857//56 1848//56
f 1848//56 1857//56 1858//56
f 1851//56 1859//56 1822//56
f 1859//56 1860//56 1822//56
f 1822//56 1860//56 1848//56
f 1860//56 1861//56 1848//56
f 1848//56 1861//56 1846//56
f 1475//56 1862//56 1473//56
f 1862//56 1863//56 1473//56
f 1473//56 1863//56 1864//56
f 1865//56 1866//56 1834//56
f 1863//56 1867//56 1864//56
f 1867//56 1868//56 1864//56
f 1864//56 1868//56 1869//56
f 1866//56 1870//56 1834//56
f 1870//56 1871//56 1834//56
f 1834//56 1871//56 1826//56
f 1871//56 1872//56 1826//56
f 1826//56 1872//56 1852//56
f 1869//56 1873//56 1864//56
f 1873//56 1874//56 1864//56
f 1864//56 1874//56 1834//56
f 1874//56 1875//56 1834//56
f 1834//56 1875//56 1865//56
f 1876//56 1877//56 1878//56
f 1877//56 1879//56 1878//56
f 1878//56 1879//56 1880//56
f 1881//56 1882//56 1883//56
f 1882//56 1884//56 1883//56
f 1880//56 1885//56 1886//56
f 1885//56 1887//56 1886//56
f 1886//56 1887//56 1888//56
f 1889//56 1890//56 1891//56
f 1890//56 1892//56 1891//56
f 1888//56 1893//56 1886//56
f 1893//56 1894//56 1886//56
f 1886//56 1894//56 1891//56
f 1894//56 1895//56 1891//56
f 1891//56 1895//56 1889//56
f 1896//56 1897//56 1898//56
f 1899//56 1900//56 1901//56
f 1900//56 1902//56 1901//56
f 1884//56 1903//56 1883//56
f 1903//56 1904//56 1883//56
f 1883//56 1904//56 1901//56
f 1904//56 1905//56 1901//56
f 1901//56 1905//56 1899//56
f 1898//56 1906//56 1876//56
f 1897//56 1907//56 1898//56
f 1907//56 1908//56 1898//56
f 1898//56 1908//56 1906//56
f 1902//56 1909//56 1901//56
f 1909//56 1910//56 1901//56
f 1901//56 1910//56 1898//56
f 1910//56 1911//56 1898//56
f 1898//56 1911//56 1896//56
f 1876//56 1878//56 1898//56
f 1878//56 1912//56 1898//56
f 1898//56 1912//56 1913//56
f 1913//56 1914//56 1898//56
f 1914//56 1915//56 1898//56
f 1898//56 1915//56 1916//56
f 1917//56 1918//56 1919//56
f 1918//56 1920//56 1919//56
f 1919//56 1920//56 1921//56
f 1922//56 1923//56 1924//56
f 1923//56 1919//56 1924//56
f 1924//56 1919//56 1925//56
f 1919//56 1921//56 1925//56
f 1916//56 1926//56 1898//56
f 1926//56 1927//56 1898//56
f 1898//56 1927//56 1919//56
f 1927//56 1928//56 1919//56
f 1919//56 1928//56 1917//56
f 1929//56 1930//56 1878//56
f 1930//56 1931//56 1878//56
f 1878//56 1931//56 1912//56
f 1932//56 1933//56 1934//56
f 1922//56 1935//56 1923//56
f 1935//56 1936//56 1923//56
f 1923//56 1936//56 1934//56
f 1936//56 1937//56 1934//56
f 1934//56 1937//56 1932//56
f 1880//56 1886//56 1878//56
f 1886//56 1938//56 1878//56
f 1878//56 1938//56 1929//56
f 1939//56 1940//56 1886//56
f 1940//56 1941//56 1886//56
f 1886//56 1941//56 1938//56
f 1933//56 1942//56 1934//56
f 1942//56 1943//56 1934//56
f 1934//56 1943//56 1886//56
f 1943//56 1944//56 1886//56
f 1886//56 1944//56 1939//56
f 1945//56 1946//56 1883//56
f 1946//56 1891//56 1883//56
f 1883//56 1891//56 1881//56
f 1891//56 1892//56 1881//56
f 1947//56 1948//56 1864//56
f 1948//56 1949//56 1864//56
f 1949//56 1950//56 1864//56
f 1864//56 1950//56 1473//56
f 1950//56 1951//56 1473//56
f 1473//56 1951//56 1471//56
f 1946//56 1952//56 1891//56
f 1952//56 1953//56 1891//56
f 1891//56 1953//56 1954//56
f 1954//56 1955//56 1891//56
f 1955//56 1956//56 1891//56
f 1891//56 1956//56 1864//56
f 1956//56 1957//56 1864//56
f 1864//56 1957//56 1947//56
f 1958//56 1959//56 1848//56
f 1858//56 1474//56 1848//56
f 1474//56 1473//56 1848//56
f 1848//56 1473//56 1958//56
f 1473//56 1472//56 1958//56
f 1959//56 1960//56 1848//56
f 1960//56 1961//56 1848//56
f 1848//56 1961//56 1962//56
f 1963//56 1964//56 1901//56
f 1964//56 1965//56 1901//56
f 1901//56 1965//56 1966//56
f 1966//56 1967//56 1901//56
f 1967//56 1968//56 1901//56
f 1901//56 1968//56 1883//56
f 1968//56 1969//56 1883//56
f 1883//56 1969//56 1945//56
f 1962//56 1970//56 1848//56
f 1970//56 1971//56 1848//56
f 1848//56 1971//56 1901//56
f 1971//56 1972//56 1901//56
f 1901//56 1972//56 1963//56
f 1973//56 1974//56 1975//56
f 1976//56 1977//56 1923//56
f 1977//56 1978//56 1923//56
f 1923//56 1978//56 1919//56
f 1978//56 1979//56 1919//56
f 1919//56 1979//56 1980//56
f 1980//56 1981//56 1919//56
f 1981//56 1982//56 1919//56
f 1919//56 1982//56 1983//56
f 1973//56 1975//56 1984//56
f 1985//56 1986//56 1987//56
f 1986//56 1975//56 1987//56
f 1987//56 1975//56 1988//56
f 1975//56 1974//56 1988//56
f 1983//56 1989//56 1919//56
f 1989//56 1990//56 1919//56
f 1919//56 1990//56 1975//56
f 1990//56 1991//56 1975//56
f 1975//56 1991//56 1984//56
f 1992//56 1993//56 1934//56
f 1994//56 1995//56 1996//56
f 1995//56 1997//56 1996//56
f 1996//56 1997//56 1998//56
f 1992//56 1934//56 1999//56
f 1993//56 2000//56 1934//56
f 2000//56 2001//56 1934//56
f 1934//56 2001//56 1923//56
f 2001//56 2002//56 1923//56
f 1923//56 2002//56 1976//56
f 1998//56 2003//56 1996//56
f 2003//56 2004//56 1996//56
f 1996//56 2004//56 1934//56
f 2004//56 2005//56 1934//56
f 1934//56 2005//56 1999//56
f 1018//56 1470//56 1021//56
f 1468//56 1024//56 1470//56
f 1024//56 1023//56 1470//56
f 1470//56 1023//56 1021//56
f 1723//56 1722//56 2006//56
f 1722//56 2007//56 2006//56
f 2006//56 2007//56 1734//56
f 2007//56 2008//56 1734//56
f 1734//56 2008//56 1470//56
f 2008//56 2009//56 1470//56
f 1470//56 2009//56 1468//56
f 1405//56 1975//56 1430//56
f 1975//56 1428//56 1430//56
f 1405//56 1407//56 1975//56
f 1407//56 1409//56 1975//56
f 1975//56 1409//56 1501//56
f 1396//56 1394//56 1540//56
f 1394//56 1392//56 1540//56
f 1540//56 1392//56 1435//56
f 1432//56 1986//56 1433//56
f 1986//56 1540//56 1433//56
f 1433//56 1540//56 1434//56
f 1540//56 1435//56 1434//56
f 1432//56 1431//56 1986//56
f 1431//56 1378//56 1986//56
f 1986//56 1378//56 1420//56
f 1420//56 1422//56 1986//56
f 1422//56 1424//56 1986//56
f 1986//56 1424//56 1975//56
f 1424//56 1426//56 1975//56
f 1975//56 1426//56 1428//56
f 1409//56 1411//56 1501//56
f 1411//56 1413//56 1501//56
f 1501//56 1413//56 1404//56
f 1404//56 1402//56 1501//56
f 1402//56 1400//56 1501//56
f 1501//56 1400//56 1540//56
f 1400//56 1398//56 1540//56
f 1540//56 1398//56 1396//56
f 1985//56 1994//56 1986//56
f 1994//56 1996//56 1986//56
f 1986//56 1996//56 1540//56
f 1996//56 1527//56 1540//56
f 1540//56 1527//56 1538//56
f 1527//56 1529//56 1538//56
f 797//1404 878//1404 1747//1404
f 797//1405 1747//1405 799//1405
f 846//1406 801//1406 1766//1406
f 801//1407 799//1407 1766//1407
f 1766//1408 799//1408 1751//1408
f 799//1409 1747//1409 1751//1409
f 778//1410 849//1410 1755//1410
f 849//1411 848//1411 1755//1411
f 1755//1412 848//1412 1766//1412
f 848//1413 847//1413 1766//1413
f 1766//1414 847//1414 846//1414
f 778//1415 1755//1415 779//1415
f 1755//1416 1758//1416 779//1416
f 779//1417 1758//1417 820//1417
f 820//1418 1758//1418 819//1418
f 1758//1419 1797//1419 819//1419
f 819//1420 1797//1420 815//1420
f 1797//1421 1798//1421 815//1421
f 815//1422 1798//1422 816//1422
f 1798//1423 1469//1423 816//1423
f 816//1424 1469//1424 860//1424
f 1688//1425 918//1425 934//1425
f 1688//1426 934//1426 1714//1426
f 975//1427 1468//1427 974//1427
f 1468//1428 2009//1428 974//1428
f 974//1429 2009//1429 973//1429
f 2009//1430 2008//1430 973//1430
f 1720//1431 989//1431 988//1431
f 1720//1432 988//1432 1722//1432
f 988//1433 986//1433 1722//1433
f 986//1434 985//1434 1722//1434
f 1722//1435 985//1435 2007//1435
f 985//1436 970//1436 2007//1436
f 2007//1437 970//1437 2008//1437
f 970//1438 971//1438 2008//1438
f 2008//1439 971//1439 973//1439
f 1725//1440 983//1440 991//1440
f 1725//1441 991//1441 1720//1441
f 991//1442 990//1442 1720//1442
f 1720//1443 990//1443 989//1443
f 934//1444 981//1444 1714//1444
f 981//1445 980//1445 1714//1445
f 1714//1446 980//1446 1725//1446
f 980//1447 984//1447 1725//1447
f 1725//1448 984//1448 983//1448
f 1688//2 1672//2 918//2
f 1672//2 1615//2 918//2
f 918//2 1615//2 1616//2
f 1616//2 1566//2 918//2
f 1566//2 1532//2 918//2
f 918//2 1532//2 878//2
f 1532//2 1527//2 878//2
f 1527//2 1996//2 878//2
f 878//2 1996//2 1934//2
f 1934//2 1886//2 878//2
f 1886//2 1891//2 878//2
f 878//2 1891//2 1864//2
f 1864//2 1834//2 878//2
f 1834//2 1750//2 878//2
f 878//2 1750//2 1747//2
f 2010//62 1382//62 1412//62
f 2010//62 1412//62 2011//62
f 1410//62 2012//62 2013//62
f 1408//62 1406//62 2014//62
f 2015//62 2016//62 1410//62
f 2016//62 2017//62 1410//62
f 1410//62 2017//62 2012//62
f 2013//62 2018//62 1410//62
f 2018//62 2019//62 1410//62
f 1410//62 2019//62 1412//62
f 2019//62 2020//62 1412//62
f 1412//62 2020//62 2011//62
f 2014//62 2021//62 1408//62
f 2021//62 2022//62 1408//62
f 1408//62 2022//62 1410//62
f 2022//62 2023//62 1410//62
f 1410//62 2023//62 2015//62
f 2024//62 2025//62 1401//62
f 2025//62 1399//62 1401//62
f 2026//62 1393//62 2027//62
f 1393//62 1395//62 2027//62
f 2027//62 1395//62 2025//62
f 1395//62 1397//62 2025//62
f 2025//62 1397//62 1399//62
f 2026//62 2028//62 1393//62
f 2028//62 2029//62 1393//62
f 1393//62 2029//62 2030//62
f 1391//62 1393//62 2031//62
f 1393//62 2032//62 2031//62
f 2033//62 1401//62 2034//62
f 1401//62 2035//62 2034//62
f 2030//62 2036//62 1393//62
f 2036//62 2037//62 1393//62
f 1393//62 2037//62 2032//62
f 2035//62 1401//62 2038//62
f 1401//62 1403//62 2038//62
f 2038//62 1403//62 2039//62
f 2040//62 2041//62 2042//62
f 2041//62 2043//62 2042//62
f 2042//62 2043//62 2032//62
f 2043//62 2044//62 2032//62
f 2032//62 2044//62 2031//62
f 2033//62 2045//62 1401//62
f 2045//62 2046//62 1401//62
f 1401//62 2046//62 2024//62
f 2039//62 2047//62 2038//62
f 2047//62 2048//62 2038//62
f 2038//62 2048//62 2049//62
f 2048//62 2050//62 2049//62
f 2049//62 2050//62 2051//62
f 2052//62 2053//62 2054//62
f 2054//62 2055//62 2056//62
f 2057//62 2058//62 2059//62
f 2053//62 2060//62 2054//62
f 2060//62 2061//62 2054//62
f 2054//62 2061//62 2055//62
f 2062//62 2063//62 2064//62
f 2054//62 2065//62 2052//62
f 2065//62 2057//62 2052//62
f 2052//62 2057//62 2066//62
f 2057//62 2059//62 2066//62
f 2056//62 2067//62 2054//62
f 2067//62 2068//62 2054//62
f 2054//62 2068//62 2064//62
f 2068//62 2069//62 2064//62
f 2064//62 2069//62 2062//62
f 2063//62 2070//62 2064//62
f 2070//62 2071//62 2064//62
f 2064//62 2071//62 2072//62
f 2072//62 2073//62 2064//62
f 2073//62 2074//62 2064//62
f 2064//62 2074//62 2075//62
f 2076//62 2077//62 2078//62
f 2077//62 2064//62 2078//62
f 2078//62 2064//62 2079//62
f 2064//62 2075//62 2079//62
f 1429//62 1427//62 2080//62
f 1427//62 1425//62 2080//62
f 2080//62 1425//62 2081//62
f 1425//62 1423//62 2081//62
f 1423//62 1421//62 2081//62
f 2081//62 1421//62 2082//62
f 1421//62 2083//62 2082//62
f 1419//62 2084//62 2085//62
f 2084//62 2086//62 2085//62
f 2080//62 2087//62 2088//62
f 2089//62 2090//62 2091//62
f 2090//62 2085//62 2091//62
f 2091//62 2085//62 2092//62
f 2085//62 2086//62 2092//62
f 1419//62 2085//62 1421//62
f 2085//62 2093//62 1421//62
f 1421//62 2093//62 2094//62
f 2087//62 2080//62 2095//62
f 2080//62 2096//62 2095//62
f 2095//62 2096//62 2097//62
f 2088//62 2098//62 2080//62
f 2098//62 2099//62 2080//62
f 2080//62 2099//62 2100//62
f 1379//62 1429//62 2101//62
f 1429//62 2080//62 2101//62
f 2101//62 2080//62 2102//62
f 2080//62 2100//62 2102//62
f 2094//62 2103//62 1421//62
f 2103//62 2104//62 1421//62
f 1421//62 2104//62 2083//62
f 2105//62 2106//62 2097//62
f 2106//62 2107//62 2097//62
f 2097//62 2107//62 2095//62
f 2108//62 2109//62 2110//62
f 2111//62 2112//62 2113//62
f 2112//62 2114//62 2113//62
f 2113//62 2114//62 2115//62
f 2110//62 2116//62 2108//62
f 2116//62 2117//62 2108//62
f 2108//62 2117//62 2118//62
f 2118//62 2119//62 2108//62
f 2119//62 2120//62 2108//62
f 2108//62 2120//62 2121//62
f 2109//62 2108//62 2114//62
f 2108//62 2122//62 2114//62
f 2114//62 2122//62 2115//62
f 2120//62 2123//62 2121//62
f 2123//62 2124//62 2121//62
f 2121//62 2124//62 2125//62
f 2125//62 2126//62 2121//62
f 2126//62 2127//62 2121//62
f 2121//62 2127//62 2128//62
f 2128//62 2129//62 2121//62
f 2129//62 2130//62 2121//62
f 2121//62 2130//62 2131//62
f 2130//62 2132//62 2131//62
f 2132//62 2130//62 2133//62
f 2130//62 2134//62 2133//62
f 2133//62 2134//62 2135//62
f 2136//56 2137//56 2138//56
f 2137//56 2139//56 2138//56
f 2138//56 2139//56 2140//56
f 2141//56 2142//56 2143//56
f 2142//56 2144//56 2143//56
f 2141//56 2145//56 2142//56
f 2145//56 2146//56 2142//56
f 2142//56 2146//56 2147//56
f 2140//56 2148//56 2138//56
f 2148//56 2149//56 2138//56
f 2138//56 2149//56 2150//56
f 2149//56 2151//56 2150//56
f 2150//56 2151//56 2152//56
f 2151//56 2153//56 2154//56
f 2154//56 2155//56 2151//56
f 2155//56 2156//56 2151//56
f 2151//56 2156//56 2157//56
f 2157//56 2158//56 2151//56
f 2158//56 2159//56 2151//56
f 2151//56 2159//56 2152//56
f 2144//56 2142//56 2153//56
f 2142//56 2160//56 2153//56
f 2153//56 2160//56 2161//56
f 2161//56 2162//56 2153//56
f 2162//56 2163//56 2153//56
f 2153//56 2163//56 2154//56
f 2142//1449 1791//1449 2160//1449
f 1791//1449 1762//1449 2160//1449
f 2160//1450 1762//1450 2161//1450
f 1762//1450 1760//1450 2161//1450
f 2161//1451 1760//1451 2162//1451
f 1760//1451 1759//1451 2162//1451
f 2162//1452 1759//1452 2163//1452
f 1759//1452 1746//1452 2163//1452
f 2163//1453 1746//1453 2154//1453
f 1746//1453 1745//1453 2154//1453
f 2154//1454 1745//1454 2155//1454
f 1745//1454 1773//1454 2155//1454
f 2156//1 2155//1 1772//1
f 2155//1 1773//1 1772//1
f 2156//1455 1772//1455 2157//1455
f 1772//1455 1771//1455 2157//1455
f 2157//1456 1771//1456 2158//1456
f 1771//1456 1754//1456 2158//1456
f 2158//1457 1754//1457 2159//1457
f 1754//1457 1753//1457 2159//1457
f 2159//1458 1753//1458 2152//1458
f 1753//1458 1752//1458 2152//1458
f 2152//1459 1752//1459 2150//1459
f 1752//1459 1749//1459 2150//1459
f 2150//1460 1749//1460 2138//1460
f 1749//1460 1748//1460 2138//1460
f 2164//56 2165//56 2166//56
f 2165//56 2167//56 2166//56
f 2166//56 2167//56 2168//56
f 2169//56 2170//56 2171//56
f 2170//56 2172//56 2171//56
f 2172//56 2173//56 2171//56
f 2173//56 2174//56 2171//56
f 2171//56 2174//56 2175//56
f 2176//56 2177//56 2178//56
f 2168//56 2179//56 2166//56
f 2179//56 2180//56 2166//56
f 2166//56 2180//56 2181//56
f 2180//56 2176//56 2181//56
f 2181//56 2176//56 2182//56
f 2176//56 2178//56 2182//56
f 2183//56 2184//56 2176//56
f 2184//56 2185//56 2176//56
f 2185//56 2186//56 2176//56
f 2186//56 2187//56 2176//56
f 2176//56 2187//56 2177//56
f 2169//56 2171//56 2183//56
f 2171//56 2188//56 2183//56
f 2183//56 2188//56 2189//56
f 2189//56 2190//56 2183//56
f 2190//56 2191//56 2183//56
f 2183//56 2191//56 2184//56
f 2186//1 2185//1 1695//1
f 2185//1 1696//1 1695//1
f 2186//1461 1695//1461 2187//1461
f 1695//1461 1694//1461 2187//1461
f 2187//1462 1694//1462 2177//1462
f 1694//1462 1691//1462 2177//1462
f 2177//1463 1691//1463 2178//1463
f 1691//1463 1690//1463 2178//1463
f 2178//1458 1690//1458 2182//1458
f 1690//1458 1689//1458 2182//1458
f 2182//1459 1689//1459 2181//1459
f 1689//1459 1687//1459 2181//1459
f 2181//1464 1687//1464 2166//1464
f 1687//1464 1686//1464 2166//1464
f 2171//1465 1486//1465 2188//1465
f 1486//1465 1699//1465 2188//1465
f 2188//1450 1699//1450 2189//1450
f 1699//1450 1698//1450 2189//1450
f 2189//1451 1698//1451 2190//1451
f 1698//1451 1697//1451 2190//1451
f 2190//1466 1697//1466 2191//1466
f 1697//1466 1693//1466 2191//1466
f 2191//1467 1693//1467 2184//1467
f 1693//1467 1692//1467 2184//1467
f 2184//1468 1692//1468 2185//1468
f 1692//1468 1696//1468 2185//1468
f 2192//56 2193//56 2194//56
f 2193//56 2195//56 2194//56
f 2194//56 2195//56 2196//56
f 2197//56 2198//56 2199//56
f 2198//56 2200//56 2199//56
f 2200//56 2201//56 2199//56
f 2201//56 2202//56 2199//56
f 2199//56 2202//56 2203//56
f 2204//56 2205//56 2206//56
f 2207//56 2208//56 2209//56
f 2208//56 2210//56 2209//56
f 2209//56 2210//56 2211//56
f 2196//56 2212//56 2194//56
f 2212//56 2213//56 2194//56
f 2194//56 2213//56 2214//56
f 2213//56 2209//56 2214//56
f 2214//56 2209//56 2215//56
f 2209//56 2211//56 2215//56
f 2205//56 2216//56 2206//56
f 2216//56 2217//56 2206//56
f 2206//56 2217//56 2209//56
f 2217//56 2218//56 2209//56
f 2209//56 2218//56 2207//56
f 2197//56 2199//56 2206//56
f 2199//56 2219//56 2206//56
f 2206//56 2219//56 2204//56
f 2199//1449 1665//1449 2219//1449
f 1665//1449 1679//1449 2219//1449
f 2219//1450 1679//1450 2204//1450
f 1679//1450 1678//1450 2204//1450
f 2204//1469 1678//1469 2205//1469
f 1678//1469 1677//1469 2205//1469
f 2205//1466 1677//1466 2216//1466
f 1677//1466 1676//1466 2216//1466
f 2216//1467 1676//1467 2217//1467
f 1676//1467 1675//1467 2217//1467
f 2217//1468 1675//1468 2218//1468
f 1675//1468 1685//1468 2218//1468
f 2207//1 2218//1 1684//1
f 2218//1 1685//1 1684//1
f 2207//1455 1684//1455 2208//1455
f 1684//1455 1683//1455 2208//1455
f 2208//1456 1683//1456 2210//1456
f 1683//1456 1674//1456 2210//1456
f 2210//1457 1674//1457 2211//1457
f 1674//1457 1673//1457 2211//1457
f 2211//1470 1673//1470 2215//1470
f 1673//1470 1682//1470 2215//1470
f 2215//1459 1682//1459 2214//1459
f 1682//1459 1681//1459 2214//1459
f 2214//1464 1681//1464 2194//1464
f 1681//1464 1680//1464 2194//1464
f 2220//56 2221//56 2222//56
f 2221//56 2223//56 2222//56
f 2222//56 2223//56 2224//56
f 2225//56 2226//56 2227//56
f 2226//56 2228//56 2227//56
f 2228//56 2229//56 2227//56
f 2229//56 2230//56 2227//56
f 2227//56 2230//56 2231//56
f 2232//56 2233//56 2234//56
f 2224//56 2235//56 2222//56
f 2235//56 2236//56 2222//56
f 2222//56 2236//56 2237//56
f 2236//56 2232//56 2237//56
f 2237//56 2232//56 2238//56
f 2232//56 2234//56 2238//56
f 2239//56 2240//56 2232//56
f 2240//56 2241//56 2232//56
f 2241//56 2242//56 2232//56
f 2242//56 2243//56 2232//56
f 2232//56 2243//56 2233//56
f 2225//56 2227//56 2239//56
f 2227//56 2244//56 2239//56
f 2239//56 2244//56 2245//56
f 2245//56 2246//56 2239//56
f 2246//56 2247//56 2239//56
f 2239//56 2247//56 2240//56
f 2227//1465 1605//1465 2244//1465
f 1605//1465 1618//1465 2244//1465
f 2244//1450 1618//1450 2245//1450
f 1618//1450 1617//1450 2245//1450
f 2245//1469 1617//1469 2246//1469
f 1617//1469 1624//1469 2246//1469
f 2246//1466 1624//1466 2247//1466
f 1624//1466 1623//1466 2247//1466
f 2247//1467 1623//1467 2240//1467
f 1623//1467 1622//1467 2240//1467
f 2240//1468 1622//1468 2241//1468
f 1622//1468 1627//1468 2241//1468
f 2242//1 2241//1 1626//1
f 2241//1 1627//1 1626//1
f 2242//1455 1626//1455 2243//1455
f 1626//1455 1625//1455 2243//1455
f 2243//1456 1625//1456 2233//1456
f 1625//1456 1621//1456 2233//1456
f 2233//1457 1621//1457 2234//1457
f 1621//1457 1620//1457 2234//1457
f 2234//1470 1620//1470 2238//1470
f 1620//1470 1619//1470 2238//1470
f 2238//1471 1619//1471 2237//1471
f 1619//1471 1614//1471 2237//1471
f 2237//1460 1614//1460 2222//1460
f 1614//1460 1613//1460 2222//1460
f 2248//56 2249//56 2250//56
f 2249//56 2251//56 2250//56
f 2250//56 2251//56 2252//56
f 2253//56 2254//56 2255//56
f 2254//56 2256//56 2255//56
f 2256//56 2257//56 2255//56
f 2257//56 2258//56 2255//56
f 2255//56 2258//56 2259//56
f 2260//56 2261//56 2262//56
f 2263//56 2264//56 2265//56
f 2264//56 2266//56 2265//56
f 2265//56 2266//56 2267//56
f 2252//56 2268//56 2250//56
f 2268//56 2269//56 2250//56
f 2250//56 2269//56 2270//56
f 2269//56 2265//56 2270//56
f 2270//56 2265//56 2271//56
f 2265//56 2267//56 2271//56
f 2261//56 2272//56 2262//56
f 2272//56 2273//56 2262//56
f 2262//56 2273//56 2265//56
f 2273//56 2274//56 2265//56
f 2265//56 2274//56 2263//56
f 2253//56 2255//56 2262//56
f 2255//56 2275//56 2262//56
f 2262//56 2275//56 2260//56
f 2263//1 2274//1 1654//1
f 2274//1 1655//1 1654//1
f 2263//1461 1654//1461 2264//1461
f 1654//1461 1653//1461 2264//1461
f 2264//1456 1653//1456 2266//1456
f 1653//1456 1646//1456 2266//1456
f 2266//1472 1646//1472 2267//1472
f 1646//1472 1645//1472 2267//1472
f 2267//1458 1645//1458 2271//1458
f 1645//1458 1652//1458 2271//1458
f 2271//1459 1652//1459 2270//1459
f 1652//1459 1651//1459 2270//1459
f 2270//1460 1651//1460 2250//1460
f 1651//1460 1650//1460 2250//1460
f 2255//1465 1491//1465 2275//1465
f 1491//1465 1649//1465 2275//1465
f 2275//1450 1649//1450 2260//1450
f 1649//1450 1648//1450 2260//1450
f 2260//1469 1648//1469 2261//1469
f 1648//1469 1647//1469 2261//1469
f 2261//1466 1647//1466 2272//1466
f 1647//1466 1644//1466 2272//1466
f 2272//1467 1644//1467 2273//1467
f 1644//1467 1643//1467 2273//1467
f 2273//1468 1643//1468 2274//1468
f 1643//1468 1655//1468 2274//1468
f 2276//56 2277//56 2278//56
f 2277//56 2279//56 2278//56
f 2278//56 2279//56 2280//56
f 2281//56 2282//56 2283//56
f 2282//56 2284//56 2283//56
f 2284//56 2285//56 2283//56
f 2285//56 2286//56 2283//56
f 2283//56 2286//56 2287//56
f 2288//56 2289//56 2290//56
f 2280//56 2291//56 2278//56
f 2291//56 2292//56 2278//56
f 2278//56 2292//56 2293//56
f 2292//56 2288//56 2293//56
f 2293//56 2288//56 2294//56
f 2288//56 2290//56 2294//56
f 2295//56 2296//56 2288//56
f 2296//56 2297//56 2288//56
f 2297//56 2298//56 2288//56
f 2298//56 2299//56 2288//56
f 2288//56 2299//56 2289//56
f 2281//56 2283//56 2295//56
f 2283//56 2300//56 2295//56
f 2295//56 2300//56 2301//56
f 2301//56 2302//56 2295//56
f 2302//56 2303//56 2295//56
f 2295//56 2303//56 2296//56
f 2298//1 2297//1 1575//1
f 2297//1 1576//1 1575//1
f 2298//1461 1575//1461 2299//1461
f 1575//1461 1574//1461 2299//1461
f 2299//1456 1574//1456 2289//1456
f 1574//1456 1565//1456 2289//1456
f 2289//1457 1565//1457 2290//1457
f 1565//1457 1564//1457 2290//1457
f 2290//1470 1564//1470 2294//1470
f 1564//1470 1569//1470 2294//1470
f 2294//1459 1569//1459 2293//1459
f 1569//1459 1568//1459 2293//1459
f 2293//1460 1568//1460 2278//1460
f 1568//1460 1567//1460 2278//1460
f 2283//1465 1573//1465 2300//1465
f 1573//1465 1572//1465 2300//1465
f 2300//1450 1572//1450 2301//1450
f 1572//1450 1571//1450 2301//1450
f 2301//1469 1571//1469 2302//1469
f 1571//1469 1570//1469 2302//1469
f 2302//1466 1570//1466 2303//1466
f 1570//1466 1563//1466 2303//1466
f 2303//1467 1563//1467 2296//1467
f 1563//1467 1562//1467 2296//1467
f 2296//1454 1562//1454 2297//1454
f 1562//1454 1576//1454 2297//1454
f 2304//56 2305//56 2306//56
f 2305//56 2307//56 2306//56
f 2306//56 2307//56 2308//56
f 2309//56 2310//56 2311//56
f 2310//56 2312//56 2311//56
f 2309//56 2313//56 2310//56
f 2313//56 2314//56 2310//56
f 2310//56 2314//56 2315//56
f 2316//56 2317//56 2318//56
f 2317//56 2319//56 2318//56
f 2318//56 2319//56 2320//56
f 2308//56 2321//56 2306//56
f 2321//56 2322//56 2306//56
f 2306//56 2322//56 2323//56
f 2322//56 2318//56 2323//56
f 2323//56 2318//56 2324//56
f 2318//56 2320//56 2324//56
f 2325//56 2326//56 2327//56
f 2312//56 2310//56 2325//56
f 2310//56 2328//56 2325//56
f 2325//56 2328//56 2326//56
f 2327//56 2329//56 2325//56
f 2329//56 2330//56 2325//56
f 2325//56 2330//56 2318//56
f 2330//56 2331//56 2318//56
f 2318//56 2331//56 2316//56
f 2310//1449 1476//1449 2328//1449
f 1476//1449 1842//1449 2328//1449
f 2328//1450 1842//1450 2326//1450
f 1842//1450 1841//1450 2326//1450
f 2326//1469 1841//1469 2327//1469
f 1841//1469 1840//1469 2327//1469
f 2327//1466 1840//1466 2329//1466
f 1840//1466 1836//1466 2329//1466
f 2329//1467 1836//1467 2330//1467
f 1836//1467 1835//1467 2330//1467
f 2330//1468 1835//1468 2331//1468
f 1835//1468 1845//1468 2331//1468
f 2316//1 2331//1 1844//1
f 2331//1 1845//1 1844//1
f 2316//1455 1844//1455 2317//1455
f 1844//1455 1843//1455 2317//1455
f 2317//1456 1843//1456 2319//1456
f 1843//1456 1839//1456 2319//1456
f 2319//1457 1839//1457 2320//1457
f 1839//1457 1838//1457 2320//1457
f 2320//1470 1838//1470 2324//1470
f 1838//1470 1837//1470 2324//1470
f 2324//1459 1837//1459 2323//1459
f 1837//1459 1833//1459 2323//1459
f 2323//1464 1833//1464 2306//1464
f 1833//1464 1832//1464 2306//1464
f 2332//56 2333//56 2334//56
f 2332//56 2334//56 2335//56
f 2336//56 2337//56 2338//56
f 2337//56 2339//56 2338//56
f 2338//56 2339//56 2340//56
f 2341//56 2342//56 2334//56
f 2342//56 2343//56 2334//56
f 2334//56 2343//56 2335//56
f 2344//56 2345//56 2346//56
f 2345//56 2347//56 2346//56
f 2346//56 2347//56 2348//56
f 2349//56 2350//56 2351//56
f 2350//56 2352//56 2351//56
f 2352//56 2353//56 2351//56
f 2351//56 2353//56 2346//56
f 2353//56 2354//56 2346//56
f 2346//56 2354//56 2344//56
f 2340//56 2355//56 2338//56
f 2355//56 2356//56 2338//56
f 2338//56 2356//56 2357//56
f 2356//56 2346//56 2357//56
f 2357//56 2346//56 2358//56
f 2346//56 2348//56 2358//56
f 2341//56 2334//56 2351//56
f 2334//56 2359//56 2351//56
f 2351//56 2359//56 2349//56
f 2334//1465 1852//1465 2359//1465
f 1852//1465 1872//1465 2359//1465
f 2359//1473 1872//1473 2349//1473
f 1872//1473 1871//1473 2349//1473
f 2349//1469 1871//1469 2350//1469
f 1871//1469 1870//1469 2350//1469
f 2350//1466 1870//1466 2352//1466
f 1870//1466 1866//1466 2352//1466
f 2352//1467 1866//1467 2353//1467
f 1866//1467 1865//1467 2353//1467
f 2353//1468 1865//1468 2354//1468
f 1865//1468 1875//1468 2354//1468
f 2344//1 2354//1 1874//1
f 2354//1 1875//1 1874//1
f 2344//1455 1874//1455 2345//1455
f 1874//1455 1873//1455 2345//1455
f 2345//1456 1873//1456 2347//1456
f 1873//1456 1869//1456 2347//1456
f 2347//1457 1869//1457 2348//1457
f 1869//1457 1868//1457 2348//1457
f 2348//1470 1868//1470 2358//1470
f 1868//1470 1867//1470 2358//1470
f 2358//1459 1867//1459 2357//1459
f 1867//1459 1863//1459 2357//1459
f 2357//1460 1863//1460 2338//1460
f 1863//1460 1862//1460 2338//1460
f 2360//56 2361//56 2362//56
f 2362//56 2363//56 2364//56
f 2365//56 2366//56 2367//56
f 2366//56 2368//56 2367//56
f 2367//56 2368//56 2369//56
f 2364//56 2370//56 2362//56
f 2370//56 2371//56 2362//56
f 2362//56 2371//56 2360//56
f 2372//56 2373//56 2374//56
f 2373//56 2375//56 2374//56
f 2374//56 2375//56 2376//56
f 2363//56 2362//56 2374//56
f 2362//56 2377//56 2374//56
f 2374//56 2377//56 2378//56
f 2378//56 2379//56 2374//56
f 2379//56 2380//56 2374//56
f 2374//56 2380//56 2372//56
f 2375//56 2381//56 2376//56
f 2381//56 2382//56 2376//56
f 2376//56 2382//56 2383//56
f 2369//56 2384//56 2367//56
f 2384//56 2385//56 2367//56
f 2367//56 2385//56 2386//56
f 2385//56 2376//56 2386//56
f 2386//56 2376//56 2387//56
f 2376//56 2383//56 2387//56
f 2362//1465 1471//1465 2377//1465
f 1471//1465 1951//1465 2377//1465
f 2377//1450 1951//1450 2378//1450
f 1951//1450 1950//1450 2378//1450
f 2378//1451 1950//1451 2379//1451
f 1950//1451 1949//1451 2379//1451
f 2379//1474 1949//1474 2380//1474
f 1949//1474 1948//1474 2380//1474
f 2380//1467 1948//1467 2372//1467
f 1948//1467 1947//1467 2372//1467
f 2372//1454 1947//1454 2373//1454
f 1947//1454 1957//1454 2373//1454
f 2375//1 2373//1 1956//1
f 2373//1 1957//1 1956//1
f 2375//1455 1956//1455 2381//1455
f 1956//1455 1955//1455 2381//1455
f 2381//1456 1955//1456 2382//1456
f 1955//1456 1954//1456 2382//1456
f 2382//1457 1954//1457 2383//1457
f 1954//1457 1953//1457 2383//1457
f 2383//1470 1953//1470 2387//1470
f 1953//1470 1952//1470 2387//1470
f 2387//1459 1952//1459 2386//1459
f 1952//1459 1946//1459 2386//1459
f 2386//1460 1946//1460 2367//1460
f 1946//1460 1945//1460 2367//1460
f 2388//56 2389//56 2390//56
f 2391//56 2392//56 2390//56
f 2393//56 2394//56 2395//56
f 2394//56 2396//56 2395//56
f 2395//56 2396//56 2397//56
f 2392//56 2398//56 2390//56
f 2398//56 2399//56 2390//56
f 2390//56 2399//56 2388//56
f 2400//56 2401//56 2402//56
f 2401//56 2403//56 2402//56
f 2402//56 2403//56 2404//56
f 2391//56 2390//56 2402//56
f 2390//56 2405//56 2402//56
f 2402//56 2405//56 2406//56
f 2403//56 2407//56 2404//56
f 2407//56 2408//56 2404//56
f 2404//56 2408//56 2409//56
f 2397//56 2410//56 2395//56
f 2410//56 2411//56 2395//56
f 2395//56 2411//56 2412//56
f 2411//56 2404//56 2412//56
f 2412//56 2404//56 2413//56
f 2404//56 2409//56 2413//56
f 2406//56 2414//56 2402//56
f 2414//56 2415//56 2402//56
f 2402//56 2415//56 2400//56
f 2390//1465 1884//1465 2405//1465
f 1884//1465 1882//1465 2405//1465
f 2405//1450 1882//1450 2406//1450
f 1882//1450 1881//1450 2406//1450
f 2406//1469 1881//1469 2414//1469
f 1881//1469 1892//1469 2414//1469
f 2414//1466 1892//1466 2415//1466
f 1892//1466 1890//1466 2415//1466
f 2415//1467 1890//1467 2400//1467
f 1890//1467 1889//1467 2400//1467
f 2400//1454 1889//1454 2401//1454
f 1889//1454 1895//1454 2401//1454
f 2403//1 2401//1 1894//1
f 2401//1 1895//1 1894//1
f 2403//1461 1894//1461 2407//1461
f 1894//1461 1893//1461 2407//1461
f 2407//1456 1893//1456 2408//1456
f 1893//1456 1888//1456 2408//1456
f 2408//1457 1888//1457 2409//1457
f 1888//1457 1887//1457 2409//1457
f 2409//1470 1887//1470 2413//1470
f 1887//1470 1885//1470 2413//1470
f 2413//1459 1885//1459 2412//1459
f 1885//1459 1880//1459 2412//1459
f 2412//1460 1880//1460 2395//1460
f 1880//1460 1879//1460 2395//1460
f 2416//56 2417//56 2418//56
f 2417//56 2419//56 2418//56
f 2418//56 2419//56 2420//56
f 2421//56 2422//56 2423//56
f 2422//56 2424//56 2423//56
f 2424//56 2425//56 2423//56
f 2425//56 2426//56 2423//56
f 2423//56 2426//56 2427//56
f 2428//56 2429//56 2430//56
f 2429//56 2431//56 2430//56
f 2430//56 2431//56 2432//56
f 2420//56 2433//56 2418//56
f 2433//56 2434//56 2418//56
f 2418//56 2434//56 2435//56
f 2434//56 2430//56 2435//56
f 2435//56 2430//56 2436//56
f 2430//56 2432//56 2436//56
f 2437//56 2438//56 2439//56
f 2421//56 2423//56 2437//56
f 2423//56 2440//56 2437//56
f 2437//56 2440//56 2438//56
f 2439//56 2441//56 2437//56
f 2441//56 2442//56 2437//56
f 2437//56 2442//56 2430//56
f 2442//56 2443//56 2430//56
f 2430//56 2443//56 2428//56
f 2423//1475 1930//1475 2440//1475
f 1930//1475 1929//1475 2440//1475
f 2440//1450 1929//1450 2438//1450
f 1929//1450 1938//1450 2438//1450
f 2438//1469 1938//1469 2439//1469
f 1938//1469 1941//1469 2439//1469
f 2439//1466 1941//1466 2441//1466
f 1941//1466 1940//1466 2441//1466
f 2441//1467 1940//1467 2442//1467
f 1940//1467 1939//1467 2442//1467
f 2442//1476 1939//1476 2443//1476
f 1939//1476 1944//1476 2443//1476
f 2428//1 2443//1 1943//1
f 2443//1 1944//1 1943//1
f 2428//1477 1943//1477 2429//1477
f 1943//1477 1942//1477 2429//1477
f 2429//1456 1942//1456 2431//1456
f 1942//1456 1933//1456 2431//1456
f 2431//1457 1933//1457 2432//1457
f 1933//1457 1932//1457 2432//1457
f 2432//1470 1932//1470 2436//1470
f 1932//1470 1937//1470 2436//1470
f 2436//1459 1937//1459 2435//1459
f 1937//1459 1936//1459 2435//1459
f 2435//1478 1936//1478 2418//1478
f 1936//1478 1935//1478 2418//1478
f 2444//56 2445//56 2446//56
f 2447//56 2448//56 2449//56
f 2448//56 2450//56 2449//56
f 2449//56 2450//56 2451//56
f 2446//56 2452//56 2453//56
f 2453//56 2454//56 2446//56
f 2454//56 2455//56 2446//56
f 2446//56 2455//56 2444//56
f 2456//56 2457//56 2458//56
f 2457//56 2459//56 2458//56
f 2458//56 2459//56 2460//56
f 2451//56 2461//56 2449//56
f 2461//56 2462//56 2449//56
f 2449//56 2462//56 2463//56
f 2462//56 2458//56 2463//56
f 2463//56 2458//56 2464//56
f 2458//56 2460//56 2464//56
f 2465//56 2466//56 2467//56
f 2452//56 2446//56 2467//56
f 2446//56 2468//56 2467//56
f 2467//56 2468//56 2465//56
f 2466//56 2469//56 2467//56
f 2469//56 2470//56 2467//56
f 2467//56 2470//56 2458//56
f 2470//56 2471//56 2458//56
f 2458//56 2471//56 2456//56
f 2446//1465 1976//1465 2468//1465
f 1976//1465 2002//1465 2468//1465
f 2468//1479 2002//1479 2465//1479
f 2002//1479 2001//1479 2465//1479
f 2465//1469 2001//1469 2466//1469
f 2001//1469 2000//1469 2466//1469
f 2466//1466 2000//1466 2469//1466
f 2000//1466 1993//1466 2469//1466
f 2469//1467 1993//1467 2470//1467
f 1993//1467 1992//1467 2470//1467
f 2470//1468 1992//1468 2471//1468
f 1992//1468 1999//1468 2471//1468
f 2456//1 2471//1 2005//1
f 2471//1 1999//1 2005//1
f 2456//1455 2005//1455 2457//1455
f 2005//1455 2004//1455 2457//1455
f 2457//1480 2004//1480 2459//1480
f 2004//1480 2003//1480 2459//1480
f 2459//1481 2003//1481 2460//1481
f 2003//1481 1998//1481 2460//1481
f 2460//1482 1998//1482 2464//1482
f 1998//1482 1997//1482 2464//1482
f 2464//1459 1997//1459 2463//1459
f 1997//1459 1995//1459 2463//1459
f 2463//1460 1995//1460 2449//1460
f 1995//1460 1994//1460 2449//1460
f 2472//56 2473//56 2474//56
f 2472//56 2474//56 2475//56
f 2476//56 2477//56 2474//56
f 2477//56 2478//56 2474//56
f 2474//56 2478//56 2475//56
f 2479//56 2480//56 2481//56
f 2480//56 2482//56 2481//56
f 2481//56 2482//56 2483//56
f 2484//56 2485//56 2486//56
f 2487//56 2488//56 2489//56
f 2488//56 2490//56 2489//56
f 2489//56 2490//56 2486//56
f 2490//56 2491//56 2486//56
f 2486//56 2491//56 2484//56
f 2476//56 2474//56 2489//56
f 2474//56 2492//56 2489//56
f 2489//56 2492//56 2493//56
f 2493//56 2494//56 2489//56
f 2494//56 2495//56 2489//56
f 2489//56 2495//56 2487//56
f 2483//56 2496//56 2481//56
f 2496//56 2497//56 2481//56
f 2481//56 2497//56 2498//56
f 2497//56 2486//56 2498//56
f 2498//56 2486//56 2499//56
f 2486//56 2485//56 2499//56
f 2500//56 2501//56 2502//56
f 2503//56 2504//56 2502//56
f 2504//56 2505//56 2502//56
f 2505//56 2506//56 2502//56
f 2502//56 2506//56 2500//56
f 2507//56 1417//56 2508//56
f 1417//56 1415//56 2508//56
f 2509//56 2510//56 2511//56
f 2512//56 2513//56 2511//56
f 2511//56 2510//56 2514//56
f 2503//56 2502//56 2511//56
f 2502//56 2515//56 2511//56
f 2511//56 2515//56 2512//56
f 2513//56 2516//56 2511//56
f 2516//56 2517//56 2511//56
f 2511//56 2517//56 2509//56
f 2510//56 2518//56 2514//56
f 2518//56 2519//56 2514//56
f 2514//56 2519//56 2520//56
f 1418//56 1417//56 2521//56
f 1417//56 2507//56 2521//56
f 2521//56 2507//56 2522//56
f 2507//56 2514//56 2522//56
f 2522//56 2514//56 2523//56
f 2514//56 2520//56 2523//56
f 2524//56 2525//56 2526//56
f 2527//56 2528//56 2529//56
f 2528//56 2530//56 2529//56
f 2529//56 2530//56 2531//56
f 2532//56 2533//56 2526//56
f 2533//56 2534//56 2526//56
f 2534//56 2535//56 2526//56
f 2526//56 2535//56 2524//56
f 2536//56 2537//56 2538//56
f 2537//56 2539//56 2538//56
f 2538//56 2539//56 2540//56
f 2531//56 2541//56 2529//56
f 2541//56 2542//56 2529//56
f 2529//56 2542//56 2543//56
f 2542//56 2538//56 2543//56
f 2543//56 2538//56 2544//56
f 2538//56 2540//56 2544//56
f 2545//56 2546//56 2547//56
f 2532//56 2526//56 2547//56
f 2526//56 2548//56 2547//56
f 2547//56 2548//56 2545//56
f 2546//56 2549//56 2547//56
f 2549//56 2550//56 2547//56
f 2547//56 2550//56 2538//56
f 2550//56 2551//56 2538//56
f 2538//56 2551//56 2536//56
f 2526//1475 1547//1475 2548//1475
f 1547//1475 1549//1475 2548//1475
f 2548//1450 1549//1450 2545//1450
f 1549//1450 1526//1450 2545//1450
f 2545//1469 1526//1469 2546//1469
f 1526//1469 1525//1469 2546//1469
f 2546//1466 1525//1466 2549//1466
f 1525//1466 1558//1466 2549//1466
f 2549//1467 1558//1467 2550//1467
f 1558//1467 1557//1467 2550//1467
f 2550//1476 1557//1476 2551//1476
f 1557//1476 1556//1476 2551//1476
f 2536//1 2551//1 1555//1
f 2551//1 1556//1 1555//1
f 2536//1477 1555//1477 2537//1477
f 1555//1477 1554//1477 2537//1477
f 2537//1456 1554//1456 2539//1456
f 1554//1456 1553//1456 2539//1456
f 2539//1457 1553//1457 2540//1457
f 1553//1457 1534//1457 2540//1457
f 2540//1470 1534//1470 2544//1470
f 1534//1470 1533//1470 2544//1470
f 2544//1459 1533//1459 2543//1459
f 1533//1459 1531//1459 2543//1459
f 2543//1478 1531//1478 2529//1478
f 1531//1478 1530//1478 2529//1478
f 2552//56 2553//56 2554//56
f 2553//56 2555//56 2554//56
f 2554//56 2555//56 2556//56
f 2557//56 2558//56 2559//56
f 2558//56 2560//56 2559//56
f 2560//56 2561//56 2559//56
f 2561//56 2562//56 2559//56
f 2559//56 2562//56 2563//56
f 2564//56 2565//56 2566//56
f 2565//56 2567//56 2566//56
f 2566//56 2567//56 2568//56
f 2569//56 2570//56 2571//56
f 2557//56 2559//56 2566//56
f 2559//56 2572//56 2566//56
f 2566//56 2572//56 2564//56
f 2568//56 2573//56 2566//56
f 2573//56 2574//56 2566//56
f 2566//56 2574//56 2571//56
f 2574//56 2575//56 2571//56
f 2571//56 2575//56 2569//56
f 2556//56 2576//56 2554//56
f 2576//56 2577//56 2554//56
f 2554//56 2577//56 2578//56
f 2577//56 2571//56 2578//56
f 2578//56 2571//56 2579//56
f 2571//56 2570//56 2579//56
f 2559//1465 1539//1465 2572//1465
f 1539//1465 1538//1465 2572//1465
f 2572//1450 1538//1450 2564//1450
f 1538//1450 1529//1450 2564//1450
f 2564//1483 1529//1483 2565//1483
f 1529//1483 1528//1483 2565//1483
f 2565//1484 1528//1484 2567//1484
f 1528//1484 1537//1484 2567//1484
f 2567//1485 1537//1485 2568//1485
f 1537//1485 1536//1485 2568//1485
f 2568//1468 1536//1468 2573//1468
f 1536//1468 1535//1468 2573//1468
f 2574//1 2573//1 1561//1
f 2573//1 1535//1 1561//1
f 2574//1455 1561//1455 2575//1455
f 1561//1455 1560//1455 2575//1455
f 2575//1456 1560//1456 2569//1456
f 1560//1456 1559//1456 2569//1456
f 2569//1457 1559//1457 2570//1457
f 1559//1457 1552//1457 2570//1457
f 2570//1470 1552//1470 2579//1470
f 1552//1470 1551//1470 2579//1470
f 2579//1486 1551//1486 2578//1486
f 1551//1486 1550//1486 2578//1486
f 2578//1460 1550//1460 2554//1460
f 1550//1460 1548//1460 2554//1460
f 2580//56 2581//56 2582//56
f 2581//56 2583//56 2582//56
f 2584//56 2585//56 2586//56
f 2585//56 2587//56 2586//56
f 2586//56 2587//56 2588//56
f 2580//56 2589//56 2581//56
f 2589//56 2590//56 2581//56
f 2581//56 2590//56 2591//56
f 2592//56 2593//56 2594//56
f 2588//56 2595//56 2586//56
f 2595//56 2596//56 2586//56
f 2586//56 2596//56 2597//56
f 2596//56 2594//56 2597//56
f 2597//56 2594//56 2598//56
f 2594//56 2593//56 2598//56
f 2599//56 2600//56 2594//56
f 2600//56 2601//56 2594//56
f 2601//56 2602//56 2594//56
f 2602//56 2603//56 2594//56
f 2594//56 2603//56 2592//56
f 2583//56 2581//56 2599//56
f 2581//56 2604//56 2599//56
f 2599//56 2604//56 2605//56
f 2605//56 2606//56 2599//56
f 2606//56 2607//56 2599//56
f 2599//56 2607//56 2600//56
f 2608//56 1385//56 1387//56
f 2609//56 2610//56 2611//56
f 2610//56 2612//56 2611//56
f 2611//56 2612//56 2613//56
f 2614//56 2608//56 2615//56
f 2608//56 1387//56 2615//56
f 2615//56 1387//56 1389//56
f 2616//56 2617//56 2618//56
f 2614//56 2615//56 2619//56
f 2615//56 2620//56 2619//56
f 2619//56 2620//56 2621//56
f 2621//56 2622//56 2619//56
f 2622//56 2623//56 2619//56
f 2619//56 2623//56 2624//56
f 2624//56 2625//56 2619//56
f 2625//56 2626//56 2619//56
f 2619//56 2626//56 2618//56
f 2626//56 2627//56 2618//56
f 2618//56 2627//56 2616//56
f 2613//56 2628//56 2611//56
f 2628//56 2629//56 2611//56
f 2611//56 2629//56 2630//56
f 2629//56 2618//56 2630//56
f 2630//56 2618//56 2631//56
f 2618//56 2617//56 2631//56
f 2632//1449 1796//1449 2633//1449
f 1796//1449 1795//1449 2633//1449
f 2633//1450 1795//1450 2634//1450
f 1795//1450 1757//1450 2634//1450
f 2634//1451 1757//1451 2635//1451
f 1757//1451 1756//1451 2635//1451
f 2635//1466 1756//1466 2636//1466
f 1756//1466 1770//1466 2636//1466
f 2636//1487 1770//1487 2637//1487
f 1770//1487 1769//1487 2637//1487
f 2637//1454 1769//1454 2638//1454
f 1769//1454 1768//1454 2638//1454
f 2639//1 2638//1 1767//1
f 2638//1 1768//1 1767//1
f 2639//1461 1767//1461 2640//1461
f 1767//1461 1765//1461 2640//1461
f 2640//1488 1765//1488 2641//1488
f 1765//1488 1764//1488 2641//1488
f 2641//1457 1764//1457 2642//1457
f 1764//1457 1761//1457 2642//1457
f 2642//1458 1761//1458 2643//1458
f 1761//1458 1763//1458 2643//1458
f 2643//1459 1763//1459 2644//1459
f 1763//1459 1793//1459 2644//1459
f 2644//1464 1793//1464 2645//1464
f 1793//1464 1792//1464 2645//1464
f 2646//56 2647//56 2632//56
f 2647//56 2648//56 2632//56
f 2648//56 2649//56 2632//56
f 2649//56 2650//56 2632//56
f 2632//56 2650//56 2651//56
f 2652//56 2653//56 2645//56
f 2653//56 2654//56 2645//56
f 2645//56 2654//56 2655//56
f 2639//56 2640//56 2656//56
f 2640//56 2641//56 2656//56
f 2656//56 2641//56 2642//56
f 2634//56 2635//56 2657//56
f 2655//56 2658//56 2645//56
f 2658//56 2659//56 2645//56
f 2645//56 2659//56 2644//56
f 2659//56 2656//56 2644//56
f 2644//56 2656//56 2643//56
f 2656//56 2642//56 2643//56
f 2646//56 2632//56 2657//56
f 2632//56 2633//56 2657//56
f 2657//56 2633//56 2634//56
f 2635//56 2636//56 2657//56
f 2636//56 2637//56 2657//56
f 2657//56 2637//56 2656//56
f 2637//56 2638//56 2656//56
f 2656//56 2638//56 2639//56
f 2660//56 2661//56 2662//56
f 2661//56 2663//56 2662//56
f 2662//56 2663//56 2664//56
f 2665//56 2666//56 2667//56
f 2666//56 2668//56 2667//56
f 2668//56 2669//56 2667//56
f 2669//56 2670//56 2667//56
f 2667//56 2670//56 2671//56
f 2672//56 2673//56 2674//56
f 2673//56 2675//56 2674//56
f 2674//56 2675//56 2676//56
f 2664//56 2677//56 2662//56
f 2677//56 2678//56 2662//56
f 2662//56 2678//56 2679//56
f 2678//56 2674//56 2679//56
f 2679//56 2674//56 2680//56
f 2674//56 2676//56 2680//56
f 2681//56 2682//56 2683//56
f 2665//56 2667//56 2681//56
f 2667//56 2684//56 2681//56
f 2681//56 2684//56 2682//56
f 2683//56 2685//56 2681//56
f 2685//56 2686//56 2681//56
f 2681//56 2686//56 2674//56
f 2686//56 2687//56 2674//56
f 2674//56 2687//56 2672//56
f 2672//1 2687//1 1728//1
f 2687//1 1729//1 1728//1
f 2672//1461 1728//1461 2673//1461
f 1728//1461 1724//1461 2673//1461
f 2673//1488 1724//1488 2675//1488
f 1724//1488 1726//1488 2675//1488
f 2675//1457 1726//1457 2676//1457
f 1726//1457 1727//1457 2676//1457
f 2676//1458 1727//1458 2680//1458
f 1727//1458 1719//1458 2680//1458
f 2680//1459 1719//1459 2679//1459
f 1719//1459 1721//1459 2679//1459
f 2679//1464 1721//1464 2662//1464
f 1721//1464 1723//1464 2662//1464
f 2667//1449 1481//1449 2684//1449
f 1481//1449 1718//1449 2684//1449
f 2684//1450 1718//1450 2682//1450
f 1718//1450 1717//1450 2682//1450
f 2682//1451 1717//1451 2683//1451
f 1717//1451 1716//1451 2683//1451
f 2683//1466 1716//1466 2685//1466
f 1716//1466 1715//1466 2685//1466
f 2685//1487 1715//1487 2686//1487
f 1715//1487 1730//1487 2686//1487
f 2686//1454 1730//1454 2687//1454
f 1730//1454 1729//1454 2687//1454
f 2688//62 2689//62 2690//62
f 2688//62 2690//62 2691//62
f 2692//62 2693//62 2694//62
f 2693//62 2695//62 2694//62
f 2694//62 2695//62 2696//62
f 2697//62 2698//62 2690//62
f 2698//62 2699//62 2690//62
f 2690//62 2699//62 2691//62
f 2700//62 2701//62 2702//62
f 2696//62 2703//62 2694//62
f 2703//62 2704//62 2694//62
f 2694//62 2704//62 2705//62
f 2704//62 2700//62 2705//62
f 2705//62 2700//62 2706//62
f 2700//62 2702//62 2706//62
f 2707//62 2708//62 2700//62
f 2708//62 2709//62 2700//62
f 2709//62 2710//62 2700//62
f 2710//62 2711//62 2700//62
f 2700//62 2711//62 2701//62
f 2697//62 2690//62 2707//62
f 2690//62 2712//62 2707//62
f 2707//62 2712//62 2713//62
f 2713//62 2714//62 2707//62
f 2714//62 2715//62 2707//62
f 2707//62 2715//62 2708//62
f 2694//49 2716//49 2692//49
f 2716//49 2717//49 2692//49
f 2692//49 2717//49 2147//49
f 2717//49 1787//49 2147//49
f 2147//49 1787//49 2142//49
f 1787//49 1789//49 2142//49
f 2142//49 1789//49 1791//49
f 2718//1489 1802//1489 2719//1489
f 1802//1490 1801//1490 2719//1490
f 2719//1491 1801//1491 2720//1491
f 2720//1492 1801//1492 2721//1492
f 1801//1493 1800//1493 2721//1493
f 2721//1494 1800//1494 2722//1494
f 2722//1495 1800//1495 2723//1495
f 1800//1496 1799//1496 2723//1496
f 2723//1497 1799//1497 2724//1497
f 1799//1498 1778//1498 2724//1498
f 2724//1498 1778//1498 2725//1498
f 1778//1499 1777//1499 2725//1499
f 2725//1499 1777//1499 2726//1499
f 1777//1500 1787//1500 2726//1500
f 2726//1500 1787//1500 2717//1500
f 2727//2 1807//2 2718//2
f 1807//2 1802//2 2718//2
f 2728//1501 1479//1501 1806//1501
f 2728//1501 1806//1501 2729//1501
f 1806//1502 1805//1502 2729//1502
f 2729//1502 1805//1502 2730//1502
f 1805//1503 1804//1503 2730//1503
f 2730//1503 1804//1503 2731//1503
f 2731//1504 1804//1504 2732//1504
f 1804//1505 1803//1505 2732//1505
f 2732//1506 1803//1506 2733//1506
f 2733//1507 1803//1507 2734//1507
f 1803//1508 1808//1508 2734//1508
f 2734//1509 1808//1509 2735//1509
f 2735//1510 1808//1510 2736//1510
f 1808//1511 1807//1511 2736//1511
f 2736//1512 1807//1512 2727//1512
f 2737//57 2690//57 2728//57
f 2690//57 2689//57 2728//57
f 2728//57 2689//57 1479//57
f 2689//57 2136//57 1479//57
f 1479//57 2136//57 1480//57
f 2136//57 2138//57 1480//57
f 1480//57 2138//57 1748//57
f 2738//1513 2709//1513 2739//1513
f 2709//1514 2708//1514 2739//1514
f 2739//1515 2708//1515 2740//1515
f 2740//1516 2708//1516 2741//1516
f 2708//1517 2715//1517 2741//1517
f 2741//1518 2715//1518 2742//1518
f 2742//1519 2715//1519 2743//1519
f 2715//1520 2714//1520 2743//1520
f 2743//1521 2714//1521 2744//1521
f 2714//1458 2713//1458 2744//1458
f 2744//1458 2713//1458 2745//1458
f 2713//1459 2712//1459 2745//1459
f 2745//1459 2712//1459 2746//1459
f 2712//1460 2690//1460 2746//1460
f 2746//1460 2690//1460 2737//1460
f 2709//1 2738//1 2710//1
f 2738//1 2747//1 2710//1
f 2716//1449 2694//1449 2705//1449
f 2716//1449 2705//1449 2748//1449
f 2705//1450 2706//1450 2748//1450
f 2748//1450 2706//1450 2749//1450
f 2706//1451 2702//1451 2749//1451
f 2749//1451 2702//1451 2750//1451
f 2701//1452 2751//1452 2702//1452
f 2751//1522 2752//1522 2702//1522
f 2702//1523 2752//1523 2750//1523
f 2711//1454 2710//1454 2747//1454
f 2747//1524 2753//1524 2711//1524
f 2753//1525 2754//1525 2711//1525
f 2711//1453 2754//1453 2701//1453
f 2754//1526 2755//1526 2701//1526
f 2701//1527 2755//1527 2751//1527
f 2756//1 2757//1 2758//1
f 2757//1 2759//1 2758//1
f 2760//1465 2761//1465 2762//1465
f 2760//1465 2762//1465 2763//1465
f 2762//1450 2764//1450 2763//1450
f 2763//1450 2764//1450 2765//1450
f 2764//1451 2766//1451 2765//1451
f 2765//1451 2766//1451 2767//1451
f 2768//1466 2769//1466 2766//1466
f 2769//1528 2770//1528 2766//1528
f 2766//1529 2770//1529 2767//1529
f 2771//1468 2758//1468 2759//1468
f 2759//1530 2772//1530 2771//1530
f 2772//1531 2773//1531 2771//1531
f 2771//1467 2773//1467 2768//1467
f 2773//1532 2774//1532 2768//1532
f 2768//1533 2774//1533 2769//1533
f 2761//49 2760//49 2775//49
f 2760//49 2776//49 2775//49
f 2775//49 2776//49 2175//49
f 2776//49 1700//49 2175//49
f 2175//49 1700//49 2171//49
f 1700//49 1487//49 2171//49
f 2171//49 1487//49 1486//49
f 2777//1489 1712//1489 2778//1489
f 1712//1534 1711//1534 2778//1534
f 2778//1535 1711//1535 2779//1535
f 2779//1492 1711//1492 2780//1492
f 1711//1536 1704//1536 2780//1536
f 2780//1537 1704//1537 2781//1537
f 2781//1538 1704//1538 2782//1538
f 1704//1539 1703//1539 2782//1539
f 2782//1540 1703//1540 2783//1540
f 1703//1498 1702//1498 2783//1498
f 2783//1498 1702//1498 2784//1498
f 1702//1499 1701//1499 2784//1499
f 2784//1499 1701//1499 2785//1499
f 1701//1541 1700//1541 2785//1541
f 2785//1541 1700//1541 2776//1541
f 2786//2 1713//2 2777//2
f 1713//2 1712//2 2777//2
f 2787//1542 1484//1542 1710//1542
f 2787//1542 1710//1542 2788//1542
f 1710//1502 1709//1502 2788//1502
f 2788//1502 1709//1502 2789//1502
f 1709//1503 1708//1503 2789//1503
f 2789//1503 1708//1503 2790//1503
f 2790//1543 1708//1543 2791//1543
f 1708//1544 1707//1544 2791//1544
f 2791//1545 1707//1545 2792//1545
f 2792//1546 1707//1546 2793//1546
f 1707//1547 1706//1547 2793//1547
f 2793//1509 1706//1509 2794//1509
f 2794//1548 1706//1548 2795//1548
f 1706//1549 1713//1549 2795//1549
f 2795//1512 1713//1512 2786//1512
f 2796//57 2797//57 2787//57
f 2797//57 2798//57 2787//57
f 2787//57 2798//57 1484//57
f 2798//57 2164//57 1484//57
f 1484//57 2164//57 1485//57
f 2164//57 2166//57 1485//57
f 1485//57 2166//57 1686//57
f 2757//1513 2756//1513 2799//1513
f 2756//1550 2800//1550 2799//1550
f 2799//1551 2800//1551 2801//1551
f 2801//1516 2800//1516 2802//1516
f 2800//1552 2803//1552 2802//1552
f 2802//1553 2803//1553 2804//1553
f 2804//1554 2803//1554 2805//1554
f 2803//1555 2806//1555 2805//1555
f 2805//1556 2806//1556 2807//1556
f 2806//1458 2808//1458 2807//1458
f 2807//1458 2808//1458 2809//1458
f 2808//1459 2810//1459 2809//1459
f 2809//1459 2810//1459 2811//1459
f 2810//1464 2797//1464 2811//1464
f 2811//1464 2797//1464 2796//1464
f 2812//1 2813//1 2814//1
f 2813//1 2815//1 2814//1
f 2816//1449 2817//1449 2818//1449
f 2816//1449 2818//1449 2819//1449
f 2818//1450 2820//1450 2819//1450
f 2819//1450 2820//1450 2821//1450
f 2820//1469 2822//1469 2821//1469
f 2821//1469 2822//1469 2823//1469
f 2824//1466 2825//1466 2822//1466
f 2825//1528 2826//1528 2822//1528
f 2822//1529 2826//1529 2823//1529
f 2827//1468 2814//1468 2815//1468
f 2815//1530 2828//1530 2827//1530
f 2828//1531 2829//1531 2827//1531
f 2827//1467 2829//1467 2824//1467
f 2829//1532 2830//1532 2824//1532
f 2824//1533 2830//1533 2825//1533
f 2817//49 2816//49 2831//49
f 2816//49 2832//49 2831//49
f 2831//49 2832//49 2203//49
f 2832//49 1667//49 2203//49
f 2203//49 1667//49 2199//49
f 1667//49 1666//49 2199//49
f 2199//49 1666//49 1665//49
f 2833//1489 1670//1489 2834//1489
f 1670//1534 1669//1534 2834//1534
f 2834//1535 1669//1535 2835//1535
f 2835//1492 1669//1492 2836//1492
f 1669//1536 1656//1536 2836//1536
f 2836//1537 1656//1537 2837//1537
f 2837//1538 1656//1538 2838//1538
f 1656//1539 1657//1539 2838//1539
f 2838//1540 1657//1540 2839//1540
f 1657//1557 1658//1557 2839//1557
f 2839//1557 1658//1557 2840//1557
f 1658//1499 1668//1499 2840//1499
f 2840//1499 1668//1499 2841//1499
f 1668//1500 1667//1500 2841//1500
f 2841//1500 1667//1500 2832//1500
f 2842//2 1671//2 2833//2
f 1671//2 1670//2 2833//2
f 2843//1542 1489//1542 1664//1542
f 2843//1542 1664//1542 2844//1542
f 1664//1502 1663//1502 2844//1502
f 2844//1502 1663//1502 2845//1502
f 1663//1558 1662//1558 2845//1558
f 2845//1558 1662//1558 2846//1558
f 2846//1504 1662//1504 2847//1504
f 1662//1505 1660//1505 2847//1505
f 2847//1506 1660//1506 2848//1506
f 2848//1507 1660//1507 2849//1507
f 1660//1508 1659//1508 2849//1508
f 2849//1509 1659//1509 2850//1509
f 2850//1510 1659//1510 2851//1510
f 1659//1511 1671//1511 2851//1511
f 2851//1512 1671//1512 2842//1512
f 2852//57 2853//57 2843//57
f 2853//57 2854//57 2843//57
f 2843//57 2854//57 1489//57
f 2854//57 2192//57 1489//57
f 1489//57 2192//57 1490//57
f 2192//57 2194//57 1490//57
f 1490//57 2194//57 1680//57
f 2813//1513 2812//1513 2855//1513
f 2812//1514 2856//1514 2855//1514
f 2855//1515 2856//1515 2857//1515
f 2857//1516 2856//1516 2858//1516
f 2856//1517 2859//1517 2858//1517
f 2858//1518 2859//1518 2860//1518
f 2860//1519 2859//1519 2861//1519
f 2859//1520 2862//1520 2861//1520
f 2861//1521 2862//1521 2863//1521
f 2862//1470 2864//1470 2863//1470
f 2863//1470 2864//1470 2865//1470
f 2864//1459 2866//1459 2865//1459
f 2865//1459 2866//1459 2867//1459
f 2866//1464 2853//1464 2867//1464
f 2867//1464 2853//1464 2852//1464
f 2868//1 2869//1 2870//1
f 2869//1 2871//1 2870//1
f 2872//1465 2873//1465 2874//1465
f 2872//1465 2874//1465 2875//1465
f 2874//1450 2876//1450 2875//1450
f 2875//1450 2876//1450 2877//1450
f 2876//1469 2878//1469 2877//1469
f 2877//1469 2878//1469 2879//1469
f 2880//1466 2881//1466 2878//1466
f 2881//1528 2882//1528 2878//1528
f 2878//1529 2882//1529 2879//1529
f 2883//1468 2870//1468 2871//1468
f 2871//1530 2884//1530 2883//1530
f 2884//1531 2885//1531 2883//1531
f 2883//1467 2885//1467 2880//1467
f 2885//1532 2886//1532 2880//1532
f 2880//1533 2886//1533 2881//1533
f 2873//49 2872//49 2887//49
f 2872//49 2888//49 2887//49
f 2887//49 2888//49 2231//49
f 2888//49 1597//49 2231//49
f 2231//49 1597//49 2227//49
f 1597//49 1606//49 2227//49
f 2227//49 1606//49 1605//49
f 2889//1489 1611//1489 2890//1489
f 1611//1534 1610//1534 2890//1534
f 2890//1535 1610//1535 2891//1535
f 2891//1492 1610//1492 2892//1492
f 1610//1536 1602//1536 2892//1536
f 2892//1537 1602//1537 2893//1537
f 2893//1538 1602//1538 2894//1538
f 1602//1539 1601//1539 2894//1539
f 2894//1540 1601//1540 2895//1540
f 1601//1557 1600//1557 2895//1557
f 2895//1557 1600//1557 2896//1557
f 1600//1499 1598//1499 2896//1499
f 2896//1499 1598//1499 2897//1499
f 1598//1541 1597//1541 2897//1541
f 2897//1541 1597//1541 2888//1541
f 2898//2 1612//2 2889//2
f 1612//2 1611//2 2889//2
f 2899//1501 1594//1501 1596//1501
f 2899//1501 1596//1501 2900//1501
f 1596//1559 1609//1559 2900//1559
f 2900//1559 1609//1559 2901//1559
f 1609//1558 1608//1558 2901//1558
f 2901//1558 1608//1558 2902//1558
f 2902//1504 1608//1504 2903//1504
f 1608//1505 1604//1505 2903//1505
f 2903//1506 1604//1506 2904//1506
f 2904//1507 1604//1507 2905//1507
f 1604//1508 1603//1508 2905//1508
f 2905//1509 1603//1509 2906//1509
f 2906//1510 1603//1510 2907//1510
f 1603//1511 1612//1511 2907//1511
f 2907//1512 1612//1512 2898//1512
f 2908//57 2909//57 2899//57
f 2909//57 2910//57 2899//57
f 2899//57 2910//57 1594//57
f 2910//57 2220//57 1594//57
f 1594//57 2220//57 1592//57
f 2220//57 2222//57 1592//57
f 1592//57 2222//57 1613//57
f 2869//1513 2868//1513 2911//1513
f 2868//1514 2912//1514 2911//1514
f 2911//1515 2912//1515 2913//1515
f 2913//1516 2912//1516 2914//1516
f 2912//1517 2915//1517 2914//1517
f 2914//1518 2915//1518 2916//1518
f 2916//1519 2915//1519 2917//1519
f 2915//1520 2918//1520 2917//1520
f 2917//1521 2918//1521 2919//1521
f 2918//1470 2920//1470 2919//1470
f 2919//1470 2920//1470 2921//1470
f 2920//1471 2922//1471 2921//1471
f 2921//1471 2922//1471 2923//1471
f 2922//1460 2909//1460 2923//1460
f 2923//1460 2909//1460 2908//1460
f 2924//1 2925//1 2926//1
f 2925//1 2927//1 2926//1
f 2928//1465 2929//1465 2930//1465
f 2928//1465 2930//1465 2931//1465
f 2930//1450 2932//1450 2931//1450
f 2931//1450 2932//1450 2933//1450
f 2932//1469 2934//1469 2933//1469
f 2933//1469 2934//1469 2935//1469
f 2936//1466 2937//1466 2934//1466
f 2937//1528 2938//1528 2934//1528
f 2934//1529 2938//1529 2935//1529
f 2939//1468 2926//1468 2927//1468
f 2927//1530 2940//1530 2939//1530
f 2940//1531 2941//1531 2939//1531
f 2939//1467 2941//1467 2936//1467
f 2941//1532 2942//1532 2936//1532
f 2936//1533 2942//1533 2937//1533
f 2929//49 2928//49 2943//49
f 2928//49 2944//49 2943//49
f 2943//49 2944//49 2259//49
f 2944//49 1628//49 2259//49
f 2259//49 1628//49 2255//49
f 1628//49 1492//49 2255//49
f 2255//49 1492//49 1491//49
f 2945//1489 1639//1489 2946//1489
f 1639//1534 1638//1534 2946//1534
f 2946//1535 1638//1535 2947//1535
f 2947//1492 1638//1492 2948//1492
f 1638//1536 1635//1536 2948//1536
f 2948//1537 1635//1537 2949//1537
f 2949//1538 1635//1538 2950//1538
f 1635//1539 1634//1539 2950//1539
f 2950//1540 1634//1540 2951//1540
f 1634//1557 1633//1557 2951//1557
f 2951//1557 1633//1557 2952//1557
f 1633//1499 1629//1499 2952//1499
f 2952//1499 1629//1499 2953//1499
f 1629//1541 1628//1541 2953//1541
f 2953//1541 1628//1541 2944//1541
f 2954//2 1640//2 2945//2
f 1640//2 1639//2 2945//2
f 2955//1501 1631//1501 1630//1501
f 2955//1501 1630//1501 2956//1501
f 1630//1502 1642//1502 2956//1502
f 2956//1502 1642//1502 2957//1502
f 1642//1503 1641//1503 2957//1503
f 2957//1503 1641//1503 2958//1503
f 2958//1504 1641//1504 2959//1504
f 1641//1560 1637//1560 2959//1560
f 2959//1545 1637//1545 2960//1545
f 2960//1546 1637//1546 2961//1546
f 1637//1561 1636//1561 2961//1561
f 2961//1562 1636//1562 2962//1562
f 2962//1548 1636//1548 2963//1548
f 1636//1549 1640//1549 2963//1549
f 2963//1512 1640//1512 2954//1512
f 2964//57 2965//57 2955//57
f 2965//57 2966//57 2955//57
f 2955//57 2966//57 1631//57
f 2966//57 2248//57 1631//57
f 1631//57 2248//57 1632//57
f 2248//57 2250//57 1632//57
f 1632//57 2250//57 1650//57
f 2925//1513 2924//1513 2967//1513
f 2924//1550 2968//1550 2967//1550
f 2967//1551 2968//1551 2969//1551
f 2969//1563 2968//1563 2970//1563
f 2968//1564 2971//1564 2970//1564
f 2970//1553 2971//1553 2972//1553
f 2972//1554 2971//1554 2973//1554
f 2971//1565 2974//1565 2973//1565
f 2973//1521 2974//1521 2975//1521
f 2974//1458 2976//1458 2975//1458
f 2975//1458 2976//1458 2977//1458
f 2976//1459 2978//1459 2977//1459
f 2977//1459 2978//1459 2979//1459
f 2978//1460 2965//1460 2979//1460
f 2979//1460 2965//1460 2964//1460
f 2980//1 2981//1 2982//1
f 2981//1 2983//1 2982//1
f 2984//1465 2985//1465 2986//1465
f 2984//1465 2986//1465 2987//1465
f 2986//1450 2988//1450 2987//1450
f 2987//1450 2988//1450 2989//1450
f 2988//1469 2990//1469 2989//1469
f 2989//1469 2990//1469 2991//1469
f 2992//1466 2993//1466 2990//1466
f 2993//1566 2994//1566 2990//1566
f 2990//1567 2994//1567 2991//1567
f 2995//1454 2982//1454 2983//1454
f 2983//1524 2996//1524 2995//1524
f 2996//1525 2997//1525 2995//1525
f 2995//1467 2997//1467 2992//1467
f 2997//1568 2998//1568 2992//1568
f 2992//1527 2998//1527 2993//1527
f 2985//49 2984//49 2999//49
f 2984//49 3000//49 2999//49
f 2999//49 3000//49 2287//49
f 3000//49 1584//49 2287//49
f 2287//49 1584//49 2283//49
f 1584//49 1583//49 2283//49
f 2283//49 1583//49 1573//49
f 3001//1489 1590//1489 3002//1489
f 1590//1490 1589//1490 3002//1490
f 3002//1491 1589//1491 3003//1491
f 3003//1569 1589//1569 3004//1569
f 1589//1570 1581//1570 3004//1570
f 3004//1494 1581//1494 3005//1494
f 3005//1495 1581//1495 3006//1495
f 1581//1571 1580//1571 3006//1571
f 3006//1572 1580//1572 3007//1572
f 1580//1557 1582//1557 3007//1557
f 3007//1557 1582//1557 3008//1557
f 1582//1499 1585//1499 3008//1499
f 3008//1499 1585//1499 3009//1499
f 1585//1541 1584//1541 3009//1541
f 3009//1541 1584//1541 3000//1541
f 3010//2 1591//2 3001//2
f 1591//2 1590//2 3001//2
f 3011//1501 1494//1501 1588//1501
f 3011//1501 1588//1501 3012//1501
f 1588//1502 1587//1502 3012//1502
f 3012//1502 1587//1502 3013//1502
f 1587//1558 1586//1558 3013//1558
f 3013//1558 1586//1558 3014//1558
f 3014//1504 1586//1504 3015//1504
f 1586//1505 1578//1505 3015//1505
f 3015//1506 1578//1506 3016//1506
f 3016//1546 1578//1546 3017//1546
f 1578//1561 1577//1561 3017//1561
f 3017//1562 1577//1562 3018//1562
f 3018//1510 1577//1510 3019//1510
f 1577//1573 1591//1573 3019//1573
f 3019//1574 1591//1574 3010//1574
f 3020//57 3021//57 3011//57
f 3021//57 3022//57 3011//57
f 3011//57 3022//57 1494//57
f 3022//57 2276//57 1494//57
f 1494//57 2276//57 1495//57
f 2276//57 2278//57 1495//57
f 1495//57 2278//57 1567//57
f 2981//1575 2980//1575 3023//1575
f 2980//1576 3024//1576 3023//1576
f 3023//1515 3024//1515 3025//1515
f 3025//1563 3024//1563 3026//1563
f 3024//1564 3027//1564 3026//1564
f 3026//1553 3027//1553 3028//1553
f 3028//1519 3027//1519 3029//1519
f 3027//1520 3030//1520 3029//1520
f 3029//1521 3030//1521 3031//1521
f 3030//1470 3032//1470 3031//1470
f 3031//1470 3032//1470 3033//1470
f 3032//1459 3034//1459 3033//1459
f 3033//1459 3034//1459 3035//1459
f 3034//1460 3021//1460 3035//1460
f 3035//1460 3021//1460 3020//1460
f 3036//62 3037//62 3038//62
f 3039//62 3040//62 3041//62
f 3040//62 3042//62 3041//62
f 3041//62 3042//62 3043//62
f 3038//62 3044//62 3045//62
f 3045//62 3046//62 3038//62
f 3046//62 3047//62 3038//62
f 3038//62 3047//62 3036//62
f 3048//62 3049//62 3050//62
f 3043//62 3051//62 3041//62
f 3051//62 3052//62 3041//62
f 3041//62 3052//62 3053//62
f 3052//62 3050//62 3053//62
f 3053//62 3050//62 3054//62
f 3050//62 3049//62 3054//62
f 3055//62 3056//62 3050//62
f 3056//62 3057//62 3050//62
f 3057//62 3058//62 3050//62
f 3058//62 3059//62 3050//62
f 3050//62 3059//62 3048//62
f 3044//62 3038//62 3055//62
f 3038//62 3060//62 3055//62
f 3055//62 3060//62 3061//62
f 3061//62 3062//62 3055//62
f 3062//62 3063//62 3055//62
f 3055//62 3063//62 3056//62
f 3041//49 3064//49 3039//49
f 3064//49 3065//49 3039//49
f 3039//49 3065//49 2315//49
f 3065//49 1815//49 2315//49
f 2315//49 1815//49 2310//49
f 1815//49 1477//49 2310//49
f 2310//49 1477//49 1476//49
f 3066//1489 1830//1489 3067//1489
f 1830//1534 1829//1534 3067//1534
f 3067//1535 1829//1535 3068//1535
f 3068//1492 1829//1492 3069//1492
f 1829//1536 1819//1536 3069//1536
f 3069//1537 1819//1537 3070//1537
f 3070//1538 1819//1538 3071//1538
f 1819//1539 1818//1539 3071//1539
f 3071//1540 1818//1540 3072//1540
f 1818//1557 1817//1557 3072//1557
f 3072//1557 1817//1557 3073//1557
f 1817//1499 1816//1499 3073//1499
f 3073//1499 1816//1499 3074//1499
f 1816//1500 1815//1500 3074//1500
f 3074//1500 1815//1500 3065//1500
f 3075//2 1831//2 3066//2
f 1831//2 1830//2 3066//2
f 3076//1542 1827//1542 1828//1542
f 3076//1542 1828//1542 3077//1542
f 1828//1502 1824//1502 3077//1502
f 3077//1502 1824//1502 3078//1502
f 1824//1558 1823//1558 3078//1558
f 3078//1558 1823//1558 3079//1558
f 3079//1504 1823//1504 3080//1504
f 1823//1505 1821//1505 3080//1505
f 3080//1506 1821//1506 3081//1506
f 3081//1507 1821//1507 3082//1507
f 1821//1508 1820//1508 3082//1508
f 3082//1509 1820//1509 3083//1509
f 3083//1510 1820//1510 3084//1510
f 1820//1511 1831//1511 3084//1511
f 3084//1512 1831//1512 3075//1512
f 3085//57 3038//57 3076//57
f 3038//57 3037//57 3076//57
f 3076//57 3037//57 1827//57
f 3037//57 2304//57 1827//57
f 1827//57 2304//57 1825//57
f 2304//57 2306//57 1825//57
f 1825//57 2306//57 1832//57
f 3086//1513 3057//1513 3087//1513
f 3057//1514 3056//1514 3087//1514
f 3087//1515 3056//1515 3088//1515
f 3088//1516 3056//1516 3089//1516
f 3056//1517 3063//1517 3089//1517
f 3089//1518 3063//1518 3090//1518
f 3090//1519 3063//1519 3091//1519
f 3063//1520 3062//1520 3091//1520
f 3091//1521 3062//1521 3092//1521
f 3062//1470 3061//1470 3092//1470
f 3092//1470 3061//1470 3093//1470
f 3061//1459 3060//1459 3093//1459
f 3093//1459 3060//1459 3094//1459
f 3060//1464 3038//1464 3094//1464
f 3094//1464 3038//1464 3085//1464
f 3057//1 3086//1 3058//1
f 3086//1 3095//1 3058//1
f 3064//1449 3041//1449 3053//1449
f 3064//1449 3053//1449 3096//1449
f 3053//1450 3054//1450 3096//1450
f 3096//1450 3054//1450 3097//1450
f 3054//1469 3049//1469 3097//1469
f 3097//1469 3049//1469 3098//1469
f 3048//1466 3099//1466 3049//1466
f 3099//1528 3100//1528 3049//1528
f 3049//1529 3100//1529 3098//1529
f 3059//1468 3058//1468 3095//1468
f 3095//1530 3101//1530 3059//1530
f 3101//1531 3102//1531 3059//1531
f 3059//1467 3102//1467 3048//1467
f 3102//1532 3103//1532 3048//1532
f 3048//1533 3103//1533 3099//1533
f 3104//62 3105//62 3106//62
f 3105//62 3107//62 3106//62
f 3106//62 3107//62 3108//62
f 3109//62 3110//62 3111//62
f 3110//62 3112//62 3111//62
f 3112//62 3113//62 3111//62
f 3113//62 3114//62 3111//62
f 3111//62 3114//62 3115//62
f 3108//62 3116//62 3106//62
f 3116//62 3117//62 3106//62
f 3106//62 3117//62 3118//62
f 3117//62 3119//62 3118//62
f 3120//62 3121//62 3119//62
f 3121//62 3122//62 3119//62
f 3122//62 3123//62 3119//62
f 3123//62 3124//62 3119//62
f 3119//62 3124//62 3125//62
f 3125//62 3126//62 3119//62
f 3126//62 3127//62 3119//62
f 3119//62 3127//62 3118//62
f 3109//62 3111//62 3120//62
f 3111//62 3128//62 3120//62
f 3120//62 3128//62 3129//62
f 3129//62 3130//62 3120//62
f 3130//62 3131//62 3120//62
f 3120//62 3131//62 3121//62
f 3106//49 3132//49 3104//49
f 3132//49 3133//49 3104//49
f 3104//49 3133//49 2333//49
f 3133//49 1854//49 2333//49
f 2333//49 1854//49 2334//49
f 1854//49 1853//49 2334//49
f 2334//49 1853//49 1852//49
f 3134//1489 1860//1489 3135//1489
f 1860//1534 1859//1534 3135//1534
f 3135//1535 1859//1535 3136//1535
f 3136//1492 1859//1492 3137//1492
f 1859//1536 1851//1536 3137//1536
f 3137//1537 1851//1537 3138//1537
f 3138//1538 1851//1538 3139//1538
f 1851//1539 1850//1539 3139//1539
f 3139//1540 1850//1540 3140//1540
f 1850//1557 1849//1557 3140//1557
f 3140//1557 1849//1557 3141//1557
f 1849//1577 1855//1577 3141//1577
f 3141//1577 1855//1577 3142//1577
f 1855//1541 1854//1541 3142//1541
f 3142//1541 1854//1541 3133//1541
f 3143//2 1861//2 3134//2
f 1861//2 1860//2 3134//2
f 3144//1501 1474//1501 1858//1501
f 3144//1501 1858//1501 3145//1501
f 1858//1502 1857//1502 3145//1502
f 3145//1502 1857//1502 3146//1502
f 1857//1558 1856//1558 3146//1558
f 3146//1558 1856//1558 3147//1558
f 3147//1504 1856//1504 3148//1504
f 1856//1505 1847//1505 3148//1505
f 3148//1506 1847//1506 3149//1506
f 3149//1507 1847//1507 3150//1507
f 1847//1508 1846//1508 3150//1508
f 3150//1509 1846//1509 3151//1509
f 3151//1510 1846//1510 3152//1510
f 1846//1511 1861//1511 3152//1511
f 3152//1512 1861//1512 3143//1512
f 3153//57 3111//57 3144//57
f 3111//57 3115//57 3144//57
f 3144//57 3115//57 1474//57
f 3115//57 2336//57 1474//57
f 1474//57 2336//57 1475//57
f 2336//57 2338//57 1475//57
f 1475//57 2338//57 1862//57
f 3154//1513 3122//1513 3155//1513
f 3122//1514 3121//1514 3155//1514
f 3155//1515 3121//1515 3156//1515
f 3156//1516 3121//1516 3157//1516
f 3121//1517 3131//1517 3157//1517
f 3157//1518 3131//1518 3158//1518
f 3158//1519 3131//1519 3159//1519
f 3131//1520 3130//1520 3159//1520
f 3159//1521 3130//1521 3160//1521
f 3130//1470 3129//1470 3160//1470
f 3160//1470 3129//1470 3161//1470
f 3129//1459 3128//1459 3161//1459
f 3161//1459 3128//1459 3162//1459
f 3128//1460 3111//1460 3162//1460
f 3162//1460 3111//1460 3153//1460
f 3122//1 3154//1 3123//1
f 3154//1 3163//1 3123//1
f 3132//1465 3106//1465 3118//1465
f 3132//1465 3118//1465 3164//1465
f 3118//1473 3127//1473 3164//1473
f 3164//1473 3127//1473 3165//1473
f 3127//1469 3126//1469 3165//1469
f 3165//1469 3126//1469 3166//1469
f 3125//1466 3167//1466 3126//1466
f 3167//1528 3168//1528 3126//1528
f 3126//1529 3168//1529 3166//1529
f 3124//1468 3123//1468 3163//1468
f 3163//1530 3169//1530 3124//1530
f 3169//1531 3170//1531 3124//1531
f 3124//1467 3170//1467 3125//1467
f 3170//1532 3171//1532 3125//1532
f 3125//1533 3171//1533 3167//1533
f 3172//62 3173//62 3174//62
f 3173//62 3175//62 3174//62
f 3176//62 3177//62 3178//62
f 3177//62 3179//62 3178//62
f 3178//62 3179//62 3180//62
f 3181//62 3182//62 3173//62
f 3182//62 3183//62 3173//62
f 3173//62 3183//62 3175//62
f 3184//62 3185//62 3186//62
f 3181//62 3173//62 3187//62
f 3173//62 3188//62 3187//62
f 3187//62 3188//62 3189//62
f 3189//62 3190//62 3187//62
f 3190//62 3191//62 3187//62
f 3187//62 3191//62 3192//62
f 3192//62 3193//62 3187//62
f 3193//62 3194//62 3187//62
f 3187//62 3194//62 3186//62
f 3194//62 3195//62 3186//62
f 3186//62 3195//62 3184//62
f 3180//62 3196//62 3178//62
f 3196//62 3197//62 3178//62
f 3178//62 3197//62 3198//62
f 3197//62 3186//62 3198//62
f 3198//62 3186//62 3199//62
f 3186//62 3185//62 3199//62
f 3178//49 3200//49 3176//49
f 3200//49 3201//49 3176//49
f 3176//49 3201//49 2361//49
f 3201//49 1958//49 2361//49
f 2361//49 1958//49 2362//49
f 1958//49 1472//49 2362//49
f 2362//49 1472//49 1471//49
f 3202//1489 1971//1489 3203//1489
f 1971//1490 1970//1490 3203//1490
f 3203//1491 1970//1491 3204//1491
f 3204//1569 1970//1569 3205//1569
f 1970//1570 1962//1570 3205//1570
f 3205//1494 1962//1494 3206//1494
f 3206//1495 1962//1495 3207//1495
f 1962//1578 1961//1578 3207//1578
f 3207//1540 1961//1540 3208//1540
f 1961//1498 1960//1498 3208//1498
f 3208//1498 1960//1498 3209//1498
f 1960//1499 1959//1499 3209//1499
f 3209//1499 1959//1499 3210//1499
f 1959//1541 1958//1541 3210//1541
f 3210//1541 1958//1541 3201//1541
f 3211//2 1972//2 3202//2
f 1972//2 1971//2 3202//2
f 3212//1501 1968//1501 1967//1501
f 3212//1501 1967//1501 3213//1501
f 1967//1502 1966//1502 3213//1502
f 3213//1502 1966//1502 3214//1502
f 1966//1558 1965//1558 3214//1558
f 3214//1558 1965//1558 3215//1558
f 3215//1504 1965//1504 3216//1504
f 1965//1505 1964//1505 3216//1505
f 3216//1506 1964//1506 3217//1506
f 3217//1507 1964//1507 3218//1507
f 1964//1508 1963//1508 3218//1508
f 3218//1509 1963//1509 3219//1509
f 3219//1510 1963//1510 3220//1510
f 1963//1511 1972//1511 3220//1511
f 3220//1512 1972//1512 3211//1512
f 3221//57 3173//57 3212//57
f 3173//57 3172//57 3212//57
f 3212//57 3172//57 1968//57
f 3172//57 2365//57 1968//57
f 1968//57 2365//57 1969//57
f 2365//57 2367//57 1969//57
f 1969//57 2367//57 1945//57
f 3222//1513 3193//1513 3223//1513
f 3193//1514 3192//1514 3223//1514
f 3223//1515 3192//1515 3224//1515
f 3224//1516 3192//1516 3225//1516
f 3192//1517 3191//1517 3225//1517
f 3225//1518 3191//1518 3226//1518
f 3226//1519 3191//1519 3227//1519
f 3191//1520 3190//1520 3227//1520
f 3227//1521 3190//1521 3228//1521
f 3190//1470 3189//1470 3228//1470
f 3228//1470 3189//1470 3229//1470
f 3189//1459 3188//1459 3229//1459
f 3229//1459 3188//1459 3230//1459
f 3188//1460 3173//1460 3230//1460
f 3230//1460 3173//1460 3221//1460
f 3193//1 3222//1 3194//1
f 3222//1 3231//1 3194//1
f 3200//1465 3178//1465 3198//1465
f 3200//1465 3198//1465 3232//1465
f 3198//1450 3199//1450 3232//1450
f 3232//1450 3199//1450 3233//1450
f 3199//1451 3185//1451 3233//1451
f 3233//1451 3185//1451 3234//1451
f 3184//1474 3235//1474 3185//1474
f 3235//1579 3236//1579 3185//1579
f 3185//1529 3236//1529 3234//1529
f 3195//1454 3194//1454 3231//1454
f 3231//1524 3237//1524 3195//1524
f 3237//1525 3238//1525 3195//1525
f 3195//1467 3238//1467 3184//1467
f 3238//1568 3239//1568 3184//1568
f 3184//1527 3239//1527 3235//1527
f 3240//62 3241//62 3242//62
f 3240//62 3242//62 3243//62
f 3244//62 3245//62 3246//62
f 3245//62 3247//62 3246//62
f 3246//62 3247//62 3248//62
f 3249//62 3250//62 3242//62
f 3250//62 3251//62 3242//62
f 3242//62 3251//62 3243//62
f 3252//62 3253//62 3254//62
f 3255//62 3256//62 3257//62
f 3256//62 3258//62 3257//62
f 3257//62 3258//62 3259//62
f 3259//62 3260//62 3257//62
f 3260//62 3261//62 3257//62
f 3257//62 3261//62 3254//62
f 3261//62 3262//62 3254//62
f 3254//62 3262//62 3252//62
f 3249//62 3242//62 3257//62
f 3242//62 3263//62 3257//62
f 3257//62 3263//62 3255//62
f 3248//62 3264//62 3246//62
f 3264//62 3265//62 3246//62
f 3246//62 3265//62 3266//62
f 3265//62 3254//62 3266//62
f 3266//62 3254//62 3267//62
f 3254//62 3253//62 3267//62
f 3246//49 3268//49 3244//49
f 3268//49 3269//49 3244//49
f 3244//49 3269//49 2389//49
f 3269//49 1904//49 2389//49
f 2389//49 1904//49 2390//49
f 1904//49 1903//49 2390//49
f 2390//49 1903//49 1884//49
f 3270//1580 1910//1580 3271//1580
f 1910//1581 1909//1581 3271//1581
f 3271//1535 1909//1535 3272//1535
f 3272//1569 1909//1569 3273//1569
f 1909//1570 1902//1570 3273//1570
f 3273//1494 1902//1494 3274//1494
f 3274//1538 1902//1538 3275//1538
f 1902//1539 1900//1539 3275//1539
f 3275//1540 1900//1540 3276//1540
f 1900//1557 1899//1557 3276//1557
f 3276//1557 1899//1557 3277//1557
f 1899//1499 1905//1499 3277//1499
f 3277//1499 1905//1499 3278//1499
f 1905//1541 1904//1541 3278//1541
f 3278//1541 1904//1541 3269//1541
f 3279//2 1911//2 3270//2
f 1911//2 1910//2 3270//2
f 3280//1501 1876//1501 1906//1501
f 3280//1501 1906//1501 3281//1501
f 1906//1502 1908//1502 3281//1502
f 3281//1502 1908//1502 3282//1502
f 1908//1558 1907//1558 3282//1558
f 3282//1558 1907//1558 3283//1558
f 3283//1582 1907//1582 3284//1582
f 1907//1583 1897//1583 3284//1583
f 3284//1545 1897//1545 3285//1545
f 3285//1546 1897//1546 3286//1546
f 1897//1561 1896//1561 3286//1561
f 3286//1562 1896//1562 3287//1562
f 3287//1548 1896//1548 3288//1548
f 1896//1549 1911//1549 3288//1549
f 3288//1512 1911//1512 3279//1512
f 3289//57 3242//57 3280//57
f 3242//57 3241//57 3280//57
f 3280//57 3241//57 1876//57
f 3241//57 2393//57 1876//57
f 1876//57 2393//57 1877//57
f 2393//57 2395//57 1877//57
f 1877//57 2395//57 1879//57
f 3290//1513 3260//1513 3291//1513
f 3260//1550 3259//1550 3291//1550
f 3291//1551 3259//1551 3292//1551
f 3292//1563 3259//1563 3293//1563
f 3259//1564 3258//1564 3293//1564
f 3293//1553 3258//1553 3294//1553
f 3294//1554 3258//1554 3295//1554
f 3258//1584 3256//1584 3295//1584
f 3295//1585 3256//1585 3296//1585
f 3256//1470 3255//1470 3296//1470
f 3296//1470 3255//1470 3297//1470
f 3255//1459 3263//1459 3297//1459
f 3297//1459 3263//1459 3298//1459
f 3263//1460 3242//1460 3298//1460
f 3298//1460 3242//1460 3289//1460
f 3260//1 3290//1 3261//1
f 3290//1 3299//1 3261//1
f 3268//1465 3246//1465 3266//1465
f 3268//1465 3266//1465 3300//1465
f 3266//1450 3267//1450 3300//1450
f 3300//1450 3267//1450 3301//1450
f 3267//1469 3253//1469 3301//1469
f 3301//1469 3253//1469 3302//1469
f 3252//1466 3303//1466 3253//1466
f 3303//1528 3304//1528 3253//1528
f 3253//1529 3304//1529 3302//1529
f 3262//1454 3261//1454 3299//1454
f 3299//1586 3305//1586 3262//1586
f 3305//1531 3306//1531 3262//1531
f 3262//1467 3306//1467 3252//1467
f 3306//1568 3307//1568 3252//1568
f 3252//1527 3307//1527 3303//1527
f 3308//62 3309//62 3310//62
f 3311//62 3312//62 3313//62
f 3312//62 3314//62 3313//62
f 3313//62 3314//62 3315//62
f 3310//62 3316//62 3317//62
f 3317//62 3318//62 3310//62
f 3318//62 3319//62 3310//62
f 3310//62 3319//62 3308//62
f 3320//62 3321//62 3322//62
f 3321//62 3323//62 3322//62
f 3322//62 3323//62 3324//62
f 3315//62 3325//62 3313//62
f 3325//62 3326//62 3313//62
f 3313//62 3326//62 3327//62
f 3326//62 3322//62 3327//62
f 3327//62 3322//62 3328//62
f 3322//62 3324//62 3328//62
f 3329//62 3330//62 3331//62
f 3316//62 3310//62 3331//62
f 3310//62 3332//62 3331//62
f 3331//62 3332//62 3329//62
f 3330//62 3333//62 3331//62
f 3333//62 3334//62 3331//62
f 3331//62 3334//62 3322//62
f 3334//62 3335//62 3322//62
f 3322//62 3335//62 3320//62
f 3313//49 3336//49 3311//49
f 3336//49 3337//49 3311//49
f 3311//49 3337//49 2427//49
f 3337//49 1912//49 2427//49
f 2427//49 1912//49 2423//49
f 1912//49 1931//49 2423//49
f 2423//49 1931//49 1930//49
f 3338//1587 1927//1587 3339//1587
f 1927//1588 1926//1588 3339//1588
f 3339//1535 1926//1535 3340//1535
f 3340//1589 1926//1589 3341//1589
f 1926//1590 1916//1590 3341//1590
f 3341//1591 1916//1591 3342//1591
f 3342//1592 1916//1592 3343//1592
f 1916//1593 1915//1593 3343//1593
f 3343//1594 1915//1594 3344//1594
f 1915//1557 1914//1557 3344//1557
f 3344//1557 1914//1557 3345//1557
f 1914//1499 1913//1499 3345//1499
f 3345//1499 1913//1499 3346//1499
f 1913//1595 1912//1595 3346//1595
f 3346//1595 1912//1595 3337//1595
f 3347//2 1928//2 3338//2
f 1928//2 1927//2 3338//2
f 3348//1596 1924//1596 1925//1596
f 3348//1596 1925//1596 3349//1596
f 1925//1502 1921//1502 3349//1502
f 3349//1502 1921//1502 3350//1502
f 1921//1558 1920//1558 3350//1558
f 3350//1558 1920//1558 3351//1558
f 3351//1597 1920//1597 3352//1597
f 1920//1598 1918//1598 3352//1598
f 3352//1599 1918//1599 3353//1599
f 3353//1600 1918//1600 3354//1600
f 1918//1601 1917//1601 3354//1601
f 3354//1602 1917//1602 3355//1602
f 3355//1510 1917//1510 3356//1510
f 1917//1603 1928//1603 3356//1603
f 3356//1604 1928//1604 3347//1604
f 3357//57 3310//57 3348//57
f 3310//57 3309//57 3348//57
f 3348//57 3309//57 1924//57
f 3309//57 2416//57 1924//57
f 1924//57 2416//57 1922//57
f 2416//57 2418//57 1922//57
f 1922//57 2418//57 1935//57
f 3358//1605 3335//1605 3359//1605
f 3335//1606 3334//1606 3359//1606
f 3359//1515 3334//1515 3360//1515
f 3360//1607 3334//1607 3361//1607
f 3334//1608 3333//1608 3361//1608
f 3361//1609 3333//1609 3362//1609
f 3362//1610 3333//1610 3363//1610
f 3333//1611 3330//1611 3363//1611
f 3363//1612 3330//1612 3364//1612
f 3330//1470 3329//1470 3364//1470
f 3364//1470 3329//1470 3365//1470
f 3329//1459 3332//1459 3365//1459
f 3365//1459 3332//1459 3366//1459
f 3332//1478 3310//1478 3366//1478
f 3366//1478 3310//1478 3357//1478
f 3335//1 3358//1 3320//1
f 3358//1 3367//1 3320//1
f 3336//1475 3313//1475 3327//1475
f 3336//1475 3327//1475 3368//1475
f 3327//1450 3328//1450 3368//1450
f 3368//1450 3328//1450 3369//1450
f 3328//1469 3324//1469 3369//1469
f 3369//1469 3324//1469 3370//1469
f 3323//1466 3371//1466 3324//1466
f 3371//1613 3372//1613 3324//1613
f 3324//1614 3372//1614 3370//1614
f 3321//1476 3320//1476 3367//1476
f 3367//1615 3373//1615 3321//1615
f 3373//1531 3374//1531 3321//1531
f 3321//1467 3374//1467 3323//1467
f 3374//1616 3375//1616 3323//1616
f 3323//1617 3375//1617 3371//1617
f 3376//62 3377//62 3378//62
f 3377//62 3379//62 3378//62
f 3378//62 3379//62 3380//62
f 3381//62 3382//62 3383//62
f 3382//62 3384//62 3383//62
f 3384//62 3385//62 3383//62
f 3385//62 3386//62 3383//62
f 3383//62 3386//62 3387//62
f 3388//62 3389//62 3390//62
f 3389//62 3391//62 3390//62
f 3390//62 3391//62 3392//62
f 3380//62 3393//62 3378//62
f 3393//62 3394//62 3378//62
f 3378//62 3394//62 3395//62
f 3394//62 3390//62 3395//62
f 3395//62 3390//62 3396//62
f 3390//62 3392//62 3396//62
f 3397//62 3398//62 3399//62
f 3381//62 3383//62 3397//62
f 3383//62 3400//62 3397//62
f 3397//62 3400//62 3398//62
f 3399//62 3401//62 3397//62
f 3401//62 3402//62 3397//62
f 3397//62 3402//62 3390//62
f 3402//62 3403//62 3390//62
f 3390//62 3403//62 3388//62
f 3378//49 3404//49 3376//49
f 3404//49 3405//49 3376//49
f 3376//49 3405//49 2445//49
f 3405//49 1978//49 2445//49
f 2445//49 1978//49 2446//49
f 1978//49 1977//49 2446//49
f 2446//49 1977//49 1976//49
f 3406//1489 1989//1489 3407//1489
f 1989//1534 1983//1534 3407//1534
f 3407//1535 1983//1535 3408//1535
f 3408//1492 1983//1492 3409//1492
f 1983//1536 1982//1536 3409//1536
f 3409//1537 1982//1537 3410//1537
f 3410//1538 1982//1538 3411//1538
f 1982//1539 1981//1539 3411//1539
f 3411//1540 1981//1540 3412//1540
f 1981//1557 1980//1557 3412//1557
f 3412//1557 1980//1557 3413//1557
f 1980//1618 1979//1618 3413//1618
f 3413//1618 1979//1618 3414//1618
f 1979//1541 1978//1541 3414//1541
f 3414//1541 1978//1541 3405//1541
f 3415//2 1990//2 3406//2
f 1990//2 1989//2 3406//2
f 3416//1501 1987//1501 1988//1501
f 3416//1501 1988//1501 3417//1501
f 1988//1502 1974//1502 3417//1502
f 3417//1502 1974//1502 3418//1502
f 1974//1619 1973//1619 3418//1619
f 3418//1619 1973//1619 3419//1619
f 3419//1504 1973//1504 3420//1504
f 1973//1620 1984//1620 3420//1620
f 3420//1599 1984//1599 3421//1599
f 3421//1600 1984//1600 3422//1600
f 1984//1621 1991//1621 3422//1621
f 3422//1509 1991//1509 3423//1509
f 3423//1510 1991//1510 3424//1510
f 1991//1511 1990//1511 3424//1511
f 3424//1512 1990//1512 3415//1512
f 3425//57 3383//57 3416//57
f 3383//57 3387//57 3416//57
f 3416//57 3387//57 1987//57
f 3387//57 2447//57 1987//57
f 1987//57 2447//57 1985//57
f 2447//57 2449//57 1985//57
f 1985//57 2449//57 1994//57
f 3426//1513 3403//1513 3427//1513
f 3403//1514 3402//1514 3427//1514
f 3427//1515 3402//1515 3428//1515
f 3428//1516 3402//1516 3429//1516
f 3402//1622 3401//1622 3429//1622
f 3429//1609 3401//1609 3430//1609
f 3430//1610 3401//1610 3431//1610
f 3401//1623 3399//1623 3431//1623
f 3431//1521 3399//1521 3432//1521
f 3399//1482 3398//1482 3432//1482
f 3432//1482 3398//1482 3433//1482
f 3398//1459 3400//1459 3433//1459
f 3433//1459 3400//1459 3434//1459
f 3400//1460 3383//1460 3434//1460
f 3434//1460 3383//1460 3425//1460
f 3403//1 3426//1 3388//1
f 3426//1 3435//1 3388//1
f 3404//1465 3378//1465 3395//1465
f 3404//1465 3395//1465 3436//1465
f 3395//1479 3396//1479 3436//1479
f 3436//1479 3396//1479 3437//1479
f 3396//1469 3392//1469 3437//1469
f 3437//1469 3392//1469 3438//1469
f 3391//1466 3439//1466 3392//1466
f 3439//1528 3440//1528 3392//1528
f 3392//1529 3440//1529 3438//1529
f 3389//1468 3388//1468 3435//1468
f 3435//1530 3441//1530 3389//1530
f 3441//1531 3442//1531 3389//1531
f 3389//1467 3442//1467 3391//1467
f 3442//1532 3443//1532 3391//1532
f 3391//1533 3443//1533 3439//1533
f 3444//62 3445//62 3446//62
f 3445//62 3447//62 3446//62
f 3446//62 3447//62 3448//62
f 3449//62 3450//62 3451//62
f 3450//62 3452//62 3451//62
f 3449//62 3453//62 3450//62
f 3453//62 3454//62 3450//62
f 3450//62 3454//62 3455//62
f 3456//62 3457//62 3458//62
f 3448//62 3459//62 3446//62
f 3459//62 3460//62 3446//62
f 3446//62 3460//62 3461//62
f 3460//62 3456//62 3461//62
f 3461//62 3456//62 3462//62
f 3456//62 3458//62 3462//62
f 3463//62 3464//62 3456//62
f 3464//62 3465//62 3456//62
f 3465//62 3466//62 3456//62
f 3466//62 3467//62 3456//62
f 3456//62 3467//62 3457//62
f 3452//62 3450//62 3463//62
f 3450//62 3468//62 3463//62
f 3463//62 3468//62 3469//62
f 3469//62 3470//62 3463//62
f 3470//62 3471//62 3463//62
f 3463//62 3471//62 3464//62
f 3472//1624 3465//1624 3473//1624
f 3465//1625 3464//1625 3473//1625
f 3473//1515 3464//1515 3474//1515
f 3474//1626 3464//1626 3475//1626
f 3464//1627 3471//1627 3475//1627
f 3475//1609 3471//1609 3476//1609
f 3476//1610 3471//1610 3477//1610
f 3471//1628 3470//1628 3477//1628
f 3477//1629 3470//1629 3478//1629
f 3470//1630 3469//1630 3478//1630
f 3478//1630 3469//1630 3479//1630
f 3469//1459 3468//1459 3479//1459
f 3479//1459 3468//1459 3480//1459
f 3468//1631 3450//1631 3480//1631
f 3480//1631 3450//1631 3481//1631
f 3465//1 3472//1 3466//1
f 3472//1 3482//1 3466//1
f 3483//1465 3446//1465 3461//1465
f 3483//1465 3461//1465 3484//1465
f 3461//1450 3462//1450 3484//1450
f 3484//1450 3462//1450 3485//1450
f 3462//1632 3458//1632 3485//1632
f 3485//1632 3458//1632 3486//1632
f 3457//1633 3487//1633 3458//1633
f 3487//1634 3488//1634 3458//1634
f 3458//1635 3488//1635 3486//1635
f 3467//1636 3466//1636 3482//1636
f 3482//1637 3489//1637 3467//1637
f 3489//1531 3490//1531 3467//1531
f 3467//1638 3490//1638 3457//1638
f 3490//1639 3491//1639 3457//1639
f 3457//1617 3491//1617 3487//1617
f 3492//62 3493//62 3494//62
f 3495//62 3496//62 3497//62
f 3496//62 3498//62 3497//62
f 3497//62 3498//62 3499//62
f 3500//62 3501//62 3494//62
f 3501//62 3502//62 3494//62
f 3502//62 3503//62 3494//62
f 3494//62 3503//62 3492//62
f 3504//62 3505//62 3506//62
f 3505//62 3507//62 3506//62
f 3506//62 3507//62 3508//62
f 3499//62 3509//62 3497//62
f 3509//62 3510//62 3497//62
f 3497//62 3510//62 3511//62
f 3510//62 3506//62 3511//62
f 3511//62 3506//62 3512//62
f 3506//62 3508//62 3512//62
f 3513//62 3514//62 3515//62
f 3500//62 3494//62 3515//62
f 3494//62 3516//62 3515//62
f 3515//62 3516//62 3513//62
f 3514//62 3517//62 3515//62
f 3517//62 3518//62 3515//62
f 3515//62 3518//62 3506//62
f 3518//62 3519//62 3506//62
f 3506//62 3519//62 3504//62
f 3520//1640 3519//1640 3521//1640
f 3519//1641 3518//1641 3521//1641
f 3521//1642 3518//1642 3522//1642
f 3522//1626 3518//1626 3523//1626
f 3518//1643 3517//1643 3523//1643
f 3523//1644 3517//1644 3524//1644
f 3524//1645 3517//1645 3525//1645
f 3517//1646 3514//1646 3525//1646
f 3525//1629 3514//1629 3526//1629
f 3514//1647 3513//1647 3526//1647
f 3526//1647 3513//1647 3527//1647
f 3513//1459 3516//1459 3527//1459
f 3527//1459 3516//1459 3528//1459
f 3516//1631 3494//1631 3528//1631
f 3528//1631 3494//1631 3529//1631
f 3519//1 3520//1 3504//1
f 3520//1 3530//1 3504//1
f 3531//1648 3497//1648 3511//1648
f 3531//1648 3511//1648 3532//1648
f 3511//1649 3512//1649 3532//1649
f 3532//1649 3512//1649 3533//1649
f 3512//1469 3508//1469 3533//1469
f 3533//1469 3508//1469 3534//1469
f 3507//1466 3535//1466 3508//1466
f 3535//1650 3536//1650 3508//1650
f 3508//1635 3536//1635 3534//1635
f 3505//1636 3504//1636 3530//1636
f 3530//1651 3537//1651 3505//1651
f 3537//1652 3538//1652 3505//1652
f 3505//1467 3538//1467 3507//1467
f 3538//1653 3539//1653 3507//1653
f 3507//1654 3539//1654 3535//1654
f 3540//1 3541//1 3542//1
f 3541//1 3543//1 3542//1
f 3544//1475 3545//1475 3546//1475
f 3544//1475 3546//1475 3547//1475
f 3546//1450 3548//1450 3547//1450
f 3547//1450 3548//1450 3549//1450
f 3548//1469 3550//1469 3549//1469
f 3549//1469 3550//1469 3551//1469
f 3552//1466 3553//1466 3550//1466
f 3553//1613 3554//1613 3550//1613
f 3550//1614 3554//1614 3551//1614
f 3555//1476 3542//1476 3543//1476
f 3543//1615 3556//1615 3555//1615
f 3556//1531 3557//1531 3555//1531
f 3555//1467 3557//1467 3552//1467
f 3557//1616 3558//1616 3552//1616
f 3552//1617 3558//1617 3553//1617
f 3545//49 3544//49 3559//49
f 3544//49 3560//49 3559//49
f 3559//49 3560//49 2525//49
f 3560//49 1521//49 2525//49
f 2525//49 1521//49 2526//49
f 1521//49 1545//49 2526//49
f 2526//49 1545//49 1547//49
f 3561//1587 1524//1587 3562//1587
f 1524//1588 1523//1588 3562//1588
f 3562//1535 1523//1535 3563//1535
f 3563//1589 1523//1589 3564//1589
f 1523//1590 1522//1590 3564//1590
f 3564//1591 1522//1591 3565//1591
f 3565//1592 1522//1592 3566//1592
f 1522//1593 1517//1593 3566//1593
f 3566//1594 1517//1594 3567//1594
f 1517//1557 1518//1557 3567//1557
f 3567//1557 1518//1557 3568//1557
f 1518//1499 1520//1499 3568//1499
f 3568//1499 1520//1499 3569//1499
f 1520//1595 1521//1595 3569//1595
f 3569//1595 1521//1595 3560//1595
f 3570//2 1514//2 3561//2
f 1514//2 1524//2 3561//2
f 3571//1596 1504//1596 1510//1596
f 3571//1596 1510//1596 3572//1596
f 1510//1502 1509//1502 3572//1502
f 3572//1502 1509//1502 3573//1502
f 1509//1558 1508//1558 3573//1558
f 3573//1558 1508//1558 3574//1558
f 3574//1597 1508//1597 3575//1597
f 1508//1598 1516//1598 3575//1598
f 3575//1599 1516//1599 3576//1599
f 3576//1600 1516//1600 3577//1600
f 1516//1601 1515//1601 3577//1601
f 3577//1602 1515//1602 3578//1602
f 3578//1510 1515//1510 3579//1510
f 1515//1603 1514//1603 3579//1603
f 3579//1604 1514//1604 3570//1604
f 3580//57 3581//57 3571//57
f 3581//57 3582//57 3571//57
f 3571//57 3582//57 1504//57
f 3582//57 2527//57 1504//57
f 1504//57 2527//57 1502//57
f 2527//57 2529//57 1502//57
f 1502//57 2529//57 1530//57
f 3541//1605 3540//1605 3583//1605
f 3540//1606 3584//1606 3583//1606
f 3583//1515 3584//1515 3585//1515
f 3585//1607 3584//1607 3586//1607
f 3584//1608 3587//1608 3586//1608
f 3586//1609 3587//1609 3588//1609
f 3588//1610 3587//1610 3589//1610
f 3587//1611 3590//1611 3589//1611
f 3589//1612 3590//1612 3591//1612
f 3590//1470 3592//1470 3591//1470
f 3591//1470 3592//1470 3593//1470
f 3592//1459 3594//1459 3593//1459
f 3593//1459 3594//1459 3595//1459
f 3594//1478 3581//1478 3595//1478
f 3595//1478 3581//1478 3580//1478
f 3596//1 3597//1 3598//1
f 3597//1 3599//1 3598//1
f 3600//1465 3601//1465 3602//1465
f 3600//1465 3602//1465 3603//1465
f 3602//1450 3604//1450 3603//1450
f 3603//1450 3604//1450 3605//1450
f 3604//1483 3606//1483 3605//1483
f 3605//1483 3606//1483 3607//1483
f 3608//1484 3609//1484 3606//1484
f 3609//1655 3610//1655 3606//1655
f 3606//1529 3610//1529 3607//1529
f 3611//1468 3598//1468 3599//1468
f 3599//1530 3612//1530 3611//1530
f 3612//1531 3613//1531 3611//1531
f 3611//1485 3613//1485 3608//1485
f 3613//1656 3614//1656 3608//1656
f 3608//1617 3614//1617 3609//1617
f 3601//49 3600//49 3615//49
f 3600//49 3616//49 3615//49
f 3615//49 3616//49 2563//49
f 3616//49 1542//49 2563//49
f 2563//49 1542//49 2559//49
f 1542//49 1541//49 2559//49
f 2559//49 1541//49 1539//49
f 3617//1489 1511//1489 3618//1489
f 1511//1534 1507//1534 3618//1534
f 3618//1535 1507//1535 3619//1535
f 3619//1492 1507//1492 3620//1492
f 1507//1657 1506//1657 3620//1657
f 3620//1591 1506//1591 3621//1591
f 3621//1592 1506//1592 3622//1592
f 1506//1658 1505//1658 3622//1658
f 3622//1540 1505//1540 3623//1540
f 1505//1659 1500//1659 3623//1659
f 3623//1659 1500//1659 3624//1659
f 1500//1499 1499//1499 3624//1499
f 3624//1499 1499//1499 3625//1499
f 1499//1541 1542//1541 3625//1541
f 3625//1541 1542//1541 3616//1541
f 3626//2 1512//2 3617//2
f 1512//2 1511//2 3617//2
f 3627//1501 1544//1501 1543//1501
f 3627//1501 1543//1501 3628//1501
f 1543//1660 1519//1660 3628//1660
f 3628//1660 1519//1660 3629//1660
f 1519//1558 1497//1558 3629//1558
f 3629//1558 1497//1558 3630//1558
f 3630//1504 1497//1504 3631//1504
f 1497//1505 1496//1505 3631//1505
f 3631//1506 1496//1506 3632//1506
f 3632//1507 1496//1507 3633//1507
f 1496//1508 1513//1508 3633//1508
f 3633//1509 1513//1509 3634//1509
f 3634//1510 1513//1510 3635//1510
f 1513//1511 1512//1511 3635//1511
f 3635//1512 1512//1512 3626//1512
f 3636//57 3637//57 3627//57
f 3637//57 3638//57 3627//57
f 3627//57 3638//57 1544//57
f 3638//57 2552//57 1544//57
f 1544//57 2552//57 1546//57
f 2552//57 2554//57 1546//57
f 1546//57 2554//57 1548//57
f 3597//1513 3596//1513 3639//1513
f 3596//1514 3640//1514 3639//1514
f 3639//1515 3640//1515 3641//1515
f 3641//1516 3640//1516 3642//1516
f 3640//1517 3643//1517 3642//1517
f 3642//1518 3643//1518 3644//1518
f 3644//1519 3643//1519 3645//1519
f 3643//1520 3646//1520 3645//1520
f 3645//1521 3646//1521 3647//1521
f 3646//1470 3648//1470 3647//1470
f 3647//1470 3648//1470 3649//1470
f 3648//1486 3650//1486 3649//1486
f 3649//1486 3650//1486 3651//1486
f 3650//1460 3637//1460 3651//1460
f 3651//1460 3637//1460 3636//1460
f 3652//1 3653//1 3654//1
f 3653//1 3655//1 3654//1
f 3656//1648 3657//1648 3658//1648
f 3656//1648 3658//1648 3659//1648
f 3658//1450 3660//1450 3659//1450
f 3659//1450 3660//1450 3661//1450
f 3660//1632 3662//1632 3661//1632
f 3661//1632 3662//1632 3663//1632
f 3664//1633 3665//1633 3662//1633
f 3665//1634 3666//1634 3662//1634
f 3662//1635 3666//1635 3663//1635
f 3667//1636 3654//1636 3655//1636
f 3655//1637 3668//1637 3667//1637
f 3668//1531 3669//1531 3667//1531
f 3667//1638 3669//1638 3664//1638
f 3669//1639 3670//1639 3664//1639
f 3664//1617 3670//1617 3665//1617
f 3653//1624 3652//1624 3671//1624
f 3652//1625 3672//1625 3671//1625
f 3671//1515 3672//1515 3673//1515
f 3673//1626 3672//1626 3674//1626
f 3672//1627 3675//1627 3674//1627
f 3674//1609 3675//1609 3676//1609
f 3676//1610 3675//1610 3677//1610
f 3675//1628 3678//1628 3677//1628
f 3677//1629 3678//1629 3679//1629
f 3678//1630 3680//1630 3679//1630
f 3679//1630 3680//1630 3681//1630
f 3680//1459 3682//1459 3681//1459
f 3681//1459 3682//1459 3683//1459
f 3682//1460 3684//1460 3683//1460
f 3683//1460 3684//1460 3685//1460
f 3686//1 3687//1 3688//1
f 3687//1 3689//1 3688//1
f 3690//1648 3691//1648 3692//1648
f 3690//1648 3692//1648 3693//1648
f 3692//1450 3694//1450 3693//1450
f 3693//1450 3694//1450 3695//1450
f 3694//1661 3696//1661 3695//1661
f 3695//1661 3696//1661 3697//1661
f 3698//1350 3699//1350 3696//1350
f 3699//1662 3700//1662 3696//1662
f 3696//1635 3700//1635 3697//1635
f 3701//1636 3688//1636 3689//1636
f 3689//1651 3702//1651 3701//1651
f 3702//1652 3703//1652 3701//1652
f 3701//1349 3703//1349 3698//1349
f 3703//1663 3704//1663 3698//1663
f 3698//1664 3704//1664 3699//1664
f 3687//1640 3686//1640 3705//1640
f 3686//1641 3706//1641 3705//1641
f 3705//1642 3706//1642 3707//1642
f 3707//1626 3706//1626 3708//1626
f 3706//1665 3709//1665 3708//1665
f 3708//1666 3709//1666 3710//1666
f 3710//1667 3709//1667 3711//1667
f 3709//1668 3712//1668 3711//1668
f 3711//1629 3712//1629 3713//1629
f 3712//1470 3714//1470 3713//1470
f 3713//1470 3714//1470 3715//1470
f 3714//1669 3716//1669 3715//1669
f 3715//1669 3716//1669 3717//1669
f 3716//1631 3718//1631 3717//1631
f 3717//1631 3718//1631 3719//1631
f 3720//62 3721//62 3722//62
f 3723//62 3724//62 3722//62
f 3725//62 3726//62 3727//62
f 3726//62 3728//62 3727//62
f 3727//62 3728//62 3729//62
f 3724//62 3730//62 3722//62
f 3730//62 3731//62 3722//62
f 3722//62 3731//62 3720//62
f 3732//62 3733//62 3734//62
f 3733//62 3735//62 3734//62
f 3734//62 3735//62 3736//62
f 3737//62 3738//62 3739//62
f 3729//62 3740//62 3727//62
f 3740//62 3741//62 3727//62
f 3727//62 3741//62 3742//62
f 3741//62 3734//62 3742//62
f 3742//62 3734//62 3743//62
f 3734//62 3736//62 3743//62
f 3723//62 3722//62 3739//62
f 3722//62 3744//62 3739//62
f 3739//62 3744//62 3737//62
f 3738//62 3745//62 3739//62
f 3745//62 3746//62 3739//62
f 3739//62 3746//62 3734//62
f 3746//62 3747//62 3734//62
f 3734//62 3747//62 3732//62
f 3748//1670 3747//1670 3749//1670
f 3747//1671 3746//1671 3749//1671
f 3749//1672 3746//1672 3750//1672
f 3750//1673 3746//1673 3751//1673
f 3746//1674 3745//1674 3751//1674
f 3751//1675 3745//1675 3752//1675
f 3752//1676 3745//1676 3753//1676
f 3745//1677 3738//1677 3753//1677
f 3753//1678 3738//1678 3754//1678
f 3738//1344 3737//1344 3754//1344
f 3754//1344 3737//1344 3755//1344
f 3737//1343 3744//1343 3755//1343
f 3755//1343 3744//1343 3756//1343
f 3744//1342 3722//1342 3756//1342
f 3756//1342 3722//1342 3757//1342
f 3747//1 3748//1 3732//1
f 3748//1 3758//1 3732//1
f 3759//1353 3727//1353 3742//1353
f 3759//1353 3742//1353 3760//1353
f 3742//1352 3743//1352 3760//1352
f 3760//1352 3743//1352 3761//1352
f 3743//1351 3736//1351 3761//1351
f 3761//1351 3736//1351 3762//1351
f 3735//1350 3763//1350 3736//1350
f 3763//1679 3764//1679 3736//1679
f 3736//1680 3764//1680 3762//1680
f 3733//1348 3732//1348 3758//1348
f 3758//1681 3765//1681 3733//1681
f 3765//1682 3766//1682 3733//1682
f 3733//1349 3766//1349 3735//1349
f 3766//1683 3767//1683 3735//1683
f 3735//1684 3767//1684 3763//1684
f 3768//62 3769//62 3770//62
f 3768//62 3770//62 3771//62
f 3772//62 3773//62 3774//62
f 3773//62 3775//62 3774//62
f 3774//62 3775//62 3776//62
f 3777//62 3778//62 3770//62
f 3778//62 3779//62 3770//62
f 3770//62 3779//62 3771//62
f 3780//62 3781//62 3782//62
f 3781//62 3783//62 3782//62
f 3782//62 3783//62 3784//62
f 3777//62 3770//62 3782//62
f 3770//62 3785//62 3782//62
f 3782//62 3785//62 3786//62
f 3786//62 3787//62 3782//62
f 3787//62 3788//62 3782//62
f 3782//62 3788//62 3780//62
f 3783//62 3789//62 3784//62
f 3789//62 3790//62 3784//62
f 3784//62 3790//62 3791//62
f 3776//62 3792//62 3774//62
f 3792//62 3793//62 3774//62
f 3774//62 3793//62 3794//62
f 3793//62 3784//62 3794//62
f 3794//62 3784//62 3795//62
f 3784//62 3791//62 3795//62
f 3774//49 3796//49 3772//49
f 3796//49 3797//49 3772//49
f 3772//49 3797//49 2651//49
f 3797//49 1783//49 2651//49
f 2651//49 1783//49 2632//49
f 1783//49 1794//49 2632//49
f 2632//49 1794//49 1796//49
f 3798//1461 3781//1461 3780//1461
f 3798//1461 3780//1461 3799//1461
f 3780//1488 3788//1488 3799//1488
f 3799//1488 3788//1488 3800//1488
f 3788//1457 3787//1457 3800//1457
f 3800//1457 3787//1457 3801//1457
f 3787//1458 3786//1458 3801//1458
f 3801//1458 3786//1458 3802//1458
f 3786//1459 3785//1459 3802//1459
f 3802//1459 3785//1459 3803//1459
f 3785//1464 3770//1464 3803//1464
f 3803//1464 3770//1464 3804//1464
f 3783//1 3781//1 3805//1
f 3781//1 3798//1 3805//1
f 3794//1450 3795//1450 3806//1450
f 3806//1685 3807//1685 3794//1685
f 3807//1686 3808//1686 3794//1686
f 3794//1449 3808//1449 3774//1449
f 3808//1687 3809//1687 3774//1687
f 3774//1688 3809//1688 3796//1688
f 3790//1689 3810//1689 3791//1689
f 3810//1690 3811//1690 3791//1690
f 3791//1451 3811//1451 3795//1451
f 3811//1691 3812//1691 3795//1691
f 3795//1692 3812//1692 3806//1692
f 3813//1693 3814//1693 3790//1693
f 3814//1694 3815//1694 3790//1694
f 3790//1695 3815//1695 3810//1695
f 3790//1487 3789//1487 3813//1487
f 3789//1454 3783//1454 3813//1454
f 3813//1454 3783//1454 3805//1454
f 3816//1696 1809//1696 3817//1696
f 1809//1697 1784//1697 3817//1697
f 3817//1698 1784//1698 3818//1698
f 3818//1699 1784//1699 3819//1699
f 1784//1700 1786//1700 3819//1700
f 3819//1701 1786//1701 3820//1701
f 3820//1702 1786//1702 3821//1702
f 1786//1703 1780//1703 3821//1703
f 3821//1704 1780//1704 3822//1704
f 1780//1498 1781//1498 3822//1498
f 3822//1498 1781//1498 3823//1498
f 1781//1499 1782//1499 3823//1499
f 3823//1499 1782//1499 3824//1499
f 1782//1500 1783//1500 3824//1500
f 3824//1500 1783//1500 3797//1500
f 3825//57 3804//57 3770//57
f 3825//57 3770//57 3826//57
f 3770//57 3769//57 3826//57
f 3826//57 3769//57 1788//57
f 3769//57 2652//57 1788//57
f 1788//57 2652//57 1790//57
f 2652//57 2645//57 1790//57
f 1790//57 2645//57 1792//57
f 3827//2 1812//2 3816//2
f 1812//2 1809//2 3816//2
f 3826//1542 1788//1542 1779//1542
f 3826//1542 1779//1542 3828//1542
f 1779//1502 1775//1502 3828//1502
f 3828//1502 1775//1502 3829//1502
f 1775//1503 1774//1503 3829//1503
f 3829//1503 1774//1503 3830//1503
f 3830//1543 1774//1543 3831//1543
f 1774//1705 1814//1705 3831//1705
f 3831//1706 1814//1706 3832//1706
f 3832//1707 1814//1707 3833//1707
f 1814//1708 1813//1708 3833//1708
f 3833//1509 1813//1509 3834//1509
f 3834//1548 1813//1548 3835//1548
f 1813//1549 1812//1549 3835//1549
f 3835//1512 1812//1512 3827//1512
f 3836//1 3837//1 3838//1
f 3837//1 3839//1 3838//1
f 3840//1449 3841//1449 3842//1449
f 3840//1449 3842//1449 3843//1449
f 3842//1450 3844//1450 3843//1450
f 3843//1450 3844//1450 3845//1450
f 3844//1451 3846//1451 3845//1451
f 3845//1451 3846//1451 3847//1451
f 3846//1466 3848//1466 3847//1466
f 3847//1466 3848//1466 3849//1466
f 3848//1487 3850//1487 3849//1487
f 3849//1487 3850//1487 3851//1487
f 3850//1454 3836//1454 3851//1454
f 3851//1454 3836//1454 3838//1454
f 3852//57 3853//57 3854//57
f 3853//57 3855//57 3854//57
f 3854//57 3855//57 1734//57
f 3855//57 2660//57 1734//57
f 1734//57 2660//57 2006//57
f 2660//57 2662//57 2006//57
f 2006//57 2662//57 1723//57
f 3839//1461 3837//1461 3856//1461
f 3857//1709 3858//1709 3859//1709
f 3858//1710 3860//1710 3859//1710
f 3859//1711 3860//1711 3856//1711
f 3860//1712 3861//1712 3856//1712
f 3856//1461 3861//1461 3839//1461
f 3857//1713 3859//1713 3862//1713
f 3859//1457 3863//1457 3862//1457
f 3862//1714 3863//1714 3864//1714
f 3863//1715 3865//1715 3864//1715
f 3864//1716 3865//1716 3866//1716
f 3866//1717 3865//1717 3867//1717
f 3865//1718 3868//1718 3867//1718
f 3867//1719 3868//1719 3869//1719
f 3869//1720 3868//1720 3870//1720
f 3868//1721 3853//1721 3870//1721
f 3870//1722 3853//1722 3852//1722
f 1482//49 1481//49 2667//49
f 1482//49 2667//49 1731//49
f 2667//49 2671//49 1731//49
f 1731//49 2671//49 3871//49
f 2671//49 3872//49 3871//49
f 3871//49 3872//49 3873//49
f 3872//49 3841//49 3873//49
f 3873//49 3841//49 3840//49
f 3854//1542 1734//1542 1733//1542
f 3854//1542 1733//1542 3874//1542
f 1733//1502 1741//1502 3874//1502
f 3874//1502 1741//1502 3875//1502
f 1741//1503 1740//1503 3875//1503
f 3875//1503 1740//1503 3876//1503
f 3876//1723 1740//1723 3877//1723
f 1740//1724 1739//1724 3877//1724
f 3877//1725 1739//1725 3878//1725
f 3878//1726 1739//1726 3879//1726
f 1739//1727 1738//1727 3879//1727
f 3879//1728 1738//1728 3880//1728
f 3880//1729 1738//1729 3881//1729
f 1738//1730 1744//1730 3881//1730
f 3881//1731 1744//1731 3882//1731
f 3883//1489 1743//1489 3884//1489
f 1743//1490 1742//1490 3884//1490
f 3884//1491 1742//1491 3885//1491
f 3885//1492 1742//1492 3886//1492
f 1742//1732 1737//1732 3886//1732
f 3886//1733 1737//1733 3887//1733
f 3887//1734 1737//1734 3888//1734
f 1737//1735 1736//1735 3888//1735
f 3888//1497 1736//1497 3889//1497
f 1736//1498 1735//1498 3889//1498
f 3889//1498 1735//1498 3890//1498
f 1735//1499 1732//1499 3890//1499
f 3890//1499 1732//1499 3891//1499
f 1732//1500 1731//1500 3891//1500
f 3891//1500 1731//1500 3871//1500
f 3882//2 1744//2 3883//2
f 1744//2 1743//2 3883//2
f 3892//1 3893//1 3894//1
f 3893//1 3895//1 3894//1
f 3895//1 3896//1 3894//1
f 3894//1 3896//1 3897//1
f 3898//1 3899//1 3900//1
f 3899//1 3892//1 3900//1
f 3900//1 3892//1 3901//1
f 3892//1 3894//1 3901//1
f 3892//57 3899//57 3902//57
f 3899//57 3903//57 3902//57
f 3899//62 3898//62 3903//62
f 3898//62 3904//62 3903//62
f 3898//49 3900//49 3904//49
f 3900//49 3905//49 3904//49
f 3900//56 3901//56 3905//56
f 3901//56 3906//56 3905//56
f 3901//1736 3894//1736 3906//1736
f 3894//1736 3907//1736 3906//1736
f 3894//49 3897//49 3907//49
f 3897//49 3908//49 3907//49
f 3897//56 3896//56 3908//56
f 3896//56 3909//56 3908//56
f 3896//57 3895//57 3909//57
f 3895//57 3910//57 3909//57
f 3895//62 3893//62 3910//62
f 3893//62 3911//62 3910//62
f 3893//1737 3892//1737 3911//1737
f 3892//1737 3902//1737 3911//1737
f 3912//1 3913//1 3914//1
f 3915//1 3916//1 3917//1
f 3916//1 3918//1 3917//1
f 3919//1 3920//1 3921//1
f 3922//1 3917//1 3923//1
f 3917//1 3918//1 3923//1
f 3923//1 3918//1 3921//1
f 3918//1 3912//1 3921//1
f 3921//1 3912//1 3919//1
f 3912//1 3914//1 3919//1
f 3923//62 3921//62 3924//62
f 3921//62 3925//62 3924//62
f 3921//57 3920//57 3925//57
f 3920//57 3926//57 3925//57
f 3920//62 3919//62 3926//62
f 3919//62 3927//62 3926//62
f 3919//49 3914//49 3927//49
f 3914//49 3928//49 3927//49
f 3914//56 3913//56 3928//56
f 3913//56 3929//56 3928//56
f 3913//57 3912//57 3929//57
f 3912//57 3930//57 3929//57
f 3912//56 3918//56 3930//56
f 3918//56 3931//56 3930//56
f 3918//49 3916//49 3931//49
f 3916//49 3932//49 3931//49
f 3916//56 3915//56 3932//56
f 3915//56 3933//56 3932//56
f 3915//57 3917//57 3933//57
f 3917//57 3934//57 3933//57
f 3917//62 3922//62 3934//62
f 3922//62 3935//62 3934//62
f 3922//49 3923//49 3935//49
f 3923//49 3924//49 3935//49
f 3936//1 3937//1 3938//1
f 3938//1 3937//1 3939//1
f 3937//1 3940//1 3939//1
f 3939//1 3940//1 3941//1
f 3940//1 3942//1 3941//1
f 3941//1 3942//1 3943//1
f 3944//1 3945//1 3946//1
f 3947//1 3948//1 3936//1
f 3943//1 3942//1 3949//1
f 3942//1 3950//1 3949//1
f 3949//1 3950//1 3951//1
f 3950//1 3952//1 3951//1
f 3951//1 3952//1 3953//1
f 3952//1 3954//1 3953//1
f 3953//1 3954//1 3955//1
f 3954//1 3956//1 3955//1
f 3955//1 3956//1 3957//1
f 3956//1 3958//1 3957//1
f 3957//1 3958//1 3959//1
f 3960//1 3961//1 3962//1
f 3958//1 3963//1 3959//1
f 3963//1 3964//1 3959//1
f 3959//1 3964//1 3965//1
f 3964//1 3966//1 3965//1
f 3965//1 3966//1 3967//1
f 3966//1 3968//1 3967//1
f 3967//1 3968//1 3969//1
f 3968//1 3970//1 3969//1
f 3969//1 3970//1 3971//1
f 3970//1 3972//1 3971//1
f 3971//1 3972//1 3973//1
f 3972//1 3974//1 3973//1
f 3973//1 3974//1 3945//1
f 3974//1 3975//1 3945//1
f 3960//1 3962//1 3976//1
f 3975//1 3977//1 3945//1
f 3977//1 3978//1 3945//1
f 3945//1 3978//1 3979//1
f 3938//1 3980//1 3936//1
f 3980//1 3981//1 3936//1
f 3936//1 3981//1 3982//1
f 3936//1 3948//1 3962//1
f 3948//1 3983//1 3962//1
f 3962//1 3983//1 3976//1
f 3979//1 3984//1 3945//1
f 3984//1 3985//1 3945//1
f 3945//1 3985//1 3946//1
f 3944//1 3946//1 3986//1
f 3946//1 3987//1 3986//1
f 3986//1 3987//1 3988//1
f 3987//1 3989//1 3988//1
f 3988//1 3989//1 3990//1
f 3982//1 3991//1 3936//1
f 3991//1 3992//1 3936//1
f 3936//1 3992//1 3947//1
f 3984//1738 3993//1738 3985//1738
f 3993//1739 3994//1739 3985//1739
f 3985//1739 3994//1739 3946//1739
f 3994//1740 3995//1740 3946//1740
f 3946//1740 3995//1740 3987//1740
f 3995//1741 3996//1741 3987//1741
f 3987//1741 3996//1741 3989//1741
f 3996//1742 3997//1742 3989//1742
f 3989//1742 3997//1742 3990//1742
f 3997//1743 3998//1743 3990//1743
f 3990//1743 3998//1743 3988//1743
f 3998//1744 3999//1744 3988//1744
f 3988//1744 3999//1744 3986//1744
f 3999//1745 4000//1745 3986//1745
f 3986//1745 4000//1745 3944//1745
f 4000//1746 4001//1746 3944//1746
f 3944//1746 4001//1746 3945//1746
f 4001//1747 4002//1747 3945//1747
f 3945//1747 4002//1747 3973//1747
f 4002//1748 4003//1748 3973//1748
f 3973//1748 4003//1748 3971//1748
f 4003//1749 4004//1749 3971//1749
f 3971//1749 4004//1749 3969//1749
f 4004//1750 4005//1750 3969//1750
f 3969//1750 4005//1750 3967//1750
f 4005//1751 4006//1751 3967//1751
f 3967//1751 4006//1751 3965//1751
f 4006//1752 4007//1752 3965//1752
f 3965//1752 4007//1752 3959//1752
f 4007//1753 4008//1753 3959//1753
f 3959//1753 4008//1753 3957//1753
f 4008//1754 4009//1754 3957//1754
f 3957//1754 4009//1754 3955//1754
f 4009//1755 4010//1755 3955//1755
f 3955//1755 4010//1755 3953//1755
f 4010//1756 4011//1756 3953//1756
f 3953//1756 4011//1756 3951//1756
f 4011//1757 4012//1757 3951//1757
f 3951//1757 4012//1757 3949//1757
f 4012//1758 4013//1758 3949//1758
f 3949//1758 4013//1758 3943//1758
f 4013//1759 4014//1759 3943//1759
f 3943//1759 4014//1759 3941//1759
f 4014//1760 4015//1760 3941//1760
f 3941//1760 4015//1760 3939//1760
f 4015//1761 4016//1761 3939//1761
f 3939//1761 4016//1761 3938//1761
f 4016//1762 4017//1762 3938//1762
f 3938//1762 4017//1762 3980//1762
f 4017//1763 4018//1763 3980//1763
f 3980//1763 4018//1763 3981//1763
f 4018//1764 4019//1764 3981//1764
f 3981//1764 4019//1764 3982//1764
f 4019//1765 4020//1765 3982//1765
f 3982//1765 4020//1765 3991//1765
f 4020//1766 4021//1766 3991//1766
f 3991//1766 4021//1766 3992//1766
f 4021//1767 4022//1767 3992//1767
f 3992//1767 4022//1767 3947//1767
f 4022//1768 4023//1768 3947//1768
f 3947//1768 4023//1768 3948//1768
f 4023//1769 4024//1769 3948//1769
f 3948//1769 4024//1769 3983//1769
f 4024//1770 4025//1770 3983//1770
f 3983//1770 4025//1770 3976//1770
f 4025//1771 4026//1771 3976//1771
f 3976//1771 4026//1771 3960//1771
f 4026//1772 4027//1772 3960//1772
f 3960//1772 4027//1772 3961//1772
f 4027//1773 4028//1773 3961//1773
f 3961//1773 4028//1773 3962//1773
f 4028//1774 4029//1774 3962//1774
f 3962//1774 4029//1774 3936//1774
f 4029//1775 4030//1775 3936//1775
f 3936//1775 4030//1775 3937//1775
f 4030//1776 4031//1776 3937//1776
f 3937//1776 4031//1776 3940//1776
f 4031//1777 4032//1777 3940//1777
f 3940//1777 4032//1777 3942//1777
f 4032//1778 4033//1778 3942//1778
f 3942//1778 4033//1778 3950//1778
f 4033//1779 4034//1779 3950//1779
f 3950//1779 4034//1779 3952//1779
f 4034//1780 4035//1780 3952//1780
f 3952//1780 4035//1780 3954//1780
f 4035//1781 4036//1781 3954//1781
f 3954//1781 4036//1781 3956//1781
f 4036//1782 4037//1782 3956//1782
f 3956//1782 4037//1782 3958//1782
f 4037//1783 4038//1783 3958//1783
f 3958//1783 4038//1783 3963//1783
f 4038//1784 4039//1784 3963//1784
f 3963//1784 4039//1784 3964//1784
f 4039//1785 4040//1785 3964//1785
f 3964//1785 4040//1785 3966//1785
f 4040//1786 4041//1786 3966//1786
f 3966//1786 4041//1786 3968//1786
f 4041//1787 4042//1787 3968//1787
f 3968//1787 4042//1787 3970//1787
f 4042//1788 4043//1788 3970//1788
f 3970//1788 4043//1788 3972//1788
f 4043//1789 4044//1789 3972//1789
f 3972//1789 4044//1789 3974//1789
f 4044//1790 4045//1790 3974//1790
f 3974//1790 4045//1790 3975//1790
f 4045//1791 4046//1791 3975//1791
f 3975//1791 4046//1791 3977//1791
f 4046//1792 4047//1792 3977//1792
f 3977//1792 4047//1792 3978//1792
f 4047//1793 4048//1793 3978//1793
f 3978//1793 4048//1793 3979//1793
f 4048//1794 4049//1794 3979//1794
f 3979//1794 4049//1794 3984//1794
f 4049//1738 3993//1738 3984//1738
f 4050//1 4051//1 4052//1
f 4051//1 4053//1 4052//1
f 4052//1 4053//1 4054//1
f 4053//1 4055//1 4054//1
f 4056//1 4057//1 4058//1
f 4057//1 4054//1 4058//1
f 4058//1 4054//1 4059//1
f 4054//1 4055//1 4059//1
f 4059//1 4055//1 4060//1
f 4055//1 4061//1 4060//1
f 4056//56 4058//56 4062//56
f 4058//56 4063//56 4062//56
f 4058//49 4059//49 4063//49
f 4059//49 4064//49 4063//49
f 4059//62 4060//62 4064//62
f 4060//62 4065//62 4064//62
f 4060//49 4061//49 4065//49
f 4061//49 4066//49 4065//49
f 4061//56 4055//56 4066//56
f 4055//56 4067//56 4066//56
f 4055//49 4053//49 4067//49
f 4053//49 4068//49 4067//49
f 4053//62 4051//62 4068//62
f 4051//62 4069//62 4068//62
f 4051//49 4050//49 4069//49
f 4050//49 4070//49 4069//49
f 4050//56 4052//56 4070//56
f 4052//56 4071//56 4070//56
f 4052//57 4054//57 4071//57
f 4054//57 4072//57 4071//57
f 4054//62 4057//62 4072//62
f 4057//62 4073//62 4072//62
f 4057//49 4056//49 4073//49
f 4056//49 4062//49 4073//49
f 4074//1 4075//1 4076//1
f 4077//1 4078//1 4079//1
f 4080//1 4081//1 4079//1
f 4081//1 4074//1 4079//1
f 4079//1 4074//1 4077//1
f 4074//1 4076//1 4077//1
f 4077//62 4076//62 4082//62
f 4076//62 4083//62 4082//62
f 4076//49 4075//49 4083//49
f 4075//49 4084//49 4083//49
f 4075//56 4074//56 4084//56
f 4074//56 4085//56 4084//56
f 4074//49 4081//49 4085//49
f 4081//49 4086//49 4085//49
f 4081//56 4080//56 4086//56
f 4080//56 4087//56 4086//56
f 4080//57 4079//57 4087//57
f 4079//57 4088//57 4087//57
f 4079//56 4078//56 4088//56
f 4078//56 4089//56 4088//56
f 4078//57 4077//57 4089//57
f 4077//57 4082//57 4089//57
f 4090//1 4091//1 4092//1
f 4091//1 4093//1 4092//1
f 4092//1 4093//1 4094//1
f 4095//1 4096//1 4092//1
f 4096//1 4097//1 4092//1
f 4092//1 4097//1 4090//1
f 4098//1 4099//1 4092//1
f 4099//1 4100//1 4092//1
f 4092//1 4100//1 4095//1
f 4101//1 4102//1 4092//1
f 4102//1 4103//1 4092//1
f 4092//1 4103//1 4098//1
f 4104//1 4105//1 4092//1
f 4105//1 4106//1 4092//1
f 4092//1 4106//1 4101//1
f 4107//1 4108//1 4092//1
f 4108//1 4109//1 4092//1
f 4092//1 4109//1 4104//1
f 4110//1 4111//1 4092//1
f 4111//1 4112//1 4092//1
f 4092//1 4112//1 4107//1
f 4094//1 4113//1 4092//1
f 4113//1 4114//1 4092//1
f 4092//1 4114//1 4110//1
f 4115//1 4116//1 4117//1
f 4116//1 4118//1 4117//1
f 4117//1 4118//1 4119//1
f 4118//1 4120//1 4119//1
f 4119//1 4120//1 4121//1
f 4120//1 4122//1 4121//1
f 4121//1 4122//1 4123//1
f 4122//1 4124//1 4123//1
f 4123//1 4124//1 4125//1
f 4124//1 4126//1 4125//1
f 4125//1 4126//1 4127//1
f 4126//1 4128//1 4127//1
f 4127//1 4128//1 4129//1
f 4128//1 4130//1 4129//1
f 4129//1 4130//1 4131//1
f 4130//1 4132//1 4131//1
f 4131//1 4132//1 4133//1
f 4132//1 4134//1 4133//1
f 4133//1 4134//1 4135//1
f 4134//1 4136//1 4135//1
f 4135//1 4136//1 4137//1
f 4136//1 4138//1 4137//1
f 4137//1 4138//1 4139//1
f 4138//1 4140//1 4139//1
f 4139//1 4140//1 4141//1
f 4140//1 4142//1 4141//1
f 4141//1 4142//1 4143//1
f 4142//1 4144//1 4143//1
f 4143//1 4144//1 4145//1
f 4144//1 4146//1 4145//1
f 4145//1 4146//1 4147//1
f 4146//1 4148//1 4147//1
f 4147//1 4148//1 4149//1
f 4148//1 4150//1 4149//1
f 4149//1 4150//1 4151//1
f 4150//1 4152//1 4151//1
f 4151//1 4152//1 4153//1
f 4152//1 4154//1 4153//1
f 4153//1 4154//1 4155//1
f 4154//1 4156//1 4155//1
f 4155//1 4156//1 4157//1
f 4156//1 4158//1 4157//1
f 4157//1 4158//1 4159//1
f 4158//1 4160//1 4159//1
f 4159//1 4160//1 4161//1
f 4160//1 4162//1 4161//1
f 4161//1 4162//1 4115//1
f 4162//1 4116//1 4115//1
f 4163//1795 4130//1795 4164//1795
f 4130//1796 4128//1796 4164//1796
f 4164//1796 4128//1796 4165//1796
f 4128//1797 4126//1797 4165//1797
f 4165//1797 4126//1797 4166//1797
f 4126//1798 4124//1798 4166//1798
f 4166//1798 4124//1798 4167//1798
f 4124//1799 4122//1799 4167//1799
f 4167//1799 4122//1799 4168//1799
f 4122//1800 4120//1800 4168//1800
f 4168//1800 4120//1800 4169//1800
f 4120//1801 4118//1801 4169//1801
f 4169//1801 4118//1801 4170//1801
f 4118//1802 4116//1802 4170//1802
f 4170//1802 4116//1802 4171//1802
f 4116//1803 4162//1803 4171//1803
f 4171//1803 4162//1803 4172//1803
f 4162//1804 4160//1804 4172//1804
f 4172//1804 4160//1804 4173//1804
f 4160//1805 4158//1805 4173//1805
f 4173//1805 4158//1805 4174//1805
f 4158//1806 4156//1806 4174//1806
f 4174//1806 4156//1806 4175//1806
f 4156//1807 4154//1807 4175//1807
f 4175//1807 4154//1807 4176//1807
f 4154//1808 4152//1808 4176//1808
f 4176//1808 4152//1808 4177//1808
f 4152//1809 4150//1809 4177//1809
f 4177//1809 4150//1809 4178//1809
f 4150//1810 4148//1810 4178//1810
f 4178//1810 4148//1810 4179//1810
f 4148//1811 4146//1811 4179//1811
f 4179//1811 4146//1811 4180//1811
f 4146//1812 4144//1812 4180//1812
f 4180//1812 4144//1812 4181//1812
f 4144//1813 4142//1813 4181//1813
f 4181//1813 4142//1813 4182//1813
f 4142//60 4140//60 4182//60
f 4182//60 4140//60 4183//60
f 4140//1814 4138//1814 4183//1814
f 4183//1814 4138//1814 4184//1814
f 4138//1815 4136//1815 4184//1815
f 4184//1815 4136//1815 4185//1815
f 4136//1816 4134//1816 4185//1816
f 4185//1816 4134//1816 4186//1816
f 4134//1817 4132//1817 4186//1817
f 4186//1817 4132//1817 4163//1817
f 4132//1795 4130//1795 4163//1795
f 4131//1818 4106//1818 4129//1818
f 4106//1818 4105//1818 4129//1818
f 4129//1819 4105//1819 4127//1819
f 4105//1819 4104//1819 4127//1819
f 4127//1820 4104//1820 4125//1820
f 4104//1820 4109//1820 4125//1820
f 4125//1821 4109//1821 4123//1821
f 4109//1821 4108//1821 4123//1821
f 4123//1822 4108//1822 4121//1822
f 4108//1822 4107//1822 4121//1822
f 4121//1823 4107//1823 4119//1823
f 4107//1823 4112//1823 4119//1823
f 4119//1824 4112//1824 4117//1824
f 4112//1824 4111//1824 4117//1824
f 4117//1825 4111//1825 4115//1825
f 4111//1825 4110//1825 4115//1825
f 4115//1826 4110//1826 4161//1826
f 4110//1826 4114//1826 4161//1826
f 4161//1827 4114//1827 4159//1827
f 4114//1827 4113//1827 4159//1827
f 4159//1828 4113//1828 4157//1828
f 4113//1828 4094//1828 4157//1828
f 4157//1829 4094//1829 4155//1829
f 4094//1829 4093//1829 4155//1829
f 4155//1830 4093//1830 4153//1830
f 4093//1830 4091//1830 4153//1830
f 4153//1831 4091//1831 4151//1831
f 4091//1831 4090//1831 4151//1831
f 4151//1832 4090//1832 4149//1832
f 4090//1832 4097//1832 4149//1832
f 4149//1833 4097//1833 4147//1833
f 4097//1833 4096//1833 4147//1833
f 4147//1834 4096//1834 4145//1834
f 4096//1834 4095//1834 4145//1834
f 4145//1835 4095//1835 4143//1835
f 4095//1835 4100//1835 4143//1835
f 4143//1836 4100//1836 4141//1836
f 4100//1836 4099//1836 4141//1836
f 4141//1837 4099//1837 4139//1837
f 4099//1837 4098//1837 4139//1837
f 4139//1838 4098//1838 4137//1838
f 4098//1838 4103//1838 4137//1838
f 4137//1839 4103//1839 4135//1839
f 4103//1839 4102//1839 4135//1839
f 4135//1840 4102//1840 4133//1840
f 4102//1840 4101//1840 4133//1840
f 4133//1841 4101//1841 4131//1841
f 4101//1841 4106//1841 4131//1841
f 4187//1842 4188//1842 4189//1842
f 4187//1842 4189//1842 4190//1842
f 4189//1843 4191//1843 4190//1843
f 4190//1843 4191//1843 4192//1843
f 4191//1844 4193//1844 4192//1844
f 4192//1844 4193//1844 4194//1844
f 4193//1845 4195//1845 4194//1845
f 4194//1845 4195//1845 4196//1845
f 4195//1846 4197//1846 4196//1846
f 4196//1846 4197//1846 4198//1846
f 4197//1847 4199//1847 4198//1847
f 4198//1847 4199//1847 4200//1847
f 4187//49 4201//49 4188//49
f 4201//49 4202//49 4188//49
f 4201//56 4203//56 4202//56
f 4203//56 4204//56 4202//56
f 4203//57 4205//57 4204//57
f 4205//57 4206//57 4204//57
f 4205//62 4207//62 4206//62
f 4207//62 4208//62 4206//62
f 4209//1848 4210//1848 4211//1848
f 4209//1848 4211//1848 4212//1848
f 4211//1849 4213//1849 4212//1849
f 4212//1849 4213//1849 4214//1849
f 4213//1850 4215//1850 4214//1850
f 4214//1850 4215//1850 4216//1850
f 4215//1851 4208//1851 4216//1851
f 4216//1851 4208//1851 4207//1851
f 4209//49 4217//49 4210//49
f 4217//49 4218//49 4210//49
f 4219//1 4220//1 4221//1
f 4222//1 4223//1 4224//1
f 4223//1 4225//1 4224//1
f 4224//1 4225//1 4226//1
f 4221//1 4220//1 4227//1
f 4220//1 4228//1 4227//1
f 4227//1 4228//1 4229//1
f 4228//1 4230//1 4229//1
f 4230//1 4231//1 4229//1
f 4229//1 4231//1 4232//1
f 4231//1 4233//1 4232//1
f 4232//1 4233//1 4234//1
f 4233//1 4226//1 4234//1
f 4234//1 4226//1 4235//1
f 4226//1 4225//1 4235//1
f 4221//1 4236//1 4219//1
f 4236//1 4237//1 4219//1
f 4219//1 4237//1 4238//1
f 4237//1 4239//1 4238//1
f 4238//1 4239//1 4240//1
f 4239//1 4241//1 4240//1
f 4240//1 4241//1 4242//1
f 4241//1 4243//1 4242//1
f 4242//1 4243//1 4244//1
f 4243//1 4245//1 4244//1
f 4244//1 4245//1 4246//1
f 4245//1 4247//1 4246//1
f 4246//1 4247//1 4248//1
f 4247//1 4249//1 4248//1
f 4248//1 4249//1 4250//1
f 4249//1 4251//1 4250//1
f 4223//1852 4252//1852 4253//1852
f 4223//1852 4253//1852 4225//1852
f 4253//1853 4254//1853 4225//1853
f 4225//1853 4254//1853 4235//1853
f 4254//1854 4255//1854 4235//1854
f 4235//1854 4255//1854 4234//1854
f 4255//1855 4256//1855 4234//1855
f 4234//1855 4256//1855 4232//1855
f 4256//1856 4257//1856 4232//1856
f 4232//1856 4257//1856 4229//1856
f 4257//1857 4258//1857 4229//1857
f 4229//1857 4258//1857 4227//1857
f 4258//1858 4259//1858 4227//1858
f 4227//1858 4259//1858 4221//1858
f 4259//1859 4260//1859 4221//1859
f 4221//1859 4260//1859 4236//1859
f 4260//1860 4261//1860 4236//1860
f 4236//1860 4261//1860 4237//1860
f 4261//1861 4262//1861 4237//1861
f 4237//1861 4262//1861 4239//1861
f 4262//1862 4263//1862 4239//1862
f 4239//1862 4263//1862 4241//1862
f 4263//1863 4264//1863 4241//1863
f 4241//1863 4264//1863 4243//1863
f 4264//1864 4265//1864 4243//1864
f 4243//1864 4265//1864 4245//1864
f 4265//1865 4266//1865 4245//1865
f 4245//1865 4266//1865 4247//1865
f 4266//1866 4267//1866 4247//1866
f 4247//1866 4267//1866 4249//1866
f 4223//57 4222//57 4252//57
f 4222//57 4268//57 4252//57
f 4246//1867 4269//1867 4270//1867
f 4238//1868 4271//1868 4219//1868
f 4271//1869 4272//1869 4219//1869
f 4219//1869 4272//1869 4220//1869
f 4272//1870 4273//1870 4220//1870
f 4220//1870 4273//1870 4228//1870
f 4273//1871 4274//1871 4228//1871
f 4228//1871 4274//1871 4230//1871
f 4274//1872 4275//1872 4230//1872
f 4230//1872 4275//1872 4231//1872
f 4275//1873 4276//1873 4231//1873
f 4231//1873 4276//1873 4233//1873
f 4276//1874 4277//1874 4233//1874
f 4233//1874 4277//1874 4226//1874
f 4277//1875 4278//1875 4226//1875
f 4226//1875 4278//1875 4224//1875
f 4278//1876 4268//1876 4224//1876
f 4224//1876 4268//1876 4222//1876
f 4279//1877 4280//1877 4242//1877
f 4280//1878 4281//1878 4242//1878
f 4242//1878 4281//1878 4240//1878
f 4281//1879 4282//1879 4240//1879
f 4240//1880 4282//1880 4238//1880
f 4282//1881 4283//1881 4238//1881
f 4238//1868 4283//1868 4271//1868
f 4279//1882 4242//1882 4270//1882
f 4242//1883 4244//1883 4270//1883
f 4270//1867 4244//1867 4246//1867
f 4269//1884 4246//1884 4284//1884
f 4246//1885 4248//1885 4284//1885
f 4284//1886 4248//1886 4285//1886
f 4248//1887 4250//1887 4285//1887
f 4285//1887 4250//1887 4286//1887
f 4250//1888 4251//1888 4286//1888
f 4286//1888 4251//1888 4287//1888
f 4251//57 4249//57 4287//57
f 4249//57 4267//57 4287//57
f 4288//1 4289//1 4290//1
f 4289//1 4291//1 4290//1
f 4291//56 4289//56 4292//56
f 4289//56 4293//56 4292//56
f 4289//57 4288//57 4293//57
f 4288//57 4294//57 4293//57
f 4288//62 4290//62 4294//62
f 4290//62 4295//62 4294//62
f 4290//49 4291//49 4295//49
f 4291//49 4292//49 4295//49
f 4296//1 4297//1 4298//1
f 4297//1 4299//1 4298//1
f 4298//1 4299//1 4300//1
f 4300//56 4299//56 4301//56
f 4299//56 4302//56 4301//56
f 4299//1889 4297//1889 4302//1889
f 4297//1889 4303//1889 4302//1889
f 4297//57 4296//57 4303//57
f 4296//57 4304//57 4303//57
f 4296//62 4298//62 4304//62
f 4298//62 4305//62 4304//62
f 4298//49 4300//49 4305//49
f 4300//49 4301//49 4305//49
f 4306//1 4307//1 4308//1
f 4306//1 4308//1 4309//1
f 4310//1 4311//1 4312//1
f 4311//1 4313//1 4312//1
f 4312//1 4313//1 4314//1
f 4313//1 4315//1 4314//1
f 4314//1 4315//1 4316//1
f 4315//1 4317//1 4316//1
f 4316//1 4317//1 4318//1
f 4317//1 4319//1 4318//1
f 4318//1 4319//1 4320//1
f 4319//1 4321//1 4320//1
f 4308//1 4322//1 4309//1
f 4322//1 4323//1 4309//1
f 4309//1 4323//1 4324//1
f 4323//1 4325//1 4324//1
f 4324//1 4325//1 4326//1
f 4325//1 4327//1 4326//1
f 4319//1 4328//1 4321//1
f 4328//1 4329//1 4321//1
f 4321//1 4329//1 4330//1
f 4329//1 4331//1 4330//1
f 4330//1 4331//1 4332//1
f 4331//1 4333//1 4332//1
f 4332//1 4333//1 4334//1
f 4333//1 4327//1 4334//1
f 4334//1 4327//1 4335//1
f 4327//1 4325//1 4335//1
f 4310//1890 4312//1890 4336//1890
f 4312//1890 4337//1890 4336//1890
f 4337//1891 4312//1891 4314//1891
f 4307//1892 4338//1892 4339//1892
f 4339//1893 4340//1893 4307//1893
f 4340//1894 4341//1894 4307//1894
f 4307//1895 4341//1895 4308//1895
f 4341//1896 4342//1896 4308//1896
f 4342//1897 4343//1897 4308//1897
f 4308//1897 4343//1897 4322//1897
f 4343//1898 4344//1898 4322//1898
f 4322//1898 4344//1898 4323//1898
f 4344//1899 4345//1899 4323//1899
f 4323//1899 4345//1899 4325//1899
f 4345//1900 4346//1900 4325//1900
f 4325//1900 4346//1900 4335//1900
f 4346//1901 4347//1901 4335//1901
f 4335//1901 4347//1901 4334//1901
f 4347//1902 4348//1902 4334//1902
f 4334//1902 4348//1902 4332//1902
f 4348//1903 4349//1903 4332//1903
f 4332//1903 4349//1903 4330//1903
f 4349//1904 4350//1904 4330//1904
f 4330//1904 4350//1904 4321//1904
f 4350//1905 4351//1905 4321//1905
f 4321//1905 4351//1905 4320//1905
f 4351//1906 4352//1906 4320//1906
f 4320//1906 4352//1906 4318//1906
f 4352//1907 4353//1907 4318//1907
f 4318//1907 4353//1907 4316//1907
f 4353//1908 4354//1908 4316//1908
f 4316//1909 4354//1909 4314//1909
f 4354//1910 4355//1910 4314//1910
f 4314//1891 4355//1891 4337//1891
f 4306//49 4356//49 4357//49
f 4306//49 4357//49 4307//49
f 4357//49 4358//49 4307//49
f 4307//49 4358//49 4338//49
f 4310//1911 4336//1911 4359//1911
f 4310//1911 4359//1911 4311//1911
f 4359//1912 4360//1912 4311//1912
f 4311//1912 4360//1912 4313//1912
f 4360//1913 4361//1913 4313//1913
f 4313//1913 4361//1913 4315//1913
f 4361//1914 4362//1914 4315//1914
f 4315//1914 4362//1914 4317//1914
f 4362//1915 4363//1915 4317//1915
f 4317//1915 4363//1915 4319//1915
f 4363//1916 4364//1916 4319//1916
f 4319//1916 4364//1916 4328//1916
f 4364//1917 4365//1917 4328//1917
f 4328//1917 4365//1917 4329//1917
f 4365//1918 4366//1918 4329//1918
f 4329//1918 4366//1918 4331//1918
f 4366//1919 4367//1919 4331//1919
f 4331//1919 4367//1919 4333//1919
f 4367//1920 4368//1920 4333//1920
f 4333//1920 4368//1920 4327//1920
f 4368//1921 4369//1921 4327//1921
f 4327//1921 4369//1921 4326//1921
f 4369//1922 4370//1922 4326//1922
f 4326//1922 4370//1922 4324//1922
f 4370//1923 4371//1923 4324//1923
f 4324//1923 4371//1923 4309//1923
f 4371//1924 4356//1924 4309//1924
f 4309//1924 4356//1924 4306//1924
f 4372//1 4373//1 4374//1
f 4373//1 4375//1 4374//1
f 4374//1 4375//1 4376//1
f 4377//1 4378//1 4374//1
f 4378//1 4379//1 4374//1
f 4374//1 4379//1 4372//1
f 4380//1 4381//1 4374//1
f 4381//1 4382//1 4374//1
f 4374//1 4382//1 4377//1
f 4383//1 4384//1 4374//1
f 4384//1 4385//1 4374//1
f 4374//1 4385//1 4380//1
f 4386//1 4387//1 4374//1
f 4387//1 4388//1 4374//1
f 4374//1 4388//1 4383//1
f 4389//1 4390//1 4374//1
f 4390//1 4391//1 4374//1
f 4374//1 4391//1 4386//1
f 4392//1 4393//1 4374//1
f 4393//1 4394//1 4374//1
f 4374//1 4394//1 4389//1
f 4376//1 4395//1 4374//1
f 4395//1 4396//1 4374//1
f 4374//1 4396//1 4392//1
f 4375//1925 4397//1925 4376//1925
f 4397//1926 4398//1926 4376//1926
f 4376//700 4398//700 4395//700
f 4398//700 4399//700 4395//700
f 4395//1927 4399//1927 4396//1927
f 4399//1927 4400//1927 4396//1927
f 4396//1928 4400//1928 4392//1928
f 4400//1928 4401//1928 4392//1928
f 4392//1929 4401//1929 4393//1929
f 4401//1929 4402//1929 4393//1929
f 4393//1930 4402//1930 4394//1930
f 4402//1930 4403//1930 4394//1930
f 4394//1931 4403//1931 4389//1931
f 4403//1931 4404//1931 4389//1931
f 4389//1932 4404//1932 4390//1932
f 4404//1932 4405//1932 4390//1932
f 4390//1933 4405//1933 4391//1933
f 4405//1933 4406//1933 4391//1933
f 4391//1934 4406//1934 4386//1934
f 4406//1934 4407//1934 4386//1934
f 4386//709 4407//709 4387//709
f 4407//709 4408//709 4387//709
f 4387//1935 4408//1935 4388//1935
f 4408//1935 4409//1935 4388//1935
f 4388//1936 4409//1936 4383//1936
f 4409//1936 4410//1936 4383//1936
f 4383//686 4410//686 4384//686
f 4410//686 4411//686 4384//686
f 4384//1937 4411//1937 4385//1937
f 4411//1937 4412//1937 4385//1937
f 4385//1938 4412//1938 4380//1938
f 4412//1938 4413//1938 4380//1938
f 4380//1939 4413//1939 4381//1939
f 4413//1939 4414//1939 4381//1939
f 4381//1940 4414//1940 4382//1940
f 4414//1940 4415//1940 4382//1940
f 4382//1941 4415//1941 4377//1941
f 4415//1941 4416//1941 4377//1941
f 4377//1942 4416//1942 4378//1942
f 4416//1942 4417//1942 4378//1942
f 4378//1943 4417//1943 4379//1943
f 4417//1943 4418//1943 4379//1943
f 4379//1944 4418//1944 4372//1944
f 4418//1944 4419//1944 4372//1944
f 4372//695 4419//695 4373//695
f 4419//695 4420//695 4373//695
f 4373//1945 4420//1945 4375//1945
f 4420//1946 4397//1946 4375//1946
f 4421//1 4422//1 4423//1
f 4422//1 4424//1 4423//1
f 4423//1 4424//1 4425//1
f 4426//1 4427//1 4423//1
f 4427//1 4428//1 4423//1
f 4423//1 4428//1 4421//1
f 4429//1 4430//1 4423//1
f 4430//1 4431//1 4423//1
f 4423//1 4431//1 4426//1
f 4432//1 4433//1 4423//1
f 4433//1 4434//1 4423//1
f 4423//1 4434//1 4429//1
f 4435//1 4436//1 4423//1
f 4436//1 4437//1 4423//1
f 4423//1 4437//1 4432//1
f 4438//1 4439//1 4423//1
f 4439//1 4440//1 4423//1
f 4423//1 4440//1 4435//1
f 4441//1 4442//1 4423//1
f 4442//1 4443//1 4423//1
f 4423//1 4443//1 4438//1
f 4425//1 4444//1 4423//1
f 4444//1 4445//1 4423//1
f 4423//1 4445//1 4441//1
f 4437//1926 4446//1926 4432//1926
f 4446//1926 4447//1926 4432//1926
f 4432//700 4447//700 4433//700
f 4447//700 4448//700 4433//700
f 4433//1927 4448//1927 4434//1927
f 4448//1927 4449//1927 4434//1927
f 4434//1928 4449//1928 4429//1928
f 4449//1928 4450//1928 4429//1928
f 4429//1929 4450//1929 4430//1929
f 4450//1929 4451//1929 4430//1929
f 4430//1947 4451//1947 4431//1947
f 4451//1947 4452//1947 4431//1947
f 4431//1948 4452//1948 4426//1948
f 4452//1948 4453//1948 4426//1948
f 4426//1932 4453//1932 4427//1932
f 4453//1932 4454//1932 4427//1932
f 4427//1933 4454//1933 4428//1933
f 4454//1933 4455//1933 4428//1933
f 4428//1934 4455//1934 4421//1934
f 4455//1934 4456//1934 4421//1934
f 4421//709 4456//709 4422//709
f 4456//709 4457//709 4422//709
f 4422//1935 4457//1935 4424//1935
f 4457//1949 4458//1949 4424//1949
f 4424//1950 4458//1950 4425//1950
f 4458//1936 4459//1936 4425//1936
f 4425//686 4459//686 4444//686
f 4459//686 4460//686 4444//686
f 4444//1937 4460//1937 4445//1937
f 4460//1937 4461//1937 4445//1937
f 4445//1938 4461//1938 4441//1938
f 4461//1938 4462//1938 4441//1938
f 4441//1939 4462//1939 4442//1939
f 4462//1939 4463//1939 4442//1939
f 4442//1951 4463//1951 4443//1951
f 4463//1951 4464//1951 4443//1951
f 4443//1952 4464//1952 4438//1952
f 4464//1952 4465//1952 4438//1952
f 4438//1942 4465//1942 4439//1942
f 4465//1942 4466//1942 4439//1942
f 4439//1943 4466//1943 4440//1943
f 4466//1943 4467//1943 4440//1943
f 4440//1944 4467//1944 4435//1944
f 4467//1944 4468//1944 4435//1944
f 4435//695 4468//695 4436//695
f 4468//695 4469//695 4436//695
f 4436//1945 4469//1945 4437//1945
f 4469//1945 4446//1945 4437//1945
f 4470//1953 4471//1953 4472//1953
f 4473//1954 4474//1954 4475//1954
f 4476//1955 4477//1955 4475//1955
f 4478//1956 4479//1956 4480//1956
f 4479//1957 4481//1957 4480//1957
f 4480//1958 4481//1958 4482//1958
f 4483//1959 4484//1959 4478//1959
f 4484//1960 4485//1960 4478//1960
f 4478//1961 4485//1961 4479//1961
f 4483//1962 4486//1962 4484//1962
f 4486//1963 4487//1963 4484//1963
f 4484//1964 4487//1964 4488//1964
f 4487//1965 4489//1965 4488//1965
f 4488//1966 4489//1966 4490//1966
f 4489//1967 4491//1967 4490//1967
f 4490//1968 4491//1968 4492//1968
f 4493//1969 4494//1969 4495//1969
f 4494//1970 4492//1970 4495//1970
f 4495//1971 4492//1971 4496//1971
f 4492//1972 4491//1972 4496//1972
f 4476//1973 4475//1973 4497//1973
f 4474//1974 4498//1974 4475//1974
f 4498//1975 4494//1975 4475//1975
f 4475//1976 4494//1976 4497//1976
f 4494//1977 4493//1977 4497//1977
f 4499//1978 4473//1978 4500//1978
f 4473//1979 4475//1979 4500//1979
f 4500//1980 4475//1980 4501//1980
f 4475//1981 4477//1981 4501//1981
f 4501//1982 4477//1982 4502//1982
f 4499//1983 4503//1983 4473//1983
f 4503//1984 4504//1984 4473//1984
f 4473//1985 4504//1985 4474//1985
f 4504//1986 4505//1986 4474//1986
f 4474//1987 4505//1987 4498//1987
f 4506//1988 4507//1988 4508//1988
f 4507//1989 4509//1989 4508//1989
f 4508//1990 4509//1990 4470//1990
f 4504//1991 4510//1991 4505//1991
f 4510//1992 4511//1992 4505//1992
f 4505//1993 4511//1993 4498//1993
f 4511//1994 4512//1994 4498//1994
f 4498//1995 4512//1995 4494//1995
f 4512//1996 4513//1996 4494//1996
f 4494//1997 4513//1997 4492//1997
f 4513//1998 4514//1998 4492//1998
f 4492//1999 4514//1999 4490//1999
f 4514//2000 4515//2000 4490//2000
f 4490//2001 4515//2001 4488//2001
f 4515//2002 4516//2002 4488//2002
f 4488//2003 4516//2003 4484//2003
f 4516//2004 4517//2004 4484//2004
f 4484//2005 4517//2005 4485//2005
f 4517//2006 4472//2006 4485//2006
f 4485//2007 4472//2007 4479//2007
f 4472//2008 4471//2008 4479//2008
f 4479//2009 4471//2009 4481//2009
f 4503//2010 4518//2010 4504//2010
f 4518//2011 4519//2011 4504//2011
f 4504//2012 4519//2012 4510//2012
f 4519//2013 4520//2013 4510//2013
f 4510//2014 4520//2014 4521//2014
f 4520//2015 4522//2015 4521//2015
f 4521//2016 4522//2016 4523//2016
f 4524//2017 4525//2017 4526//2017
f 4525//2018 4527//2018 4526//2018
f 4526//2019 4527//2019 4528//2019
f 4527//2020 4529//2020 4528//2020
f 4528//2021 4529//2021 4530//2021
f 4529//2022 4531//2022 4530//2022
f 4530//2023 4531//2023 4532//2023
f 4531//2024 4533//2024 4532//2024
f 4532//2025 4533//2025 4534//2025
f 4533//2026 4535//2026 4534//2026
f 4534//2027 4535//2027 4536//2027
f 4535//2028 4537//2028 4536//2028
f 4525//2029 4538//2029 4527//2029
f 4538//2030 4539//2030 4527//2030
f 4527//2031 4539//2031 4529//2031
f 4539//2032 4540//2032 4529//2032
f 4529//2033 4540//2033 4531//2033
f 4540//2034 4541//2034 4531//2034
f 4531//2035 4541//2035 4533//2035
f 4541//2036 4542//2036 4533//2036
f 4533//2037 4542//2037 4535//2037
f 4542//2038 4543//2038 4535//2038
f 4535//2039 4543//2039 4537//2039
f 4543//2040 4544//2040 4537//2040
f 4538//2041 4545//2041 4539//2041
f 4545//2042 4546//2042 4539//2042
f 4539//2043 4546//2043 4540//2043
f 4546//2044 4547//2044 4540//2044
f 4540//2045 4547//2045 4541//2045
f 4547//2046 4548//2046 4541//2046
f 4541//2047 4548//2047 4542//2047
f 4548//2048 4549//2048 4542//2048
f 4542//2049 4549//2049 4543//2049
f 4549//2050 4550//2050 4543//2050
f 4543//2051 4550//2051 4544//2051
f 4550//2052 4551//2052 4544//2052
f 4545//2053 4552//2053 4546//2053
f 4552//2054 4553//2054 4546//2054
f 4546//2055 4553//2055 4547//2055
f 4553//2056 4554//2056 4547//2056
f 4547//2057 4554//2057 4548//2057
f 4554//2058 4555//2058 4548//2058
f 4548//2059 4555//2059 4549//2059
f 4555//2060 4556//2060 4549//2060
f 4549//2061 4556//2061 4550//2061
f 4556//2062 4557//2062 4550//2062
f 4550//2063 4557//2063 4551//2063
f 4557//2064 4558//2064 4551//2064
f 4552//2065 4559//2065 4553//2065
f 4559//2066 4560//2066 4553//2066
f 4553//2067 4560//2067 4554//2067
f 4560//2068 4561//2068 4554//2068
f 4554//2069 4561//2069 4555//2069
f 4561//2070 4562//2070 4555//2070
f 4555//2071 4562//2071 4556//2071
f 4562//2072 4563//2072 4556//2072
f 4556//2073 4563//2073 4557//2073
f 4563//2074 4564//2074 4557//2074
f 4557//2075 4564//2075 4558//2075
f 4564//2076 4565//2076 4558//2076
f 4522//2077 4566//2077 4523//2077
f 4566//2078 4567//2078 4523//2078
f 4523//2079 4567//2079 4568//2079
f 4567//2080 4569//2080 4568//2080
f 4568//2081 4569//2081 4570//2081
f 4569//2082 4571//2082 4570//2082
f 4570//2083 4571//2083 4572//2083
f 4571//2084 4573//2084 4572//2084
f 4574//2085 4575//2085 4576//2085
f 4575//2086 4577//2086 4576//2086
f 4576//2087 4577//2087 4578//2087
f 4577//2088 4579//2088 4578//2088
f 4578//2089 4579//2089 4580//2089
f 4579//2090 4581//2090 4580//2090
f 4580//2091 4581//2091 4582//2091
f 4581//2092 4583//2092 4582//2092
f 4582//2093 4583//2093 4584//2093
f 4583//2094 4585//2094 4584//2094
f 4584//2095 4585//2095 4506//2095
f 4585//2096 4586//2096 4506//2096
f 4506//2097 4586//2097 4507//2097
f 4508//2098 4524//2098 4506//2098
f 4524//2099 4526//2099 4506//2099
f 4506//2100 4526//2100 4584//2100
f 4526//2101 4528//2101 4584//2101
f 4584//2102 4528//2102 4582//2102
f 4528//2103 4530//2103 4582//2103
f 4582//2104 4530//2104 4580//2104
f 4530//2105 4532//2105 4580//2105
f 4580//2106 4532//2106 4578//2106
f 4532//2107 4534//2107 4578//2107
f 4578//2108 4534//2108 4576//2108
f 4534//2109 4536//2109 4576//2109
f 4576//2110 4536//2110 4574//2110
f 4536//2111 4537//2111 4574//2111
f 4574//2112 4537//2112 4587//2112
f 4537//2113 4544//2113 4587//2113
f 4587//2114 4544//2114 4588//2114
f 4544//2115 4551//2115 4588//2115
f 4588//2116 4551//2116 4589//2116
f 4551//2117 4558//2117 4589//2117
f 4589//2118 4558//2118 4590//2118
f 4558//2119 4565//2119 4590//2119
f 4590//2120 4565//2120 4591//2120
f 4470//2121 4472//2121 4508//2121
f 4472//2122 4517//2122 4508//2122
f 4508//2123 4517//2123 4524//2123
f 4517//2124 4516//2124 4524//2124
f 4524//2125 4516//2125 4525//2125
f 4516//2126 4515//2126 4525//2126
f 4525//2127 4515//2127 4538//2127
f 4515//2128 4514//2128 4538//2128
f 4538//2129 4514//2129 4545//2129
f 4514//2130 4513//2130 4545//2130
f 4545//2131 4513//2131 4552//2131
f 4513//2132 4512//2132 4552//2132
f 4552//2133 4512//2133 4559//2133
f 4512//2134 4511//2134 4559//2134
f 4559//2135 4511//2135 4560//2135
f 4511//2136 4510//2136 4560//2136
f 4560//2137 4510//2137 4561//2137
f 4510//2138 4521//2138 4561//2138
f 4561//2139 4521//2139 4562//2139
f 4521//2140 4523//2140 4562//2140
f 4562//2141 4523//2141 4563//2141
f 4523//2142 4568//2142 4563//2142
f 4563//2143 4568//2143 4564//2143
f 4568//2144 4570//2144 4564//2144
f 4564//2145 4570//2145 4565//2145
f 4570//2146 4572//2146 4565//2146
f 4565//2147 4572//2147 4591//2147
f 4572//2148 4573//2148 4591//2148
f 4591//2149 4573//2149 4592//2149
f 4502//2150 4593//2150 4501//2150
f 4593//2150 4594//2150 4501//2150
f 4501//2150 4594//2150 4595//2150
f 4595//2150 4596//2150 4501//2150
f 4596//2150 4597//2150 4501//2150
f 4501//2150 4597//2150 4598//2150
f 4599//2150 4600//2150 4601//2150
f 4601//2150 4602//2150 4599//2150
f 4602//2150 4603//2150 4599//2150
f 4599//2150 4603//2150 4604//2150
f 4604//2150 4605//2150 4599//2150
f 4605//2150 4606//2150 4599//2150
f 4599//2150 4606//2150 4607//2150
f 4607//2150 4608//2150 4599//2150
f 4608//2150 4609//2150 4599//2150
f 4599//2150 4609//2150 4610//2150
f 4611//2151 4612//2151 4613//2151
f 4612//2151 4614//2151 4613//2151
f 4573//2151 4615//2151 4616//2151
f 4616//2151 4617//2151 4573//2151
f 4617//2151 4618//2151 4573//2151
f 4573//2151 4618//2151 4619//2151
f 4619//2151 4620//2151 4573//2151
f 4620//2151 4621//2151 4573//2151
f 4573//2151 4621//2151 4622//2151
f 4622//2151 4623//2151 4573//2151
f 4623//2151 4624//2151 4573//2151
f 4573//2151 4624//2151 4625//2151
f 4625//2151 4626//2151 4573//2151
f 4626//2151 4627//2151 4573//2151
f 4573//2151 4627//2151 4628//2151
f 4628//2151 4629//2151 4573//2151
f 4629//2151 4630//2151 4573//2151
f 4573//2151 4630//2151 4631//2151
f 4631//2151 4632//2151 4573//2151
f 4632//2151 4633//2151 4573//2151
f 4573//2151 4633//2151 4634//2151
f 4634//2151 4635//2151 4573//2151
f 4635//2151 4636//2151 4573//2151
f 4573//2151 4636//2151 4592//2151
f 4598//2150 4600//2150 4501//2150
f 4600//2150 4599//2150 4501//2150
f 4501//2152 4599//2152 4500//2152
f 4599//2153 4637//2153 4500//2153
f 4500//2154 4637//2154 4499//2154
f 4499//2155 4637//2155 4503//2155
f 4637//2155 4638//2155 4503//2155
f 4503//2156 4638//2156 4518//2156
f 4638//2156 4639//2156 4518//2156
f 4518//2157 4639//2157 4519//2157
f 4639//2157 4640//2157 4519//2157
f 4519//2158 4640//2158 4520//2158
f 4640//2158 4641//2158 4520//2158
f 4520//2159 4641//2159 4522//2159
f 4641//2159 4642//2159 4522//2159
f 4522//2160 4642//2160 4566//2160
f 4566//2161 4642//2161 4567//2161
f 4642//2162 4643//2162 4567//2162
f 4567//2163 4643//2163 4569//2163
f 4643//2163 4644//2163 4569//2163
f 4569//2164 4644//2164 4571//2164
f 4644//2164 4645//2164 4571//2164
f 4645//2165 4613//2165 4571//2165
f 4571//2165 4613//2165 4573//2165
f 4613//2151 4614//2151 4573//2151
f 4573//2151 4614//2151 4615//2151
f 4646//2166 4647//2166 4648//2166
f 4647//2166 4649//2166 4648//2166
f 4648//2166 4649//2166 4650//2166
f 4482//2167 4481//2167 4651//2167
f 4481//2167 4652//2167 4651//2167
f 4652//2168 4481//2168 4653//2168
f 4481//2169 4471//2169 4653//2169
f 4653//2170 4471//2170 4654//2170
f 4471//2171 4470//2171 4654//2171
f 4470//2172 4509//2172 4654//2172
f 4654//2173 4509//2173 4655//2173
f 4509//2174 4507//2174 4655//2174
f 4507//2175 4586//2175 4655//2175
f 4655//2176 4586//2176 4656//2176
f 4586//2177 4585//2177 4656//2177
f 4656//2178 4585//2178 4657//2178
f 4585//2179 4583//2179 4657//2179
f 4657//2180 4583//2180 4658//2180
f 4583//2181 4581//2181 4658//2181
f 4658//2182 4581//2182 4659//2182
f 4581//2183 4579//2183 4659//2183
f 4659//2184 4579//2184 4660//2184
f 4579//2185 4577//2185 4660//2185
f 4660//2186 4577//2186 4648//2186
f 4577//2166 4575//2166 4648//2166
f 4648//2166 4575//2166 4646//2166
f 4638//2187 4637//2187 4661//2187
f 4662//2188 4663//2188 4664//2188
f 4665//2189 4666//2189 4664//2189
f 4667//2190 4668//2190 4669//2190
f 4668//2191 4599//2191 4669//2191
f 4669//2192 4599//2192 4610//2192
f 4670//2193 4671//2193 4667//2193
f 4671//2194 4672//2194 4667//2194
f 4667//2195 4672//2195 4668//2195
f 4670//2196 4673//2196 4671//2196
f 4673//2197 4674//2197 4671//2197
f 4671//2198 4674//2198 4675//2198
f 4674//2199 4676//2199 4675//2199
f 4675//2200 4676//2200 4677//2200
f 4676//2201 4678//2201 4677//2201
f 4677//2202 4678//2202 4679//2202
f 4680//2203 4681//2203 4682//2203
f 4681//2204 4679//2204 4682//2204
f 4682//2205 4679//2205 4683//2205
f 4679//2206 4678//2206 4683//2206
f 4665//2207 4664//2207 4684//2207
f 4663//2208 4685//2208 4664//2208
f 4685//2209 4681//2209 4664//2209
f 4664//2210 4681//2210 4684//2210
f 4681//2211 4680//2211 4684//2211
f 4686//2212 4662//2212 4687//2212
f 4662//2213 4664//2213 4687//2213
f 4687//2214 4664//2214 4688//2214
f 4664//2215 4666//2215 4688//2215
f 4688//2216 4666//2216 4689//2216
f 4686//2217 4690//2217 4662//2217
f 4690//2218 4691//2218 4662//2218
f 4662//2219 4691//2219 4663//2219
f 4691//2220 4692//2220 4663//2220
f 4663//2221 4692//2221 4685//2221
f 4693//2222 4640//2222 4694//2222
f 4640//2223 4639//2223 4694//2223
f 4694//2224 4639//2224 4638//2224
f 4691//2225 4695//2225 4692//2225
f 4695//2226 4696//2226 4692//2226
f 4692//2227 4696//2227 4685//2227
f 4696//2228 4697//2228 4685//2228
f 4685//2229 4697//2229 4681//2229
f 4697//2230 4698//2230 4681//2230
f 4681//2231 4698//2231 4679//2231
f 4698//2232 4699//2232 4679//2232
f 4679//2233 4699//2233 4677//2233
f 4699//2234 4700//2234 4677//2234
f 4677//2235 4700//2235 4675//2235
f 4700//2236 4701//2236 4675//2236
f 4675//2237 4701//2237 4671//2237
f 4701//2238 4702//2238 4671//2238
f 4671//2239 4702//2239 4672//2239
f 4702//2240 4661//2240 4672//2240
f 4672//2241 4661//2241 4668//2241
f 4661//2242 4637//2242 4668//2242
f 4668//2243 4637//2243 4599//2243
f 4690//2244 4703//2244 4691//2244
f 4703//2245 4704//2245 4691//2245
f 4691//2246 4704//2246 4695//2246
f 4704//2247 4705//2247 4695//2247
f 4695//2248 4705//2248 4706//2248
f 4705//2249 4707//2249 4706//2249
f 4706//2250 4707//2250 4708//2250
f 4709//2251 4710//2251 4711//2251
f 4710//2252 4712//2252 4711//2252
f 4711//2253 4712//2253 4713//2253
f 4712//2254 4714//2254 4713//2254
f 4713//2255 4714//2255 4715//2255
f 4714//2256 4716//2256 4715//2256
f 4715//2257 4716//2257 4717//2257
f 4716//2258 4718//2258 4717//2258
f 4717//2259 4718//2259 4719//2259
f 4718//2260 4720//2260 4719//2260
f 4719//2261 4720//2261 4721//2261
f 4720//2262 4722//2262 4721//2262
f 4710//2263 4723//2263 4712//2263
f 4723//2264 4724//2264 4712//2264
f 4712//2265 4724//2265 4714//2265
f 4724//2266 4725//2266 4714//2266
f 4714//2267 4725//2267 4716//2267
f 4725//2268 4726//2268 4716//2268
f 4716//2269 4726//2269 4718//2269
f 4726//2270 4727//2270 4718//2270
f 4718//2271 4727//2271 4720//2271
f 4727//2272 4728//2272 4720//2272
f 4720//2273 4728//2273 4722//2273
f 4728//2274 4729//2274 4722//2274
f 4723//2275 4730//2275 4724//2275
f 4730//2276 4731//2276 4724//2276
f 4724//2277 4731//2277 4725//2277
f 4731//2278 4732//2278 4725//2278
f 4725//2279 4732//2279 4726//2279
f 4732//2280 4733//2280 4726//2280
f 4726//2281 4733//2281 4727//2281
f 4733//2282 4734//2282 4727//2282
f 4727//2283 4734//2283 4728//2283
f 4734//2284 4735//2284 4728//2284
f 4728//2285 4735//2285 4729//2285
f 4735//2286 4736//2286 4729//2286
f 4730//2287 4737//2287 4731//2287
f 4737//2288 4738//2288 4731//2288
f 4731//2289 4738//2289 4732//2289
f 4738//2290 4739//2290 4732//2290
f 4732//2291 4739//2291 4733//2291
f 4739//2292 4740//2292 4733//2292
f 4733//2293 4740//2293 4734//2293
f 4740//2294 4741//2294 4734//2294
f 4734//2295 4741//2295 4735//2295
f 4741//2296 4742//2296 4735//2296
f 4735//2297 4742//2297 4736//2297
f 4742//2298 4743//2298 4736//2298
f 4737//2299 4744//2299 4738//2299
f 4744//2300 4745//2300 4738//2300
f 4738//2301 4745//2301 4739//2301
f 4745//2302 4746//2302 4739//2302
f 4739//2303 4746//2303 4740//2303
f 4746//2304 4747//2304 4740//2304
f 4740//2305 4747//2305 4741//2305
f 4747//2306 4748//2306 4741//2306
f 4741//2307 4748//2307 4742//2307
f 4748//2308 4749//2308 4742//2308
f 4742//2309 4749//2309 4743//2309
f 4749//2310 4750//2310 4743//2310
f 4707//2311 4751//2311 4708//2311
f 4751//2312 4752//2312 4708//2312
f 4708//2313 4752//2313 4753//2313
f 4752//2314 4754//2314 4753//2314
f 4753//2315 4754//2315 4755//2315
f 4754//2316 4756//2316 4755//2316
f 4755//2317 4756//2317 4757//2317
f 4756//2318 4758//2318 4757//2318
f 4759//2319 4611//2319 4760//2319
f 4611//2320 4613//2320 4760//2320
f 4760//2321 4613//2321 4761//2321
f 4613//2322 4645//2322 4761//2322
f 4761//2323 4645//2323 4762//2323
f 4645//2324 4644//2324 4762//2324
f 4762//2325 4644//2325 4763//2325
f 4644//2326 4643//2326 4763//2326
f 4763//2327 4643//2327 4764//2327
f 4643//2328 4642//2328 4764//2328
f 4764//2329 4642//2329 4693//2329
f 4642//2330 4641//2330 4693//2330
f 4693//2331 4641//2331 4640//2331
f 4694//2332 4709//2332 4693//2332
f 4709//2333 4711//2333 4693//2333
f 4693//2334 4711//2334 4764//2334
f 4711//2335 4713//2335 4764//2335
f 4764//2336 4713//2336 4763//2336
f 4713//2337 4715//2337 4763//2337
f 4763//2338 4715//2338 4762//2338
f 4715//2339 4717//2339 4762//2339
f 4762//2340 4717//2340 4761//2340
f 4717//2341 4719//2341 4761//2341
f 4761//2342 4719//2342 4760//2342
f 4719//2343 4721//2343 4760//2343
f 4760//2344 4721//2344 4759//2344
f 4721//2345 4722//2345 4759//2345
f 4759//2346 4722//2346 4765//2346
f 4722//2347 4729//2347 4765//2347
f 4765//2348 4729//2348 4766//2348
f 4729//2349 4736//2349 4766//2349
f 4766//2350 4736//2350 4767//2350
f 4736//2351 4743//2351 4767//2351
f 4767//2352 4743//2352 4768//2352
f 4743//2353 4750//2353 4768//2353
f 4768//2354 4750//2354 4769//2354
f 4638//2355 4661//2355 4694//2355
f 4661//2356 4702//2356 4694//2356
f 4694//2357 4702//2357 4709//2357
f 4702//2358 4701//2358 4709//2358
f 4709//2359 4701//2359 4710//2359
f 4701//2360 4700//2360 4710//2360
f 4710//2361 4700//2361 4723//2361
f 4700//2362 4699//2362 4723//2362
f 4723//2363 4699//2363 4730//2363
f 4699//2364 4698//2364 4730//2364
f 4730//2365 4698//2365 4737//2365
f 4698//2366 4697//2366 4737//2366
f 4737//2367 4697//2367 4744//2367
f 4697//2368 4696//2368 4744//2368
f 4744//2369 4696//2369 4745//2369
f 4696//2370 4695//2370 4745//2370
f 4745//2371 4695//2371 4746//2371
f 4695//2372 4706//2372 4746//2372
f 4746//2373 4706//2373 4747//2373
f 4706//2374 4708//2374 4747//2374
f 4747//2375 4708//2375 4748//2375
f 4708//2376 4753//2376 4748//2376
f 4748//2377 4753//2377 4749//2377
f 4753//2378 4755//2378 4749//2378
f 4749//2379 4755//2379 4750//2379
f 4755//2380 4757//2380 4750//2380
f 4750//2381 4757//2381 4769//2381
f 4757//2382 4758//2382 4769//2382
f 4769//2383 4758//2383 4770//2383
f 1032//2384 4771//2384 4772//2384
f 1032//2385 4772//2385 1084//2385
f 4772//2386 4773//2386 1084//2386
f 1084//2387 4773//2387 1092//2387
f 4773//2388 4774//2388 1092//2388
f 1092//2389 4774//2389 1093//2389
f 1093//2390 4774//2390 1094//2390
f 4774//2391 4775//2391 1094//2391
f 1094//2392 4775//2392 1049//2392
f 4775//2393 4776//2393 1049//2393
f 1049//2394 4776//2394 1050//2394
f 4776//2395 4777//2395 1050//2395
f 1050//2396 4777//2396 1038//2396
f 4777//2397 4778//2397 1038//2397
f 1038//2398 4778//2398 1039//2398
f 1106//2399 1105//2399 4779//2399
f 1105//2400 1100//2400 4779//2400
f 4779//2401 1100//2401 1099//2401
f 4780//2402 4781//2402 1107//2402
f 1059//2403 1058//2403 4782//2403
f 1058//2404 1104//2404 4782//2404
f 4782//2405 1104//2405 4781//2405
f 1104//2406 1103//2406 4781//2406
f 4781//2407 1103//2407 1107//2407
f 4783//2408 4784//2408 4785//2408
f 4784//2409 4786//2409 4785//2409
f 4785//2410 4786//2410 4787//2410
f 4786//2411 1056//2411 4787//2411
f 4787//2412 1056//2412 1055//2412
f 4788//2413 4789//2413 4790//2413
f 4791//2414 4792//2414 4793//2414
f 4792//2415 4794//2415 4793//2415
f 4788//2416 4790//2416 4795//2416
f 4790//2417 4796//2417 4795//2417
f 4795//2418 4796//2418 4797//2418
f 4796//2419 4798//2419 4797//2419
f 4797//2420 4798//2420 4799//2420
f 4800//2421 4801//2421 4802//2421
f 4801//2422 4803//2422 4802//2422
f 4802//2423 4803//2423 4804//2423
f 4805//2424 4806//2424 4807//2424
f 4794//2425 4808//2425 4793//2425
f 4808//2426 4809//2426 4793//2426
f 4793//2427 4809//2427 4803//2427
f 4809//2428 4810//2428 4803//2428
f 4803//2429 4810//2429 4804//2429
f 4780//2430 4811//2430 4781//2430
f 4811//2431 4787//2431 4781//2431
f 4781//2432 4787//2432 4782//2432
f 4787//2433 1055//2433 4782//2433
f 4782//2434 1055//2434 1059//2434
f 1107//2435 1106//2435 4780//2435
f 1106//2436 4779//2436 4780//2436
f 4780//2437 4779//2437 4778//2437
f 4779//2438 1099//2438 4778//2438
f 4778//2439 1099//2439 1039//2439
f 4812//2440 4813//2440 4814//2440
f 4813//2441 4815//2441 4814//2441
f 4814//2442 4815//2442 4816//2442
f 4815//2443 4817//2443 4816//2443
f 4816//2444 4817//2444 4818//2444
f 4817//2445 4819//2445 4818//2445
f 4818//2446 4819//2446 4820//2446
f 4819//2447 4821//2447 4820//2447
f 4820//2448 4821//2448 4822//2448
f 4821//2449 4823//2449 4822//2449
f 4822//2450 4823//2450 4824//2450
f 4823//2451 4825//2451 4824//2451
f 4824//2452 4825//2452 4826//2452
f 4825//2453 4827//2453 4826//2453
f 4826//2454 4827//2454 4828//2454
f 4827//2455 4829//2455 4828//2455
f 4650//2456 4783//2456 4648//2456
f 4783//2457 4785//2457 4648//2457
f 4648//2458 4785//2458 4660//2458
f 4785//2459 4830//2459 4660//2459
f 4831//2460 4832//2460 4833//2460
f 4832//2461 4834//2461 4833//2461
f 4833//2462 4834//2462 4835//2462
f 4834//2463 4836//2463 4835//2463
f 4835//2464 4836//2464 4837//2464
f 4836//2465 4838//2465 4837//2465
f 4837//2466 4838//2466 4839//2466
f 4652//2467 4653//2467 4839//2467
f 4653//2468 4654//2468 4839//2468
f 4839//2469 4654//2469 4837//2469
f 4654//2470 4655//2470 4837//2470
f 4837//2471 4655//2471 4835//2471
f 4655//2472 4656//2472 4835//2472
f 4835//2473 4656//2473 4833//2473
f 4656//2474 4657//2474 4833//2474
f 4833//2475 4657//2475 4831//2475
f 4657//2476 4658//2476 4831//2476
f 4831//2477 4658//2477 4830//2477
f 4658//2478 4659//2478 4830//2478
f 4830//2479 4659//2479 4660//2479
f 4840//2480 4841//2480 4842//2480
f 4841//2481 4843//2481 4842//2481
f 4842//2482 4843//2482 4812//2482
f 4843//2483 4844//2483 4812//2483
f 4812//2484 4844//2484 4813//2484
f 4842//2485 4789//2485 4840//2485
f 4789//2486 4788//2486 4840//2486
f 4840//2487 4788//2487 4845//2487
f 4788//2488 4795//2488 4845//2488
f 4845//2489 4795//2489 4846//2489
f 4795//2490 4797//2490 4846//2490
f 4846//2491 4797//2491 4847//2491
f 4797//2492 4799//2492 4847//2492
f 4847//2493 4799//2493 4848//2493
f 4771//2494 4829//2494 4772//2494
f 4829//2495 4827//2495 4772//2495
f 4772//2496 4827//2496 4773//2496
f 4827//2497 4825//2497 4773//2497
f 4773//2498 4825//2498 4774//2498
f 4825//2499 4823//2499 4774//2499
f 4774//2500 4823//2500 4775//2500
f 4823//2501 4821//2501 4775//2501
f 4775//2502 4821//2502 4776//2502
f 4821//2503 4819//2503 4776//2503
f 4776//2504 4819//2504 4777//2504
f 4819//2505 4817//2505 4777//2505
f 4777//2506 4817//2506 4778//2506
f 4817//2507 4815//2507 4778//2507
f 4778//2508 4815//2508 4780//2508
f 4815//2509 4813//2509 4780//2509
f 4780//2510 4813//2510 4811//2510
f 4813//2511 4844//2511 4811//2511
f 4811//2512 4844//2512 4787//2512
f 4844//2513 4843//2513 4787//2513
f 4787//2514 4843//2514 4785//2514
f 4843//2515 4841//2515 4785//2515
f 4785//2516 4841//2516 4830//2516
f 4841//2517 4840//2517 4830//2517
f 4830//2518 4840//2518 4831//2518
f 4840//2519 4845//2519 4831//2519
f 4831//2520 4845//2520 4832//2520
f 4845//2521 4846//2521 4832//2521
f 4832//2522 4846//2522 4834//2522
f 4846//2523 4847//2523 4834//2523
f 4834//2524 4847//2524 4836//2524
f 4847//2525 4848//2525 4836//2525
f 4836//2526 4848//2526 4838//2526
f 4849//2527 4850//2527 4800//2527
f 4850//2528 4851//2528 4800//2528
f 4800//2529 4851//2529 4801//2529
f 4851//2530 4852//2530 4801//2530
f 4791//2531 4793//2531 4853//2531
f 4793//2532 4803//2532 4853//2532
f 4853//2533 4803//2533 4854//2533
f 4803//2534 4801//2534 4854//2534
f 4854//2535 4801//2535 4805//2535
f 4801//2536 4852//2536 4805//2536
f 4805//2537 4852//2537 4806//2537
f 4828//2538 4849//2538 4826//2538
f 4849//2539 4800//2539 4826//2539
f 4826//2540 4800//2540 4824//2540
f 4800//2541 4802//2541 4824//2541
f 4824//2542 4802//2542 4822//2542
f 4802//2543 4804//2543 4822//2543
f 4822//2544 4804//2544 4820//2544
f 4804//2545 4810//2545 4820//2545
f 4820//2546 4810//2546 4818//2546
f 4810//2547 4809//2547 4818//2547
f 4818//2548 4809//2548 4816//2548
f 4809//2549 4808//2549 4816//2549
f 4816//2550 4808//2550 4814//2550
f 4808//2551 4794//2551 4814//2551
f 4814//2552 4794//2552 4812//2552
f 4794//2553 4792//2553 4812//2553
f 4812//2554 4792//2554 4842//2554
f 4792//2555 4791//2555 4842//2555
f 4842//2556 4791//2556 4789//2556
f 4791//2557 4853//2557 4789//2557
f 4789//2558 4853//2558 4790//2558
f 4853//2559 4854//2559 4790//2559
f 4790//2560 4854//2560 4796//2560
f 4854//2561 4805//2561 4796//2561
f 4796//2562 4805//2562 4798//2562
f 4805//2563 4807//2563 4798//2563
f 4798//2564 4807//2564 4799//2564
f 4807//2565 4855//2565 4799//2565
f 4799//2566 4855//2566 4848//2566
f 4855//2567 4856//2567 4848//2567
f 4848//2568 4856//2568 4838//2568
f 4856//2569 4857//2569 4838//2569
f 4838//2570 4857//2570 4839//2570
f 4857//2571 4651//2571 4839//2571
f 4839//2572 4651//2572 4652//2572
f 4858//2573 4859//2573 4689//2573
f 4859//2573 4688//2573 4689//2573
f 4860//2574 4861//2574 4862//2574
f 4861//2574 4863//2574 4862//2574
f 4862//2574 4863//2574 4864//2574
f 4688//2575 4859//2575 4687//2575
f 4859//2576 4865//2576 4687//2576
f 4687//2577 4865//2577 4686//2577
f 4686//2578 4865//2578 4690//2578
f 4865//2579 4866//2579 4690//2579
f 4690//2580 4866//2580 4703//2580
f 4866//2581 4867//2581 4703//2581
f 4703//2582 4867//2582 4704//2582
f 4867//2583 4868//2583 4704//2583
f 4704//2584 4868//2584 4705//2584
f 4868//2585 4869//2585 4705//2585
f 4705//2586 4869//2586 4707//2586
f 4707//2587 4869//2587 4751//2587
f 4869//2588 4870//2588 4751//2588
f 4751//2589 4870//2589 4752//2589
f 4752//2590 4870//2590 4754//2590
f 4870//2591 4871//2591 4754//2591
f 4754//2592 4871//2592 4756//2592
f 4871//2593 4872//2593 4756//2593
f 4872//2594 4862//2594 4756//2594
f 4756//2594 4862//2594 4758//2594
f 4862//2574 4864//2574 4758//2574
f 4758//2574 4864//2574 4770//2574
f 1079//2595 4873//2595 4874//2595
f 1079//2596 1078//2596 4875//2596
f 4875//2596 4876//2596 1079//2596
f 4876//2596 4877//2596 1079//2596
f 1079//2597 4877//2597 4873//2597
f 4877//2598 4878//2598 4873//2598
f 4878//2598 4879//2598 4873//2598
f 4879//2598 4880//2598 4873//2598
f 4873//2598 4880//2598 4881//2598
f 4881//2598 4882//2598 4873//2598
f 4882//2598 4883//2598 4873//2598
f 4873//2598 4883//2598 4884//2598
f 4884//2598 4885//2598 4873//2598
f 4885//2598 4886//2598 4873//2598
f 4873//2598 4886//2598 4887//2598
f 4887//2598 4888//2598 4873//2598
f 4888//2598 4889//2598 4873//2598
f 4873//2598 4889//2598 4890//2598
f 4890//2598 4891//2598 4873//2598
f 4891//2598 4892//2598 4873//2598
f 4873//2598 4892//2598 4893//2598
f 4893//2598 4894//2598 4873//2598
f 4894//2598 4895//2598 4873//2598
f 4873//2598 4895//2598 4896//2598
f 4896//2598 4897//2598 4873//2598
f 4897//2598 4898//2598 4873//2598
f 4873//2598 4898//2598 4899//2598
f 4900//2599 1066//2599 4901//2599
f 1066//2600 1074//2600 4901//2600
f 4901//2601 1074//2601 4874//2601
f 1074//2602 1073//2602 4874//2602
f 4874//2603 1073//2603 1079//2603
f 1067//2604 1062//2604 4900//2604
f 1062//2605 1064//2605 4900//2605
f 4900//2606 1064//2606 1066//2606
f 4900//2607 4902//2607 1067//2607
f 4902//2608 4903//2608 1067//2608
f 1067//2609 4903//2609 1068//2609
f 4903//2610 4904//2610 1068//2610
f 1068//2611 4904//2611 1070//2611
f 4904//2612 4905//2612 1070//2612
f 1070//2613 4905//2613 1071//2613
f 4905//2614 4906//2614 1071//2614
f 1071//2615 4906//2615 1061//2615
f 4906//2616 4907//2616 1061//2616
f 1061//2617 4907//2617 1052//2617
f 1052//2618 4907//2618 1053//2618
f 4907//2619 4908//2619 1053//2619
f 1053//2620 4908//2620 4909//2620
f 4909//2621 4910//2621 1053//2621
f 4910//2622 4911//2622 1053//2622
f 1053//2623 4911//2623 1060//2623
f 4912//2624 4913//2624 4914//2624
f 4911//2625 4910//2625 4915//2625
f 4910//2626 4916//2626 4915//2626
f 4915//2627 4916//2627 4917//2627
f 4916//2628 1466//2628 4917//2628
f 4918//2629 887//2629 920//2629
f 4919//2630 4920//2630 4921//2630
f 4919//2631 4921//2631 4922//2631
f 4921//2632 4923//2632 4922//2632
f 4922//2633 4923//2633 4918//2633
f 4920//2634 4919//2634 4924//2634
f 4919//2635 4925//2635 4924//2635
f 4924//2636 4925//2636 4926//2636
f 4927//2637 4928//2637 4929//2637
f 4928//2638 4930//2638 4929//2638
f 4929//2639 4930//2639 4925//2639
f 4930//2640 4931//2640 4925//2640
f 4925//2641 4931//2641 4926//2641
f 4909//2642 4908//2642 4932//2642
f 4908//2643 4907//2643 4932//2643
f 4932//2644 4907//2644 4933//2644
f 4858//2645 4934//2645 4859//2645
f 4934//2646 4935//2646 4859//2646
f 4859//2647 4935//2647 4865//2647
f 4935//2648 4936//2648 4865//2648
f 4865//2649 4936//2649 4866//2649
f 4936//2650 4937//2650 4866//2650
f 4938//2651 4939//2651 4940//2651
f 4939//2652 4941//2652 4940//2652
f 4942//2653 4927//2653 4943//2653
f 4927//2654 4929//2654 4943//2654
f 4943//2655 4929//2655 4944//2655
f 4929//2656 4925//2656 4944//2656
f 4944//2657 4925//2657 4945//2657
f 4925//2658 4919//2658 4945//2658
f 4945//2659 4919//2659 4946//2659
f 4919//2660 4922//2660 4946//2660
f 4946//2661 4922//2661 4947//2661
f 4922//2662 4948//2662 4947//2662
f 4947//2663 4948//2663 4949//2663
f 4948//2664 4950//2664 4949//2664
f 4949//2665 4950//2665 4951//2665
f 4913//2666 4912//2666 4952//2666
f 4912//2667 4953//2667 4952//2667
f 4952//2668 4953//2668 4954//2668
f 4910//2669 4909//2669 4916//2669
f 4909//2670 4932//2670 4916//2670
f 4916//2671 4932//2671 4955//2671
f 4932//2672 4933//2672 4955//2672
f 4941//2673 4956//2673 4940//2673
f 4956//2674 4957//2674 4940//2674
f 4940//2675 4957//2675 4938//2675
f 920//2676 1466//2676 4954//2676
f 1466//2677 4916//2677 4954//2677
f 4954//2678 4916//2678 4952//2678
f 4916//2679 4955//2679 4952//2679
f 4952//2680 4955//2680 4913//2680
f 4955//2681 4933//2681 4913//2681
f 4913//2682 4933//2682 4914//2682
f 4907//2683 4906//2683 4933//2683
f 4906//2684 4905//2684 4933//2684
f 4933//2685 4905//2685 4914//2685
f 4905//2686 4904//2686 4914//2686
f 4914//2687 4904//2687 4958//2687
f 4904//2688 4903//2688 4958//2688
f 4958//2689 4903//2689 4959//2689
f 4960//2690 4961//2690 4962//2690
f 4961//2691 4963//2691 4962//2691
f 4962//2692 4963//2692 4964//2692
f 4963//2693 4965//2693 4964//2693
f 4964//2694 4965//2694 4966//2694
f 4965//2695 4967//2695 4966//2695
f 4966//2696 4967//2696 4968//2696
f 4967//2697 4969//2697 4968//2697
f 4968//2698 4969//2698 4957//2698
f 4969//2699 4970//2699 4957//2699
f 4957//2700 4970//2700 4938//2700
f 4956//2701 4971//2701 4957//2701
f 4971//2702 4972//2702 4957//2702
f 4957//2703 4972//2703 4968//2703
f 4972//2704 4973//2704 4968//2704
f 4968//2705 4973//2705 4966//2705
f 4973//2706 4974//2706 4966//2706
f 4966//2707 4974//2707 4964//2707
f 4974//2708 4975//2708 4964//2708
f 4964//2709 4975//2709 4962//2709
f 4975//2710 4976//2710 4962//2710
f 4962//2711 4976//2711 4960//2711
f 4976//2712 4977//2712 4960//2712
f 4971//2713 4978//2713 4972//2713
f 4978//2714 4979//2714 4972//2714
f 4972//2715 4979//2715 4973//2715
f 4979//2716 4980//2716 4973//2716
f 4973//2717 4980//2717 4974//2717
f 4980//2718 4981//2718 4974//2718
f 4974//2719 4981//2719 4975//2719
f 4981//2720 4982//2720 4975//2720
f 4975//2721 4982//2721 4976//2721
f 4982//2722 4983//2722 4976//2722
f 4976//2723 4983//2723 4977//2723
f 4983//2724 4984//2724 4977//2724
f 4978//2725 4985//2725 4979//2725
f 4985//2726 4986//2726 4979//2726
f 4979//2727 4986//2727 4980//2727
f 4986//2728 4987//2728 4980//2728
f 4980//2729 4987//2729 4981//2729
f 4987//2730 4988//2730 4981//2730
f 4981//2731 4988//2731 4982//2731
f 4988//2732 4989//2732 4982//2732
f 4982//2733 4989//2733 4983//2733
f 4989//2734 4990//2734 4983//2734
f 4983//2735 4990//2735 4984//2735
f 4990//2736 4991//2736 4984//2736
f 4939//2737 4943//2737 4941//2737
f 4943//2738 4944//2738 4941//2738
f 4941//2739 4944//2739 4956//2739
f 4944//2740 4945//2740 4956//2740
f 4956//2741 4945//2741 4971//2741
f 4945//2742 4946//2742 4971//2742
f 4971//2743 4946//2743 4978//2743
f 4946//2744 4947//2744 4978//2744
f 4978//2745 4947//2745 4985//2745
f 4947//2746 4949//2746 4985//2746
f 4985//2747 4949//2747 4986//2747
f 4949//2748 4951//2748 4986//2748
f 4986//2749 4951//2749 4987//2749
f 4951//2750 4992//2750 4987//2750
f 4987//2751 4992//2751 4988//2751
f 4992//2752 4993//2752 4988//2752
f 4988//2753 4993//2753 4989//2753
f 4993//2754 4994//2754 4989//2754
f 4989//2755 4994//2755 4990//2755
f 4994//2756 4995//2756 4990//2756
f 4990//2757 4995//2757 4991//2757
f 4995//2758 4996//2758 4991//2758
f 4903//2759 4902//2759 4959//2759
f 4902//2760 4900//2760 4959//2760
f 4959//2761 4900//2761 4997//2761
f 4900//2762 4901//2762 4997//2762
f 4997//2763 4901//2763 4998//2763
f 4901//2764 4874//2764 4998//2764
f 4998//2765 4874//2765 4999//2765
f 4874//2766 4873//2766 4999//2766
f 5000//2767 4860//2767 5001//2767
f 4860//2768 4862//2768 5001//2768
f 5001//2769 4862//2769 5002//2769
f 4862//2770 4872//2770 5002//2770
f 5002//2771 4872//2771 5003//2771
f 4872//2772 4871//2772 5003//2772
f 5003//2773 4871//2773 5004//2773
f 4871//2774 4870//2774 5004//2774
f 5004//2775 4870//2775 5005//2775
f 4870//2776 4869//2776 5005//2776
f 5005//2777 4869//2777 5006//2777
f 4869//2778 4868//2778 5006//2778
f 5006//2779 4868//2779 4937//2779
f 4868//2780 4867//2780 4937//2780
f 4937//2781 4867//2781 4866//2781
f 4934//2782 4942//2782 4935//2782
f 4942//2783 4943//2783 4935//2783
f 4935//2784 4943//2784 4936//2784
f 4943//2785 4939//2785 4936//2785
f 4936//2786 4939//2786 4937//2786
f 4939//2787 4938//2787 4937//2787
f 4937//2788 4938//2788 5006//2788
f 4938//2789 4970//2789 5006//2789
f 5006//2790 4970//2790 5005//2790
f 4970//2791 4969//2791 5005//2791
f 5005//2792 4969//2792 5004//2792
f 4969//2793 4967//2793 5004//2793
f 5004//2794 4967//2794 5003//2794
f 4967//2795 4965//2795 5003//2795
f 5003//2796 4965//2796 5002//2796
f 4965//2797 4963//2797 5002//2797
f 5002//2798 4963//2798 5001//2798
f 4963//2799 4961//2799 5001//2799
f 5001//2800 4961//2800 5000//2800
f 4961//2801 4960//2801 5000//2801
f 5000//2802 4960//2802 5007//2802
f 4960//2803 4977//2803 5007//2803
f 5007//2804 4977//2804 5008//2804
f 4977//2805 4984//2805 5008//2805
f 5008//2806 4984//2806 5009//2806
f 4984//2807 4991//2807 5009//2807
f 5009//2808 4991//2808 5010//2808
f 4991//2809 4996//2809 5010//2809
f 5010//2810 4996//2810 5011//2810
f 4918//2811 920//2811 4922//2811
f 920//2812 4954//2812 4922//2812
f 4922//2813 4954//2813 4948//2813
f 4954//2814 4953//2814 4948//2814
f 4948//2815 4953//2815 4950//2815
f 4953//2816 4912//2816 4950//2816
f 4950//2817 4912//2817 4951//2817
f 4912//2818 4914//2818 4951//2818
f 4951//2819 4914//2819 4992//2819
f 4914//2820 4958//2820 4992//2820
f 4992//2821 4958//2821 4993//2821
f 4958//2822 4959//2822 4993//2822
f 4993//2823 4959//2823 4994//2823
f 4959//2824 4997//2824 4994//2824
f 4994//2825 4997//2825 4995//2825
f 4997//2826 4998//2826 4995//2826
f 4995//2827 4998//2827 4996//2827
f 4998//2828 4999//2828 4996//2828
f 4996//2829 4999//2829 5011//2829
f 4999//2830 4873//2830 5011//2830
f 5011//2831 4873//2831 4899//2831
f 5012//2832 5013//2832 5014//2832
f 5013//2833 5015//2833 5014//2833
f 5016//2834 5015//2834 5017//2834
f 5015//2835 5013//2835 5017//2835
f 5017//2836 5013//2836 5018//2836
f 5012//2837 5018//2837 5013//2837
f 5019//2838 5020//2838 5021//2838
f 5020//2839 5022//2839 5021//2839
f 5023//2840 5022//2840 5024//2840
f 5022//2841 5020//2841 5024//2841
f 5024//2842 5020//2842 5025//2842
f 5019//2843 5025//2843 5020//2843
f 3874//2844 3875//2844 4476//2844
f 3875//2845 3876//2845 4476//2845
f 4476//2846 3876//2846 4477//2846
f 3876//2847 3877//2847 4477//2847
f 3877//2848 3878//2848 4477//2848
f 3878//2849 3879//2849 4477//2849
f 4477//2850 3879//2850 4502//2850
f 3879//2851 3880//2851 4502//2851
f 4502//2852 3880//2852 5026//2852
f 3880//2853 3881//2853 5026//2853
f 3862//2854 3864//2854 5027//2854
f 3862//2855 5027//2855 3857//2855
f 3864//2856 3866//2856 5027//2856
f 3866//2857 3867//2857 5027//2857
f 5027//2858 3867//2858 3869//2858
f 4493//2859 3870//2859 4497//2859
f 3870//2860 3852//2860 4497//2860
f 4497//2861 3852//2861 4476//2861
f 3852//2862 3854//2862 4476//2862
f 4476//2863 3854//2863 3874//2863
f 3873//2864 3840//2864 5028//2864
f 3840//2865 3843//2865 5028//2865
f 5028//2866 3843//2866 5029//2866
f 3843//2867 3845//2867 5029//2867
f 5029//2868 3845//2868 3847//2868
f 3839//2869 3861//2869 5030//2869
f 3861//2870 3860//2870 5030//2870
f 5030//2871 3860//2871 5027//2871
f 3860//2872 3858//2872 5027//2872
f 5027//2873 3858//2873 3857//2873
f 3847//2874 3849//2874 5029//2874
f 3849//2875 3851//2875 5029//2875
f 5029//2876 3851//2876 5030//2876
f 3851//2877 3838//2877 5030//2877
f 5030//2878 3838//2878 3839//2878
f 3869//2879 3870//2879 5027//2879
f 3870//2880 4493//2880 5027//2880
f 5027//2881 4493//2881 5031//2881
f 4493//2882 4495//2882 5031//2882
f 5031//2883 4495//2883 4496//2883
f 4496//2884 4491//2884 5031//2884
f 4491//2885 4489//2885 5031//2885
f 5031//2886 4489//2886 5032//2886
f 4489//2887 4487//2887 5032//2887
f 4487//2888 4486//2888 5032//2888
f 5032//2889 4486//2889 5033//2889
f 4480//2890 4482//2890 5025//2890
f 4486//2891 4483//2891 5033//2891
f 4483//2892 4478//2892 5033//2892
f 5033//2893 4478//2893 5021//2893
f 4478//2894 4480//2894 5021//2894
f 5021//2895 4480//2895 5019//2895
f 4480//2896 5025//2896 5019//2896
f 3801//2897 3802//2897 5034//2897
f 3801//2898 5034//2898 3800//2898
f 3813//2899 3805//2899 5035//2899
f 3805//2900 3798//2900 5035//2900
f 5035//2901 3798//2901 5034//2901
f 3798//2902 3799//2902 5034//2902
f 5034//2903 3799//2903 3800//2903
f 3802//2904 3803//2904 5034//2904
f 3803//2905 3804//2905 5034//2905
f 5034//2906 3804//2906 3825//2906
f 3808//2907 3807//2907 5036//2907
f 3808//2908 5036//2908 3809//2908
f 3807//2909 3806//2909 5036//2909
f 3806//2910 3812//2910 5036//2910
f 5036//2911 3812//2911 3811//2911
f 3811//2912 3810//2912 5036//2912
f 3810//2913 3815//2913 5036//2913
f 5036//2914 3815//2914 5035//2914
f 3815//2915 3814//2915 5035//2915
f 5035//2916 3814//2916 3813//2916
f 4669//2917 4610//2917 3818//2917
f 4610//2918 5037//2918 3818//2918
f 3818//2919 5037//2919 3817//2919
f 3818//2920 3819//2920 4669//2920
f 3819//2921 3820//2921 4669//2921
f 4669//2922 3820//2922 3821//2922
f 3821//2923 3822//2923 4669//2923
f 3822//2924 3823//2924 4669//2924
f 4669//2925 3823//2925 3824//2925
f 3824//2926 3797//2926 4669//2926
f 3797//2927 3796//2927 4669//2927
f 4669//2928 3796//2928 4667//2928
f 3796//2929 3809//2929 4667//2929
f 4667//2930 3809//2930 4670//2930
f 3809//2931 5036//2931 4670//2931
f 4670//2932 5036//2932 4673//2932
f 5036//2933 5038//2933 4673//2933
f 4683//2934 4678//2934 5039//2934
f 4678//2935 4676//2935 5039//2935
f 5039//2936 4676//2936 5038//2936
f 4676//2937 4674//2937 5038//2937
f 5038//2938 4674//2938 4673//2938
f 5017//2939 5018//2939 4689//2939
f 4689//2940 4666//2940 5017//2940
f 4666//2941 4665//2941 5017//2941
f 5017//2942 4665//2942 5016//2942
f 4665//2943 4684//2943 5016//2943
f 5016//2944 4684//2944 5040//2944
f 4684//2945 4680//2945 5040//2945
f 5040//2946 4680//2946 5039//2946
f 4680//2947 4682//2947 5039//2947
f 5039//2948 4682//2948 4683//2948
f 1315//2 5029//2 1316//2
f 5029//2 5030//2 1316//2
f 1316//2 5030//2 1317//2
f 5030//2 5027//2 1317//2
f 1317//2 5027//2 1318//2
f 5027//2 5031//2 1318//2
f 1318//2 5031//2 1319//2
f 5031//2 5032//2 1319//2
f 1319//2 5032//2 1320//2
f 5032//2 5033//2 1320//2
f 1320//2 5033//2 1321//2
f 5033//2 5021//2 1321//2
f 1321//2 5021//2 1322//2
f 5021//2 5022//2 1322//2
f 1322//2 5022//2 1323//2
f 5022//2 5023//2 1323//2
f 1323//2 5023//2 1324//2
f 5023//2 5041//2 1324//2
f 1324//2 5041//2 1325//2
f 5041//2 5042//2 1325//2
f 1325//2 5042//2 1326//2
f 5042//2 5043//2 1326//2
f 1326//2 5043//2 1327//2
f 5043//2 5044//2 1327//2
f 1327//2 5044//2 1328//2
f 5044//2 5045//2 1328//2
f 1328//2 5045//2 1329//2
f 5045//2 5046//2 1329//2
f 1329//2 5046//2 1330//2
f 5046//2 5047//2 1330//2
f 1330//2 5047//2 1331//2
f 5047//2 5048//2 1331//2
f 1331//2 5048//2 1332//2
f 5048//2 5049//2 1332//2
f 1332//2 5049//2 1333//2
f 5049//2 5050//2 1333//2
f 1333//2 5050//2 1334//2
f 5050//2 5051//2 1334//2
f 1334//2 5051//2 1335//2
f 5051//2 5052//2 1335//2
f 1335//2 5052//2 1336//2
f 5052//2 5014//2 1336//2
f 1336//2 5014//2 1337//2
f 5014//2 5015//2 1337//2
f 1337//2 5015//2 1308//2
f 5015//2 5016//2 1308//2
f 1308//2 5016//2 1309//2
f 5016//2 5040//2 1309//2
f 1309//2 5040//2 1310//2
f 5040//2 5039//2 1310//2
f 1310//2 5039//2 1311//2
f 5039//2 5038//2 1311//2
f 1311//2 5038//2 1312//2
f 5038//2 5036//2 1312//2
f 1312//2 5036//2 1313//2
f 5036//2 5035//2 1313//2
f 1313//2 5035//2 1314//2
f 5035//2 5034//2 1314//2
f 5034//2 5053//2 1314//2
f 1314//2 5053//2 5054//2
f 5054//2 5055//2 1314//2
f 5055//2 5056//2 1314//2
f 1314//2 5056//2 5057//2
f 5057//2 5058//2 1314//2
f 5058//2 5059//2 1314//2
f 1314//2 5059//2 1315//2
f 5059//2 5060//2 1315//2
f 5060//2 5061//2 1315//2
f 1315//2 5061//2 5062//2
f 5062//2 5063//2 1315//2
f 5063//2 5064//2 1315//2
f 1315//2 5064//2 5065//2
f 5065//2 5066//2 1315//2
f 5066//2 5067//2 1315//2
f 1315//2 5067//2 5029//2
f 4482//2949 4651//2949 5025//2949
f 5067//2950 2765//2950 2767//2950
f 5068//2951 2784//2951 2785//2951
f 5028//2952 2811//2952 2796//2952
f 2788//2953 2789//2953 5069//2953
f 2789//2954 2790//2954 5069//2954
f 2774//2955 2773//2955 5067//2955
f 2773//2956 2772//2956 5067//2956
f 2772//2957 2759//2957 5067//2957
f 5067//2958 2759//2958 5029//2958
f 2759//2958 2757//2958 5029//2958
f 5029//2959 2757//2959 2799//2959
f 2799//2960 2801//2960 5029//2960
f 2801//2961 2802//2961 5029//2961
f 5029//2962 2802//2962 2804//2962
f 5028//2963 2796//2963 5069//2963
f 2796//2964 2787//2964 5069//2964
f 5069//2965 2787//2965 2788//2965
f 2777//2966 2778//2966 5068//2966
f 2804//2967 2805//2967 5029//2967
f 2805//2968 2807//2968 5029//2968
f 5029//2969 2807//2969 5028//2969
f 2807//2970 2809//2970 5028//2970
f 5028//2971 2809//2971 2811//2971
f 2785//2972 2776//2972 5068//2972
f 2776//2973 2760//2973 5068//2973
f 5068//2974 2760//2974 5067//2974
f 2760//2975 2763//2975 5067//2975
f 5067//2976 2763//2976 2765//2976
f 2767//2977 2770//2977 5067//2977
f 2770//2978 2769//2978 5067//2978
f 5067//2979 2769//2979 2774//2979
f 2790//2980 2791//2980 5069//2980
f 2791//2981 2792//2981 5069//2981
f 5069//2982 2792//2982 2793//2982
f 2793//2983 2794//2983 5069//2983
f 2794//2984 2795//2984 5069//2984
f 5069//2985 2795//2985 5068//2985
f 2795//2986 2786//2986 5068//2986
f 5068//2987 2786//2987 2777//2987
f 2778//2988 2779//2988 5068//2988
f 2779//2989 2780//2989 5068//2989
f 5068//2990 2780//2990 2781//2990
f 2781//2991 2782//2991 5068//2991
f 2782//2992 2783//2992 5068//2992
f 5068//2993 2783//2993 2784//2993
f 5069//2985 5026//2985 3884//2985
f 3873//2994 5028//2994 3871//2994
f 5028//2995 5069//2995 3871//2995
f 3871//2996 5069//2996 3891//2996
f 5069//2997 3890//2997 3891//2997
f 3881//2998 3882//2998 5026//2998
f 3882//2987 3883//2987 5026//2987
f 5026//2999 3883//2999 3884//2999
f 3884//3000 3885//3000 5069//3000
f 3885//3001 3886//3001 5069//3001
f 5069//3002 3886//3002 3887//3002
f 3887//3003 3888//3003 5069//3003
f 3888//3004 3889//3004 5069//3004
f 5069//3005 3889//3005 3890//3005
f 2738//3006 2739//3006 5034//3006
f 5034//3007 2739//3007 5053//3007
f 3086//3008 3087//3008 5053//3008
f 2746//3009 3097//3009 2745//3009
f 3097//3010 3098//3010 2745//3010
f 2739//3011 2740//3011 5053//3011
f 2740//3012 2741//3012 5053//3012
f 5053//3013 2741//3013 2742//3013
f 3103//3014 3102//3014 2745//3014
f 3102//3015 3101//3015 2745//3015
f 2745//3016 3101//3016 5053//3016
f 3101//3017 3095//3017 5053//3017
f 5053//2958 3095//2958 3086//2958
f 2754//3018 2753//3018 5034//3018
f 2753//3019 2747//3019 5034//3019
f 5034//2958 2747//2958 2738//2958
f 2742//3020 2743//3020 5053//3020
f 2743//3021 2744//3021 5053//3021
f 5053//3022 2744//3022 2745//3022
f 3087//3023 3088//3023 5053//3023
f 3088//3024 3089//3024 5053//3024
f 5053//3025 3089//3025 3090//3025
f 3076//3026 5070//3026 3085//3026
f 5070//3027 5053//3027 3085//3027
f 3085//3028 5053//3028 3094//3028
f 5053//3029 3093//3029 3094//3029
f 3076//3030 3077//3030 5070//3030
f 3077//3031 3078//3031 5070//3031
f 5070//3032 3078//3032 3079//3032
f 2748//3033 2749//3033 3825//3033
f 3834//3034 3835//3034 5037//3034
f 3098//3035 3100//3035 2745//3035
f 3100//3036 3099//3036 2745//3036
f 2745//3037 3099//3037 3103//3037
f 3090//3038 3091//3038 5053//3038
f 3091//3039 3092//3039 5053//3039
f 5053//3040 3092//3040 3093//3040
f 3083//3041 3084//3041 5070//3041
f 2735//3042 2736//3042 5070//3042
f 2752//3043 2751//3043 5034//3043
f 2751//3044 2755//3044 5034//3044
f 5034//3045 2755//3045 2754//3045
f 3083//3046 5070//3046 3082//3046
f 3835//3047 3827//3047 5037//3047
f 3827//2987 3816//2987 5037//2987
f 5037//3048 3816//3048 3817//3048
f 3825//3049 2749//3049 5034//3049
f 2749//3050 2750//3050 5034//3050
f 5034//3051 2750//3051 2752//3051
f 5070//3052 3067//3052 3068//3052
f 2720//3053 2721//3053 3829//3053
f 2721//3054 2722//3054 3829//3054
f 3829//3055 2722//3055 2723//3055
f 2720//3056 3829//3056 2719//3056
f 3829//3057 3830//3057 2719//3057
f 2719//3058 3830//3058 5070//3058
f 3084//3059 3075//3059 5070//3059
f 3075//2987 3066//2987 5070//2987
f 5070//3060 3066//3060 3067//3060
f 2730//3061 3073//3061 2729//3061
f 3073//3061 3074//3061 2729//3061
f 2729//3062 3074//3062 2728//3062
f 3074//3062 3065//3062 2728//3062
f 2728//3063 3065//3063 2737//3063
f 3065//3063 3064//3063 2737//3063
f 2737//3064 3064//3064 2746//3064
f 3064//3064 3096//3064 2746//3064
f 2746//3009 3096//3009 3097//3009
f 2732//3065 2733//3065 5070//3065
f 2733//3066 2734//3066 5070//3066
f 5070//3067 2734//3067 2735//3067
f 2736//3068 2727//3068 5070//3068
f 2727//2987 2718//2987 5070//2987
f 5070//3069 2718//3069 2719//3069
f 3830//3070 3831//3070 5070//3070
f 3831//3071 3832//3071 5070//3071
f 5070//3072 3832//3072 5037//3072
f 3832//3073 3833//3073 5037//3073
f 5037//3074 3833//3074 3834//3074
f 3079//3075 3080//3075 5070//3075
f 3080//3076 3081//3076 5070//3076
f 5070//3077 3081//3077 3082//3077
f 3068//3053 3069//3053 2730//3053
f 3069//3078 3070//3078 2730//3078
f 2723//3079 2724//3079 3829//3079
f 2724//3080 2725//3080 3829//3080
f 3829//3061 2725//3061 3828//3061
f 2725//3061 2726//3061 3828//3061
f 3828//3062 2726//3062 3826//3062
f 2726//3062 2717//3062 3826//3062
f 3826//3081 2717//3081 3825//3081
f 2717//3082 2716//3082 3825//3082
f 3825//3083 2716//3083 2748//3083
f 3068//3084 2730//3084 5070//3084
f 2730//3085 2731//3085 5070//3085
f 5070//3086 2731//3086 2732//3086
f 3070//3087 3071//3087 2730//3087
f 3071//3088 3072//3088 2730//3088
f 2730//3080 3072//3080 3073//3080
f 5053//3089 3165//3089 3166//3089
f 5070//3090 3141//3090 3142//3090
f 3171//2955 3170//2955 5053//2955
f 3170//2956 3169//2956 5053//2956
f 3169//2957 3163//2957 5053//2957
f 5053//2958 3163//2958 5054//2958
f 3163//2958 3154//2958 5054//2958
f 5054//3008 3154//3008 3155//3008
f 3145//3031 3146//3031 5071//3031
f 3146//3032 3147//3032 5071//3032
f 3155//3023 3156//3023 5054//3023
f 3156//3024 3157//3024 5054//3024
f 5054//3025 3157//3025 3158//3025
f 3166//2977 3168//2977 5053//2977
f 3168//2978 3167//2978 5053//2978
f 5053//2979 3167//2979 3171//2979
f 3158//3038 3159//3038 5054//3038
f 3159//3039 3160//3039 5054//3039
f 5054//3040 3160//3040 3161//3040
f 3150//3046 3151//3046 5071//3046
f 3142//2972 3133//2972 5070//2972
f 3133//2973 3132//2973 5070//2973
f 5070//2974 3132//2974 5053//2974
f 3132//2975 3164//2975 5053//2975
f 5053//3091 3164//3091 3165//3091
f 3161//3029 3162//3029 5054//3029
f 3162//3092 3153//3092 5054//3092
f 5054//3093 3153//3093 5071//3093
f 3153//3094 3144//3094 5071//3094
f 5071//3095 3144//3095 3145//3095
f 3147//3075 3148//3075 5071//3075
f 3148//3076 3149//3076 5071//3076
f 5071//3077 3149//3077 3150//3077
f 3151//3041 3152//3041 5071//3041
f 3152//3059 3143//3059 5071//3059
f 5071//2987 3143//2987 5070//2987
f 3143//2987 3134//2987 5070//2987
f 5070//2966 3134//2966 3135//2966
f 3135//2988 3136//2988 5070//2988
f 3136//2989 3137//2989 5070//2989
f 5070//2990 3137//2990 3138//2990
f 3138//2991 3139//2991 5070//2991
f 3139//2992 3140//2992 5070//2992
f 5070//3096 3140//3096 3141//3096
f 5054//2950 3233//2950 3234//2950
f 5054//2958 3231//2958 5055//2958
f 3231//2958 3222//2958 5055//2958
f 5055//3008 3222//3008 3223//3008
f 3213//3031 3214//3031 5072//3031
f 3214//3032 3215//3032 5072//3032
f 5071//2951 3209//2951 3210//2951
f 3239//3097 3238//3097 5054//3097
f 3238//3098 3237//3098 5054//3098
f 5054//2957 3237//2957 3231//2957
f 3223//3023 3224//3023 5055//3023
f 3224//3024 3225//3024 5055//3024
f 5055//3025 3225//3025 3226//3025
f 3226//3038 3227//3038 5055//3038
f 3227//3039 3228//3039 5055//3039
f 5055//3040 3228//3040 3229//3040
f 3229//3029 3230//3029 5055//3029
f 3230//3092 3221//3092 5055//3092
f 5055//3093 3221//3093 5072//3093
f 3221//3094 3212//3094 5072//3094
f 5072//3095 3212//3095 3213//3095
f 3218//3046 3219//3046 5072//3046
f 3234//2977 3236//2977 5054//2977
f 3236//3099 3235//3099 5054//3099
f 5054//3100 3235//3100 3239//3100
f 3210//2972 3201//2972 5071//2972
f 3201//2973 3200//2973 5071//2973
f 5071//2974 3200//2974 5054//2974
f 3200//2975 3232//2975 5054//2975
f 5054//2976 3232//2976 3233//2976
f 3215//3075 3216//3075 5072//3075
f 3216//3076 3217//3076 5072//3076
f 5072//3077 3217//3077 3218//3077
f 3219//3041 3220//3041 5072//3041
f 3220//3059 3211//3059 5072//3059
f 5072//2987 3211//2987 5071//2987
f 3211//2987 3202//2987 5071//2987
f 5071//2966 3202//2966 3203//2966
f 3203//3101 3204//3101 5071//3101
f 3204//3102 3205//3102 5071//3102
f 5071//3103 3205//3103 3206//3103
f 3206//3104 3207//3104 5071//3104
f 3207//2992 3208//2992 5071//2992
f 5071//2993 3208//2993 3209//2993
f 5055//3105 3301//3105 3302//3105
f 5072//2951 3277//2951 3278//2951
f 3281//3031 3282//3031 5073//3031
f 3282//3032 3283//3032 5073//3032
f 3307//3097 3306//3097 5055//3097
f 3306//3106 3305//3106 5055//3106
f 3305//3107 3299//3107 5055//3107
f 5055//2958 3299//2958 5056//2958
f 3299//2958 3290//2958 5056//2958
f 5056//3008 3290//3008 3291//3008
f 3291//3108 3292//3108 5056//3108
f 3292//3109 3293//3109 5056//3109
f 5056//3110 3293//3110 3294//3110
f 3297//3029 3298//3029 5056//3029
f 3298//3092 3289//3092 5056//3092
f 5056//3093 3289//3093 5073//3093
f 3289//3094 3280//3094 5073//3094
f 5073//3095 3280//3095 3281//3095
f 3286//3111 3287//3111 5073//3111
f 3294//3112 3295//3112 5056//3112
f 3295//3113 3296//3113 5056//3113
f 5056//3040 3296//3040 3297//3040
f 3278//2972 3269//2972 5072//2972
f 3269//2973 3268//2973 5072//2973
f 5072//2974 3268//2974 5055//2974
f 3268//2975 3300//2975 5055//2975
f 5055//2976 3300//2976 3301//2976
f 3302//3114 3304//3114 5055//3114
f 3304//3115 3303//3115 5055//3115
f 5055//3100 3303//3100 3307//3100
f 3283//3116 3284//3116 5073//3116
f 3284//3117 3285//3117 5073//3117
f 5073//3118 3285//3118 3286//3118
f 3287//3119 3288//3119 5073//3119
f 3288//3120 3279//3120 5073//3120
f 5073//2987 3279//2987 5072//2987
f 3279//2987 3270//2987 5072//2987
f 5072//3121 3270//3121 3271//3121
f 3271//3122 3272//3122 5072//3122
f 3272//3102 3273//3102 5072//3102
f 5072//3103 3273//3103 3274//3103
f 3274//3123 3275//3123 5072//3123
f 3275//3124 3276//3124 5072//3124
f 5072//3125 3276//3125 3277//3125
f 3359//3126 5056//3126 3358//3126
f 5056//2958 3367//2958 3358//2958
f 3365//3127 3404//3127 3364//3127
f 3404//3128 3436//3128 3364//3128
f 3361//3129 3362//3129 3436//3129
f 3362//3130 3363//3130 3436//3130
f 3436//3131 3363//3131 3364//3131
f 3441//3132 5057//3132 3442//3132
f 5057//3133 5056//3133 3442//3133
f 3442//3134 5056//3134 3443//3134
f 5056//3135 3439//3135 3443//3135
f 5056//3105 3369//3105 3370//3105
f 3441//3017 3435//3017 5057//3017
f 3435//2958 3426//2958 5057//2958
f 5057//3008 3426//3008 3427//3008
f 3417//3031 3418//3031 5074//3031
f 3418//3136 3419//3136 5074//3136
f 5073//2951 3345//2951 3346//2951
f 3361//3137 3436//3137 3360//3137
f 3436//3138 3437//3138 3360//3138
f 3360//3139 3437//3139 3359//3139
f 3437//3140 3438//3140 3359//3140
f 3359//3141 3438//3141 5056//3141
f 3438//3142 3440//3142 5056//3142
f 5056//3143 3440//3143 3439//3143
f 3375//3144 3374//3144 5056//3144
f 3374//3106 3373//3106 5056//3106
f 5056//3145 3373//3145 3367//3145
f 3427//3146 3428//3146 5057//3146
f 3428//3147 3429//3147 5057//3147
f 5057//3148 3429//3148 3430//3148
f 3433//3029 3434//3029 5057//3029
f 3434//3092 3425//3092 5057//3092
f 5057//3093 3425//3093 5074//3093
f 3425//3094 3416//3094 5074//3094
f 5074//3095 3416//3095 3417//3095
f 3430//3149 3431//3149 5057//3149
f 3431//3150 3432//3150 5057//3150
f 5057//3151 3432//3151 3433//3151
f 3338//3152 3339//3152 5073//3152
f 3346//3153 3337//3153 5073//3153
f 3337//3154 3336//3154 5073//3154
f 5073//3155 3336//3155 5056//3155
f 3336//3156 3368//3156 5056//3156
f 5056//2976 3368//2976 3369//2976
f 3422//3157 3423//3157 5074//3157
f 3423//3158 3424//3158 5074//3158
f 5074//3159 3424//3159 3415//3159
f 3415//2987 3406//2987 5074//2987
f 3406//3060 3407//3060 5074//3060
f 5074//2985 3407//2985 5073//2985
f 3338//2987 5073//2987 3347//2987
f 3370//3160 3372//3160 5056//3160
f 3372//3161 3371//3161 5056//3161
f 5056//3162 3371//3162 3375//3162
f 3419//3163 3420//3163 5074//3163
f 3420//3164 3421//3164 5074//3164
f 5074//3165 3421//3165 3422//3165
f 3407//3166 3408//3166 5073//3166
f 3408//3167 3409//3167 5073//3167
f 5073//3168 3409//3168 3410//3168
f 3365//3169 3366//3169 3404//3169
f 3366//3064 3357//3064 3404//3064
f 3404//3063 3357//3063 3405//3063
f 3357//3063 3348//3063 3405//3063
f 3405//3062 3348//3062 3414//3062
f 3348//3062 3349//3062 3414//3062
f 3414//3061 3349//3061 3413//3061
f 3349//3061 3350//3061 3413//3061
f 3413//3080 3350//3080 3351//3080
f 3413//3170 3354//3170 3355//3170
f 3413//3171 3355//3171 5073//3171
f 3355//3172 3356//3172 5073//3172
f 5073//3173 3356//3173 3347//3173
f 3410//3174 3411//3174 5073//3174
f 3411//3175 3412//3175 5073//3175
f 5073//3176 3412//3176 3413//3176
f 3351//3177 3352//3177 3413//3177
f 3352//3178 3353//3178 3413//3178
f 3413//3179 3353//3179 3354//3179
f 3339//3122 3340//3122 5073//3122
f 3340//3180 3341//3180 5073//3180
f 5073//3181 3341//3181 3342//3181
f 3342//3182 3343//3182 5073//3182
f 3343//3183 3344//3183 5073//3183
f 5073//3125 3344//3125 3345//3125
f 5057//3184 3485//3184 3486//3184
f 5057//2958 3482//2958 5058//2958
f 3482//2958 3472//2958 5058//2958
f 5058//3185 3472//3185 3473//3185
f 5075//3031 5076//3031 5077//3031
f 5076//3186 5078//3186 5077//3186
f 5074//2951 5079//2951 5080//2951
f 3491//3187 3490//3187 5057//3187
f 3490//2956 3489//2956 5057//2956
f 5057//3188 3489//3188 3482//3188
f 3473//3146 3474//3146 5058//3146
f 3474//3189 3475//3189 5058//3189
f 5058//3148 3475//3148 3476//3148
f 3476//3149 3477//3149 5058//3149
f 3477//3190 3478//3190 5058//3190
f 5058//3191 3478//3191 3479//3191
f 3479//3029 3480//3029 5058//3029
f 3480//3192 3481//3192 5058//3192
f 5058//3193 3481//3193 5077//3193
f 3481//3194 5081//3194 5077//3194
f 5077//3195 5081//3195 5075//3195
f 5082//3196 5083//3196 5077//3196
f 3486//3197 3488//3197 5057//3197
f 3488//3161 3487//3161 5057//3161
f 5057//3162 3487//3162 3491//3162
f 5080//2972 5084//2972 5074//2972
f 5084//2973 3483//2973 5074//2973
f 5074//2974 3483//2974 5057//2974
f 3483//2975 3484//2975 5057//2975
f 5057//2976 3484//2976 3485//2976
f 5078//3198 5085//3198 5077//3198
f 5085//3164 5086//3164 5077//3164
f 5077//3165 5086//3165 5082//3165
f 5083//3199 5087//3199 5077//3199
f 5087//3200 5088//3200 5077//3200
f 5077//2987 5088//2987 5074//2987
f 5088//2987 5089//2987 5074//2987
f 5074//3201 5089//3201 5090//3201
f 5090//3202 5091//3202 5074//3202
f 5091//3203 5092//3203 5074//3203
f 5074//3181 5092//3181 5093//3181
f 5093//3182 5094//3182 5074//3182
f 5094//3204 5095//3204 5074//3204
f 5074//3205 5095//3205 5079//3205
f 5096//3206 5097//3206 5098//3206
f 5097//3207 5099//3207 5098//3207
f 5058//3208 3533//3208 3534//3208
f 5077//3209 5100//3209 5101//3209
f 5058//2958 3530//2958 5059//2958
f 3530//2958 3520//2958 5059//2958
f 5059//3210 3520//3210 3521//3210
f 5102//3196 5103//3196 5098//3196
f 3539//3187 3538//3187 5058//3187
f 3538//3211 3537//3211 5058//3211
f 5058//3212 3537//3212 3530//3212
f 3521//3213 3522//3213 5059//3213
f 3522//3189 3523//3189 5059//3189
f 5059//3214 3523//3214 3524//3214
f 3527//3029 3528//3029 5059//3029
f 3528//3215 3529//3215 5059//3215
f 5059//3216 3529//3216 5098//3216
f 3529//3217 5104//3217 5098//3217
f 5098//3218 5104//3218 5096//3218
f 3524//3219 3525//3219 5059//3219
f 3525//3190 3526//3190 5059//3190
f 5059//3220 3526//3220 3527//3220
f 5101//3221 5105//3221 5077//3221
f 5105//3222 3531//3222 5077//3222
f 5077//3223 3531//3223 5058//3223
f 3531//3224 3532//3224 5058//3224
f 5058//3225 3532//3225 3533//3225
f 5099//3198 5106//3198 5098//3198
f 5106//3226 5107//3226 5098//3226
f 5098//3227 5107//3227 5102//3227
f 5103//3228 5108//3228 5098//3228
f 5108//3229 5109//3229 5098//3229
f 5098//2987 5109//2987 5077//2987
f 5109//2987 5110//2987 5077//2987
f 5077//3230 5110//3230 5111//3230
f 5111//3231 5112//3231 5077//3231
f 5112//3203 5113//3203 5077//3203
f 5077//3232 5113//3232 5114//3232
f 3534//3197 3536//3197 5058//3197
f 3536//3233 3535//3233 5058//3233
f 5058//3234 3535//3234 3539//3234
f 5114//3235 5115//3235 5077//3235
f 5115//3204 5116//3204 5077//3204
f 5077//3236 5116//3236 5100//3236
f 5059//3237 3761//3237 3762//3237
f 5098//3238 5117//3238 5118//3238
f 3767//3239 3766//3239 5059//3239
f 5119//3240 5120//3240 5121//3240
f 5120//3241 5122//3241 5121//3241
f 3766//3242 3765//3242 5059//3242
f 3765//3243 3758//3243 5059//3243
f 5059//2958 3758//2958 5060//2958
f 3758//2958 3748//2958 5060//2958
f 5060//3244 3748//3244 3749//3244
f 5123//3245 5124//3245 5121//3245
f 3762//3246 3764//3246 5059//3246
f 3764//3247 3763//3247 5059//3247
f 5059//3248 3763//3248 3767//3248
f 3749//3249 3750//3249 5060//3249
f 3750//3250 3751//3250 5060//3250
f 5060//3251 3751//3251 3752//3251
f 3755//3252 3756//3252 5060//3252
f 3756//3253 3757//3253 5060//3253
f 5060//3254 3757//3254 5121//3254
f 3757//3255 5125//3255 5121//3255
f 5121//3256 5125//3256 5119//3256
f 5118//3257 5126//3257 5098//3257
f 5126//3258 3759//3258 5098//3258
f 5098//3259 3759//3259 5059//3259
f 3759//3260 3760//3260 5059//3260
f 5059//3261 3760//3261 3761//3261
f 3752//3262 3753//3262 5060//3262
f 3753//3263 3754//3263 5060//3263
f 5060//3264 3754//3264 3755//3264
f 5122//3265 5127//3265 5121//3265
f 5127//3266 5128//3266 5121//3266
f 5121//3267 5128//3267 5123//3267
f 5124//3268 5129//3268 5121//3268
f 5129//3269 5130//3269 5121//3269
f 5121//2987 5130//2987 5098//2987
f 5130//2987 5131//2987 5098//2987
f 5098//3270 5131//3270 5132//3270
f 5132//3271 5133//3271 5098//3271
f 5133//3272 5134//3272 5098//3272
f 5098//3273 5134//3273 5135//3273
f 5135//3274 5136//3274 5098//3274
f 5136//3275 5137//3275 5098//3275
f 5098//3276 5137//3276 5117//3276
f 3705//3277 3661//3277 3663//3277
f 5138//3278 5139//3278 5140//3278
f 3705//3279 5060//3279 3687//3279
f 5060//2958 3689//2958 3687//2958
f 5060//3280 3695//3280 3697//3280
f 3668//3132 5061//3132 3669//3132
f 5061//3133 5060//3133 3669//3133
f 3669//3281 5060//3281 3670//3281
f 5060//3282 3665//3282 3670//3282
f 3668//3283 3655//3283 5061//3283
f 3655//2958 3653//2958 5061//2958
f 5061//3185 3653//3185 3671//3185
f 3661//3009 3715//3009 3717//3009
f 5121//3284 5141//3284 5142//3284
f 5143//3031 5144//3031 5138//3031
f 5144//3186 5145//3186 5138//3186
f 5146//3230 5147//3230 5121//3230
f 3704//3187 3703//3187 5060//3187
f 3703//3211 3702//3211 5060//3211
f 5060//3212 3702//3212 3689//3212
f 3705//3141 3663//3141 5060//3141
f 3663//3285 3666//3285 5060//3285
f 5060//3286 3666//3286 3665//3286
f 3671//3146 3673//3146 5061//3146
f 3673//3189 3674//3189 5061//3189
f 5061//3148 3674//3148 3676//3148
f 3705//3287 3707//3287 3661//3287
f 3707//3288 3708//3288 3661//3288
f 3661//3289 3708//3289 3710//3289
f 3676//3149 3677//3149 5061//3149
f 3677//3190 3679//3190 5061//3190
f 5061//3191 3679//3191 3681//3191
f 5148//3196 5149//3196 5138//3196
f 3710//3290 3711//3290 3661//3290
f 3711//3291 3713//3291 3661//3291
f 3661//3010 3713//3010 3715//3010
f 5150//3292 5151//3292 5138//3292
f 5151//3293 5152//3293 5138//3293
f 5138//2985 5152//2985 5121//2985
f 5152//3294 5153//3294 5121//3294
f 5121//2987 5153//2987 5146//2987
f 5142//3295 5154//3295 5121//3295
f 5154//3296 3690//3296 5121//3296
f 5121//3297 3690//3297 5060//3297
f 3690//3298 3693//3298 5060//3298
f 5060//2976 3693//2976 3695//2976
f 3681//3029 3683//3029 5061//3029
f 3683//3092 3685//3092 5061//3092
f 5061//3093 3685//3093 5138//3093
f 3685//3094 5155//3094 5138//3094
f 5138//3095 5155//3095 5143//3095
f 5140//3299 5156//3299 5138//3299
f 5156//3300 5157//3300 5138//3300
f 5138//3301 5157//3301 5150//3301
f 5147//3231 5158//3231 5121//3231
f 5158//3203 5159//3203 5121//3203
f 5121//3302 5159//3302 5160//3302
f 3697//3197 3700//3197 5060//3197
f 3700//3303 3699//3303 5060//3303
f 5060//3304 3699//3304 3704//3304
f 5149//3199 5161//3199 5138//3199
f 5161//3200 5162//3200 5138//3200
f 5138//2987 5162//2987 5163//2987
f 5160//3305 5164//3305 5121//3305
f 5164//3204 5165//3204 5121//3204
f 5121//3096 5165//3096 5141//3096
f 5145//3198 5166//3198 5138//3198
f 5166//3164 5167//3164 5138//3164
f 5138//3165 5167//3165 5148//3165
f 5163//3306 5168//3306 5138//3306
f 5168//3307 5169//3307 5138//3307
f 5138//3308 5169//3308 5139//3308
f 5169//3309 5170//3309 5139//3309
f 5139//3310 5170//3310 5171//3310
f 5139//3061 5172//3061 5173//3061
f 5172//3061 5174//3061 5173//3061
f 5173//3062 5174//3062 5175//3062
f 5174//3062 5176//3062 5175//3062
f 5175//3063 5176//3063 3719//3063
f 5176//3063 3656//3063 3719//3063
f 3719//3064 3656//3064 3717//3064
f 3656//3064 3659//3064 3717//3064
f 3717//3009 3659//3009 3661//3009
f 5171//3311 5177//3311 5139//3311
f 5177//3312 5178//3312 5139//3312
f 5139//3080 5178//3080 5172//3080
f 3628//3313 3629//3313 5179//3313
f 3629//3314 3630//3314 5179//3314
f 5061//3315 3605//3315 3607//3315
f 5061//2958 3599//2958 5062//2958
f 3599//2958 3597//2958 5062//2958
f 5062//3008 3597//3008 3639//3008
f 5138//2951 3624//2951 3625//2951
f 3639//3146 3641//3146 5062//3146
f 3641//3147 3642//3147 5062//3147
f 5062//3316 3642//3316 3644//3316
f 3614//2955 3613//2955 5061//2955
f 3613//2956 3612//2956 5061//2956
f 5061//2957 3612//2957 3599//2957
f 3644//3317 3645//3317 5062//3317
f 3645//3150 3647//3150 5062//3150
f 5062//3318 3647//3318 3649//3318
f 3633//3157 3634//3157 5179//3157
f 3649//3319 3651//3319 5062//3319
f 3651//3092 3636//3092 5062//3092
f 5062//3093 3636//3093 5179//3093
f 3636//3094 3627//3094 5179//3094
f 5179//3095 3627//3095 3628//3095
f 3625//2972 3616//2972 5138//2972
f 3616//2973 3600//2973 5138//2973
f 5138//2974 3600//2974 5061//2974
f 3600//2975 3603//2975 5061//2975
f 5061//2976 3603//2976 3605//2976
f 3607//3320 3610//3320 5061//3320
f 3610//3161 3609//3161 5061//3161
f 5061//3162 3609//3162 3614//3162
f 3630//3163 3631//3163 5179//3163
f 3631//3321 3632//3321 5179//3321
f 5179//3322 3632//3322 3633//3322
f 3634//3158 3635//3158 5179//3158
f 3635//3159 3626//3159 5179//3159
f 5179//2987 3626//2987 5138//2987
f 3626//2987 3617//2987 5138//2987
f 5138//3323 3617//3323 3618//3323
f 3618//3324 3619//3324 5138//3324
f 3619//3325 3620//3325 5138//3325
f 5138//3181 3620//3181 3621//3181
f 3621//3182 3622//3182 5138//3182
f 3622//3326 3623//3326 5138//3326
f 5138//3327 3623//3327 3624//3327
f 5062//3105 3549//3105 3551//3105
f 3572//3031 3573//3031 5180//3031
f 3573//3032 3574//3032 5180//3032
f 5179//2951 3568//2951 3569//2951
f 3558//3144 3557//3144 5062//3144
f 3557//3106 3556//3106 5062//3106
f 3556//3145 3543//3145 5062//3145
f 5062//2958 3543//2958 5063//2958
f 3543//2958 3541//2958 5063//2958
f 5063//3328 3541//3328 3583//3328
f 3577//3329 3578//3329 5180//3329
f 3551//3160 3554//3160 5062//3160
f 3554//3161 3553//3161 5062//3161
f 5062//3162 3553//3162 3558//3162
f 3583//3023 3585//3023 5063//3023
f 3585//3330 3586//3330 5063//3330
f 5063//3148 3586//3148 3588//3148
f 3593//3029 3595//3029 5063//3029
f 3595//3331 3580//3331 5063//3331
f 5063//3332 3580//3332 5180//3332
f 3580//3333 3571//3333 5180//3333
f 5180//3334 3571//3334 3572//3334
f 3569//3153 3560//3153 5179//3153
f 3560//3154 3544//3154 5179//3154
f 5179//3155 3544//3155 5062//3155
f 3544//3156 3547//3156 5062//3156
f 5062//2976 3547//2976 3549//2976
f 3588//3149 3589//3149 5063//3149
f 3589//3335 3591//3335 5063//3335
f 5063//3040 3591//3040 3593//3040
f 3574//3336 3575//3336 5180//3336
f 3575//3164 3576//3164 5180//3164
f 5180//3165 3576//3165 3577//3165
f 3578//3041 3579//3041 5180//3041
f 3579//3337 3570//3337 5180//3337
f 5180//2987 3570//2987 5179//2987
f 3570//2987 3561//2987 5179//2987
f 5179//3152 3561//3152 3562//3152
f 3562//3122 3563//3122 5179//3122
f 3563//3180 3564//3180 5179//3180
f 5179//3181 3564//3181 3565//3181
f 3565//3182 3566//3182 5179//3182
f 3566//3183 3567//3183 5179//3183
f 5179//3125 3567//3125 3568//3125
f 5063//3105 2989//3105 2991//3105
f 2998//3097 2997//3097 5063//3097
f 5180//2951 3008//2951 3009//2951
f 2997//3098 2996//3098 5063//3098
f 2996//2957 2983//2957 5063//2957
f 5063//2958 2983//2958 5064//2958
f 2983//2958 2981//2958 5064//2958
f 5064//3338 2981//3338 3023//3338
f 3012//3031 3013//3031 5181//3031
f 3013//3032 3014//3032 5181//3032
f 3023//3023 3025//3023 5064//3023
f 3025//3109 3026//3109 5064//3109
f 5064//3110 3026//3110 3028//3110
f 2991//3339 2994//3339 5063//3339
f 2994//3099 2993//3099 5063//3099
f 5063//3100 2993//3100 2998//3100
f 3028//3038 3029//3038 5064//3038
f 3029//3039 3031//3039 5064//3039
f 5064//3040 3031//3040 3033//3040
f 3033//3029 3035//3029 5064//3029
f 3035//3092 3020//3092 5064//3092
f 5064//3093 3020//3093 5181//3093
f 3020//3094 3011//3094 5181//3094
f 5181//3095 3011//3095 3012//3095
f 3017//3111 3018//3111 5181//3111
f 3009//2972 3000//2972 5180//2972
f 3000//2973 2984//2973 5180//2973
f 5180//2974 2984//2974 5063//2974
f 2984//2975 2987//2975 5063//2975
f 5063//2976 2987//2976 2989//2976
f 3014//3075 3015//3075 5181//3075
f 3015//3076 3016//3076 5181//3076
f 5181//3118 3016//3118 3017//3118
f 3018//3041 3019//3041 5181//3041
f 3019//3340 3010//3340 5181//3340
f 5181//2987 3010//2987 5180//2987
f 3010//2987 3001//2987 5180//2987
f 5180//2966 3001//2966 3002//2966
f 3002//3101 3003//3101 5180//3101
f 3003//3102 3004//3102 5180//3102
f 5180//3103 3004//3103 3005//3103
f 3005//3104 3006//3104 5180//3104
f 3006//3341 3007//3341 5180//3341
f 5180//3125 3007//3125 3008//3125
f 5064//3105 2933//3105 2935//3105
f 5064//2958 2927//2958 5065//2958
f 2927//2958 2925//2958 5065//2958
f 5065//3008 2925//3008 2967//3008
f 5181//2951 2952//2951 2953//2951
f 2967//3108 2969//3108 5065//3108
f 2969//3109 2970//3109 5065//3109
f 5065//3110 2970//3110 2972//3110
f 2956//3031 2957//3031 5182//3031
f 2957//3342 2958//3342 5182//3342
f 2942//3343 2941//3343 5064//3343
f 2941//3106 2940//3106 5064//3106
f 5064//2957 2940//2957 2927//2957
f 2972//3112 2973//3112 5065//3112
f 2973//3344 2975//3344 5065//3344
f 5065//3345 2975//3345 2977//3345
f 2977//3029 2979//3029 5065//3029
f 2979//3092 2964//3092 5065//3092
f 5065//3093 2964//3093 5182//3093
f 2964//3094 2955//3094 5182//3094
f 5182//3095 2955//3095 2956//3095
f 2961//3111 2962//3111 5182//3111
f 2953//2972 2944//2972 5181//2972
f 2944//2973 2928//2973 5181//2973
f 5181//2974 2928//2974 5064//2974
f 2928//2975 2931//2975 5064//2975
f 5064//2976 2931//2976 2933//2976
f 2935//3114 2938//3114 5064//3114
f 2938//3115 2937//3115 5064//3115
f 5064//3346 2937//3346 2942//3346
f 2958//3347 2959//3347 5182//3347
f 2959//3117 2960//3117 5182//3117
f 5182//3118 2960//3118 2961//3118
f 2962//3119 2963//3119 5182//3119
f 2963//3120 2954//3120 5182//3120
f 5182//2987 2954//2987 5181//2987
f 2954//2987 2945//2987 5181//2987
f 5181//3348 2945//3348 2946//3348
f 2946//3122 2947//3122 5181//3122
f 2947//3349 2948//3349 5181//3349
f 5181//3350 2948//3350 2949//3350
f 2949//3123 2950//3123 5181//3123
f 2950//3124 2951//3124 5181//3124
f 5181//3125 2951//3125 2952//3125
f 5065//3105 2877//3105 2879//3105
f 5182//2951 2896//2951 2897//2951
f 2886//3343 2885//3343 5065//3343
f 2885//3106 2884//3106 5065//3106
f 2884//2957 2871//2957 5065//2957
f 5065//2958 2871//2958 5066//2958
f 2871//2958 2869//2958 5066//2958
f 5066//3008 2869//3008 2911//3008
f 2900//3351 2901//3351 5183//3351
f 2901//3207 2902//3207 5183//3207
f 2911//3146 2913//3146 5066//3146
f 2913//3147 2914//3147 5066//3147
f 5066//3316 2914//3316 2916//3316
f 2879//3114 2882//3114 5065//3114
f 2882//3115 2881//3115 5065//3115
f 5065//3346 2881//3346 2886//3346
f 2916//3317 2917//3317 5066//3317
f 2917//3344 2919//3344 5066//3344
f 5066//3352 2919//3352 2921//3352
f 2905//3353 2906//3353 5183//3353
f 2897//2972 2888//2972 5182//2972
f 2888//2973 2872//2973 5182//2973
f 5182//2974 2872//2974 5065//2974
f 2872//2975 2875//2975 5065//2975
f 5065//2976 2875//2976 2877//2976
f 2921//3354 2923//3354 5066//3354
f 2923//3092 2908//3092 5066//3092
f 5066//3093 2908//3093 5183//3093
f 2908//3094 2899//3094 5183//3094
f 5183//3095 2899//3095 2900//3095
f 2902//3347 2903//3347 5183//3347
f 2903//3355 2904//3355 5183//3355
f 5183//3356 2904//3356 2905//3356
f 2906//3357 2907//3357 5183//3357
f 2907//3120 2898//3120 5183//3120
f 5183//2987 2898//2987 5182//2987
f 2898//2987 2889//2987 5182//2987
f 5182//3348 2889//3348 2890//3348
f 2890//3122 2891//3122 5182//3122
f 2891//3349 2892//3349 5182//3349
f 5182//3350 2892//3350 2893//3350
f 2893//3123 2894//3123 5182//3123
f 2894//3124 2895//3124 5182//3124
f 5182//3125 2895//3125 2896//3125
f 5066//3105 2821//3105 2823//3105
f 5066//2958 2815//2958 5067//2958
f 2815//2958 2813//2958 5067//2958
f 5067//3008 2813//3008 2855//3008
f 5183//2951 2840//2951 2841//2951
f 2830//3343 2829//3343 5066//3343
f 2829//3106 2828//3106 5066//3106
f 5066//2957 2828//2957 2815//2957
f 2855//3023 2857//3023 5067//3023
f 2857//3024 2858//3024 5067//3024
f 5067//3025 2858//3025 2860//3025
f 2844//3031 2845//3031 5068//3031
f 2845//3032 2846//3032 5068//3032
f 2860//3038 2861//3038 5067//3038
f 2861//3039 2863//3039 5067//3039
f 5067//3040 2863//3040 2865//3040
f 2865//3029 2867//3029 5067//3029
f 2867//3028 2852//3028 5067//3028
f 5067//3027 2852//3027 5068//3027
f 2852//3026 2843//3026 5068//3026
f 5068//3030 2843//3030 2844//3030
f 2849//3046 2850//3046 5068//3046
f 2823//3114 2826//3114 5066//3114
f 2826//3115 2825//3115 5066//3115
f 5066//3346 2825//3346 2830//3346
f 2841//3358 2832//3358 5183//3358
f 2832//3359 2816//3359 5183//3359
f 5183//3360 2816//3360 5066//3360
f 2816//3361 2819//3361 5066//3361
f 5066//2976 2819//2976 2821//2976
f 2846//3075 2847//3075 5068//3075
f 2847//3076 2848//3076 5068//3076
f 5068//3077 2848//3077 2849//3077
f 2850//3041 2851//3041 5068//3041
f 2851//3059 2842//3059 5068//3059
f 5068//2987 2842//2987 5183//2987
f 2842//2987 2833//2987 5183//2987
f 5183//3348 2833//3348 2834//3348
f 2834//3122 2835//3122 5183//3122
f 2835//3349 2836//3349 5183//3349
f 5183//3350 2836//3350 2837//3350
f 2837//3123 2838//3123 5183//3123
f 2838//3124 2839//3124 5183//3124
f 5183//3125 2839//3125 2840//3125
f 5037//3007 4610//3007 5070//3007
f 4610//3007 4609//3007 5070//3007
f 5070//3007 4609//3007 5071//3007
f 4609//3007 4608//3007 5071//3007
f 5071//3007 4608//3007 5072//3007
f 4608//3007 4607//3007 5072//3007
f 5072//3007 4607//3007 5073//3007
f 4607//3007 4606//3007 5073//3007
f 5073//3007 4606//3007 5074//3007
f 4606//3007 4605//3007 5074//3007
f 5074//3007 4605//3007 5077//3007
f 4605//3007 4604//3007 5077//3007
f 5077//3007 4604//3007 5098//3007
f 4604//3007 4603//3007 5098//3007
f 5098//3007 4603//3007 5121//3007
f 4603//3007 4602//3007 5121//3007
f 5121//3007 4602//3007 5138//3007
f 4602//3007 4601//3007 5138//3007
f 5138//3007 4601//3007 5179//3007
f 4601//3007 4600//3007 5179//3007
f 5179//3007 4600//3007 5180//3007
f 4600//3007 4598//3007 5180//3007
f 5180//3007 4598//3007 5181//3007
f 4598//3007 4597//3007 5181//3007
f 5181//3007 4597//3007 5182//3007
f 4597//3007 4596//3007 5182//3007
f 5182//3007 4596//3007 5183//3007
f 4596//3007 4595//3007 5183//3007
f 5183//3007 4595//3007 5068//3007
f 4595//3007 4594//3007 5068//3007
f 5068//3007 4594//3007 5069//3007
f 4594//3007 4593//3007 5069//3007
f 5069//3007 4593//3007 5026//3007
f 4593//3007 4502//3007 5026//3007
f 4858//3362 4689//3362 5018//3362
f 5184//1 5185//1 5186//1
f 3903//1 3904//1 5187//1
f 4886//1 4885//1 5188//1
f 4073//1 5189//1 5190//1
f 5191//1 5192//1 5193//1
f 4592//1 4636//1 5194//1
f 4357//1 5195//1 5196//1
f 4899//1 4898//1 4367//1
f 4466//1 4465//1 4365//1
f 4348//3363 4347//3363 5197//3363
f 4263//3364 4617//3364 4616//3364
f 5198//1 5199//1 5200//1
f 5201//1 5202//1 5203//1
f 5202//1 5204//1 5203//1
f 5203//1 5204//1 5205//1
f 5206//1 5207//1 5208//1
f 5207//1 4635//1 5208//1
f 5209//1 5210//1 5211//1
f 5211//1 5210//1 5207//1
f 5202//1 5211//1 5204//1
f 5211//1 5207//1 5204//1
f 5204//1 5207//1 5212//1
f 5207//1 5206//1 5212//1
f 5212//1 5206//1 5213//1
f 5214//1 5215//1 5216//1
f 5215//1 5217//1 5216//1
f 5216//1 5217//1 5218//1
f 5217//1 5219//1 5218//1
f 5220//1 5221//1 5222//1
f 5222//1 5221//1 5223//1
f 5224//1 5225//1 5226//1
f 5226//1 5225//1 5186//1
f 5211//1 5227//1 5209//1
f 5227//1 5228//1 5209//1
f 5209//1 5228//1 5229//1
f 5228//1 5230//1 5229//1
f 5229//1 5230//1 5231//1
f 5230//1 5232//1 5231//1
f 5233//1 5234//1 5235//1
f 5234//1 5236//1 5235//1
f 5235//1 5236//1 5227//1
f 5236//1 5237//1 5227//1
f 5227//1 5237//1 5228//1
f 5238//1 5239//1 5240//1
f 5239//1 5241//1 5240//1
f 5240//1 5241//1 5242//1
f 5241//1 5243//1 5242//1
f 5242//1 5243//1 5244//1
f 5245//1 5187//1 5246//1
f 5187//1 5247//1 5246//1
f 5246//1 5247//1 5248//1
f 5247//1 5249//1 5248//1
f 5248//1 5249//1 5250//1
f 5251//1 5252//1 5253//1
f 5254//1 5251//1 4627//1
f 5251//1 5253//1 4627//1
f 4627//1 5253//1 4628//1
f 5253//1 5255//1 4628//1
f 4628//1 5255//1 4629//1
f 5255//1 5256//1 4629//1
f 4629//1 5256//1 5250//1
f 5256//1 5257//1 5250//1
f 5250//1 5257//1 5248//1
f 4627//1 4626//1 5254//1
f 4626//1 5258//1 5254//1
f 5254//1 5258//1 5259//1
f 5258//1 5260//1 5259//1
f 5259//1 5260//1 5261//1
f 5260//1 5262//1 5261//1
f 5244//1 5263//1 5242//1
f 5263//1 5264//1 5242//1
f 5242//1 5264//1 5240//1
f 5264//1 5265//1 5240//1
f 5240//1 5265//1 5238//1
f 5266//3365 5267//3365 5268//3365
f 5267//3366 5269//3366 5268//3366
f 5268//3367 5269//3367 5270//3367
f 5271//3368 5272//3368 4623//3368
f 5271//1 4623//1 5273//1
f 5272//3369 5274//3369 4623//3369
f 5274//1 5275//1 4623//1
f 4623//1 5275//1 5276//1
f 5277//1 5273//1 5278//1
f 5273//1 4623//1 5278//1
f 5278//1 4623//1 5279//1
f 4623//1 4622//1 5279//1
f 5270//3370 5269//3370 5280//3370
f 5269//3371 5281//3371 5280//3371
f 5280//3372 5281//3372 5282//3372
f 5282//3373 5283//3373 5280//3373
f 5283//3374 5284//3374 5280//3374
f 5280//3375 5284//3375 5285//3375
f 5286//1 5287//1 5288//1
f 5287//3376 5289//3376 5288//3376
f 5288//3377 5289//3377 5290//3377
f 5289//3378 5291//3378 5290//3378
f 5290//3379 5291//3379 5292//3379
f 5284//3380 5293//3380 5285//3380
f 5293//3381 5294//3381 5285//3381
f 5285//3382 5294//3382 5291//3382
f 5294//3383 5295//3383 5291//3383
f 5291//1 5295//1 5292//1
f 5296//1 5297//1 5298//1
f 5297//1 5299//1 5298//1
f 4889//1 4888//1 5300//1
f 4082//1 4083//1 5301//1
f 4083//1 4084//1 5301//1
f 5301//1 4084//1 4888//1
f 4087//1 4088//1 4089//1
f 4082//1 5302//1 4089//1
f 5302//1 5300//1 4089//1
f 4089//1 5300//1 4087//1
f 5300//1 4888//1 4087//1
f 4087//1 4888//1 4086//1
f 4888//1 4084//1 4086//1
f 4086//1 4084//1 4085//1
f 4082//1 5301//1 5302//1
f 5301//1 5303//1 5302//1
f 5302//1 5303//1 5304//1
f 5305//3384 5306//3384 5307//3384
f 5306//3385 5308//3385 5307//3385
f 5307//3386 5308//3386 5309//3386
f 5308//3387 5310//3387 5309//3387
f 5309//1 5310//1 5301//1
f 5310//3388 5311//3388 5301//3388
f 5301//3389 5311//3389 5303//3389
f 5276//3390 5266//3390 4623//3390
f 5266//3391 5268//3391 4623//3391
f 4623//1 5268//1 4624//1
f 5268//3392 5312//3392 4624//3392
f 4624//3393 5312//3393 5313//3393
f 5312//3394 5314//3394 5313//3394
f 5313//3395 5314//3395 5305//3395
f 4256//3396 5315//3396 4257//3396
f 5315//3397 5316//3397 4257//3397
f 4257//3398 5316//3398 4258//3398
f 5316//3399 4259//3399 4258//3399
f 5317//3400 4619//3400 5318//3400
f 4619//3401 5319//3401 5318//3401
f 5317//3402 5320//3402 4619//3402
f 5320//3403 5321//3403 4619//3403
f 4619//3404 5321//3404 5322//3404
f 4618//1 5316//1 4619//1
f 5316//1 5323//1 4619//1
f 4619//3405 5323//3405 5319//3405
f 5324//3406 5325//3406 5326//3406
f 5325//3407 5327//3407 5326//3407
f 5328//1 5315//1 5196//1
f 5315//1 5329//1 5196//1
f 5330//1 5331//1 5332//1
f 5328//1 5196//1 5332//1
f 5196//1 5195//1 5332//1
f 5332//1 5195//1 5330//1
f 5333//1 5334//1 5335//1
f 5334//1 5336//1 5335//1
f 5335//1 5336//1 5337//1
f 5336//1 5338//1 5337//1
f 5337//1 5338//1 5339//1
f 5324//3408 5340//3408 5325//3408
f 5340//3409 5341//3409 5325//3409
f 5325//1 5341//1 5342//1
f 4615//1 4614//1 4267//1
f 5343//3410 4199//3410 4197//3410
f 4193//3411 4191//3411 4202//3411
f 4191//3412 4189//3412 4202//3412
f 4202//1 4189//1 4188//1
f 4202//1 5344//1 5343//1
f 5344//1 5345//1 5343//1
f 5343//1 5345//1 4218//1
f 4202//1 4204//1 5344//1
f 4204//1 4206//1 5344//1
f 5344//1 4206//1 4287//1
f 4211//3413 4210//3413 4284//3413
f 5343//3414 4197//3414 4202//3414
f 4197//3415 4195//3415 4202//3415
f 4202//3416 4195//3416 4193//3416
f 4211//3417 4284//3417 4213//3417
f 4287//3418 4206//3418 4286//3418
f 4206//3419 4208//3419 4286//3419
f 4286//3420 4208//3420 4285//3420
f 4285//3421 4208//3421 4284//3421
f 4208//3422 4215//3422 4284//3422
f 4284//3423 4215//3423 4213//3423
f 4279//3424 5346//3424 5347//3424
f 5348//3425 5349//3425 5350//3425
f 5349//3426 5351//3426 5350//3426
f 5350//3427 5351//3427 5352//3427
f 4279//3428 4270//3428 5346//3428
f 4270//3429 4269//3429 5346//3429
f 5346//3430 4269//3430 5353//3430
f 4269//3431 4284//3431 5353//3431
f 5353//3432 4284//3432 5345//3432
f 4284//3433 4210//3433 5345//3433
f 5345//1 4210//1 4218//1
f 5354//3434 5355//3434 5345//3434
f 5355//1 5356//1 5345//1
f 5357//1 5358//1 5359//1
f 5358//3435 5360//3435 5359//3435
f 5359//3436 5360//3436 5361//3436
f 5361//3437 5362//3437 5359//3437
f 5362//3438 5363//3438 5359//3438
f 5359//3439 5363//3439 5364//3439
f 5363//3440 5365//3440 5364//3440
f 5357//1 5359//1 5366//1
f 5359//1 5367//1 5366//1
f 5366//1 5367//1 5368//1
f 5367//3441 5369//3441 5368//3441
f 5368//3442 5369//3442 5370//3442
f 5356//3443 5371//3443 5345//3443
f 5371//3444 5372//3444 5345//3444
f 5345//1 5372//1 5353//1
f 5373//3445 5374//3445 5375//3445
f 5376//3446 5377//3446 5378//3446
f 5370//3447 5379//3447 5368//3447
f 5379//3448 5380//3448 5368//3448
f 5368//3449 5380//3449 5381//3449
f 5373//3450 5375//3450 5382//3450
f 5375//3451 5383//3451 5382//3451
f 5382//3452 5383//3452 5384//3452
f 5381//3453 5348//3453 5368//3453
f 5348//3454 5350//3454 5368//3454
f 5368//1 5350//1 5345//1
f 5350//1 5385//1 5345//1
f 5345//3455 5385//3455 5354//3455
f 5386//3456 5387//3456 4279//3456
f 5387//3457 5388//3457 4279//3457
f 5351//3458 5389//3458 5352//3458
f 5389//3459 5390//3459 5352//3459
f 5352//3460 5390//3460 5384//3460
f 5365//3461 5363//3461 5378//3461
f 5363//3462 5391//3462 5378//3462
f 5378//3463 5391//3463 5376//3463
f 5374//3464 5392//3464 5375//3464
f 5392//3465 4279//3465 5375//3465
f 5375//3466 4279//3466 5393//3466
f 4279//3467 5347//3467 5393//3467
f 5392//3468 5394//3468 4279//3468
f 5394//3469 5395//3469 4279//3469
f 4279//3470 5395//3470 5396//3470
f 5397//3471 5398//3471 5399//3471
f 5398//3472 5400//3472 5399//3472
f 5399//3473 5400//3473 5401//3473
f 5396//3474 5402//3474 4279//3474
f 5402//3475 5403//3475 4279//3475
f 4279//3476 5403//3476 5404//3476
f 5404//3477 5405//3477 4279//3477
f 5405//3478 5406//3478 4279//3478
f 4279//3479 5406//3479 5386//3479
f 5384//3480 5383//3480 5352//3480
f 5383//1 5407//1 5352//1
f 5352//3481 5407//3481 5399//3481
f 5407//3482 5408//3482 5399//3482
f 5399//3483 5408//3483 5397//3483
f 5401//3484 5400//3484 5409//3484
f 5400//3485 5410//3485 5409//3485
f 5409//3486 5410//3486 5411//3486
f 5412//3487 4280//3487 5413//3487
f 4280//3488 4279//3488 5413//3488
f 5413//3489 4279//3489 5368//3489
f 4279//3490 5388//3490 5368//3490
f 5368//3491 5388//3491 5366//3491
f 5414//3492 5415//3492 5368//3492
f 5412//3493 5416//3493 5417//3493
f 5416//3494 5418//3494 5417//3494
f 5414//3495 5368//3495 5419//3495
f 5415//3496 5420//3496 5368//3496
f 5420//3497 5421//3497 5368//3497
f 5368//1 5421//1 5413//1
f 5418//3498 5422//3498 5417//3498
f 5422//3499 5423//3499 5417//3499
f 5417//3500 5423//3500 5419//3500
f 4256//3501 4255//3501 5315//3501
f 4255//3502 4254//3502 5315//3502
f 5315//3503 4254//3503 5329//3503
f 4254//3504 4253//3504 5329//3504
f 5329//3505 4253//3505 4252//3505
f 4252//3506 4268//3506 5417//3506
f 4268//3507 4282//3507 5417//3507
f 5417//3508 4282//3508 5412//3508
f 4282//3509 4281//3509 5412//3509
f 5412//3510 4281//3510 4280//3510
f 4268//3511 4278//3511 4282//3511
f 4278//3512 4277//3512 4282//3512
f 4282//3513 4277//3513 4283//3513
f 4277//3514 4271//3514 4283//3514
f 4271//3515 4277//3515 4272//3515
f 4277//3516 4276//3516 4272//3516
f 4272//3517 4276//3517 4273//3517
f 4276//3518 4275//3518 4273//3518
f 4273//3519 4275//3519 4274//3519
f 4617//3364 4263//3364 4618//3364
f 4263//3520 4262//3520 4618//3520
f 4262//3521 4261//3521 4618//3521
f 4618//3522 4261//3522 5316//3522
f 4261//3523 4260//3523 5316//3523
f 5316//3524 4260//3524 4259//3524
f 4267//3525 4266//3525 4615//3525
f 4266//3526 4265//3526 4615//3526
f 4615//3527 4265//3527 4616//3527
f 4265//3528 4264//3528 4616//3528
f 4616//3529 4264//3529 4263//3529
f 5417//3530 4339//3530 4338//3530
f 5419//3531 5368//3531 5417//3531
f 5368//3532 4340//3532 5417//3532
f 5417//3533 4340//3533 4339//3533
f 5197//1 4344//1 5424//1
f 4344//1 4343//1 5424//1
f 5424//3534 4343//3534 4342//3534
f 4347//3535 4346//3535 5197//3535
f 4346//1 4345//1 5197//1
f 5197//1 4345//1 4344//1
f 4305//1 4301//1 5344//1
f 4287//1 4267//1 5344//1
f 4267//1 4614//1 5344//1
f 5344//1 4614//1 4305//1
f 4614//1 4292//1 4305//1
f 4305//1 4292//1 4304//1
f 4292//1 4293//1 4304//1
f 4612//1 4294//1 4614//1
f 4294//1 4295//1 4614//1
f 4614//1 4295//1 4292//1
f 4612//3536 4361//3536 4360//3536
f 4303//3537 4350//3537 4302//3537
f 4350//3538 4349//3538 4302//3538
f 4293//3539 4336//3539 4304//3539
f 4336//3540 4337//3540 4304//3540
f 4304//3541 4337//3541 4303//3541
f 4337//3542 4355//3542 4303//3542
f 4303//3543 4355//3543 4350//3543
f 4293//3539 4294//3539 4336//3539
f 4294//3544 4612//3544 4336//3544
f 4336//3545 4612//3545 4359//3545
f 4612//3546 4360//3546 4359//3546
f 4355//3547 4354//3547 4350//3547
f 4354//3548 4353//3548 4350//3548
f 4350//3549 4353//3549 4351//3549
f 4353//3550 4352//3550 4351//3550
f 4462//1 4461//1 4864//1
f 4461//1 4460//1 4864//1
f 4460//1 4459//1 4864//1
f 4459//1 4458//1 4864//1
f 4864//1 4458//1 4770//1
f 4458//1 4457//1 4770//1
f 4770//3551 4457//3551 4769//3551
f 4766//3552 4767//3552 4457//3552
f 4767//3553 4768//3553 4457//3553
f 4457//3554 4768//3554 4769//3554
f 4455//1 4454//1 4611//1
f 4454//1 4453//1 4611//1
f 4611//1 4453//1 4612//1
f 4453//1 4452//1 4612//1
f 4612//1 4452//1 4451//1
f 4455//1 4611//1 4456//1
f 4611//3555 4759//3555 4456//3555
f 4456//3556 4759//3556 4457//3556
f 4759//3557 4765//3557 4457//3557
f 4457//3558 4765//3558 4766//3558
f 4469//1 4468//1 4365//1
f 4468//1 4467//1 4365//1
f 4365//1 4467//1 4466//1
f 4451//1 4450//1 4612//1
f 4450//1 4449//1 4612//1
f 4612//3559 4449//3559 4361//3559
f 4365//3560 4364//3560 4469//3560
f 4364//3561 4363//3561 4469//3561
f 4469//3562 4363//3562 4446//3562
f 4363//3563 4362//3563 4446//3563
f 4446//1 4362//1 4447//1
f 4362//3564 4361//3564 4447//3564
f 4447//3565 4361//3565 4448//3565
f 4361//3566 4449//3566 4448//3566
f 4462//1 4864//1 4463//1
f 4864//1 4863//1 4463//1
f 4463//1 4863//1 4464//1
f 4465//1 4464//1 4365//1
f 4464//1 4863//1 4365//1
f 4365//3567 4863//3567 4366//3567
f 4863//3568 4861//3568 4366//3568
f 4366//3569 4861//3569 4367//3569
f 4861//1 4860//1 4367//1
f 4367//1 4860//1 4899//1
f 4860//3570 5000//3570 4899//3570
f 4899//3571 5000//3571 5007//3571
f 5007//3572 5008//3572 4899//3572
f 5008//3573 5009//3573 4899//3573
f 4899//3574 5009//3574 5011//3574
f 5009//3575 5010//3575 5011//3575
f 4897//3576 4896//3576 4371//3576
f 4371//3577 4370//3577 4897//3577
f 4370//3578 4369//3578 4897//3578
f 4897//1 4369//1 4898//1
f 4369//3579 4368//3579 4898//3579
f 4898//3580 4368//3580 4367//3580
f 4893//1 4356//1 4894//1
f 4356//3581 4371//3581 4894//3581
f 4894//3576 4371//3576 4895//3576
f 4371//3576 4896//3576 4895//3576
f 4252//1 5417//1 5329//1
f 5417//1 4338//1 5329//1
f 5329//1 4338//1 5196//1
f 4338//1 4358//1 5196//1
f 5196//1 4358//1 4357//1
f 4397//1 4420//1 5194//1
f 4420//1 4419//1 5194//1
f 5194//1 4419//1 4418//1
f 5207//1 4412//1 4411//1
f 4411//1 4410//1 5207//1
f 4410//1 4409//1 5207//1
f 5207//1 4409//1 4635//1
f 4409//1 4408//1 4635//1
f 4635//1 4408//1 4407//1
f 4407//1 4406//1 4635//1
f 4406//1 4405//1 4635//1
f 4635//1 4405//1 4404//1
f 4404//1 4403//1 4635//1
f 4403//1 4402//1 4635//1
f 4635//1 4402//1 4636//1
f 4402//1 4401//1 4636//1
f 4401//1 4400//1 4636//1
f 4400//1 4399//1 4636//1
f 4636//1 4399//1 5194//1
f 4399//1 4398//1 5194//1
f 5194//1 4398//1 4397//1
f 4418//1 4417//1 5194//1
f 4417//1 4416//1 5194//1
f 5194//1 4416//1 5425//1
f 4416//1 4415//1 5425//1
f 5425//1 4415//1 5426//1
f 4415//1 4414//1 5426//1
f 5426//1 4414//1 5207//1
f 4414//1 4413//1 5207//1
f 5207//1 4413//1 4412//1
f 1057//1 1056//1 5427//1
f 4783//3582 4650//3582 5427//3582
f 1078//1 1077//1 5427//1
f 1077//1 1076//1 5427//1
f 1076//1 1095//1 5427//1
f 5427//1 1095//1 1057//1
f 1056//3583 4786//3583 5427//3583
f 4786//3584 4784//3584 5427//3584
f 5427//3585 4784//3585 4783//3585
f 4574//3586 4587//3586 5194//3586
f 4587//3587 4588//3587 5194//3587
f 5194//3588 4588//3588 4589//3588
f 4589//3589 4590//3589 5194//3589
f 4590//3590 4591//3590 5194//3590
f 5194//3591 4591//3591 4592//3591
f 5428//1 4620//1 5429//1
f 4620//1 4619//1 5429//1
f 5429//1 4619//1 5325//1
f 4619//1 5322//1 5325//1
f 5325//3592 5322//3592 5327//3592
f 5430//1 5431//1 5432//1
f 5431//1 5433//1 5432//1
f 5432//1 5433//1 5434//1
f 5433//1 5435//1 5434//1
f 5335//1 5331//1 5333//1
f 5331//1 5330//1 5333//1
f 5333//1 5330//1 5342//1
f 5330//1 5191//1 5342//1
f 5342//1 5191//1 5325//1
f 5191//1 5193//1 5325//1
f 5325//1 5193//1 5429//1
f 5436//1 5431//1 5437//1
f 5431//1 5438//1 5437//1
f 5437//1 5438//1 5439//1
f 5440//1 5441//1 5430//1
f 5441//1 5442//1 5430//1
f 5430//1 5442//1 5431//1
f 5442//1 5443//1 5431//1
f 5431//1 5443//1 5438//1
f 5444//1 5445//1 5446//1
f 5445//1 5447//1 5446//1
f 5446//3593 5447//3593 5448//3593
f 5448//3594 5449//3594 5450//3594
f 5448//3595 5450//3595 5446//3595
f 5450//1 5451//1 5446//1
f 5446//1 5451//1 5452//1
f 5192//1 5191//1 5453//1
f 5191//1 5330//1 5453//1
f 5453//1 5330//1 5439//1
f 5330//1 5450//1 5439//1
f 5439//1 5450//1 5437//1
f 5450//1 5449//1 5437//1
f 5437//1 5449//1 5436//1
f 5454//1 5455//1 4622//1
f 5297//1 5279//1 5299//1
f 5279//1 4622//1 5299//1
f 5299//1 4622//1 5456//1
f 4622//1 5455//1 5456//1
f 5456//1 5455//1 5457//1
f 4622//1 4621//1 5454//1
f 4621//1 5458//1 5454//1
f 5454//1 5458//1 5459//1
f 5458//1 5460//1 5459//1
f 5459//1 5460//1 5461//1
f 5460//1 5462//1 5461//1
f 5463//1 5464//1 5200//1
f 5200//1 5464//1 5451//1
f 5464//1 5462//1 5451//1
f 5462//1 5460//1 5451//1
f 5451//1 5460//1 5452//1
f 5460//1 5458//1 5452//1
f 5452//1 5458//1 5465//1
f 5458//1 4621//1 5465//1
f 5465//1 4621//1 5436//1
f 4621//1 4620//1 5436//1
f 5436//1 4620//1 5431//1
f 4620//1 5428//1 5431//1
f 5431//1 5428//1 5433//1
f 5456//1 5466//1 5299//1
f 5466//1 5463//1 5299//1
f 5299//1 5463//1 5298//1
f 5463//1 5200//1 5298//1
f 5298//1 5200//1 5296//1
f 5200//1 5199//1 5296//1
f 5467//1 5468//1 5469//1
f 5468//1 5258//1 5469//1
f 5469//1 5258//1 5470//1
f 5258//1 4626//1 5470//1
f 5470//1 4626//1 5471//1
f 4626//1 4625//1 5471//1
f 5471//1 4625//1 5472//1
f 4625//1 4624//1 5472//1
f 4624//1 5313//1 5472//1
f 5472//1 5313//1 5473//1
f 5313//1 5474//1 5473//1
f 5473//1 5474//1 5475//1
f 5475//1 5474//1 5476//1
f 5474//1 5190//1 5476//1
f 5476//1 5190//1 5477//1
f 5190//1 5189//1 5477//1
f 5477//1 5189//1 5478//1
f 5468//1 5479//1 5258//1
f 5479//1 5480//1 5258//1
f 5258//1 5480//1 5260//1
f 5480//1 5188//1 5260//1
f 5260//1 5188//1 5262//1
f 5188//1 5481//1 5262//1
f 5482//1 5483//1 5484//1
f 5483//1 5485//1 5484//1
f 5484//1 5485//1 5486//1
f 5487//1 5488//1 5486//1
f 5488//1 5467//1 5486//1
f 5486//1 5467//1 5484//1
f 5467//1 5469//1 5484//1
f 5489//3596 5490//3596 5491//3596
f 5490//3597 5492//3597 4632//3597
f 5492//3598 5493//3598 4632//3598
f 5494//3599 5495//3599 5215//3599
f 5201//1 5208//1 5202//1
f 5208//1 4635//1 5202//1
f 5202//1 4635//1 5496//1
f 4635//1 4634//1 5496//1
f 5496//1 4634//1 5497//1
f 4634//1 4633//1 5497//1
f 5497//1 4633//1 5214//1
f 4633//1 4632//1 5214//1
f 5214//1 4632//1 5215//1
f 4632//3600 5493//3600 5215//3600
f 5215//3601 5493//3601 5494//3601
f 5498//3602 5499//3602 4632//3602
f 5499//3603 5500//3603 4632//3603
f 5501//3604 5489//3604 5502//3604
f 5491//3605 5503//3605 5489//3605
f 5503//3606 5504//3606 5489//3606
f 5489//3607 5504//3607 5502//3607
f 5500//3608 5505//3608 4632//3608
f 5505//3609 5506//3609 4632//3609
f 4632//3610 5506//3610 5507//3610
f 5507//3611 5508//3611 4632//3611
f 5508//3612 5509//3612 4632//3612
f 4632//3613 5509//3613 5490//3613
f 5509//3614 5510//3614 5490//3614
f 5490//3615 5510//3615 5491//3615
f 5498//3616 4632//3616 5511//3616
f 4632//3617 4631//3617 5511//3617
f 5511//3618 4631//3618 5512//3618
f 4631//3619 4630//3619 5512//3619
f 5512//3620 4630//3620 5513//3620
f 5514//3621 5515//3621 4629//3621
f 5515//3622 5516//3622 4629//3622
f 5516//3623 5517//3623 4629//3623
f 4629//3624 5517//3624 4630//3624
f 5517//3625 5518//3625 4630//3625
f 4630//3626 5518//3626 5513//3626
f 5519//3627 5520//3627 5521//3627
f 5520//3628 5522//3628 5521//3628
f 5522//3629 5523//3629 5521//3629
f 5523//3630 5524//3630 5521//3630
f 5521//1 5524//1 5525//1
f 5524//1 5526//1 5525//1
f 5521//3631 5527//3631 5519//3631
f 5527//3632 5528//3632 5519//3632
f 5519//3633 5528//3633 5529//3633
f 5530//3634 5531//3634 5250//3634
f 5531//3635 5532//3635 5250//3635
f 5250//3636 5532//3636 4629//3636
f 5532//3637 5519//3637 4629//3637
f 4629//3638 5519//3638 5514//3638
f 5519//3639 5529//3639 5514//3639
f 5524//3640 5533//3640 5526//3640
f 5533//3641 5534//3641 5526//3641
f 5526//3642 5534//3642 5535//3642
f 5534//1 5536//1 5535//1
f 5536//1 5537//1 5535//1
f 5535//3643 5537//3643 5538//3643
f 5537//3644 5539//3644 5538//3644
f 5539//3645 5540//3645 5538//3645
f 5540//3646 5541//3646 5538//3646
f 5538//3647 5541//3647 5542//3647
f 5542//3648 5543//3648 5538//3648
f 5543//3649 5544//3649 5538//3649
f 5538//3650 5544//3650 5545//3650
f 5545//3651 5546//3651 5538//3651
f 5546//3652 5547//3652 5538//3652
f 5538//3653 5547//3653 5548//3653
f 5548//3654 5549//3654 5538//3654
f 5549//3655 5550//3655 5538//3655
f 5538//3656 5550//3656 5551//3656
f 5552//3657 5553//3657 5247//3657
f 5553//3658 5554//3658 5247//3658
f 5247//3659 5554//3659 5249//3659
f 5554//3660 5555//3660 5249//3660
f 5249//3661 5555//3661 5250//3661
f 5555//3662 5556//3662 5250//3662
f 5250//3663 5556//3663 5530//3663
f 5557//3664 5558//3664 5220//3664
f 5558//3665 5559//3665 5220//3665
f 5559//3666 5560//3666 5220//3666
f 5220//3667 5560//3667 5561//3667
f 5560//3668 5562//3668 5561//3668
f 5561//3669 5562//3669 5552//3669
f 5562//3670 5563//3670 5552//3670
f 5552//3671 5563//3671 5553//3671
f 5495//3672 5564//3672 5215//3672
f 5564//3673 5557//3673 5215//3673
f 5215//3674 5557//3674 5217//3674
f 5557//3674 5220//3674 5217//3674
f 5217//1 5220//1 5219//1
f 5220//1 5222//1 5219//1
f 5502//3675 5565//3675 5501//3675
f 5565//3676 5566//3676 5501//3676
f 5501//3677 5566//3677 5567//3677
f 5566//3678 5568//3678 5567//3678
f 5567//3679 5568//3679 5569//3679
f 5568//3680 5570//3680 5569//3680
f 5569//3681 5570//3681 5571//3681
f 5570//3682 5572//3682 5571//3682
f 5570//3683 5573//3683 5572//3683
f 5573//3684 5574//3684 5572//3684
f 5572//3685 5574//3685 5575//3685
f 5575//3686 5576//3686 5572//3686
f 5576//3687 5577//3687 5572//3687
f 5572//3688 5577//3688 5578//3688
f 5578//3689 5579//3689 5572//3689
f 5579//3690 5580//3690 5572//3690
f 5572//3691 5580//3691 5581//3691
f 4183//1 4184//1 4883//1
f 4184//1 4185//1 4883//1
f 4186//1 4163//1 5187//1
f 4163//1 4164//1 5187//1
f 5187//1 4164//1 4165//1
f 4165//1 4166//1 5187//1
f 4166//1 4167//1 5187//1
f 5187//1 4167//1 5247//1
f 4167//1 4168//1 5247//1
f 4172//1 4173//1 5552//1
f 4173//1 4174//1 5552//1
f 4174//1 4175//1 5552//1
f 4175//1 4176//1 5552//1
f 5552//1 4176//1 4881//1
f 4176//1 4177//1 4881//1
f 4881//1 4177//1 4178//1
f 4168//1 4169//1 5247//1
f 4169//1 4170//1 5247//1
f 5247//1 4170//1 5552//1
f 4170//1 4171//1 5552//1
f 5552//1 4171//1 4172//1
f 4178//1 4179//1 4881//1
f 4179//1 4180//1 4881//1
f 4881//1 4180//1 4882//1
f 4180//1 4181//1 4882//1
f 4882//1 4181//1 4883//1
f 4181//1 4182//1 4883//1
f 4883//1 4182//1 4183//1
f 5300//1 5198//1 4889//1
f 5198//1 5200//1 4889//1
f 4889//1 5200//1 4890//1
f 5200//1 5451//1 4890//1
f 4890//1 5451//1 4891//1
f 5451//1 5450//1 4891//1
f 4891//1 5450//1 4892//1
f 5450//1 5330//1 4892//1
f 4892//1 5330//1 4893//1
f 5330//1 5195//1 4893//1
f 4893//1 5195//1 4356//1
f 5195//1 4357//1 4356//1
f 4006//3692 4005//3692 4073//3692
f 4047//3693 4046//3693 4034//3693
f 3998//3694 3997//3694 5189//3694
f 3997//3695 3996//3695 5189//3695
f 4029//3696 4028//3696 4048//3696
f 4026//3697 4025//3697 4049//3697
f 4067//1 4068//1 4066//1
f 4068//1 4069//1 4066//1
f 4048//3698 4028//3698 4049//3698
f 4028//3699 4027//3699 4049//3699
f 4049//3700 4027//3700 4026//3700
f 4062//3701 4008//3701 4073//3701
f 4008//3702 4007//3702 4073//3702
f 4073//3703 4007//3703 4006//3703
f 4011//3704 4062//3704 4012//3704
f 4062//3705 4013//3705 4012//3705
f 4001//1 4000//1 5189//1
f 4000//1 3999//1 5189//1
f 5189//3706 3999//3706 3998//3706
f 3996//3707 3995//3707 5189//3707
f 3995//3708 3994//3708 5189//3708
f 5189//3709 3994//3709 3993//3709
f 4025//3710 4024//3710 4049//3710
f 4024//3711 4023//3711 4049//3711
f 4049//3712 4023//3712 4886//3712
f 4023//3713 4022//3713 4886//3713
f 4886//3714 4022//3714 4021//3714
f 4021//3715 4020//3715 4886//3715
f 4020//3716 4019//3716 4886//3716
f 4886//3717 4019//3717 4018//3717
f 4886//3718 4015//3718 4014//3718
f 4011//3719 4010//3719 4062//3719
f 4010//1 4009//1 4062//1
f 4062//3720 4009//3720 4008//3720
f 4038//3721 4037//3721 4044//3721
f 4037//3722 4036//3722 4044//3722
f 4018//3723 4017//3723 4886//3723
f 4017//3724 4016//3724 4886//3724
f 4886//3725 4016//3725 4015//3725
f 4005//3726 4004//3726 4073//3726
f 4004//3727 4003//3727 4073//3727
f 4073//3728 4003//3728 5189//3728
f 4003//3729 4002//3729 5189//3729
f 5189//3730 4002//3730 4001//3730
f 4047//1 4034//1 4048//1
f 4034//3731 4033//3731 4048//3731
f 4048//3732 4033//3732 4032//3732
f 4032//3733 4031//3733 4048//3733
f 4031//3734 4030//3734 4048//3734
f 4048//3735 4030//3735 4029//3735
f 4046//3736 4045//3736 4034//3736
f 4045//3737 4044//3737 4034//3737
f 4034//3738 4044//3738 4035//3738
f 4044//3739 4036//3739 4035//3739
f 4063//1 4064//1 4062//1
f 4064//1 4065//1 4062//1
f 4062//1 4065//1 4013//1
f 4065//1 4066//1 4013//1
f 4013//1 4066//1 4014//1
f 4066//1 4069//1 4014//1
f 4014//1 4069//1 4886//1
f 4069//1 4070//1 4886//1
f 4886//1 4070//1 4887//1
f 4070//1 4071//1 4887//1
f 4887//1 4071//1 5190//1
f 4071//1 4072//1 5190//1
f 5190//1 4072//1 4073//1
f 4044//3740 4043//3740 4038//3740
f 4043//3741 4042//3741 4038//3741
f 4038//3742 4042//3742 4039//3742
f 4042//3743 4041//3743 4039//3743
f 4039//3744 4041//3744 4040//3744
f 5480//1 5478//1 5188//1
f 5478//1 5189//1 5188//1
f 5188//1 5189//1 4886//1
f 5189//3745 3993//3745 4886//3745
f 4886//3746 3993//3746 4049//3746
f 3926//1 3927//1 5265//1
f 3927//1 3928//1 5265//1
f 3929//1 4885//1 3928//1
f 4885//1 4884//1 3928//1
f 3928//1 4884//1 5265//1
f 5264//1 5481//1 5265//1
f 5481//1 5188//1 5265//1
f 5265//1 5188//1 3926//1
f 5188//1 3935//1 3926//1
f 3926//1 3935//1 3925//1
f 3935//1 3924//1 3925//1
f 3930//1 3931//1 3929//1
f 3931//1 3932//1 3929//1
f 3929//1 3932//1 4885//1
f 3932//1 3933//1 4885//1
f 4885//1 3933//1 5188//1
f 3933//1 3934//1 5188//1
f 5188//1 3934//1 3935//1
f 4185//1 4186//1 4883//1
f 4186//1 5187//1 4883//1
f 4883//1 5187//1 3905//1
f 5187//1 3904//1 3905//1
f 3906//1 3907//1 3908//1
f 5245//1 5238//1 5187//1
f 5238//1 5265//1 5187//1
f 5187//1 5265//1 3903//1
f 5265//1 3911//1 3903//1
f 3903//1 3911//1 3902//1
f 3905//1 3906//1 4883//1
f 3906//1 3908//1 4883//1
f 4883//1 3908//1 4884//1
f 3908//1 3909//1 4884//1
f 4884//1 3909//1 5265//1
f 3909//1 3910//1 5265//1
f 5265//1 3910//1 3911//1
f 4880//1 5582//1 4881//1
f 5582//1 5583//1 4881//1
f 4881//1 5583//1 5552//1
f 5583//1 5584//1 5552//1
f 5552//1 5584//1 5561//1
f 5584//1 5585//1 5561//1
f 5561//1 5585//1 5586//1
f 5585//1 5587//1 5586//1
f 5588//1 4879//1 5589//1
f 4879//1 5220//1 5589//1
f 5590//1 5591//1 5220//1
f 5588//1 5592//1 4879//1
f 5592//1 5593//1 4879//1
f 4879//1 5593//1 5594//1
f 5595//1 5596//1 5561//1
f 5591//1 5597//1 5220//1
f 5597//1 5598//1 5220//1
f 5220//1 5598//1 5589//1
f 5594//1 5599//1 4879//1
f 5599//1 5600//1 4879//1
f 4879//1 5600//1 4880//1
f 5600//1 5601//1 4880//1
f 4880//1 5601//1 5602//1
f 5602//1 5603//1 4880//1
f 5603//1 5604//1 4880//1
f 4880//1 5604//1 5605//1
f 5586//1 5582//1 5561//1
f 5582//1 4880//1 5561//1
f 5561//1 4880//1 5595//1
f 4880//1 5605//1 5595//1
f 5596//1 5606//1 5561//1
f 5606//1 5607//1 5561//1
f 5561//1 5607//1 5608//1
f 5608//1 5609//1 5561//1
f 5609//1 5610//1 5561//1
f 5561//1 5610//1 5220//1
f 5610//1 5611//1 5220//1
f 5220//1 5611//1 5590//1
f 5612//1 5613//1 5614//1
f 5613//1 5615//1 5614//1
f 5616//3747 5617//3747 5618//3747
f 5619//3748 5620//3748 5221//3748
f 5620//3749 5621//3749 5221//3749
f 5221//3750 5621//3750 5622//3750
f 5623//3751 5624//3751 5615//3751
f 5624//3752 5625//3752 5615//3752
f 5615//3753 5625//3753 5614//3753
f 5626//3754 5618//3754 5627//3754
f 5618//3755 5628//3755 5627//3755
f 5629//1 5630//1 5618//1
f 5630//3756 5631//3756 5618//3756
f 5618//3757 5631//3757 5628//3757
f 5626//3758 5632//3758 5618//3758
f 5632//3759 5633//3759 5618//3759
f 5618//3760 5633//3760 5616//3760
f 5617//3761 5634//3761 5618//3761
f 5634//3762 5635//3762 5618//3762
f 5618//3763 5635//3763 5615//3763
f 5635//3764 5636//3764 5615//3764
f 5615//1 5636//1 5623//1
f 5637//1 4879//1 5638//1
f 4879//1 4878//1 5638//1
f 5638//3765 4878//3765 5639//3765
f 4878//3766 5221//3766 5639//3766
f 5639//3767 5221//3767 5629//3767
f 5221//3768 5622//3768 5629//3768
f 5629//3769 5622//3769 5630//3769
f 5622//3770 5640//3770 5630//3770
f 5637//3771 5641//3771 4879//3771
f 5641//3772 5642//3772 4879//3772
f 4879//3773 5642//3773 5643//3773
f 5644//1 5645//1 5220//1
f 5645//3774 5646//3774 5220//3774
f 5220//3775 5646//3775 5221//3775
f 5646//3776 5647//3776 5221//3776
f 5221//3777 5647//3777 5619//3777
f 5648//3778 5649//3778 5220//3778
f 5649//3779 5650//3779 5220//3779
f 5220//3780 5650//3780 5644//3780
f 5643//3781 5651//3781 4879//3781
f 5651//3782 5652//3782 4879//3782
f 4879//3783 5652//3783 5220//3783
f 5652//3784 5653//3784 5220//3784
f 5220//3785 5653//3785 5648//3785
f 4878//1 4877//1 5654//1
f 4877//1 5655//1 5654//1
f 5654//1 5655//1 5656//1
f 5657//1 5658//1 5659//1
f 5225//1 5223//1 5186//1
f 5223//1 5221//1 5186//1
f 5186//1 5221//1 5184//1
f 5221//1 5660//1 5184//1
f 5184//1 5660//1 5661//1
f 5654//1 5657//1 4878//1
f 5657//1 5659//1 4878//1
f 4878//1 5659//1 5221//1
f 5659//1 5662//1 5221//1
f 5221//1 5662//1 5660//1
f 5185//1 5655//1 5186//1
f 5655//1 4877//1 5186//1
f 5186//1 4877//1 5226//1
f 4877//1 4876//1 5226//1
f 5226//1 4876//1 5427//1
f 4876//1 4875//1 5427//1
f 5427//1 4875//1 1078//1
f 4349//3786 4348//3786 5663//3786
f 4348//3787 5197//3787 5663//3787
f 5663//1 5197//1 5664//1
f 5197//1 5424//1 5664//1
f 5664//1 5424//1 5665//1
f 5424//3788 4342//3788 5665//3788
f 5665//3789 4342//3789 4341//3789
f 5427//1 5425//1 5226//1
f 5425//1 5426//1 5226//1
f 5226//1 5426//1 5224//1
f 5426//1 5207//1 5224//1
f 5224//1 5207//1 5666//1
f 5207//1 5210//1 5666//1
f 4341//3790 4340//3790 5665//3790
f 4340//3791 5368//3791 5665//3791
f 5665//1 5368//1 5664//1
f 5368//1 5345//1 5664//1
f 5664//1 5345//1 5663//1
f 5345//1 5344//1 5663//1
f 5663//3792 5344//3792 4349//3792
f 5344//3793 4301//3793 4349//3793
f 4349//3794 4301//3794 4302//3794
f 5305//3795 5307//3795 5313//3795
f 5307//1 5309//1 5313//1
f 5313//1 5309//1 5474//1
f 5309//1 5301//1 5474//1
f 5474//1 5301//1 5190//1
f 5301//1 4888//1 5190//1
f 5190//1 4888//1 4887//1
f 4650//1 4649//1 5427//1
f 4649//1 4647//1 5427//1
f 5427//1 4647//1 5425//1
f 4647//1 4646//1 5425//1
f 5425//1 4646//1 5194//1
f 4646//1 4575//1 5194//1
f 5194//3796 4575//3796 4574//3796
f 5667//62 2798//62 2797//62
f 5667//62 2797//62 5668//62
f 2775//62 5669//62 2761//62
f 5669//62 5670//62 2761//62
f 2761//62 5670//62 5671//62
f 5672//62 5673//62 2797//62
f 5673//62 5674//62 2797//62
f 2797//62 5674//62 5668//62
f 5675//62 2768//62 2766//62
f 5671//62 5676//62 2761//62
f 5676//62 5677//62 2761//62
f 2761//62 5677//62 2762//62
f 5677//62 5675//62 2762//62
f 2762//62 5675//62 2764//62
f 5675//62 2766//62 2764//62
f 5678//62 2800//62 5675//62
f 2800//62 2756//62 5675//62
f 2756//62 2758//62 5675//62
f 2758//62 2771//62 5675//62
f 5675//62 2771//62 2768//62
f 5672//62 2797//62 5678//62
f 2797//62 2810//62 5678//62
f 5678//62 2810//62 2808//62
f 2808//62 2806//62 5678//62
f 2806//62 2803//62 5678//62
f 5678//62 2803//62 2800//62
f 5679//62 2854//62 2853//62
f 5679//62 2853//62 5680//62
f 2831//62 5681//62 2817//62
f 5681//62 5682//62 2817//62
f 2817//62 5682//62 5683//62
f 5684//62 5685//62 2853//62
f 5685//62 5686//62 2853//62
f 2853//62 5686//62 5680//62
f 2824//62 2822//62 5687//62
f 5688//62 2856//62 5687//62
f 2856//62 2812//62 5687//62
f 2812//62 2814//62 5687//62
f 2814//62 2827//62 5687//62
f 5687//62 2827//62 2824//62
f 5683//62 5689//62 2817//62
f 5689//62 5690//62 2817//62
f 2817//62 5690//62 2818//62
f 5690//62 5687//62 2818//62
f 2818//62 5687//62 2820//62
f 5687//62 2822//62 2820//62
f 5684//62 2853//62 5688//62
f 2853//62 2866//62 5688//62
f 5688//62 2866//62 2864//62
f 2864//62 2862//62 5688//62
f 2862//62 2859//62 5688//62
f 5688//62 2859//62 2856//62
f 5691//62 2910//62 2909//62
f 5691//62 2909//62 5692//62
f 2887//62 5693//62 2873//62
f 5693//62 5694//62 2873//62
f 2873//62 5694//62 5695//62
f 5696//62 5697//62 2909//62
f 5697//62 5698//62 2909//62
f 2909//62 5698//62 5692//62
f 5699//62 2880//62 2878//62
f 5695//62 5700//62 2873//62
f 5700//62 5701//62 2873//62
f 2873//62 5701//62 2874//62
f 5701//62 5699//62 2874//62
f 2874//62 5699//62 2876//62
f 5699//62 2878//62 2876//62
f 5702//62 2912//62 5699//62
f 2912//62 2868//62 5699//62
f 2868//62 2870//62 5699//62
f 2870//62 2883//62 5699//62
f 5699//62 2883//62 2880//62
f 5696//62 2909//62 5702//62
f 2909//62 2922//62 5702//62
f 5702//62 2922//62 2920//62
f 2920//62 2918//62 5702//62
f 2918//62 2915//62 5702//62
f 5702//62 2915//62 2912//62
f 5703//62 2966//62 2965//62
f 5703//62 2965//62 5704//62
f 2943//62 5705//62 2929//62
f 5705//62 5706//62 2929//62
f 2929//62 5706//62 5707//62
f 5708//62 5709//62 2965//62
f 5709//62 5710//62 2965//62
f 2965//62 5710//62 5704//62
f 2936//62 2934//62 5711//62
f 5712//62 2968//62 5711//62
f 2968//62 2924//62 5711//62
f 2924//62 2926//62 5711//62
f 2926//62 2939//62 5711//62
f 5711//62 2939//62 2936//62
f 5707//62 5713//62 2929//62
f 5713//62 5714//62 2929//62
f 2929//62 5714//62 2930//62
f 5714//62 5711//62 2930//62
f 2930//62 5711//62 2932//62
f 5711//62 2934//62 2932//62
f 5708//62 2965//62 5712//62
f 2965//62 2978//62 5712//62
f 5712//62 2978//62 2976//62
f 2976//62 2974//62 5712//62
f 2974//62 2971//62 5712//62
f 5712//62 2971//62 2968//62
f 5715//62 3022//62 3021//62
f 5715//62 3021//62 5716//62
f 2999//62 5717//62 2985//62
f 5717//62 5718//62 2985//62
f 2985//62 5718//62 5719//62
f 5720//62 5721//62 3021//62
f 5721//62 5722//62 3021//62
f 3021//62 5722//62 5716//62
f 5723//62 2992//62 2990//62
f 5719//62 5724//62 2985//62
f 5724//62 5725//62 2985//62
f 2985//62 5725//62 2986//62
f 5725//62 5723//62 2986//62
f 2986//62 5723//62 2988//62
f 5723//62 2990//62 2988//62
f 5726//62 3024//62 5723//62
f 3024//62 2980//62 5723//62
f 2980//62 2982//62 5723//62
f 2982//62 2995//62 5723//62
f 5723//62 2995//62 2992//62
f 5720//62 3021//62 5726//62
f 3021//62 3034//62 5726//62
f 5726//62 3034//62 3032//62
f 3032//62 3030//62 5726//62
f 3030//62 3027//62 5726//62
f 5726//62 3027//62 3024//62
f 5727//62 3582//62 3581//62
f 5727//62 3581//62 5728//62
f 3559//62 5729//62 3545//62
f 5729//62 5730//62 3545//62
f 3545//62 5730//62 5731//62
f 5732//62 5733//62 3581//62
f 5733//62 5734//62 3581//62
f 3581//62 5734//62 5728//62
f 3552//62 3550//62 5735//62
f 5731//62 5736//62 3545//62
f 5736//62 5737//62 3545//62
f 3545//62 5737//62 3546//62
f 5737//62 5735//62 3546//62
f 3546//62 5735//62 3548//62
f 5735//62 3550//62 3548//62
f 5738//62 3584//62 5735//62
f 3584//62 3540//62 5735//62
f 3540//62 3542//62 5735//62
f 3542//62 3555//62 5735//62
f 5735//62 3555//62 3552//62
f 5732//62 3581//62 5738//62
f 3581//62 3594//62 5738//62
f 5738//62 3594//62 3592//62
f 3592//62 3590//62 5738//62
f 3590//62 3587//62 5738//62
f 5738//62 3587//62 3584//62
f 5739//62 3638//62 3637//62
f 5740//62 5741//62 3637//62
f 3615//62 5742//62 3601//62
f 5742//62 5743//62 3601//62
f 3601//62 5743//62 5744//62
f 5741//62 5745//62 3637//62
f 5745//62 5746//62 3637//62
f 3637//62 5746//62 5739//62
f 3598//62 3611//62 5747//62
f 3611//62 3608//62 5747//62
f 5747//62 3608//62 3606//62
f 5744//62 5748//62 3601//62
f 5748//62 5749//62 3601//62
f 3601//62 5749//62 3602//62
f 5749//62 5747//62 3602//62
f 3602//62 5747//62 3604//62
f 5747//62 3606//62 3604//62
f 3648//62 3646//62 5750//62
f 5740//62 3637//62 5750//62
f 3637//62 3650//62 5750//62
f 5750//62 3650//62 3648//62
f 3646//62 3643//62 5750//62
f 3643//62 3640//62 5750//62
f 5750//62 3640//62 5747//62
f 3640//62 3596//62 5747//62
f 5747//62 3596//62 3598//62
f 5751//62 5752//62 3684//62
f 5752//62 5753//62 3684//62
f 5754//62 5755//62 3657//62
f 5755//62 5756//62 3657//62
f 3657//62 5756//62 5757//62
f 5753//62 5758//62 3684//62
f 5758//62 5759//62 3684//62
f 3684//62 5759//62 5760//62
f 5761//62 3667//62 3664//62
f 5762//62 3680//62 3678//62
f 3667//62 5761//62 3654//62
f 5761//62 5762//62 3654//62
f 3654//62 5762//62 3652//62
f 5751//62 3684//62 5762//62
f 3684//62 3682//62 5762//62
f 5762//62 3682//62 3680//62
f 3678//62 3675//62 5762//62
f 3675//62 3672//62 5762//62
f 5762//62 3672//62 3652//62
f 5757//62 5763//62 3657//62
f 5763//62 5764//62 3657//62
f 3657//62 5764//62 3658//62
f 5764//62 5761//62 3658//62
f 3664//62 3662//62 5761//62
f 3662//62 3660//62 5761//62
f 5761//62 3660//62 3658//62
f 5765//62 5766//62 3718//62
f 5767//62 5768//62 3691//62
f 5768//62 5769//62 3691//62
f 3691//62 5769//62 5770//62
f 3718//62 5771//62 5772//62
f 5772//62 5773//62 3718//62
f 5773//62 5774//62 3718//62
f 3718//62 5774//62 5765//62
f 3688//62 3701//62 5775//62
f 3701//62 3698//62 5775//62
f 5775//62 3698//62 3696//62
f 5770//62 5776//62 3691//62
f 5776//62 5777//62 3691//62
f 3691//62 5777//62 3692//62
f 5777//62 5775//62 3692//62
f 3692//62 5775//62 3694//62
f 5775//62 3696//62 3694//62
f 3714//62 3712//62 5778//62
f 5771//62 3718//62 5778//62
f 3718//62 3716//62 5778//62
f 5778//62 3716//62 3714//62
f 3712//62 3709//62 5778//62
f 3709//62 3706//62 5778//62
f 5778//62 3706//62 5775//62
f 3706//62 3686//62 5775//62
f 5775//62 3686//62 3688//62
f 5779//62 3855//62 3853//62
f 5779//62 3853//62 5780//62
f 3872//62 5781//62 3841//62
f 5781//62 5782//62 3841//62
f 3841//62 5782//62 5783//62
f 5784//62 5785//62 3853//62
f 5785//62 5786//62 3853//62
f 3853//62 5786//62 5780//62
f 3848//62 3846//62 5787//62
f 5783//62 5788//62 3841//62
f 5788//62 5789//62 3841//62
f 3841//62 5789//62 3842//62
f 5789//62 5787//62 3842//62
f 3842//62 5787//62 3844//62
f 5787//62 3846//62 3844//62
f 5790//62 3856//62 5787//62
f 3856//62 3837//62 5787//62
f 3837//62 3836//62 5787//62
f 3836//62 3850//62 5787//62
f 5787//62 3850//62 3848//62
f 5784//62 3853//62 5790//62
f 3853//62 3868//62 5790//62
f 5790//62 3868//62 3865//62
f 3865//62 3863//62 5790//62
f 3863//62 3859//62 5790//62
f 5790//62 3859//62 3856//62
f 1810//3797 1776//3797 4911//3797
f 1776//3797 1822//3797 4911//3797
f 4911//3797 1822//3797 1848//3797
f 1975//3797 1501//3797 1060//3797
f 1848//3797 1901//3797 4911//3797
f 1901//3797 1898//3797 4911//3797
f 4911//3797 1898//3797 1060//3797
f 1898//3797 1919//3797 1060//3797
f 1060//3797 1919//3797 1975//3797
f 1595//3798 1661//3798 1034//3798
f 1501//3797 1498//3797 1060//3797
f 1498//3797 1579//3797 1060//3797
f 1060//3799 1579//3799 1034//3799
f 1579//3798 1599//3798 1034//3798
f 1034//3798 1599//3798 1595//3798
f 1661//3798 1705//3798 1034//3798
f 1705//3798 1470//3798 1034//3798
f 1034//3798 1470//3798 1017//3798
f 2674//1 5790//1 2681//1
f 5790//1 5787//1 2681//1
f 2660//3800 3855//3800 2661//3800
f 3855//3800 5779//3800 2661//3800
f 2661//1459 5779//1459 2663//1459
f 5779//1459 5780//1459 2663//1459
f 2663//1458 5780//1458 2664//1458
f 5780//1458 5786//1458 2664//1458
f 2664//1457 5786//1457 2677//1457
f 5786//1457 5785//1457 2677//1457
f 2677//1488 5785//1488 2678//1488
f 5785//1488 5784//1488 2678//1488
f 2678//3801 5784//3801 2674//3801
f 5784//3801 5790//3801 2674//3801
f 2681//3802 5787//3802 2665//3802
f 5787//3802 5789//3802 2665//3802
f 2665//1487 5789//1487 2666//1487
f 5789//1487 5788//1487 2666//1487
f 2666//1466 5788//1466 2668//1466
f 5788//1466 5783//1466 2668//1466
f 2668//1451 5783//1451 2669//1451
f 5783//1451 5782//1451 2669//1451
f 2669//1450 5782//1450 2670//1450
f 5782//1450 5781//1450 2670//1450
f 2670//3803 5781//3803 2671//3803
f 5781//3803 3872//3803 2671//3803
f 2652//3800 3769//3800 2653//3800
f 3769//3800 3768//3800 2653//3800
f 2653//1459 3768//1459 2654//1459
f 3768//1459 3771//1459 2654//1459
f 2654//1458 3771//1458 2655//1458
f 3771//1458 3779//1458 2655//1458
f 2655//1457 3779//1457 2658//1457
f 3779//1457 3778//1457 2658//1457
f 2658//1488 3778//1488 2659//1488
f 3778//1488 3777//1488 2659//1488
f 2659//3801 3777//3801 2656//3801
f 3777//3801 3782//3801 2656//3801
f 3782//1 3784//1 2656//1
f 3784//1 2657//1 2656//1
f 2657//3802 3784//3802 2646//3802
f 3784//3802 3793//3802 2646//3802
f 2646//1487 3793//1487 2647//1487
f 3793//1487 3792//1487 2647//1487
f 2647//1466 3792//1466 2648//1466
f 3792//1466 3776//1466 2648//1466
f 2648//1451 3776//1451 2649//1451
f 3776//1451 3775//1451 2649//1451
f 2649//1450 3775//1450 2650//1450
f 3775//1450 3773//1450 2650//1450
f 2650//3803 3773//3803 2651//3803
f 3773//3803 3772//3803 2651//3803
f 2618//1 5778//1 2619//1
f 5778//1 5775//1 2619//1
f 1386//3804 1385//3804 2608//3804
f 5767//3805 1449//3805 5768//3805
f 1449//3805 1448//3805 5768//3805
f 5768//1450 1448//1450 5769//1450
f 1448//1450 1447//1450 5769//1450
f 5769//1661 1447//1661 5770//1661
f 1447//1661 1446//1661 5770//1661
f 5770//1350 1446//1350 5776//1350
f 2619//3806 5775//3806 2614//3806
f 5775//3806 5777//3806 2614//3806
f 2614//1349 5777//1349 2608//1349
f 5777//1349 5776//1349 2608//1349
f 2608//3804 5776//3804 1386//3804
f 5776//3807 1446//3807 1386//3807
f 2609//3808 5766//3808 2610//3808
f 5766//3808 5765//3808 2610//3808
f 2610//1669 5765//1669 2612//1669
f 5765//1669 5774//1669 2612//1669
f 2612//1470 5774//1470 2613//1470
f 5774//1470 5773//1470 2613//1470
f 2613//1457 5773//1457 2628//1457
f 5773//1457 5772//1457 2628//1457
f 2628//1456 5772//1456 2629//1456
f 5772//1456 5771//1456 2629//1456
f 2629//3809 5771//3809 2618//3809
f 5771//3809 5778//3809 2618//3809
f 2594//1 5762//1 2599//1
f 5762//1 5761//1 2599//1
f 2599//3806 5761//3806 2583//3806
f 5761//3806 5764//3806 2583//3806
f 2583//1638 5764//1638 2582//1638
f 5764//1638 5763//1638 2582//1638
f 2582//1633 5763//1633 2580//1633
f 5763//1633 5757//1633 2580//1633
f 2580//1632 5757//1632 2589//1632
f 5757//1632 5756//1632 2589//1632
f 2589//1450 5756//1450 2590//1450
f 5756//1450 5755//1450 2590//1450
f 2590//3805 5755//3805 2591//3805
f 5755//3805 5754//3805 2591//3805
f 2584//3810 5760//3810 2585//3810
f 5760//3810 5759//3810 2585//3810
f 2585//1459 5759//1459 2587//1459
f 5759//1459 5758//1459 2587//1459
f 2587//1630 5758//1630 2588//1630
f 5758//1630 5753//1630 2588//1630
f 2588//3811 5753//3811 2595//3811
f 5753//3811 5752//3811 2595//3811
f 2595//3812 5752//3812 2596//3812
f 5752//3812 5751//3812 2596//3812
f 2596//3809 5751//3809 2594//3809
f 5751//3809 5762//3809 2594//3809
f 2571//1 5750//1 2566//1
f 5750//1 5747//1 2566//1
f 2566//3813 5747//3813 2557//3813
f 5747//3813 5749//3813 2557//3813
f 2557//1485 5749//1485 2558//1485
f 5749//1485 5748//1485 2558//1485
f 2558//1484 5748//1484 2560//1484
f 5748//1484 5744//1484 2560//1484
f 2560//1483 5744//1483 2561//1483
f 5744//1483 5743//1483 2561//1483
f 2561//1450 5743//1450 2562//1450
f 5743//1450 5742//1450 2562//1450
f 2562//3814 5742//3814 2563//3814
f 5742//3814 3615//3814 2563//3814
f 2552//3810 3638//3810 2553//3810
f 3638//3810 5739//3810 2553//3810
f 2553//1486 5739//1486 2555//1486
f 5739//1486 5746//1486 2555//1486
f 2555//1470 5746//1470 2556//1470
f 5746//1470 5745//1470 2556//1470
f 2556//1457 5745//1457 2576//1457
f 5745//1457 5741//1457 2576//1457
f 2576//1456 5741//1456 2577//1456
f 5741//1456 5740//1456 2577//1456
f 2577//3815 5740//3815 2571//3815
f 5740//3815 5750//3815 2571//3815
f 2538//1 5738//1 2547//1
f 5738//1 5735//1 2547//1
f 2547//3816 5735//3816 2532//3816
f 5735//3816 5737//3816 2532//3816
f 2532//1467 5737//1467 2533//1467
f 5737//1467 5736//1467 2533//1467
f 2533//1466 5736//1466 2534//1466
f 5736//1466 5731//1466 2534//1466
f 2534//1469 5731//1469 2535//1469
f 5731//1469 5730//1469 2535//1469
f 2535//1450 5730//1450 2524//1450
f 5730//1450 5729//1450 2524//1450
f 2524//3817 5729//3817 2525//3817
f 5729//3817 3559//3817 2525//3817
f 2527//3818 3582//3818 2528//3818
f 3582//3818 5727//3818 2528//3818
f 2528//1459 5727//1459 2530//1459
f 5727//1459 5728//1459 2530//1459
f 2530//1470 5728//1470 2531//1470
f 5728//1470 5734//1470 2531//1470
f 2531//1457 5734//1457 2541//1457
f 5734//1457 5733//1457 2541//1457
f 2541//1456 5733//1456 2542//1456
f 5733//1456 5732//1456 2542//1456
f 2542//3819 5732//3819 2538//3819
f 5732//3819 5738//3819 2538//3819
f 1450//3808 3493//3808 1465//3808
f 3493//3808 3492//3808 1465//3808
f 1465//1459 3492//1459 1456//1459
f 3492//1459 3503//1459 1456//1459
f 1456//1647 3503//1647 1457//1647
f 3503//1647 3502//1647 1457//1647
f 1457//3820 3502//3820 1414//3820
f 3502//3821 3501//3821 1414//3821
f 1415//3822 1414//3822 2508//3822
f 1414//3822 3501//3822 2508//3822
f 2508//1346 3501//1346 2507//1346
f 3501//1346 3500//1346 2507//1346
f 2507//3809 3500//3809 2514//3809
f 3500//3809 3515//3809 2514//3809
f 3515//1 3506//1 2514//1
f 3506//1 2511//1 2514//1
f 2511//3806 3506//3806 2503//3806
f 3506//3806 3510//3806 2503//3806
f 2503//1467 3510//1467 2504//1467
f 3510//1467 3509//1467 2504//1467
f 2504//1466 3509//1466 2505//1466
f 3509//1466 3499//1466 2505//1466
f 2505//1469 3499//1469 2506//1469
f 3499//1469 3498//1469 2506//1469
f 2506//1649 3498//1649 2500//1649
f 3498//1649 3496//1649 2500//1649
f 2500//3805 3496//3805 2501//3805
f 3496//3805 3495//3805 2501//3805
f 2479//3808 3455//3808 2480//3808
f 3455//3808 3454//3808 2480//3808
f 2480//1459 3454//1459 2482//1459
f 3454//1459 3453//1459 2482//1459
f 2482//1630 3453//1630 2483//1630
f 3453//1630 3449//1630 2483//1630
f 2483//3811 3449//3811 2496//3811
f 3449//3811 3451//3811 2496//3811
f 2496//3812 3451//3812 2497//3812
f 3451//3812 3452//3812 2497//3812
f 2497//3809 3452//3809 2486//3809
f 3452//3809 3463//3809 2486//3809
f 3463//1 3456//1 2486//1
f 3456//1 2489//1 2486//1
f 2489//3806 3456//3806 2476//3806
f 3456//3806 3460//3806 2476//3806
f 2476//1638 3460//1638 2477//1638
f 3460//1638 3459//1638 2477//1638
f 2477//1633 3459//1633 2478//1633
f 3459//1633 3448//1633 2478//1633
f 2478//1632 3448//1632 2475//1632
f 3448//1632 3447//1632 2475//1632
f 2475//1450 3447//1450 2472//1450
f 3447//1450 3445//1450 2472//1450
f 2472//3814 3445//3814 2473//3814
f 3445//3814 3444//3814 2473//3814
f 2447//3810 3387//3810 2448//3810
f 3387//3810 3386//3810 2448//3810
f 2448//1459 3386//1459 2450//1459
f 3386//1459 3385//1459 2450//1459
f 2450//1482 3385//1482 2451//1482
f 3385//1482 3384//1482 2451//1482
f 2451//1481 3384//1481 2461//1481
f 3384//1481 3382//1481 2461//1481
f 2461//1480 3382//1480 2462//1480
f 3382//1480 3381//1480 2462//1480
f 2462//3815 3381//3815 2458//3815
f 3381//3815 3397//3815 2458//3815
f 3397//1 3390//1 2458//1
f 3390//1 2467//1 2458//1
f 2467//3813 3390//3813 2452//3813
f 3390//3813 3394//3813 2452//3813
f 2452//1467 3394//1467 2453//1467
f 3394//1467 3393//1467 2453//1467
f 2453//1466 3393//1466 2454//1466
f 3393//1466 3380//1466 2454//1466
f 2454//1469 3380//1469 2455//1469
f 3380//1469 3379//1469 2455//1469
f 2455//1479 3379//1479 2444//1479
f 3379//1479 3377//1479 2444//1479
f 2444//3814 3377//3814 2445//3814
f 3377//3814 3376//3814 2445//3814
f 2416//3818 3309//3818 2417//3818
f 3309//3818 3308//3818 2417//3818
f 2417//1459 3308//1459 2419//1459
f 3308//1459 3319//1459 2419//1459
f 2419//1470 3319//1470 2420//1470
f 3319//1470 3318//1470 2420//1470
f 2420//1457 3318//1457 2433//1457
f 3318//1457 3317//1457 2433//1457
f 2433//1456 3317//1456 2434//1456
f 3317//1456 3316//1456 2434//1456
f 2434//3819 3316//3819 2430//3819
f 3316//3819 3331//3819 2430//3819
f 2027//1631 2611//1631 2026//1631
f 2611//1631 2630//1631 2026//1631
f 2026//1669 2630//1669 2028//1669
f 2630//1669 2631//1669 2028//1669
f 2028//1470 2631//1470 2029//1470
f 2631//1470 2617//1470 2029//1470
f 2029//1457 2617//1457 2030//1457
f 2617//1457 2616//1457 2030//1457
f 2030//1456 2616//1456 2036//1456
f 2616//1456 2627//1456 2036//1456
f 2036//3823 2627//3823 2037//3823
f 2627//3823 2626//3823 2037//3823
f 2032//1636 2625//1636 2042//1636
f 2625//1636 2624//1636 2042//1636
f 2042//1349 2624//1349 2040//1349
f 2624//1349 2623//1349 2040//1349
f 2040//1350 2623//1350 2041//1350
f 2623//1350 2622//1350 2041//1350
f 2041//1661 2622//1661 2043//1661
f 2622//1661 2621//1661 2043//1661
f 2043//1450 2621//1450 2044//1450
f 2621//1450 2620//1450 2044//1450
f 2044//1648 2620//1648 2031//1648
f 2620//1648 2615//1648 2031//1648
f 2121//49 2474//49 2473//49
f 3446//49 3483//49 3444//49
f 3483//49 5084//49 3444//49
f 3444//49 5084//49 2473//49
f 5084//49 2108//49 2473//49
f 2473//49 2108//49 2121//49
f 5089//3824 2114//3824 5090//3824
f 2114//3825 2112//3825 5090//3825
f 5090//1535 2112//1535 5091//1535
f 5091//3826 2112//3826 5092//3826
f 2112//3827 2111//3827 5092//3827
f 5092//1591 2111//1591 5093//1591
f 5093//1592 2111//1592 5094//1592
f 2111//3828 2113//3828 5094//3828
f 5094//3829 2113//3829 5095//3829
f 2113//3830 2115//3830 5095//3830
f 5095//3830 2115//3830 5079//3830
f 2115//1499 2122//1499 5079//1499
f 5079//1499 2122//1499 5080//1499
f 2122//1541 2108//1541 5080//1541
f 5080//1541 2108//1541 5084//1541
f 5089//2 5088//2 2114//2
f 5088//2 2109//2 2114//2
f 5081//3831 2120//3831 2119//3831
f 5081//3831 2119//3831 5075//3831
f 2119//1502 2118//1502 5075//1502
f 5075//1502 2118//1502 5076//1502
f 2118//3832 2117//3832 5076//3832
f 5076//3832 2117//3832 5078//3832
f 5078//3833 2117//3833 5085//3833
f 2117//3834 2116//3834 5085//3834
f 5085//1599 2116//1599 5086//1599
f 5086//1600 2116//1600 5082//1600
f 2116//3835 2110//3835 5082//3835
f 5082//3836 2110//3836 5083//3836
f 5083//1510 2110//1510 5087//1510
f 2110//3837 2109//3837 5087//3837
f 5087//3838 2109//3838 5088//3838
f 2481//57 2123//57 2479//57
f 2123//57 2120//57 2479//57
f 2479//57 2120//57 3455//57
f 2120//57 5081//57 3455//57
f 3455//57 5081//57 3450//57
f 5081//57 3481//57 3450//57
f 2081//49 2502//49 2501//49
f 3497//49 3531//49 3495//49
f 3531//49 5105//49 3495//49
f 3495//49 5105//49 2501//49
f 5105//49 2080//49 2501//49
f 2501//49 2080//49 2081//49
f 5110//3839 2095//3839 5111//3839
f 2095//3840 2107//3840 5111//3840
f 5111//3841 2107//3841 5112//3841
f 5112//3826 2107//3826 5113//3826
f 2107//3842 2106//3842 5113//3842
f 5113//3843 2106//3843 5114//3843
f 5114//3844 2106//3844 5115//3844
f 2106//3845 2105//3845 5115//3845
f 5115//3829 2105//3829 5116//3829
f 2105//1557 2097//1557 5116//1557
f 5116//1557 2097//1557 5100//1557
f 2097//3846 2096//3846 5100//3846
f 5100//3846 2096//3846 5101//3846
f 2096//3847 2080//3847 5101//3847
f 5101//3847 2080//3847 5105//3847
f 5110//2 5109//2 2095//2
f 5109//2 2087//2 2095//2
f 5104//3831 2101//3831 2102//3831
f 5104//3831 2102//3831 5096//3831
f 2102//1502 2100//1502 5096//1502
f 5096//1502 2100//1502 5097//1502
f 2100//3848 2099//3848 5097//3848
f 5097//3848 2099//3848 5099//3848
f 5099//3833 2099//3833 5106//3833
f 2099//3849 2098//3849 5106//3849
f 5106//3850 2098//3850 5107//3850
f 5107//3851 2098//3851 5102//3851
f 2098//3852 2088//3852 5102//3852
f 5102//3836 2088//3836 5103//3836
f 5103//3853 2088//3853 5108//3853
f 2088//3854 2087//3854 5108//3854
f 5108//3855 2087//3855 5109//3855
f 1379//57 2101//57 1380//57
f 2101//57 5104//57 1380//57
f 1450//57 1380//57 3493//57
f 1380//57 5104//57 3493//57
f 3493//57 5104//57 3494//57
f 5104//57 3529//57 3494//57
f 2068//49 2581//49 2591//49
f 3657//49 3656//49 5754//49
f 3656//49 5176//49 5754//49
f 5754//49 5176//49 2591//49
f 5176//49 2069//49 2591//49
f 2591//49 2069//49 2068//49
f 5163//3824 2073//3824 5168//3824
f 2073//3825 2072//3825 5168//3825
f 5168//1535 2072//1535 5169//1535
f 5169//3826 2072//3826 5170//3826
f 2072//3827 2071//3827 5170//3827
f 5170//1591 2071//1591 5171//1591
f 5171//1592 2071//1592 5177//1592
f 2071//3828 2070//3828 5177//3828
f 5177//3829 2070//3829 5178//3829
f 2070//3830 2063//3830 5178//3830
f 5178//3830 2063//3830 5172//3830
f 2063//1499 2062//1499 5172//1499
f 5172//1499 2062//1499 5174//1499
f 2062//3847 2069//3847 5174//3847
f 5174//3847 2069//3847 5176//3847
f 5163//2 5162//2 2073//2
f 5162//2 2074//2 2073//2
f 5155//1501 2064//1501 2077//1501
f 5155//1501 2077//1501 5143//1501
f 2077//1502 2076//1502 5143//1502
f 5143//1502 2076//1502 5144//1502
f 2076//3832 2078//3832 5144//3832
f 5144//3832 2078//3832 5145//3832
f 5145//3833 2078//3833 5166//3833
f 2078//3834 2079//3834 5166//3834
f 5166//1599 2079//1599 5167//1599
f 5167//1600 2079//1600 5148//1600
f 2079//3835 2075//3835 5148//3835
f 5148//3836 2075//3836 5149//3836
f 5149//1510 2075//1510 5161//1510
f 2075//3837 2074//3837 5161//3837
f 5161//3838 2074//3838 5162//3838
f 2586//57 2054//57 2584//57
f 2054//57 2064//57 2584//57
f 2584//57 2064//57 5760//57
f 2064//57 5155//57 5760//57
f 5760//57 5155//57 3684//57
f 5155//57 3685//57 3684//57
f 5154//49 2039//49 1442//49
f 2039//49 1403//49 1442//49
f 3691//49 3690//49 5767//49
f 3690//49 5154//49 5767//49
f 5767//49 5154//49 1449//49
f 5154//49 1442//49 1449//49
f 5146//3839 2038//3839 5147//3839
f 2038//3840 2049//3840 5147//3840
f 5147//3841 2049//3841 5158//3841
f 5158//3826 2049//3826 5159//3826
f 2049//3856 2051//3856 5159//3856
f 5159//3857 2051//3857 5160//3857
f 5160//3858 2051//3858 5164//3858
f 2051//3859 2050//3859 5164//3859
f 5164//3829 2050//3829 5165//3829
f 2050//3860 2048//3860 5165//3860
f 5165//3860 2048//3860 5141//3860
f 2048//1499 2047//1499 5141//1499
f 5141//1499 2047//1499 5142//1499
f 2047//3847 2039//3847 5142//3847
f 5142//3847 2039//3847 5154//3847
f 5146//2 5153//2 2038//2
f 5153//2 2035//2 2038//2
f 1444//3861 3721//3861 1445//3861
f 3721//3861 3720//3861 1445//3861
f 1445//1343 3720//1343 1452//1343
f 3720//1343 3731//1343 1452//1343
f 1452//1344 3731//1344 1453//1344
f 3731//1344 3730//1344 1453//1344
f 1453//1345 3730//1345 1454//1345
f 3730//1345 3724//1345 1454//1345
f 1454//1346 3724//1346 1455//1346
f 3724//1346 3723//1346 1455//1346
f 1455//3862 3723//3862 1464//3862
f 3723//3862 3739//3862 1464//3862
f 3739//1 3734//1 1464//1
f 3734//1 1463//1 1464//1
f 1463//3863 3734//3863 1462//3863
f 3734//3863 3741//3863 1462//3863
f 1462//1349 3741//1349 1461//1349
f 3741//1349 3740//1349 1461//1349
f 1461//1350 3740//1350 1460//1350
f 3740//1350 3729//1350 1460//1350
f 1460//1351 3729//1351 1459//1351
f 3729//1351 3728//1351 1459//1351
f 1459//1352 3728//1352 1458//1352
f 3728//1352 3726//1352 1458//1352
f 1458//3864 3726//3864 1451//3864
f 3726//3864 3725//3864 1451//3864
f 1418//57 2521//57 1419//57
f 2521//57 2084//57 1419//57
f 5048//3865 5047//3865 863//3865
f 863//3866 844//3866 5048//3866
f 844//3867 845//3867 5048//3867
f 5048//3868 845//3868 5049//3868
f 845//3869 783//3869 5049//3869
f 783//3870 782//3870 5049//3870
f 5049//3871 782//3871 5050//3871
f 782//3872 785//3872 5050//3872
f 5050//3873 785//3873 784//3873
f 784//3874 4921//3874 5050//3874
f 4921//3875 4920//3875 5050//3875
f 5050//3876 4920//3876 5051//3876
f 4920//3877 4924//3877 5051//3877
f 5051//3878 4924//3878 4926//3878
f 4926//3879 4931//3879 5051//3879
f 4931//3880 4930//3880 5051//3880
f 5051//3881 4930//3881 5052//3881
f 4858//3882 5018//3882 4934//3882
f 5018//3883 5012//3883 4934//3883
f 4934//3884 5012//3884 4942//3884
f 5012//3885 5014//3885 4942//3885
f 4942//3886 5014//3886 4927//3886
f 5014//3887 5052//3887 4927//3887
f 4927//3888 5052//3888 4928//3888
f 5052//3889 4930//3889 4928//3889
f 784//3890 823//3890 4921//3890
f 823//3891 872//3891 4921//3891
f 4921//3892 872//3892 4923//3892
f 872//3893 885//3893 4923//3893
f 4923//3894 885//3894 4918//3894
f 885//3895 887//3895 4918//3895
f 1391//49 2031//49 1389//49
f 2031//49 2615//49 1389//49
f 5046//3896 925//3896 910//3896
f 5046//3798 910//3798 5047//3798
f 910//3798 873//3798 5047//3798
f 5047//3897 873//3897 863//3897
f 5024//3898 5025//3898 4651//3898
f 4651//3899 4857//3899 5024//3899
f 4857//3900 4856//3900 5024//3900
f 5024//3901 4856//3901 5023//3901
f 4856//3902 4855//3902 5023//3902
f 5023//3903 4855//3903 5041//3903
f 4855//3904 4807//3904 5041//3904
f 4807//3905 4806//3905 5041//3905
f 5041//3906 4806//3906 5042//3906
f 4806//3907 4852//3907 5042//3907
f 5042//3908 4852//3908 4851//3908
f 4828//3909 5043//3909 4849//3909
f 5043//3910 5042//3910 4849//3910
f 4849//3911 5042//3911 4850//3911
f 5042//3912 4851//3912 4850//3912
f 925//3913 5046//3913 959//3913
f 5046//3914 5045//3914 959//3914
f 959//3915 5045//3915 950//3915
f 5045//3916 999//3916 950//3916
f 999//3917 5045//3917 1000//3917
f 5045//3918 5044//3918 1000//3918
f 1000//3919 5044//3919 1001//3919
f 5044//3920 5043//3920 1001//3920
f 1001//3921 5043//3921 1002//3921
f 5043//3922 4828//3922 1002//3922
f 1002//3923 4828//3923 1003//3923
f 4828//3924 4829//3924 1003//3924
f 1003//3925 4829//3925 1025//3925
f 4829//3926 4771//3926 1025//3926
f 1025//3927 4771//3927 1032//3927
f 4917//3928 1466//3928 1467//3928
f 1811//3929 1810//3929 4911//3929
f 1811//3930 4911//3930 1785//3930
f 1785//3931 4911//3931 1467//3931
f 4911//3932 4915//3932 1467//3932
f 1467//3933 4915//3933 4917//3933
f 1382//57 2010//57 1383//57
f 2010//57 5125//57 1383//57
f 1444//57 1383//57 3721//57
f 1383//57 5125//57 3721//57
f 3721//57 5125//57 3722//57
f 5125//57 3757//57 3722//57
f 5125//3934 2010//3934 2011//3934
f 5125//3934 2011//3934 5119//3934
f 2011//3935 2020//3935 5119//3935
f 5119//3935 2020//3935 5120//3935
f 2020//3936 2019//3936 5120//3936
f 5120//3936 2019//3936 5122//3936
f 5122//3937 2019//3937 5127//3937
f 2019//3938 2018//3938 5127//3938
f 5127//3939 2018//3939 5128//3939
f 5128//3940 2018//3940 5123//3940
f 2018//3941 2013//3941 5123//3941
f 5123//3942 2013//3942 5124//3942
f 5124//3943 2013//3943 5129//3943
f 2013//3944 2012//3944 5129//3944
f 5129//3945 2012//3945 5130//3945
f 5131//2 5130//2 2017//2
f 5130//2 2012//2 2017//2
f 5131//3946 2017//3946 5132//3946
f 2017//3947 2016//3947 5132//3947
f 5132//3948 2016//3948 5133//3948
f 5133//3949 2016//3949 5134//3949
f 2016//3950 2015//3950 5134//3950
f 5134//3951 2015//3951 5135//3951
f 5135//3952 2015//3952 5136//3952
f 2015//3953 2023//3953 5136//3953
f 5136//3954 2023//3954 5137//3954
f 2023//3955 2022//3955 5137//3955
f 5137//3955 2022//3955 5117//3955
f 2022//3956 2021//3956 5117//3956
f 5117//3956 2021//3956 5118//3956
f 2021//3957 2014//3957 5118//3957
f 5118//3957 2014//3957 5126//3957
f 5126//49 2014//49 1436//49
f 2014//49 1406//49 1436//49
f 3727//49 3759//49 3725//49
f 3759//49 5126//49 3725//49
f 3725//49 5126//49 1451//49
f 5126//49 1436//49 1451//49
f 2611//57 2027//57 2609//57
f 2027//57 2025//57 2609//57
f 2609//57 2025//57 5766//57
f 2025//57 5175//57 5766//57
f 5766//57 5175//57 3718//57
f 5175//57 3719//57 3718//57
f 5175//3831 2025//3831 2024//3831
f 5175//3831 2024//3831 5173//3831
f 2024//3958 2046//3958 5173//3958
f 5173//3958 2046//3958 5139//3958
f 2046//1558 2045//1558 5139//1558
f 5139//1558 2045//1558 5140//1558
f 5140//3833 2045//3833 5156//3833
f 2045//3959 2033//3959 5156//3959
f 5156//3960 2033//3960 5157//3960
f 5157//3961 2033//3961 5150//3961
f 2033//3962 2034//3962 5150//3962
f 5150//3836 2034//3836 5151//3836
f 5151//3853 2034//3853 5152//3853
f 2034//3854 2035//3854 5152//3854
f 5152//3855 2035//3855 5153//3855
f 2626//1 2625//1 2037//1
f 2625//1 2032//1 2037//1
f 2053//1636 2601//1636 2060//1636
f 2601//1636 2600//1636 2060//1636
f 2060//1638 2600//1638 2061//1638
f 2600//1638 2607//1638 2061//1638
f 2061//1633 2607//1633 2055//1633
f 2607//1633 2606//1633 2055//1633
f 2055//1632 2606//1632 2056//1632
f 2606//1632 2605//1632 2056//1632
f 2056//1450 2605//1450 2067//1450
f 2605//1450 2604//1450 2067//1450
f 2067//1648 2604//1648 2068//1648
f 2604//1648 2581//1648 2068//1648
f 2054//1460 2586//1460 2065//1460
f 2586//1460 2597//1460 2065//1460
f 2065//1459 2597//1459 2057//1459
f 2597//1459 2598//1459 2057//1459
f 2057//1630 2598//1630 2058//1630
f 2598//1630 2593//1630 2058//1630
f 2058//3811 2593//3811 2059//3811
f 2593//3811 2592//3811 2059//3811
f 2059//3812 2592//3812 2066//3812
f 2592//3812 2603//3812 2066//3812
f 2066//3823 2603//3823 2052//3823
f 2603//3823 2602//3823 2052//3823
f 2602//1 2601//1 2052//1
f 2601//1 2053//1 2052//1
f 2084//1631 2521//1631 2086//1631
f 2521//1631 2522//1631 2086//1631
f 2086//1459 2522//1459 2092//1459
f 2522//1459 2523//1459 2092//1459
f 2092//1647 2523//1647 2091//1647
f 2523//1647 2520//1647 2091//1647
f 2091//1345 2520//1345 2089//1345
f 2520//1345 2519//1345 2089//1345
f 2089//1346 2519//1346 2090//1346
f 2519//1346 2518//1346 2090//1346
f 2090//3823 2518//3823 2085//3823
f 2518//3823 2510//3823 2085//3823
f 2510//1 2509//1 2085//1
f 2509//1 2093//1 2085//1
f 2093//1636 2509//1636 2094//1636
f 2509//1636 2517//1636 2094//1636
f 2094//1467 2517//1467 2103//1467
f 2517//1467 2516//1467 2103//1467
f 2103//1466 2516//1466 2104//1466
f 2516//1466 2513//1466 2104//1466
f 2104//1469 2513//1469 2083//1469
f 2513//1469 2512//1469 2083//1469
f 2083//1649 2512//1649 2082//1649
f 2512//1649 2515//1649 2082//1649
f 2082//1648 2515//1648 2081//1648
f 2515//1648 2502//1648 2081//1648
f 2123//1631 2481//1631 2124//1631
f 2481//1631 2498//1631 2124//1631
f 2124//1459 2498//1459 2125//1459
f 2498//1459 2499//1459 2125//1459
f 2125//1630 2499//1630 2126//1630
f 2499//1630 2485//1630 2126//1630
f 2126//3811 2485//3811 2127//3811
f 2485//3811 2484//3811 2127//3811
f 2127//3812 2484//3812 2128//3812
f 2484//3812 2491//3812 2128//3812
f 2128//3823 2491//3823 2129//3823
f 2491//3823 2490//3823 2129//3823
f 2490//1 2488//1 2129//1
f 2488//1 2130//1 2129//1
f 2130//1636 2488//1636 2134//1636
f 2488//1636 2487//1636 2134//1636
f 2134//1638 2487//1638 2135//1638
f 2487//1638 2495//1638 2135//1638
f 2135//1633 2495//1633 2133//1633
f 2495//1633 2494//1633 2133//1633
f 2133//1632 2494//1632 2132//1632
f 2494//1632 2493//1632 2132//1632
f 2132//1450 2493//1450 2131//1450
f 2493//1450 2492//1450 2131//1450
f 2131//1465 2492//1465 2121//1465
f 2492//1465 2474//1465 2121//1465
f 2153//3802 2700//3802 2144//3802
f 2700//3802 2704//3802 2144//3802
f 2144//1453 2704//1453 2143//1453
f 2704//1453 2703//1453 2143//1453
f 2143//1452 2703//1452 2141//1452
f 2703//1452 2696//1452 2141//1452
f 2141//1451 2696//1451 2145//1451
f 2696//1451 2695//1451 2145//1451
f 2145//1450 2695//1450 2146//1450
f 2695//1450 2693//1450 2146//1450
f 2146//3803 2693//3803 2147//3803
f 2693//3803 2692//3803 2147//3803
f 2707//1 2700//1 2151//1
f 2700//1 2153//1 2151//1
f 2136//3810 2689//3810 2137//3810
f 2689//3810 2688//3810 2137//3810
f 2137//1459 2688//1459 2139//1459
f 2688//1459 2691//1459 2139//1459
f 2139//1458 2691//1458 2140//1458
f 2691//1458 2699//1458 2140//1458
f 2140//1457 2699//1457 2148//1457
f 2699//1457 2698//1457 2148//1457
f 2148//1456 2698//1456 2149//1456
f 2698//1456 2697//1456 2149//1456
f 2149//3815 2697//3815 2151//3815
f 2697//3815 2707//3815 2151//3815
f 2164//3800 2798//3800 2165//3800
f 2798//3800 5667//3800 2165//3800
f 2165//1459 5667//1459 2167//1459
f 5667//1459 5668//1459 2167//1459
f 2167//1458 5668//1458 2168//1458
f 5668//1458 5674//1458 2168//1458
f 2168//1463 5674//1463 2179//1463
f 5674//1463 5673//1463 2179//1463
f 2179//1462 5673//1462 2180//1462
f 5673//1462 5672//1462 2180//1462
f 2180//3801 5672//3801 2176//3801
f 5672//3801 5678//3801 2176//3801
f 2183//3813 5675//3813 2169//3813
f 5675//3813 5677//3813 2169//3813
f 2169//1467 5677//1467 2170//1467
f 5677//1467 5676//1467 2170//1467
f 2170//1466 5676//1466 2172//1466
f 5676//1466 5671//1466 2172//1466
f 2172//1451 5671//1451 2173//1451
f 5671//1451 5670//1451 2173//1451
f 2173//1450 5670//1450 2174//1450
f 5670//1450 5669//1450 2174//1450
f 2174//3814 5669//3814 2175//3814
f 5669//3814 2775//3814 2175//3814
f 2176//1 5678//1 2183//1
f 5678//1 5675//1 2183//1
f 2192//3800 2854//3800 2193//3800
f 2854//3800 5679//3800 2193//3800
f 2193//1459 5679//1459 2195//1459
f 5679//1459 5680//1459 2195//1459
f 2195//1470 5680//1470 2196//1470
f 5680//1470 5686//1470 2196//1470
f 2196//1457 5686//1457 2212//1457
f 5686//1457 5685//1457 2212//1457
f 2212//1456 5685//1456 2213//1456
f 5685//1456 5684//1456 2213//1456
f 2213//3815 5684//3815 2209//3815
f 5684//3815 5688//3815 2209//3815
f 2206//3813 5687//3813 2197//3813
f 5687//3813 5690//3813 2197//3813
f 2197//1467 5690//1467 2198//1467
f 5690//1467 5689//1467 2198//1467
f 2198//1466 5689//1466 2200//1466
f 5689//1466 5683//1466 2200//1466
f 2200//1469 5683//1469 2201//1469
f 5683//1469 5682//1469 2201//1469
f 2201//1450 5682//1450 2202//1450
f 5682//1450 5681//1450 2202//1450
f 2202//3803 5681//3803 2203//3803
f 5681//3803 2831//3803 2203//3803
f 2209//1 5688//1 2206//1
f 5688//1 5687//1 2206//1
f 2220//3810 2910//3810 2221//3810
f 2910//3810 5691//3810 2221//3810
f 2221//1471 5691//1471 2223//1471
f 5691//1471 5692//1471 2223//1471
f 2223//1470 5692//1470 2224//1470
f 5692//1470 5698//1470 2224//1470
f 2224//1457 5698//1457 2235//1457
f 5698//1457 5697//1457 2235//1457
f 2235//1456 5697//1456 2236//1456
f 5697//1456 5696//1456 2236//1456
f 2236//3815 5696//3815 2232//3815
f 5696//3815 5702//3815 2232//3815
f 2239//3813 5699//3813 2225//3813
f 5699//3813 5701//3813 2225//3813
f 2225//1467 5701//1467 2226//1467
f 5701//1467 5700//1467 2226//1467
f 2226//1466 5700//1466 2228//1466
f 5700//1466 5695//1466 2228//1466
f 2228//1469 5695//1469 2229//1469
f 5695//1469 5694//1469 2229//1469
f 2229//1450 5694//1450 2230//1450
f 5694//1450 5693//1450 2230//1450
f 2230//3814 5693//3814 2231//3814
f 5693//3814 2887//3814 2231//3814
f 2232//1 5702//1 2239//1
f 5702//1 5699//1 2239//1
f 2248//3810 2966//3810 2249//3810
f 2966//3810 5703//3810 2249//3810
f 2249//1459 5703//1459 2251//1459
f 5703//1459 5704//1459 2251//1459
f 2251//1458 5704//1458 2252//1458
f 5704//1458 5710//1458 2252//1458
f 2252//1472 5710//1472 2268//1472
f 5710//1472 5709//1472 2268//1472
f 2268//1456 5709//1456 2269//1456
f 5709//1456 5708//1456 2269//1456
f 2269//3801 5708//3801 2265//3801
f 5708//3801 5712//3801 2265//3801
f 2262//3813 5711//3813 2253//3813
f 5711//3813 5714//3813 2253//3813
f 2253//1467 5714//1467 2254//1467
f 5714//1467 5713//1467 2254//1467
f 2254//1466 5713//1466 2256//1466
f 5713//1466 5707//1466 2256//1466
f 2256//1469 5707//1469 2257//1469
f 5707//1469 5706//1469 2257//1469
f 2257//1450 5706//1450 2258//1450
f 5706//1450 5705//1450 2258//1450
f 2258//3814 5705//3814 2259//3814
f 5705//3814 2943//3814 2259//3814
f 2265//1 5712//1 2262//1
f 5712//1 5711//1 2262//1
f 2276//3810 3022//3810 2277//3810
f 3022//3810 5715//3810 2277//3810
f 2277//1459 5715//1459 2279//1459
f 5715//1459 5716//1459 2279//1459
f 2279//1470 5716//1470 2280//1470
f 5716//1470 5722//1470 2280//1470
f 2280//1457 5722//1457 2291//1457
f 5722//1457 5721//1457 2291//1457
f 2291//1456 5721//1456 2292//1456
f 5721//1456 5720//1456 2292//1456
f 2292//3801 5720//3801 2288//3801
f 5720//3801 5726//3801 2288//3801
f 2295//3802 5723//3802 2281//3802
f 5723//3802 5725//3802 2281//3802
f 2281//1467 5725//1467 2282//1467
f 5725//1467 5724//1467 2282//1467
f 2282//1466 5724//1466 2284//1466
f 5724//1466 5719//1466 2284//1466
f 2284//1469 5719//1469 2285//1469
f 5719//1469 5718//1469 2285//1469
f 2285//1450 5718//1450 2286//1450
f 5718//1450 5717//1450 2286//1450
f 2286//3814 5717//3814 2287//3814
f 5717//3814 2999//3814 2287//3814
f 2288//1 5726//1 2295//1
f 5726//1 5723//1 2295//1
f 2325//3813 3050//3813 2312//3813
f 3050//3813 3052//3813 2312//3813
f 2312//1467 3052//1467 2311//1467
f 3052//1467 3051//1467 2311//1467
f 2311//1466 3051//1466 2309//1466
f 3051//1466 3043//1466 2309//1466
f 2309//1469 3043//1469 2313//1469
f 3043//1469 3042//1469 2313//1469
f 2313//1450 3042//1450 2314//1450
f 3042//1450 3040//1450 2314//1450
f 2314//3803 3040//3803 2315//3803
f 3040//3803 3039//3803 2315//3803
f 3055//1 3050//1 2318//1
f 3050//1 2325//1 2318//1
f 2304//3800 3037//3800 2305//3800
f 3037//3800 3036//3800 2305//3800
f 2305//1459 3036//1459 2307//1459
f 3036//1459 3047//1459 2307//1459
f 2307//1470 3047//1470 2308//1470
f 3047//1470 3046//1470 2308//1470
f 2308//1457 3046//1457 2321//1457
f 3046//1457 3045//1457 2321//1457
f 2321//1456 3045//1456 2322//1456
f 3045//1456 3044//1456 2322//1456
f 2322//3815 3044//3815 2318//3815
f 3044//3815 3055//3815 2318//3815
f 2351//3813 3119//3813 2341//3813
f 3119//3813 3117//3813 2341//3813
f 2341//1467 3117//1467 2342//1467
f 3117//1467 3116//1467 2342//1467
f 2342//1466 3116//1466 2343//1466
f 3116//1466 3108//1466 2343//1466
f 2343//1469 3108//1469 2335//1469
f 3108//1469 3107//1469 2335//1469
f 2335//1473 3107//1473 2332//1473
f 3107//1473 3105//1473 2332//1473
f 2332//3814 3105//3814 2333//3814
f 3105//3814 3104//3814 2333//3814
f 3120//1 3119//1 2346//1
f 3119//1 2351//1 2346//1
f 2336//3810 3115//3810 2337//3810
f 3115//3810 3114//3810 2337//3810
f 2337//1459 3114//1459 2339//1459
f 3114//1459 3113//1459 2339//1459
f 2339//1470 3113//1470 2340//1470
f 3113//1470 3112//1470 2340//1470
f 2340//1457 3112//1457 2355//1457
f 3112//1457 3110//1457 2355//1457
f 2355//1456 3110//1456 2356//1456
f 3110//1456 3109//1456 2356//1456
f 2356//3815 3109//3815 2346//3815
f 3109//3815 3120//3815 2346//3815
f 2374//3802 3186//3802 2363//3802
f 3186//3802 3197//3802 2363//3802
f 2363//1467 3197//1467 2364//1467
f 3197//1467 3196//1467 2364//1467
f 2364//1474 3196//1474 2370//1474
f 3196//1474 3180//1474 2370//1474
f 2370//1451 3180//1451 2371//1451
f 3180//1451 3179//1451 2371//1451
f 2371//1450 3179//1450 2360//1450
f 3179//1450 3177//1450 2360//1450
f 2360//3814 3177//3814 2361//3814
f 3177//3814 3176//3814 2361//3814
f 3187//1 3186//1 2376//1
f 3186//1 2374//1 2376//1
f 2365//3810 3172//3810 2366//3810
f 3172//3810 3174//3810 2366//3810
f 2366//1459 3174//1459 2368//1459
f 3174//1459 3175//1459 2368//1459
f 2368//1470 3175//1470 2369//1470
f 3175//1470 3183//1470 2369//1470
f 2369//1457 3183//1457 2384//1457
f 3183//1457 3182//1457 2384//1457
f 2384//1456 3182//1456 2385//1456
f 3182//1456 3181//1456 2385//1456
f 2385//3815 3181//3815 2376//3815
f 3181//3815 3187//3815 2376//3815
f 2402//3802 3254//3802 2391//3802
f 3254//3802 3265//3802 2391//3802
f 2391//1467 3265//1467 2392//1467
f 3265//1467 3264//1467 2392//1467
f 2392//1466 3264//1466 2398//1466
f 3264//1466 3248//1466 2398//1466
f 2398//1469 3248//1469 2399//1469
f 3248//1469 3247//1469 2399//1469
f 2399//1450 3247//1450 2388//1450
f 3247//1450 3245//1450 2388//1450
f 2388//3814 3245//3814 2389//3814
f 3245//3814 3244//3814 2389//3814
f 3257//1 3254//1 2404//1
f 3254//1 2402//1 2404//1
f 2393//3810 3241//3810 2394//3810
f 3241//3810 3240//3810 2394//3810
f 2394//1459 3240//1459 2396//1459
f 3240//1459 3243//1459 2396//1459
f 2396//1470 3243//1470 2397//1470
f 3243//1470 3251//1470 2397//1470
f 2397//1457 3251//1457 2410//1457
f 3251//1457 3250//1457 2410//1457
f 2410//1456 3250//1456 2411//1456
f 3250//1456 3249//1456 2411//1456
f 2411//3801 3249//3801 2404//3801
f 3249//3801 3257//3801 2404//3801
f 2437//3816 3322//3816 2421//3816
f 3322//3816 3326//3816 2421//3816
f 2421//1467 3326//1467 2422//1467
f 3326//1467 3325//1467 2422//1467
f 2422//1466 3325//1466 2424//1466
f 3325//1466 3315//1466 2424//1466
f 2424//1469 3315//1469 2425//1469
f 3315//1469 3314//1469 2425//1469
f 2425//1450 3314//1450 2426//1450
f 3314//1450 3312//1450 2426//1450
f 2426//3817 3312//3817 2427//3817
f 3312//3817 3311//3817 2427//3817
f 3331//1 3322//1 2430//1
f 3322//1 2437//1 2430//1
f 5791//57 4200//57 5343//57
f 4200//57 4199//57 5343//57
f 4217//56 5791//56 4218//56
f 5791//56 5343//56 4218//56
f 4200//1 5791//1 4217//1
f 4205//1 4203//1 4201//1
f 4201//1 4187//1 4205//1
f 4187//1 4190//1 4205//1
f 4205//1 4190//1 4207//1
f 4190//1 4192//1 4207//1
f 4192//1 4194//1 4207//1
f 4207//1 4194//1 4216//1
f 4194//1 4196//1 4216//1
f 4216//1 4196//1 4214//1
f 4196//1 4198//1 4214//1
f 4214//1 4198//1 4212//1
f 4198//1 4200//1 4212//1
f 4212//1 4200//1 4209//1
f 4200//1 4217//1 4209//1
f 5792//57 5793//57 5372//57
f 5793//57 5353//57 5372//57
f 5792//3963 5372//3963 5371//3963
f 5792//3963 5371//3963 5794//3963
f 5371//3964 5356//3964 5794//3964
f 5794//3964 5356//3964 5795//3964
f 5356//3965 5355//3965 5795//3965
f 5795//3965 5355//3965 5796//3965
f 5355//3966 5354//3966 5796//3966
f 5796//3966 5354//3966 5797//3966
f 5354//3967 5385//3967 5797//3967
f 5797//3967 5385//3967 5798//3967
f 5799//56 5798//56 5350//56
f 5798//56 5385//56 5350//56
f 5800//49 5799//49 5352//49
f 5799//49 5350//49 5352//49
f 5800//3968 5352//3968 5399//3968
f 5800//3968 5399//3968 5801//3968
f 5399//3969 5401//3969 5801//3969
f 5801//3969 5401//3969 5802//3969
f 5401//3970 5409//3970 5802//3970
f 5802//3970 5409//3970 5803//3970
f 5409//3971 5411//3971 5803//3971
f 5803//3971 5411//3971 5804//3971
f 5411//3972 5410//3972 5804//3972
f 5804//3972 5410//3972 5805//3972
f 5410//3973 5400//3973 5805//3973
f 5805//3973 5400//3973 5806//3973
f 5400//3974 5398//3974 5806//3974
f 5806//3974 5398//3974 5807//3974
f 5398//3975 5397//3975 5807//3975
f 5807//3975 5397//3975 5808//3975
f 5397//3976 5408//3976 5808//3976
f 5808//3976 5408//3976 5809//3976
f 5408//3977 5407//3977 5809//3977
f 5809//3977 5407//3977 5810//3977
f 5811//49 5810//49 5383//49
f 5810//49 5407//49 5383//49
f 5812//56 5811//56 5375//56
f 5811//56 5383//56 5375//56
f 5813//49 5812//49 5393//49
f 5812//49 5375//49 5393//49
f 5814//62 5813//62 5347//62
f 5813//62 5393//62 5347//62
f 5815//49 5814//49 5346//49
f 5814//49 5347//49 5346//49
f 5793//62 5815//62 5353//62
f 5815//62 5346//62 5353//62
f 5814//1 5815//1 5793//1
f 5811//1 5812//1 5813//1
f 5799//1 5800//1 5801//1
f 5799//1 5801//1 5798//1
f 5795//1 5807//1 5794//1
f 5807//1 5808//1 5794//1
f 5794//1 5808//1 5792//1
f 5801//1 5802//1 5798//1
f 5802//1 5803//1 5798//1
f 5798//1 5803//1 5797//1
f 5803//1 5804//1 5797//1
f 5797//1 5804//1 5796//1
f 5804//1 5805//1 5796//1
f 5796//1 5805//1 5795//1
f 5805//1 5806//1 5795//1
f 5795//1 5806//1 5807//1
f 5813//1 5814//1 5811//1
f 5814//1 5793//1 5811//1
f 5811//1 5793//1 5810//1
f 5793//1 5792//1 5810//1
f 5810//1 5792//1 5809//1
f 5792//1 5808//1 5809//1
f 5816//62 5817//62 5818//62
f 5817//62 5819//62 5818//62
f 5820//3978 5359//3978 5364//3978
f 5820//3978 5364//3978 5821//3978
f 5364//3979 5365//3979 5821//3979
f 5821//3979 5365//3979 5822//3979
f 5365//3980 5378//3980 5822//3980
f 5822//3980 5378//3980 5823//3980
f 5378//3981 5377//3981 5823//3981
f 5823//3981 5377//3981 5824//3981
f 5377//3982 5376//3982 5824//3982
f 5824//3982 5376//3982 5825//3982
f 5376//3983 5391//3983 5825//3983
f 5825//3983 5391//3983 5826//3983
f 5391//3984 5363//3984 5826//3984
f 5826//3984 5363//3984 5827//3984
f 5363//3985 5362//3985 5827//3985
f 5827//3985 5362//3985 5828//3985
f 5362//3986 5361//3986 5828//3986
f 5828//3986 5361//3986 5829//3986
f 5361//3987 5360//3987 5829//3987
f 5829//3987 5360//3987 5830//3987
f 5360//3988 5358//3988 5830//3988
f 5830//3988 5358//3988 5831//3988
f 5358//3989 5357//3989 5831//3989
f 5831//3989 5357//3989 5832//3989
f 5833//56 5832//56 5366//56
f 5832//56 5357//56 5366//56
f 5833//3990 5366//3990 5388//3990
f 5833//3990 5388//3990 5834//3990
f 5388//3991 5387//3991 5834//3991
f 5834//3991 5387//3991 5835//3991
f 5387//3992 5386//3992 5835//3992
f 5835//3992 5386//3992 5836//3992
f 5386//3993 5406//3993 5836//3993
f 5836//3993 5406//3993 5837//3993
f 5406//3994 5405//3994 5837//3994
f 5837//3994 5405//3994 5838//3994
f 5405//3995 5404//3995 5838//3995
f 5838//3995 5404//3995 5839//3995
f 5404//3996 5403//3996 5839//3996
f 5839//3996 5403//3996 5840//3996
f 5403//3997 5402//3997 5840//3997
f 5840//3997 5402//3997 5841//3997
f 5402//3998 5396//3998 5841//3998
f 5841//3998 5396//3998 5842//3998
f 5396//3999 5395//3999 5842//3999
f 5842//3999 5395//3999 5843//3999
f 5395//4000 5394//4000 5843//4000
f 5843//4000 5394//4000 5844//4000
f 5394//4001 5392//4001 5844//4001
f 5844//4001 5392//4001 5845//4001
f 5392//4002 5374//4002 5845//4002
f 5845//4002 5374//4002 5846//4002
f 5374//4003 5373//4003 5846//4003
f 5846//4003 5373//4003 5847//4003
f 5373//4004 5382//4004 5847//4004
f 5847//4004 5382//4004 5848//4004
f 5382//4005 5384//4005 5848//4005
f 5848//4005 5384//4005 5849//4005
f 5384//4006 5390//4006 5849//4006
f 5849//4006 5390//4006 5850//4006
f 5390//4007 5389//4007 5850//4007
f 5850//4007 5389//4007 5851//4007
f 5389//4008 5351//4008 5851//4008
f 5851//4008 5351//4008 5852//4008
f 5351//4009 5349//4009 5852//4009
f 5852//4009 5349//4009 5853//4009
f 5349//4010 5348//4010 5853//4010
f 5853//4010 5348//4010 5854//4010
f 5348//4011 5381//4011 5854//4011
f 5854//4011 5381//4011 5855//4011
f 5381//4012 5380//4012 5855//4012
f 5855//4012 5380//4012 5856//4012
f 5380//4013 5379//4013 5856//4013
f 5856//4013 5379//4013 5857//4013
f 5379//4014 5370//4014 5857//4014
f 5857//4014 5370//4014 5858//4014
f 5370//4015 5369//4015 5858//4015
f 5858//4015 5369//4015 5859//4015
f 5369//4016 5367//4016 5859//4016
f 5859//4016 5367//4016 5860//4016
f 5820//4017 5860//4017 5359//4017
f 5860//4017 5367//4017 5359//4017
f 5816//4018 5818//4018 5861//4018
f 5816//4018 5861//4018 5862//4018
f 5861//4019 5863//4019 5862//4019
f 5862//4019 5863//4019 5864//4019
f 5863//4020 5865//4020 5864//4020
f 5864//4020 5865//4020 5866//4020
f 5865//4021 5867//4021 5866//4021
f 5866//4021 5867//4021 5868//4021
f 5867//4022 5869//4022 5868//4022
f 5868//4022 5869//4022 5870//4022
f 5869//4023 5871//4023 5870//4023
f 5870//4023 5871//4023 5872//4023
f 5871//4024 5873//4024 5872//4024
f 5872//4024 5873//4024 5874//4024
f 5873//4025 5875//4025 5874//4025
f 5874//4025 5875//4025 5876//4025
f 5875//4026 5877//4026 5876//4026
f 5876//4026 5877//4026 5878//4026
f 5877//4027 5879//4027 5878//4027
f 5878//4027 5879//4027 5880//4027
f 5879//4028 5881//4028 5880//4028
f 5880//4028 5881//4028 5882//4028
f 5881//4029 5883//4029 5882//4029
f 5882//4029 5883//4029 5884//4029
f 5883//4030 5885//4030 5884//4030
f 5884//4030 5885//4030 5886//4030
f 5885//4031 5819//4031 5886//4031
f 5886//4031 5819//4031 5817//4031
f 5849//1 5816//1 5848//1
f 5816//1 5862//1 5848//1
f 5848//1 5862//1 5847//1
f 5849//1 5850//1 5829//1
f 5829//1 5830//1 5849//1
f 5830//1 5831//1 5849//1
f 5849//1 5831//1 5816//1
f 5831//1 5832//1 5816//1
f 5816//1 5832//1 5817//1
f 5832//1 5833//1 5817//1
f 5817//1 5833//1 5886//1
f 5833//1 5834//1 5886//1
f 5886//1 5834//1 5884//1
f 5834//1 5835//1 5884//1
f 5884//1 5835//1 5882//1
f 5835//1 5836//1 5882//1
f 5882//1 5836//1 5880//1
f 5856//1 5821//1 5855//1
f 5821//1 5822//1 5855//1
f 5855//1 5822//1 5854//1
f 5822//1 5823//1 5854//1
f 5854//1 5823//1 5853//1
f 5823//1 5824//1 5853//1
f 5853//1 5824//1 5852//1
f 5824//1 5825//1 5852//1
f 5852//1 5825//1 5851//1
f 5825//1 5826//1 5851//1
f 5826//1 5827//1 5851//1
f 5851//1 5827//1 5850//1
f 5827//1 5828//1 5850//1
f 5850//1 5828//1 5829//1
f 5847//1 5862//1 5846//1
f 5862//1 5864//1 5846//1
f 5846//1 5864//1 5845//1
f 5836//1 5837//1 5880//1
f 5837//1 5838//1 5880//1
f 5880//1 5838//1 5878//1
f 5838//1 5839//1 5878//1
f 5878//1 5839//1 5876//1
f 5839//1 5840//1 5876//1
f 5876//1 5840//1 5874//1
f 5840//1 5841//1 5874//1
f 5874//1 5841//1 5872//1
f 5856//1 5857//1 5821//1
f 5857//1 5858//1 5821//1
f 5821//1 5858//1 5820//1
f 5858//1 5859//1 5820//1
f 5820//1 5859//1 5860//1
f 5864//1 5866//1 5845//1
f 5866//1 5868//1 5845//1
f 5845//1 5868//1 5844//1
f 5868//1 5870//1 5844//1
f 5844//1 5870//1 5843//1
f 5870//1 5872//1 5843//1
f 5843//1 5872//1 5842//1
f 5872//1 5841//1 5842//1
f 5885//4032 5883//4032 5869//4032
f 5883//4033 5881//4033 5869//4033
f 5869//4034 5881//4034 5879//4034
f 5879//4035 5877//4035 5869//4035
f 5877//4036 5875//4036 5869//4036
f 5869//4037 5875//4037 5871//4037
f 5875//4038 5873//4038 5871//4038
f 5869//1 5867//1 5885//1
f 5867//1 5865//1 5885//1
f 5885//1 5865//1 5863//1
f 5863//4039 5861//4039 5885//4039
f 5861//4040 5818//4040 5885//4040
f 5885//4041 5818//4041 5819//4041
f 5887//57 5888//57 5421//57
f 5888//57 5413//57 5421//57
f 5887//4042 5421//4042 5420//4042
f 5887//4042 5420//4042 5889//4042
f 5420//4043 5415//4043 5889//4043
f 5889//4043 5415//4043 5890//4043
f 5415//4044 5414//4044 5890//4044
f 5890//4044 5414//4044 5891//4044
f 5414//4045 5419//4045 5891//4045
f 5891//4045 5419//4045 5892//4045
f 5419//4046 5423//4046 5892//4046
f 5892//4046 5423//4046 5893//4046
f 5423//4047 5422//4047 5893//4047
f 5893//4047 5422//4047 5894//4047
f 5422//4048 5418//4048 5894//4048
f 5894//4048 5418//4048 5895//4048
f 5418//4049 5416//4049 5895//4049
f 5895//4049 5416//4049 5896//4049
f 5897//49 5896//49 5412//49
f 5896//49 5416//49 5412//49
f 5888//62 5897//62 5413//62
f 5897//62 5412//62 5413//62
f 5888//1 5887//1 5889//1
f 5896//1 5897//1 5895//1
f 5897//1 5888//1 5895//1
f 5892//1 5893//1 5888//1
f 5893//1 5894//1 5888//1
f 5888//1 5894//1 5895//1
f 5889//1 5890//1 5888//1
f 5890//1 5891//1 5888//1
f 5888//1 5891//1 5892//1
f 5898//49 5899//49 5428//49
f 5899//49 5433//49 5428//49
f 5900//62 5898//62 5429//62
f 5898//62 5428//62 5429//62
f 5900//57 5429//57 5193//57
f 5900//57 5193//57 5901//57
f 5193//57 5192//57 5901//57
f 5901//57 5192//57 5453//57
f 5902//56 5901//56 5439//56
f 5901//56 5453//56 5439//56
f 5902//49 5439//49 5438//49
f 5902//49 5438//49 5903//49
f 5438//49 5443//49 5903//49
f 5903//49 5443//49 5442//49
f 5904//62 5903//62 5441//62
f 5903//62 5442//62 5441//62
f 5905//49 5904//49 5440//49
f 5904//49 5441//49 5440//49
f 5906//56 5905//56 5430//56
f 5905//56 5440//56 5430//56
f 5907//49 5906//49 5432//49
f 5906//49 5430//49 5432//49
f 5908//62 5907//62 5434//62
f 5907//62 5432//62 5434//62
f 5909//49 5908//49 5435//49
f 5908//49 5434//49 5435//49
f 5899//56 5909//56 5433//56
f 5909//56 5435//56 5433//56
f 5901//1 5902//1 5903//1
f 5903//1 5904//1 5901//1
f 5904//1 5905//1 5901//1
f 5901//1 5905//1 5900//1
f 5899//1 5898//1 5909//1
f 5898//1 5900//1 5909//1
f 5909//1 5900//1 5908//1
f 5900//1 5905//1 5908//1
f 5908//1 5905//1 5907//1
f 5905//1 5906//1 5907//1
f 5910//56 5911//56 5912//56
f 5911//56 5913//56 5912//56
f 5910//4050 5912//4050 5914//4050
f 5910//4050 5914//4050 5915//4050
f 5914//4051 5916//4051 5915//4051
f 5915//4051 5916//4051 5917//4051
f 5916//4052 5918//4052 5917//4052
f 5917//4052 5918//4052 5919//4052
f 5918//4053 5920//4053 5919//4053
f 5919//4053 5920//4053 5921//4053
f 5920//4054 5922//4054 5921//4054
f 5921//4054 5922//4054 5923//4054
f 5922//4055 5924//4055 5923//4055
f 5923//4055 5924//4055 5925//4055
f 5924//4056 5926//4056 5925//4056
f 5925//4056 5926//4056 5927//4056
f 5926//4057 5928//4057 5927//4057
f 5927//4057 5928//4057 5929//4057
f 5928//4058 5930//4058 5929//4058
f 5929//4058 5930//4058 5931//4058
f 5930//4059 5932//4059 5931//4059
f 5931//4059 5932//4059 5933//4059
f 5932//4060 5934//4060 5933//4060
f 5933//4060 5934//4060 5935//4060
f 5934//4061 5936//4061 5935//4061
f 5935//4061 5936//4061 5937//4061
f 5938//62 5937//62 5939//62
f 5937//62 5936//62 5939//62
f 5940//4062 5941//4062 5341//4062
f 5941//4062 5342//4062 5341//4062
f 5940//4063 5341//4063 5340//4063
f 5940//4063 5340//4063 5942//4063
f 5340//4064 5324//4064 5942//4064
f 5942//4064 5324//4064 5943//4064
f 5324//4065 5326//4065 5943//4065
f 5943//4065 5326//4065 5944//4065
f 5326//4066 5327//4066 5944//4066
f 5944//4066 5327//4066 5945//4066
f 5327//4067 5322//4067 5945//4067
f 5945//4067 5322//4067 5946//4067
f 5322//4068 5321//4068 5946//4068
f 5946//4068 5321//4068 5947//4068
f 5321//4069 5320//4069 5947//4069
f 5947//4069 5320//4069 5948//4069
f 5320//4070 5317//4070 5948//4070
f 5948//4070 5317//4070 5949//4070
f 5317//4071 5318//4071 5949//4071
f 5949//4071 5318//4071 5950//4071
f 5318//4072 5319//4072 5950//4072
f 5950//4072 5319//4072 5951//4072
f 5319//4073 5323//4073 5951//4073
f 5951//4073 5323//4073 5952//4073
f 5953//62 5952//62 5316//62
f 5952//62 5323//62 5316//62
f 5953//57 5316//57 5315//57
f 5953//57 5315//57 5954//57
f 5315//57 5328//57 5954//57
f 5954//57 5328//57 5332//57
f 5955//56 5954//56 5331//56
f 5954//56 5332//56 5331//56
f 5339//49 5956//49 5337//49
f 5956//49 5955//49 5337//49
f 5337//49 5955//49 5335//49
f 5955//49 5331//49 5335//49
f 5957//56 5956//56 5338//56
f 5956//56 5339//56 5338//56
f 5957//4074 5338//4074 5336//4074
f 5957//4075 5336//4075 5958//4075
f 5336//4076 5334//4076 5958//4076
f 5958//4077 5334//4077 5333//4077
f 5941//56 5958//56 5342//56
f 5958//56 5333//56 5342//56
f 5911//49 5938//49 5913//49
f 5938//49 5939//49 5913//49
f 5925//1 5927//1 5945//1
f 5953//1 5954//1 5956//1
f 5954//1 5955//1 5956//1
f 5945//1 5927//1 5944//1
f 5938//1 5956//1 5957//1
f 5958//1 5941//1 5957//1
f 5941//1 5940//1 5957//1
f 5957//1 5940//1 5938//1
f 5956//1 5938//1 5953//1
f 5938//1 5911//1 5953//1
f 5953//1 5911//1 5952//1
f 5927//1 5929//1 5944//1
f 5929//1 5931//1 5944//1
f 5944//1 5931//1 5943//1
f 5931//1 5933//1 5943//1
f 5943//1 5933//1 5942//1
f 5933//1 5935//1 5942//1
f 5942//1 5935//1 5940//1
f 5935//1 5937//1 5940//1
f 5940//1 5937//1 5938//1
f 5911//1 5910//1 5952//1
f 5910//1 5915//1 5952//1
f 5952//1 5915//1 5951//1
f 5915//1 5917//1 5951//1
f 5951//1 5917//1 5950//1
f 5917//1 5919//1 5950//1
f 5950//1 5919//1 5949//1
f 5919//1 5921//1 5949//1
f 5949//1 5921//1 5948//1
f 5921//1 5923//1 5948//1
f 5948//1 5923//1 5947//1
f 5923//1 5925//1 5947//1
f 5947//1 5925//1 5946//1
f 5925//1 5945//1 5946//1
f 5914//1 5912//1 5934//1
f 5913//1 5939//1 5912//1
f 5939//4078 5936//4078 5912//4078
f 5912//4079 5936//4079 5934//4079
f 5926//1 5934//1 5928//1
f 5934//1 5932//1 5928//1
f 5928//4080 5932//4080 5930//4080
f 5926//1 5924//1 5934//1
f 5924//1 5922//1 5934//1
f 5934//1 5922//1 5920//1
f 5920//1 5918//1 5934//1
f 5918//1 5916//1 5934//1
f 5934//1 5916//1 5914//1
f 5959//56 5960//56 5448//56
f 5960//56 5449//56 5448//56
f 5445//4081 5961//4081 5447//4081
f 5961//4082 5959//4082 5447//4082
f 5447//4083 5959//4083 5448//4083
f 5962//56 5961//56 5444//56
f 5961//56 5445//56 5444//56
f 5963//4084 5962//4084 5446//4084
f 5962//4084 5444//4084 5446//4084
f 5964//56 5963//56 5452//56
f 5963//56 5446//56 5452//56
f 5965//4085 5964//4085 5465//4085
f 5964//4085 5452//4085 5465//4085
f 5966//62 5965//62 5436//62
f 5965//62 5465//62 5436//62
f 5967//4086 5968//4086 5969//4086
f 5968//4086 5970//4086 5969//4086
f 5971//56 5967//56 5972//56
f 5967//56 5969//56 5972//56
f 5973//4087 5971//4087 5974//4087
f 5971//4087 5972//4087 5974//4087
f 5968//62 5973//62 5970//62
f 5973//62 5974//62 5970//62
f 5960//4088 5966//4088 5449//4088
f 5966//4088 5436//4088 5449//4088
f 5973//1 5964//1 5965//1
f 5963//1 5964//1 5962//1
f 5964//1 5973//1 5962//1
f 5962//1 5973//1 5961//1
f 5973//1 5968//1 5961//1
f 5959//1 5961//1 5960//1
f 5961//1 5968//1 5960//1
f 5960//1 5968//1 5966//1
f 5968//1 5967//1 5966//1
f 5966//1 5967//1 5965//1
f 5967//1 5971//1 5965//1
f 5965//1 5971//1 5973//1
f 5970//1 5974//1 5969//1
f 5974//1 5972//1 5969//1
f 5975//49 5976//49 5455//49
f 5976//49 5457//49 5455//49
f 5977//62 5975//62 5454//62
f 5975//62 5455//62 5454//62
f 5977//57 5454//57 5459//57
f 5977//57 5459//57 5978//57
f 5459//57 5461//57 5978//57
f 5978//57 5461//57 5462//57
f 5979//56 5978//56 5464//56
f 5978//56 5462//56 5464//56
f 5979//49 5464//49 5463//49
f 5979//49 5463//49 5980//49
f 5463//49 5466//49 5980//49
f 5980//49 5466//49 5456//49
f 5976//62 5980//62 5457//62
f 5980//62 5456//62 5457//62
f 5975//1 5977//1 5976//1
f 5977//1 5978//1 5976//1
f 5976//1 5978//1 5980//1
f 5978//1 5979//1 5980//1
f 5981//49 5982//49 5983//49
f 5982//49 5984//49 5983//49
f 5985//49 5986//49 5286//49
f 5986//49 5287//49 5286//49
f 5277//4089 5987//4089 5988//4089
f 5277//4089 5988//4089 5273//4089
f 5988//4090 5989//4090 5273//4090
f 5273//4090 5989//4090 5271//4090
f 5989//4091 5990//4091 5271//4091
f 5271//4091 5990//4091 5272//4091
f 5990//4092 5991//4092 5272//4092
f 5272//4092 5991//4092 5274//4092
f 5991//4093 5992//4093 5274//4093
f 5274//4093 5992//4093 5275//4093
f 5992//4094 5993//4094 5275//4094
f 5275//4094 5993//4094 5276//4094
f 5993//4095 5994//4095 5276//4095
f 5276//4095 5994//4095 5266//4095
f 5994//4096 5995//4096 5266//4096
f 5266//4096 5995//4096 5267//4096
f 5995//4097 5996//4097 5267//4097
f 5267//4097 5996//4097 5269//4097
f 5996//4098 5997//4098 5269//4098
f 5269//4098 5997//4098 5281//4098
f 5997//4099 5998//4099 5281//4099
f 5281//4099 5998//4099 5282//4099
f 5998//4100 5999//4100 5282//4100
f 5282//4100 5999//4100 5283//4100
f 5999//4101 6000//4101 5283//4101
f 5283//4101 6000//4101 5284//4101
f 6000//4102 6001//4102 5284//4102
f 5284//4102 6001//4102 5293//4102
f 6001//4103 6002//4103 5293//4103
f 5293//4103 6002//4103 5294//4103
f 6002//4104 6003//4104 5294//4104
f 5294//4104 6003//4104 5295//4104
f 6003//4105 6004//4105 5295//4105
f 5295//4105 6004//4105 5292//4105
f 6004//4106 6005//4106 5292//4106
f 5292//4106 6005//4106 5290//4106
f 6005//4107 6006//4107 5290//4107
f 5290//4107 6006//4107 5288//4107
f 6006//4108 5985//4108 5288//4108
f 5288//4108 5985//4108 5286//4108
f 6007//49 5987//49 5278//49
f 5987//49 5277//49 5278//49
f 6008//62 6007//62 5279//62
f 6007//62 5278//62 5279//62
f 5199//57 5198//57 6009//57
f 6008//57 5279//57 5297//57
f 6008//57 5297//57 6009//57
f 5297//57 5296//57 6009//57
f 6009//57 5296//57 5199//57
f 6010//56 6009//56 5300//56
f 6009//56 5198//56 5300//56
f 5304//49 6011//49 5302//49
f 6011//49 6010//49 5302//49
f 5302//49 6010//49 5300//49
f 6012//56 6011//56 5303//56
f 6011//56 5304//56 5303//56
f 6012//4109 5303//4109 5311//4109
f 6012//4109 5311//4109 6013//4109
f 5311//4110 5310//4110 6013//4110
f 6013//4110 5310//4110 6014//4110
f 5310//4111 5308//4111 6014//4111
f 6014//4111 5308//4111 6015//4111
f 5308//4112 5306//4112 6015//4112
f 6015//4112 5306//4112 6016//4112
f 5306//4113 5305//4113 6016//4113
f 6016//4113 5305//4113 6017//4113
f 5305//4114 5314//4114 6017//4114
f 6017//4114 5314//4114 6018//4114
f 5314//4115 5312//4115 6018//4115
f 6018//4115 5312//4115 6019//4115
f 5312//4116 5268//4116 6019//4116
f 6019//4116 5268//4116 6020//4116
f 5268//4117 5270//4117 6020//4117
f 6020//4117 5270//4117 6021//4117
f 5270//4118 5280//4118 6021//4118
f 6021//4118 5280//4118 6022//4118
f 5280//4119 5285//4119 6022//4119
f 6022//4119 5285//4119 6023//4119
f 5285//4120 5291//4120 6023//4120
f 6023//4120 5291//4120 6024//4120
f 5291//4121 5289//4121 6024//4121
f 6024//4121 5289//4121 6025//4121
f 5289//4122 5287//4122 6025//4122
f 6025//4122 5287//4122 5986//4122
f 5981//4123 5983//4123 6026//4123
f 5981//4123 6026//4123 6027//4123
f 6026//4124 6028//4124 6027//4124
f 6027//4124 6028//4124 6029//4124
f 6028//4125 6030//4125 6029//4125
f 6029//4125 6030//4125 6031//4125
f 6030//4126 6032//4126 6031//4126
f 6031//4126 6032//4126 6033//4126
f 6032//4127 6034//4127 6033//4127
f 6033//4127 6034//4127 6035//4127
f 6034//4128 6036//4128 6035//4128
f 6035//4128 6036//4128 6037//4128
f 6036//4129 6038//4129 6037//4129
f 6037//4129 6038//4129 6039//4129
f 6038//4130 6040//4130 6039//4130
f 6039//4130 6040//4130 6041//4130
f 6040//4131 6042//4131 6041//4131
f 6041//4131 6042//4131 6043//4131
f 6042//4132 6044//4132 6043//4132
f 6043//4132 6044//4132 6045//4132
f 6044//4133 6046//4133 6045//4133
f 6045//4133 6046//4133 6047//4133
f 6046//4134 6048//4134 6047//4134
f 6047//4134 6048//4134 6049//4134
f 6048//4135 6050//4135 6049//4135
f 6049//4135 6050//4135 6051//4135
f 6050//4136 6052//4136 6051//4136
f 6051//4136 6052//4136 6053//4136
f 6052//4137 6054//4137 6053//4137
f 6053//4137 6054//4137 6055//4137
f 6054//4138 5984//4138 6055//4138
f 6055//4138 5984//4138 5982//4138
f 6037//1 6039//1 6018//1
f 6009//1 6010//1 6011//1
f 6007//1 6008//1 5987//1
f 6008//1 6009//1 5987//1
f 6011//1 6012//1 6053//1
f 5981//1 6009//1 5982//1
f 6009//1 6011//1 5982//1
f 5982//1 6011//1 6055//1
f 6011//1 6053//1 6055//1
f 6018//1 6039//1 6017//1
f 6039//1 6041//1 6017//1
f 6017//1 6041//1 6016//1
f 6041//1 6043//1 6016//1
f 6016//1 6043//1 6015//1
f 6043//1 6045//1 6015//1
f 6015//1 6045//1 6014//1
f 6045//1 6047//1 6014//1
f 6014//1 6047//1 6013//1
f 6047//1 6049//1 6013//1
f 6013//1 6049//1 6012//1
f 6049//1 6051//1 6012//1
f 6012//1 6051//1 6053//1
f 6018//1 6019//1 6037//1
f 6019//1 6020//1 6037//1
f 6037//1 6020//1 6035//1
f 6020//1 6021//1 6035//1
f 6035//1 6021//1 6033//1
f 6021//1 6022//1 6033//1
f 6033//1 6022//1 6031//1
f 6022//1 6023//1 6031//1
f 6031//1 6023//1 6029//1
f 6023//1 6024//1 6029//1
f 6029//1 6024//1 6027//1
f 6024//1 6025//1 6027//1
f 6027//1 6025//1 5981//1
f 6025//1 5986//1 5981//1
f 5981//1 5986//1 6009//1
f 5986//1 5985//1 6009//1
f 6009//1 5985//1 5987//1
f 5985//1 6006//1 5987//1
f 5987//1 6006//1 5988//1
f 6006//1 6005//1 5988//1
f 5988//1 6005//1 5989//1
f 6005//1 6004//1 5989//1
f 5989//1 6004//1 5990//1
f 6004//1 6003//1 5990//1
f 5990//1 6003//1 5991//1
f 6003//1 6002//1 5991//1
f 5991//1 6002//1 6001//1
f 6001//1 6000//1 5991//1
f 6000//1 5999//1 5991//1
f 5991//1 5999//1 5992//1
f 5999//1 5993//1 5992//1
f 5999//1 5998//1 5993//1
f 5998//1 5997//1 5993//1
f 5993//1 5997//1 5994//1
f 5997//1 5996//1 5994//1
f 5994//1 5996//1 5995//1
f 5983//4139 5984//4139 6026//4139
f 5984//4140 6054//4140 6026//4140
f 6026//4141 6054//4141 6052//4141
f 6052//4142 6050//4142 6026//4142
f 6050//4143 6048//4143 6026//4143
f 6026//4144 6048//4144 6028//4144
f 6046//4145 6044//4145 6032//4145
f 6044//4146 6042//4146 6032//4146
f 6032//4147 6042//4147 6034//4147
f 6046//4148 6032//4148 6048//4148
f 6032//4149 6030//4149 6048//4149
f 6048//4150 6030//4150 6028//4150
f 6040//4151 6038//4151 6042//4151
f 6038//4152 6036//4152 6042//4152
f 6042//4153 6036//4153 6034//4153
f 6056//49 6057//49 5470//49
f 6057//49 5469//49 5470//49
f 5472//62 6058//62 5471//62
f 6058//62 6056//62 5471//62
f 5471//62 6056//62 5470//62
f 6058//57 5472//57 5473//57
f 6058//57 5473//57 6059//57
f 5473//57 5475//57 6059//57
f 6059//57 5475//57 5476//57
f 6059//56 5476//56 6060//56
f 5476//56 5477//56 6060//56
f 6060//56 5477//56 5478//56
f 6060//49 5478//49 5480//49
f 6060//49 5480//49 6061//49
f 5480//49 5479//49 6061//49
f 6061//49 5479//49 5468//49
f 5488//62 6062//62 5467//62
f 6062//62 6061//62 5467//62
f 5467//62 6061//62 5468//62
f 6063//49 6062//49 5487//49
f 6062//49 5488//49 5487//49
f 6064//56 6063//56 5486//56
f 6063//56 5487//56 5486//56
f 6065//49 6064//49 5485//49
f 6064//49 5486//49 5485//49
f 6066//62 6065//62 5483//62
f 6065//62 5485//62 5483//62
f 6067//49 6066//49 5482//49
f 6066//49 5483//49 5482//49
f 6067//56 5482//56 6057//56
f 5482//56 5484//56 6057//56
f 6057//56 5484//56 5469//56
f 6060//1 6061//1 6059//1
f 6061//1 6062//1 6059//1
f 6059//1 6062//1 6058//1
f 6062//1 6063//1 6058//1
f 6057//1 6056//1 6067//1
f 6056//1 6058//1 6067//1
f 6067//1 6058//1 6066//1
f 6058//1 6063//1 6066//1
f 6066//1 6063//1 6065//1
f 6063//1 6064//1 6065//1
f 6068//56 6069//56 5481//56
f 6069//56 5262//56 5481//56
f 5244//49 6070//49 5263//49
f 6070//49 6068//49 5263//49
f 5263//49 6068//49 5264//49
f 6068//49 5481//49 5264//49
f 5239//4154 5238//4154 6071//4154
f 6070//4155 5244//4155 5243//4155
f 6070//4156 5243//4156 6071//4156
f 5243//4157 5241//4157 6071//4157
f 6071//4158 5241//4158 5239//4158
f 5246//56 6072//56 5245//56
f 6072//56 6071//56 5245//56
f 5245//56 6071//56 5238//56
f 5256//49 6073//49 5257//49
f 6073//49 6072//49 5257//49
f 5257//49 6072//49 5248//49
f 6072//49 5246//49 5248//49
f 5253//62 6074//62 5255//62
f 6074//62 6073//62 5255//62
f 5255//62 6073//62 5256//62
f 6075//57 6074//57 5252//57
f 6074//57 5253//57 5252//57
f 6076//4159 6075//4159 5251//4159
f 6075//4159 5252//4159 5251//4159
f 6077//62 6076//62 5254//62
f 6076//62 5251//62 5254//62
f 6077//57 5254//57 5259//57
f 6077//57 5259//57 6069//57
f 5259//57 5261//57 6069//57
f 6069//57 5261//57 5262//57
f 6069//1 6068//1 6077//1
f 6068//1 6070//1 6077//1
f 6073//1 6074//1 6072//1
f 6074//1 6075//1 6072//1
f 6072//1 6075//1 6071//1
f 6071//1 6075//1 6070//1
f 6075//1 6076//1 6070//1
f 6070//1 6076//1 6077//1
f 6078//4160 5506//4160 6079//4160
f 5506//4161 5505//4161 6079//4161
f 6079//4161 5505//4161 6080//4161
f 5505//4162 5500//4162 6080//4162
f 6080//4162 5500//4162 6081//4162
f 5500//4163 5499//4163 6081//4163
f 6081//4163 5499//4163 6082//4163
f 5499//4164 5498//4164 6082//4164
f 6082//4164 5498//4164 6083//4164
f 5498//4165 5511//4165 6083//4165
f 6083//4165 5511//4165 6084//4165
f 5511//4166 5512//4166 6084//4166
f 6084//4166 5512//4166 6085//4166
f 5512//4167 5513//4167 6085//4167
f 6085//4167 5513//4167 6086//4167
f 5513//4168 5518//4168 6086//4168
f 6086//4168 5518//4168 6087//4168
f 5518//4169 5517//4169 6087//4169
f 6087//4169 5517//4169 6088//4169
f 5517//4170 5516//4170 6088//4170
f 6088//4170 5516//4170 6089//4170
f 5516//4171 5515//4171 6089//4171
f 6089//4171 5515//4171 6090//4171
f 5515//4172 5514//4172 6090//4172
f 6090//4172 5514//4172 6091//4172
f 5514//4173 5529//4173 6091//4173
f 6091//4173 5529//4173 6092//4173
f 5529//4174 5528//4174 6092//4174
f 6092//4174 5528//4174 6093//4174
f 5528//4175 5527//4175 6093//4175
f 6093//4175 5527//4175 6094//4175
f 5527//4176 5521//4176 6094//4176
f 6094//4176 5521//4176 6095//4176
f 5521//4177 5525//4177 6095//4177
f 6095//4177 5525//4177 6096//4177
f 5525//4178 5526//4178 6096//4178
f 6096//4178 5526//4178 6097//4178
f 5526//4179 5535//4179 6097//4179
f 6097//4179 5535//4179 6098//4179
f 5535//4180 5538//4180 6098//4180
f 6098//4180 5538//4180 6099//4180
f 5538//4181 5551//4181 6099//4181
f 6099//4181 5551//4181 6100//4181
f 5551//4182 5550//4182 6100//4182
f 6100//4182 5550//4182 6101//4182
f 5550//4183 5549//4183 6101//4183
f 6101//4183 5549//4183 6102//4183
f 5549//4184 5548//4184 6102//4184
f 6102//4184 5548//4184 6103//4184
f 5548//4185 5547//4185 6103//4185
f 6103//4185 5547//4185 6104//4185
f 5547//4186 5546//4186 6104//4186
f 6104//4186 5546//4186 6105//4186
f 5546//4187 5545//4187 6105//4187
f 6105//4187 5545//4187 6106//4187
f 5545//4188 5544//4188 6106//4188
f 6106//4188 5544//4188 6107//4188
f 5544//4189 5543//4189 6107//4189
f 6107//4189 5543//4189 6108//4189
f 5543//4190 5542//4190 6108//4190
f 6108//4190 5542//4190 6109//4190
f 5542//4191 5541//4191 6109//4191
f 6109//4191 5541//4191 6110//4191
f 5541//4192 5540//4192 6110//4192
f 6110//4192 5540//4192 6111//4192
f 5540//4193 5539//4193 6111//4193
f 6111//4193 5539//4193 6112//4193
f 5539//4194 5537//4194 6112//4194
f 6112//4194 5537//4194 6113//4194
f 5537//4195 5536//4195 6113//4195
f 6113//4195 5536//4195 6114//4195
f 5536//4196 5534//4196 6114//4196
f 6114//4196 5534//4196 6115//4196
f 5534//4197 5533//4197 6115//4197
f 6115//4197 5533//4197 6116//4197
f 5533//4198 5524//4198 6116//4198
f 6116//4198 5524//4198 6117//4198
f 5524//4199 5523//4199 6117//4199
f 6117//4199 5523//4199 6118//4199
f 5523//4200 5522//4200 6118//4200
f 6118//4200 5522//4200 6119//4200
f 5522//4201 5520//4201 6119//4201
f 6119//4201 5520//4201 6120//4201
f 5520//4202 5519//4202 6120//4202
f 6120//4202 5519//4202 6121//4202
f 5519//4203 5532//4203 6121//4203
f 6121//4203 5532//4203 6122//4203
f 5532//4204 5531//4204 6122//4204
f 6122//4204 5531//4204 6123//4204
f 5531//4205 5530//4205 6123//4205
f 6123//4205 5530//4205 6124//4205
f 5530//4206 5556//4206 6124//4206
f 6124//4206 5556//4206 6125//4206
f 5556//4207 5555//4207 6125//4207
f 6125//4207 5555//4207 6126//4207
f 5555//4208 5554//4208 6126//4208
f 6126//4208 5554//4208 6127//4208
f 5554//4209 5553//4209 6127//4209
f 6127//4209 5553//4209 6128//4209
f 5553//4210 5563//4210 6128//4210
f 6128//4210 5563//4210 6129//4210
f 5563//4211 5562//4211 6129//4211
f 6129//4211 5562//4211 6130//4211
f 5562//4212 5560//4212 6130//4212
f 6130//4212 5560//4212 6131//4212
f 5560//4213 5559//4213 6131//4213
f 6131//4213 5559//4213 6132//4213
f 5559//4214 5558//4214 6132//4214
f 6132//4214 5558//4214 6133//4214
f 5558//4215 5557//4215 6133//4215
f 6133//4215 5557//4215 6134//4215
f 5557//4216 5564//4216 6134//4216
f 6134//4216 5564//4216 6135//4216
f 5564//4217 5495//4217 6135//4217
f 6135//4217 5495//4217 6136//4217
f 5495//4218 5494//4218 6136//4218
f 6136//4218 5494//4218 6137//4218
f 5494//4219 5493//4219 6137//4219
f 6137//4219 5493//4219 6138//4219
f 5493//4220 5492//4220 6138//4220
f 6138//4220 5492//4220 6139//4220
f 5492//4221 5490//4221 6139//4221
f 6139//4221 5490//4221 6140//4221
f 5490//4222 5489//4222 6140//4222
f 6140//4222 5489//4222 6141//4222
f 5489//4223 5501//4223 6141//4223
f 6141//4223 5501//4223 6142//4223
f 5501//4224 5567//4224 6142//4224
f 6142//4224 5567//4224 6143//4224
f 5567//4225 5569//4225 6143//4225
f 6143//4225 5569//4225 6144//4225
f 5569//4226 5571//4226 6144//4226
f 6144//4226 5571//4226 6145//4226
f 5571//4227 5572//4227 6145//4227
f 6145//4227 5572//4227 6146//4227
f 5572//4228 5581//4228 6146//4228
f 6146//4228 5581//4228 6147//4228
f 5581//4229 5580//4229 6147//4229
f 6147//4229 5580//4229 6148//4229
f 5580//4230 5579//4230 6148//4230
f 6148//4230 5579//4230 6149//4230
f 5579//4231 5578//4231 6149//4231
f 6149//4231 5578//4231 6150//4231
f 5578//4232 5577//4232 6150//4232
f 6150//4232 5577//4232 6151//4232
f 5577//4233 5576//4233 6151//4233
f 6151//4233 5576//4233 6152//4233
f 5576//4234 5575//4234 6152//4234
f 6152//4234 5575//4234 6153//4234
f 5575//4235 5574//4235 6153//4235
f 6153//4235 5574//4235 6154//4235
f 5574//4236 5573//4236 6154//4236
f 6154//4236 5573//4236 6155//4236
f 5573//4237 5570//4237 6155//4237
f 6155//4237 5570//4237 6156//4237
f 5570//4238 5568//4238 6156//4238
f 6156//4238 5568//4238 6157//4238
f 5568//4239 5566//4239 6157//4239
f 6157//4239 5566//4239 6158//4239
f 5566//4240 5565//4240 6158//4240
f 6158//4240 5565//4240 6159//4240
f 5565//4241 5502//4241 6159//4241
f 6159//4241 5502//4241 6160//4241
f 5502//4242 5504//4242 6160//4242
f 6160//4242 5504//4242 6161//4242
f 5504//4243 5503//4243 6161//4243
f 6161//4243 5503//4243 6162//4243
f 5503//4244 5491//4244 6162//4244
f 6162//4244 5491//4244 6163//4244
f 5491//4245 5510//4245 6163//4245
f 6163//4245 5510//4245 6164//4245
f 5510//4246 5509//4246 6164//4246
f 6164//4246 5509//4246 6165//4246
f 5509//4247 5508//4247 6165//4247
f 6165//4247 5508//4247 6166//4247
f 5508//4248 5507//4248 6166//4248
f 6166//4248 5507//4248 6078//4248
f 5507//4160 5506//4160 6078//4160
f 6146//1 6147//1 6092//1
f 6092//1 6147//1 6091//1
f 6092//1 6093//1 6146//1
f 6093//1 6094//1 6146//1
f 6146//1 6094//1 6145//1
f 6142//1 6100//1 6141//1
f 6100//1 6101//1 6141//1
f 6141//1 6101//1 6140//1
f 6101//1 6102//1 6140//1
f 6127//1 6128//1 6113//1
f 6164//1 6165//1 6158//1
f 6080//1 6081//1 6157//1
f 6113//1 6128//1 6112//1
f 6128//1 6129//1 6112//1
f 6112//1 6129//1 6111//1
f 6129//1 6130//1 6111//1
f 6111//1 6130//1 6110//1
f 6130//1 6131//1 6110//1
f 6110//1 6131//1 6109//1
f 6131//1 6132//1 6109//1
f 6109//1 6132//1 6108//1
f 6132//1 6133//1 6108//1
f 6108//1 6133//1 6107//1
f 6133//1 6134//1 6107//1
f 6107//1 6134//1 6106//1
f 6134//1 6135//1 6106//1
f 6106//1 6135//1 6105//1
f 6135//1 6136//1 6105//1
f 6105//1 6136//1 6104//1
f 6136//1 6137//1 6104//1
f 6104//1 6137//1 6103//1
f 6137//1 6138//1 6103//1
f 6103//1 6138//1 6102//1
f 6138//1 6139//1 6102//1
f 6102//1 6139//1 6140//1
f 6094//1 6095//1 6145//1
f 6095//1 6096//1 6145//1
f 6145//1 6096//1 6144//1
f 6096//1 6097//1 6144//1
f 6144//1 6097//1 6143//1
f 6097//1 6098//1 6143//1
f 6143//1 6098//1 6142//1
f 6098//1 6099//1 6142//1
f 6142//1 6099//1 6100//1
f 6165//1 6166//1 6158//1
f 6166//1 6078//1 6158//1
f 6158//1 6078//1 6157//1
f 6078//1 6079//1 6157//1
f 6157//1 6079//1 6080//1
f 6081//1 6082//1 6157//1
f 6082//1 6083//1 6157//1
f 6157//1 6083//1 6156//1
f 6083//1 6084//1 6156//1
f 6156//1 6084//1 6155//1
f 6147//1 6148//1 6091//1
f 6148//1 6149//1 6091//1
f 6091//1 6149//1 6090//1
f 6149//1 6150//1 6090//1
f 6090//1 6150//1 6089//1
f 6150//1 6151//1 6089//1
f 6155//1 6084//1 6154//1
f 6084//1 6085//1 6154//1
f 6154//1 6085//1 6153//1
f 6085//1 6086//1 6153//1
f 6153//1 6086//1 6152//1
f 6086//1 6087//1 6152//1
f 6152//1 6087//1 6151//1
f 6087//1 6088//1 6151//1
f 6151//1 6088//1 6089//1
f 6160//1 6161//1 6159//1
f 6161//1 6162//1 6159//1
f 6159//1 6162//1 6158//1
f 6162//1 6163//1 6158//1
f 6158//1 6163//1 6164//1
f 6113//1 6114//1 6127//1
f 6114//1 6115//1 6127//1
f 6127//1 6115//1 6116//1
f 6116//1 6117//1 6127//1
f 6117//1 6118//1 6127//1
f 6127//1 6118//1 6119//1
f 6123//1 6120//1 6122//1
f 6120//1 6121//1 6122//1
f 6123//1 6124//1 6120//1
f 6124//1 6125//1 6120//1
f 6120//1 6125//1 6119//1
f 6125//1 6126//1 6119//1
f 6119//1 6126//1 6127//1
f 6167//49 6168//49 5202//49
f 6168//49 5211//49 5202//49
f 5214//62 6169//62 5497//62
f 6169//62 6167//62 5497//62
f 5497//62 6167//62 5496//62
f 6167//62 5202//62 5496//62
f 6169//57 5214//57 5216//57
f 6169//57 5216//57 6170//57
f 5216//57 5218//57 6170//57
f 6170//57 5218//57 5219//57
f 6170//56 5219//56 5222//56
f 6170//56 5222//56 6171//56
f 5222//56 5223//56 6171//56
f 6171//56 5223//56 5225//56
f 6171//49 5225//49 5224//49
f 6171//49 5224//49 6172//49
f 5224//49 5666//49 6172//49
f 6172//49 5666//49 5210//49
f 5210//62 5209//62 6172//62
f 5209//62 5229//62 6172//62
f 6172//62 5229//62 6173//62
f 5229//62 5231//62 6173//62
f 6174//49 6173//49 5232//49
f 6173//49 5231//49 5232//49
f 5228//56 6175//56 5230//56
f 6175//56 6174//56 5230//56
f 5230//56 6174//56 5232//56
f 6176//49 6175//49 5237//49
f 6175//49 5228//49 5237//49
f 5234//62 6177//62 5236//62
f 6177//62 6176//62 5236//62
f 5236//62 6176//62 5237//62
f 6178//49 6177//49 5233//49
f 6177//49 5234//49 5233//49
f 5227//56 5211//56 6168//56
f 5227//56 6168//56 5235//56
f 6168//56 6178//56 5235//56
f 5235//56 6178//56 5233//56
f 6170//1 6171//1 6172//1
f 6172//1 6173//1 6170//1
f 6173//1 6174//1 6170//1
f 6170//1 6174//1 6169//1
f 6168//1 6167//1 6178//1
f 6167//1 6169//1 6178//1
f 6178//1 6169//1 6177//1
f 6169//1 6174//1 6177//1
f 6177//1 6174//1 6176//1
f 6174//1 6175//1 6176//1
f 6179//57 6180//57 5203//57
f 6180//57 5201//57 5203//57
f 6181//56 6179//56 5205//56
f 6179//56 5203//56 5205//56
f 6182//57 6181//57 5204//57
f 6181//57 5205//57 5204//57
f 6183//56 6182//56 5212//56
f 6182//56 5204//56 5212//56
f 6184//49 6183//49 5213//49
f 6183//49 5212//49 5213//49
f 6185//56 6184//56 5206//56
f 6184//56 5213//56 5206//56
f 6186//49 6185//49 5208//49
f 6185//49 5206//49 5208//49
f 6180//62 6186//62 5201//62
f 6186//62 5208//62 5201//62
f 6180//1 6179//1 6186//1
f 6179//1 6181//1 6186//1
f 6185//1 6186//1 6184//1
f 6186//1 6181//1 6184//1
f 6184//1 6181//1 6183//1
f 6181//1 6182//1 6183//1
f 6187//4249 6188//4249 5660//4249
f 6188//4249 5661//4249 5660//4249
f 6189//62 6187//62 5662//62
f 6187//62 5660//62 5662//62
f 6190//57 6189//57 5659//57
f 6189//57 5662//57 5659//57
f 6191//4250 6190//4250 5658//4250
f 6190//4250 5659//4250 5658//4250
f 6192//57 6191//57 5657//57
f 6191//57 5658//57 5657//57
f 6193//56 6192//56 5654//56
f 6192//56 5657//56 5654//56
f 6194//49 6193//49 5656//49
f 6193//49 5654//49 5656//49
f 6195//4251 6194//4251 5655//4251
f 6194//4251 5656//4251 5655//4251
f 6196//49 6195//49 5185//49
f 6195//49 5655//49 5185//49
f 6197//62 6196//62 5184//62
f 6196//62 5185//62 5184//62
f 6188//4252 6197//4252 5661//4252
f 6197//4252 5184//4252 5661//4252
f 6188//1 6193//1 6194//1
f 6188//1 6194//1 6197//1
f 6194//1 6195//1 6197//1
f 6197//1 6195//1 6196//1
f 6192//1 6193//1 6191//1
f 6193//1 6188//1 6191//1
f 6191//1 6188//1 6190//1
f 6188//1 6187//1 6190//1
f 6190//1 6187//1 6189//1
f 6198//57 6199//57 5612//57
f 6199//57 5613//57 5612//57
f 6198//4253 5612//4253 5614//4253
f 6198//4253 5614//4253 6200//4253
f 5614//4254 5625//4254 6200//4254
f 6200//4254 5625//4254 6201//4254
f 5625//4255 5624//4255 6201//4255
f 6201//4255 5624//4255 6202//4255
f 5624//4256 5623//4256 6202//4256
f 6202//4256 5623//4256 6203//4256
f 5623//4257 5636//4257 6203//4257
f 6203//4257 5636//4257 6204//4257
f 5636//4258 5635//4258 6204//4258
f 6204//4258 5635//4258 6205//4258
f 5635//4259 5634//4259 6205//4259
f 6205//4259 5634//4259 6206//4259
f 5634//4260 5617//4260 6206//4260
f 6206//4260 5617//4260 6207//4260
f 5617//4261 5616//4261 6207//4261
f 6207//4261 5616//4261 6208//4261
f 5616//4262 5633//4262 6208//4262
f 6208//4262 5633//4262 6209//4262
f 5633//4263 5632//4263 6209//4263
f 6209//4263 5632//4263 6210//4263
f 5632//4264 5626//4264 6210//4264
f 6210//4264 5626//4264 6211//4264
f 5626//4265 5627//4265 6211//4265
f 6211//4265 5627//4265 6212//4265
f 5627//4266 5628//4266 6212//4266
f 6212//4266 5628//4266 6213//4266
f 5628//4267 5631//4267 6213//4267
f 6213//4267 5631//4267 6214//4267
f 5631//4268 5630//4268 6214//4268
f 6214//4268 5630//4268 6215//4268
f 5630//4269 5640//4269 6215//4269
f 6215//4269 5640//4269 6216//4269
f 5640//4270 5622//4270 6216//4270
f 6216//4270 5622//4270 6217//4270
f 6218//49 6217//49 5621//49
f 6217//49 5622//49 5621//49
f 6218//4271 5621//4271 5620//4271
f 6218//4271 5620//4271 6219//4271
f 5620//4272 5619//4272 6219//4272
f 6219//4272 5619//4272 6220//4272
f 5619//4273 5647//4273 6220//4273
f 6220//4273 5647//4273 6221//4273
f 5647//4274 5646//4274 6221//4274
f 6221//4274 5646//4274 6222//4274
f 5646//4275 5645//4275 6222//4275
f 6222//4275 5645//4275 6223//4275
f 5645//4276 5644//4276 6223//4276
f 6223//4276 5644//4276 6224//4276
f 5644//4277 5650//4277 6224//4277
f 6224//4277 5650//4277 6225//4277
f 5650//4278 5649//4278 6225//4278
f 6225//4278 5649//4278 6226//4278
f 5649//4279 5648//4279 6226//4279
f 6226//4279 5648//4279 6227//4279
f 5648//4280 5653//4280 6227//4280
f 6227//4280 5653//4280 6228//4280
f 5653//4281 5652//4281 6228//4281
f 6228//4281 5652//4281 6229//4281
f 5652//4282 5651//4282 6229//4282
f 6229//4282 5651//4282 6230//4282
f 5651//4283 5643//4283 6230//4283
f 6230//4283 5643//4283 6231//4283
f 5643//4284 5642//4284 6231//4284
f 6231//4284 5642//4284 6232//4284
f 5642//4285 5641//4285 6232//4285
f 6232//4285 5641//4285 6233//4285
f 5641//4286 5637//4286 6233//4286
f 6233//4286 5637//4286 6234//4286
f 5637//4287 5638//4287 6234//4287
f 6234//4287 5638//4287 6235//4287
f 5638//4288 5639//4288 6235//4288
f 6235//4288 5639//4288 6236//4288
f 6237//49 6236//49 5629//49
f 6236//49 5639//49 5629//49
f 6238//62 6237//62 5618//62
f 6237//62 5629//62 5618//62
f 6239//57 6238//57 5615//57
f 6238//57 5618//57 5615//57
f 6199//56 6239//56 5613//56
f 6239//56 5615//56 5613//56
f 6216//1 6217//1 6218//1
f 6218//1 6219//1 6216//1
f 6219//1 6220//1 6216//1
f 6216//1 6220//1 6215//1
f 6220//1 6221//1 6215//1
f 6215//1 6221//1 6214//1
f 6221//1 6222//1 6214//1
f 6214//1 6222//1 6213//1
f 6222//1 6223//1 6213//1
f 6213//1 6223//1 6212//1
f 6223//1 6224//1 6212//1
f 6212//1 6224//1 6211//1
f 6224//1 6225//1 6211//1
f 6211//1 6225//1 6210//1
f 6225//1 6226//1 6210//1
f 6210//1 6226//1 6209//1
f 6226//1 6227//1 6209//1
f 6209//1 6227//1 6208//1
f 6227//1 6228//1 6208//1
f 6208//1 6228//1 6207//1
f 6228//1 6229//1 6207//1
f 6207//1 6229//1 6206//1
f 6229//1 6230//1 6206//1
f 6206//1 6230//1 6205//1
f 6230//1 6231//1 6205//1
f 6205//1 6231//1 6204//1
f 6231//1 6232//1 6204//1
f 6204//1 6232//1 6203//1
f 6232//1 6233//1 6203//1
f 6203//1 6233//1 6202//1
f 6233//1 6234//1 6202//1
f 6238//1 6239//1 6237//1
f 6239//1 6199//1 6237//1
f 6237//1 6199//1 6236//1
f 6199//1 6198//1 6236//1
f 6236//1 6198//1 6235//1
f 6198//1 6200//1 6235//1
f 6235//1 6200//1 6234//1
f 6200//1 6201//1 6234//1
f 6234//1 6201//1 6202//1
f 6240//4289 6241//4289 6242//4289
f 6241//4289 6243//4289 6242//4289
f 6242//4290 6243//4290 6244//4290
f 6243//4290 6245//4290 6244//4290
f 6244//4291 6245//4291 6246//4291
f 6245//4291 6247//4291 6246//4291
f 6246//4292 6247//4292 6248//4292
f 6247//4292 6249//4292 6248//4292
f 6248//4293 6249//4293 6250//4293
f 6249//4293 6251//4293 6250//4293
f 6250//4294 6251//4294 6252//4294
f 6251//4294 6253//4294 6252//4294
f 6252//4295 6253//4295 6254//4295
f 6253//4295 6255//4295 6254//4295
f 6254//60 6255//60 6256//60
f 6255//60 6257//60 6256//60
f 6256//4296 6257//4296 6258//4296
f 6257//4296 6259//4296 6258//4296
f 6258//4297 6259//4297 6260//4297
f 6259//4297 6261//4297 6260//4297
f 6260//4298 6261//4298 6262//4298
f 6261//4298 6263//4298 6262//4298
f 6262//4299 6263//4299 6264//4299
f 6263//4299 6265//4299 6264//4299
f 6264//4300 6265//4300 6266//4300
f 6265//4300 6267//4300 6266//4300
f 6266//4301 6267//4301 6268//4301
f 6267//4301 6269//4301 6268//4301
f 6268//4302 6269//4302 6270//4302
f 6269//4302 6271//4302 6270//4302
f 6270//4303 6271//4303 6272//4303
f 6271//4303 6273//4303 6272//4303
f 6272//4 6273//4 6274//4
f 6273//4 6275//4 6274//4
f 6274//4304 6275//4304 6276//4304
f 6275//4304 6277//4304 6276//4304
f 6276//4305 6277//4305 6278//4305
f 6277//4305 6279//4305 6278//4305
f 6278//4306 6279//4306 6280//4306
f 6279//4306 6281//4306 6280//4306
f 6280//4307 6281//4307 6282//4307
f 6281//4307 6283//4307 6282//4307
f 6282//4308 6283//4308 6284//4308
f 6283//4308 6285//4308 6284//4308
f 6284//4309 6285//4309 6286//4309
f 6285//4309 6287//4309 6286//4309
f 6286//4310 6287//4310 6240//4310
f 6287//4310 6241//4310 6240//4310
f 5595//4311 6288//4311 5596//4311
f 6288//4312 6289//4312 5596//4312
f 5596//4312 6289//4312 5606//4312
f 6289//4313 6290//4313 5606//4313
f 5606//4313 6290//4313 5607//4313
f 6290//4314 6291//4314 5607//4314
f 5607//4314 6291//4314 5608//4314
f 6291//4315 6292//4315 5608//4315
f 5608//4315 6292//4315 5609//4315
f 6292//4316 6293//4316 5609//4316
f 5609//4316 6293//4316 5610//4316
f 6293//4317 6294//4317 5610//4317
f 5610//4317 6294//4317 5611//4317
f 6294//4318 6295//4318 5611//4318
f 5611//4318 6295//4318 5590//4318
f 6295//4319 6296//4319 5590//4319
f 5590//4319 6296//4319 5591//4319
f 6296//4320 6297//4320 5591//4320
f 5591//4320 6297//4320 5597//4320
f 6297//4321 6298//4321 5597//4321
f 5597//4321 6298//4321 5598//4321
f 6298//4322 6299//4322 5598//4322
f 5598//4322 6299//4322 5589//4322
f 6299//4323 6300//4323 5589//4323
f 5589//4323 6300//4323 5588//4323
f 6300//4324 6301//4324 5588//4324
f 5588//4324 6301//4324 5592//4324
f 6301//4325 6302//4325 5592//4325
f 5592//4325 6302//4325 5593//4325
f 6302//4326 6303//4326 5593//4326
f 5593//4326 6303//4326 5594//4326
f 6303//4327 6304//4327 5594//4327
f 5594//4327 6304//4327 5599//4327
f 6304//4328 6305//4328 5599//4328
f 5599//4328 6305//4328 5600//4328
f 6305//4329 6306//4329 5600//4329
f 5600//4329 6306//4329 5601//4329
f 6306//4330 6307//4330 5601//4330
f 5601//4330 6307//4330 5602//4330
f 6307//4331 6308//4331 5602//4331
f 5602//4331 6308//4331 5603//4331
f 6308//4332 6309//4332 5603//4332
f 5603//4332 6309//4332 5604//4332
f 6309//4333 6310//4333 5604//4333
f 5604//4333 6310//4333 5605//4333
f 6310//4334 6311//4334 5605//4334
f 5605//4334 6311//4334 5595//4334
f 6311//4311 6288//4311 5595//4311
f 6258//1 6296//1 6256//1
f 6296//1 6295//1 6256//1
f 6256//1 6295//1 6254//1
f 6295//1 6294//1 6254//1
f 6254//1 6294//1 6252//1
f 6294//1 6293//1 6252//1
f 6252//1 6293//1 6250//1
f 6293//1 6292//1 6250//1
f 6250//1 6292//1 6248//1
f 6292//1 6291//1 6248//1
f 6248//1 6291//1 6246//1
f 6291//1 6290//1 6246//1
f 6246//1 6290//1 6244//1
f 6290//1 6289//1 6244//1
f 6244//1 6289//1 6242//1
f 6289//1 6288//1 6242//1
f 6242//1 6288//1 6240//1
f 6288//1 6311//1 6240//1
f 6240//1 6311//1 6286//1
f 6311//1 6310//1 6286//1
f 6286//1 6310//1 6284//1
f 6310//1 6309//1 6284//1
f 6284//1 6309//1 6282//1
f 6309//1 6308//1 6282//1
f 6282//1 6308//1 6280//1
f 6308//1 6307//1 6280//1
f 6280//1 6307//1 6278//1
f 6307//1 6306//1 6278//1
f 6278//1 6306//1 6276//1
f 6306//1 6305//1 6276//1
f 6276//1 6305//1 6274//1
f 6305//1 6304//1 6274//1
f 6274//1 6304//1 6272//1
f 6304//1 6303//1 6272//1
f 6272//1 6303//1 6270//1
f 6303//1 6302//1 6270//1
f 6270//1 6302//1 6268//1
f 6302//1 6301//1 6268//1
f 6268//1 6301//1 6266//1
f 6301//1 6300//1 6266//1
f 6266//1 6300//1 6264//1
f 6300//1 6299//1 6264//1
f 6264//1 6299//1 6262//1
f 6299//1 6298//1 6262//1
f 6262//1 6298//1 6260//1
f 6298//1 6297//1 6260//1
f 6260//1 6297//1 6258//1
f 6297//1 6296//1 6258//1
f 6269//1 6267//1 6312//1
f 6267//1 6265//1 6312//1
f 6312//1 6265//1 6263//1
f 6275//1 6273//1 6312//1
f 6273//1 6271//1 6312//1
f 6312//1 6271//1 6269//1
f 6281//1 6279//1 6312//1
f 6279//1 6277//1 6312//1
f 6312//1 6277//1 6275//1
f 6287//1 6285//1 6312//1
f 6285//1 6283//1 6312//1
f 6312//1 6283//1 6281//1
f 6245//1 6243//1 6312//1
f 6243//1 6241//1 6312//1
f 6312//1 6241//1 6287//1
f 6251//1 6249//1 6312//1
f 6249//1 6247//1 6312//1
f 6312//1 6247//1 6245//1
f 6257//1 6255//1 6312//1
f 6255//1 6253//1 6312//1
f 6312//1 6253//1 6251//1
f 6263//1 6261//1 6312//1
f 6261//1 6259//1 6312//1
f 6312//1 6259//1 6257//1
f 6313//49 6314//49 5585//49
f 6314//49 5587//49 5585//49
f 6315//62 6313//62 5584//62
f 6313//62 5585//62 5584//62
f 6316//57 6315//57 5583//57
f 6315//57 5584//57 5583//57
f 6317//56 6316//56 5582//56
f 6316//56 5583//56 5582//56
f 6318//49 6317//49 5586//49
f 6317//49 5582//49 5586//49
f 6314//62 6318//62 5587//62
f 6318//62 5586//62 5587//62
f 6313//1 6315//1 6314//1
f 6315//1 6316//1 6314//1
f 6314//1 6316//1 6318//1
f 6316//1 6317//1 6318//1
f 6319//4335 6320//4335 6321//4335
f 6320//4336 6322//4336 6321//4336
f 6321//4337 6322//4337 6323//4337
f 6322//4338 6324//4338 6323//4338
f 6323//4339 6324//4339 6325//4339
f 6324//4340 6326//4340 6325//4340
f 6325//4341 6326//4341 6327//4341
f 6326//4342 6328//4342 6327//4342
f 6327//4343 6328//4343 6329//4343
f 6328//4344 6330//4344 6329//4344
f 6329//4345 6330//4345 6331//4345
f 6330//127 6332//127 6331//127
f 6331//128 6332//128 6333//128
f 6332//4346 6334//4346 6333//4346
f 6333//4347 6334//4347 6335//4347
f 6334//4348 6336//4348 6335//4348
f 6335//4349 6336//4349 6337//4349
f 6336//133 6338//133 6337//133
f 6337//4350 6338//4350 6339//4350
f 6338//4351 6340//4351 6339//4351
f 6339//4352 6340//4352 6341//4352
f 6340//4353 6342//4353 6341//4353
f 6341//138 6342//138 6343//138
f 6342//4354 6344//4354 6343//4354
f 6343//4355 6344//4355 6345//4355
f 6344//4356 6346//4356 6345//4356
f 6345//4357 6346//4357 6347//4357
f 6346//4358 6348//4358 6347//4358
f 6347//4359 6348//4359 6349//4359
f 6348//145 6350//145 6349//145
f 6349//4360 6350//4360 6351//4360
f 6350//4361 6352//4361 6351//4361
f 6351//148 6352//148 6353//148
f 6352//149 6354//149 6353//149
f 6353//150 6354//150 6355//150
f 6354//4362 6356//4362 6355//4362
f 6355//4363 6356//4363 6357//4363
f 6356//4364 6358//4364 6357//4364
f 6357//4365 6358//4365 6359//4365
f 6358//4366 6360//4366 6359//4366
f 6359//4367 6360//4367 6361//4367
f 6360//4368 6362//4368 6361//4368
f 6361//4369 6362//4369 6363//4369
f 6362//4370 6364//4370 6363//4370
f 6363//4371 6364//4371 6365//4371
f 6364//4372 6366//4372 6365//4372
f 6365//4373 6366//4373 6319//4373
f 6366//4374 6320//4374 6319//4374
f 6366//4375 6367//4375 6320//4375
f 6367//4376 6368//4376 6320//4376
f 6320//4377 6368//4377 6322//4377
f 6368//167 6369//167 6322//167
f 6322//4378 6369//4378 6324//4378
f 6369//4379 6370//4379 6324//4379
f 6324//4380 6370//4380 6326//4380
f 6370//170 6371//170 6326//170
f 6326//4381 6371//4381 6328//4381
f 6371//4382 6372//4382 6328//4382
f 6328//4383 6372//4383 6330//4383
f 6372//4384 6373//4384 6330//4384
f 6330//4385 6373//4385 6332//4385
f 6373//4386 6374//4386 6332//4386
f 6332//4387 6374//4387 6334//4387
f 6374//178 6375//178 6334//178
f 6334//179 6375//179 6336//179
f 6375//4388 6376//4388 6336//4388
f 6336//4389 6376//4389 6338//4389
f 6376//4390 6377//4390 6338//4390
f 6338//183 6377//183 6340//183
f 6377//4391 6378//4391 6340//4391
f 6340//4392 6378//4392 6342//4392
f 6378//4393 6379//4393 6342//4393
f 6342//4394 6379//4394 6344//4394
f 6379//4395 6380//4395 6344//4395
f 6344//4396 6380//4396 6346//4396
f 6380//191 6381//191 6346//191
f 6346//191 6381//191 6348//191
f 6381//192 6382//192 6348//192
f 6348//193 6382//193 6350//193
f 6382//194 6383//194 6350//194
f 6350//4397 6383//4397 6352//4397
f 6383//4398 6384//4398 6352//4398
f 6352//197 6384//197 6354//197
f 6384//198 6385//198 6354//198
f 6354//4399 6385//4399 6356//4399
f 6385//4400 6386//4400 6356//4400
f 6356//4401 6386//4401 6358//4401
f 6386//202 6387//202 6358//202
f 6358//4402 6387//4402 6360//4402
f 6387//4403 6388//4403 6360//4403
f 6360//4404 6388//4404 6362//4404
f 6388//4405 6389//4405 6362//4405
f 6362//207 6389//207 6364//207
f 6389//4406 6390//4406 6364//4406
f 6364//4407 6390//4407 6366//4407
f 6390//4408 6367//4408 6366//4408
f 6390//4409 6391//4409 6367//4409
f 6391//4410 6392//4410 6367//4410
f 6367//4411 6392//4411 6368//4411
f 6392//4412 6393//4412 6368//4412
f 6368//4413 6393//4413 6369//4413
f 6393//216 6394//216 6369//216
f 6369//217 6394//217 6370//217
f 6394//218 6395//218 6370//218
f 6370//219 6395//219 6371//219
f 6395//220 6396//220 6371//220
f 6371//221 6396//221 6372//221
f 6396//4414 6397//4414 6372//4414
f 6372//4415 6397//4415 6373//4415
f 6397//4416 6398//4416 6373//4416
f 6373//4417 6398//4417 6374//4417
f 6398//4418 6399//4418 6374//4418
f 6374//4419 6399//4419 6375//4419
f 6399//4420 6400//4420 6375//4420
f 6375//4421 6400//4421 6376//4421
f 6400//230 6401//230 6376//230
f 6376//4422 6401//4422 6377//4422
f 6401//4423 6402//4423 6377//4423
f 6377//4424 6402//4424 6378//4424
f 6402//4425 6403//4425 6378//4425
f 6378//4426 6403//4426 6379//4426
f 6403//4427 6404//4427 6379//4427
f 6379//4428 6404//4428 6380//4428
f 6404//238 6405//238 6380//238
f 6380//4429 6405//4429 6381//4429
f 6405//4430 6406//4430 6381//4430
f 6381//4431 6406//4431 6382//4431
f 6406//4432 6407//4432 6382//4432
f 6382//243 6407//243 6383//243
f 6407//4433 6408//4433 6383//4433
f 6383//4434 6408//4434 6384//4434
f 6408//246 6409//246 6384//246
f 6384//247 6409//247 6385//247
f 6409//248 6410//248 6385//248
f 6385//249 6410//249 6386//249
f 6410//250 6411//250 6386//250
f 6386//251 6411//251 6387//251
f 6411//4435 6412//4435 6387//4435
f 6387//4436 6412//4436 6388//4436
f 6412//4437 6413//4437 6388//4437
f 6388//4438 6413//4438 6389//4438
f 6413//4439 6414//4439 6389//4439
f 6389//4440 6414//4440 6390//4440
f 6414//4441 6391//4441 6390//4441
f 6414//4442 6415//4442 6391//4442
f 6415//4443 6416//4443 6391//4443
f 6391//4444 6416//4444 6392//4444
f 6416//4445 6417//4445 6392//4445
f 6392//4446 6417//4446 6393//4446
f 6417//4447 6418//4447 6393//4447
f 6393//4448 6418//4448 6394//4448
f 6418//4449 6419//4449 6394//4449
f 6394//4450 6419//4450 6395//4450
f 6419//4451 6420//4451 6395//4451
f 6395//269 6420//269 6396//269
f 6420//4452 6421//4452 6396//4452
f 6396//4453 6421//4453 6397//4453
f 6421//4454 6422//4454 6397//4454
f 6397//4455 6422//4455 6398//4455
f 6422//4456 6423//4456 6398//4456
f 6398//4457 6423//4457 6399//4457
f 6423//4458 6424//4458 6399//4458
f 6399//277 6424//277 6400//277
f 6424//4459 6425//4459 6400//4459
f 6400//4460 6425//4460 6401//4460
f 6425//4461 6426//4461 6401//4461
f 6401//4462 6426//4462 6402//4462
f 6426//282 6427//282 6402//282
f 6402//4463 6427//4463 6403//4463
f 6427//4464 6428//4464 6403//4464
f 6403//285 6428//285 6404//285
f 6428//4465 6429//4465 6404//4465
f 6404//4466 6429//4466 6405//4466
f 6429//4467 6430//4467 6405//4467
f 6405//289 6430//289 6406//289
f 6430//4468 6431//4468 6406//4468
f 6406//4469 6431//4469 6407//4469
f 6431//4470 6432//4470 6407//4470
f 6407//4471 6432//4471 6408//4471
f 6432//4472 6433//4472 6408//4472
f 6408//4473 6433//4473 6409//4473
f 6433//4474 6434//4474 6409//4474
f 6409//4475 6434//4475 6410//4475
f 6434//4476 6435//4476 6410//4476
f 6410//299 6435//299 6411//299
f 6435//4477 6436//4477 6411//4477
f 6411//4478 6436//4478 6412//4478
f 6436//4479 6437//4479 6412//4479
f 6412//4480 6437//4480 6413//4480
f 6437//4481 6438//4481 6413//4481
f 6413//4482 6438//4482 6414//4482
f 6438//4483 6415//4483 6414//4483
f 6438//4484 6439//4484 6415//4484
f 6439//4485 6440//4485 6415//4485
f 6415//4486 6440//4486 6416//4486
f 6440//4487 6441//4487 6416//4487
f 6416//4488 6441//4488 6417//4488
f 6441//311 6442//311 6417//311
f 6417//4489 6442//4489 6418//4489
f 6442//4490 6443//4490 6418//4490
f 6418//4491 6443//4491 6419//4491
f 6443//4492 6444//4492 6419//4492
f 6419//4493 6444//4493 6420//4493
f 6444//4494 6445//4494 6420//4494
f 6420//4495 6445//4495 6421//4495
f 6445//318 6446//318 6421//318
f 6421//4496 6446//4496 6422//4496
f 6446//4497 6447//4497 6422//4497
f 6422//4498 6447//4498 6423//4498
f 6447//4499 6448//4499 6423//4499
f 6423//4500 6448//4500 6424//4500
f 6448//323 6449//323 6424//323
f 6424//4501 6449//4501 6425//4501
f 6449//4502 6450//4502 6425//4502
f 6425//4503 6450//4503 6426//4503
f 6450//4504 6451//4504 6426//4504
f 6426//4505 6451//4505 6427//4505
f 6451//4506 6452//4506 6427//4506
f 6427//4507 6452//4507 6428//4507
f 6452//4508 6453//4508 6428//4508
f 6428//4509 6453//4509 6429//4509
f 6453//333 6454//333 6429//333
f 6429//4510 6454//4510 6430//4510
f 6454//4511 6455//4511 6430//4511
f 6430//4512 6455//4512 6431//4512
f 6455//4513 6456//4513 6431//4513
f 6431//4514 6456//4514 6432//4514
f 6456//338 6457//338 6432//338
f 6432//4515 6457//4515 6433//4515
f 6457//4516 6458//4516 6433//4516
f 6433//4517 6458//4517 6434//4517
f 6458//4518 6459//4518 6434//4518
f 6434//4519 6459//4519 6435//4519
f 6459//343 6460//343 6435//343
f 6435//4520 6460//4520 6436//4520
f 6460//4521 6461//4521 6436//4521
f 6436//4522 6461//4522 6437//4522
f 6461//4523 6462//4523 6437//4523
f 6437//4524 6462//4524 6438//4524
f 6462//4525 6439//4525 6438//4525
f 6462//4526 1164//4526 6439//4526
f 1164//4527 1183//4527 6439//4527
f 6439//4528 1183//4528 6440//4528
f 1183//4529 1184//4529 6440//4529
f 6440//353 1184//353 6441//353
f 1184//4530 1180//4530 6441//4530
f 6441//4531 1180//4531 6442//4531
f 1180//4532 1181//4532 6442//4532
f 6442//4533 1181//4533 6443//4533
f 1181//4534 1182//4534 6443//4534
f 6443//359 1182//359 6444//359
f 1182//360 1177//360 6444//360
f 6444//4535 1177//4535 6445//4535
f 1177//4536 1178//4536 6445//4536
f 6445//4537 1178//4537 6446//4537
f 1178//4538 1179//4538 6446//4538
f 6446//4539 1179//4539 6447//4539
f 1179//4540 1174//4540 6447//4540
f 6447//4541 1174//4541 6448//4541
f 1174//4542 1175//4542 6448//4542
f 6448//4543 1175//4543 6449//4543
f 1175//4544 6463//4544 6449//4544
f 6449//371 6463//371 6450//371
f 6463//4545 1171//4545 6450//4545
f 6450//4546 1171//4546 6451//4546
f 1171//4547 1172//4547 6451//4547
f 6451//4548 1172//4548 6452//4548
f 1172//4549 1173//4549 6452//4549
f 6452//4550 1173//4550 6453//4550
f 1173//4551 1168//4551 6453//4551
f 6453//4552 1168//4552 6454//4552
f 1168//4553 1169//4553 6454//4553
f 6454//4554 1169//4554 6455//4554
f 1169//4555 1170//4555 6455//4555
f 6455//4556 1170//4556 6456//4556
f 1170//4557 1165//4557 6456//4557
f 6456//4558 1165//4558 6457//4558
f 1165//4559 1166//4559 6457//4559
f 6457//4560 1166//4560 6458//4560
f 1166//4561 1167//4561 6458//4561
f 6458//389 1167//389 6459//389
f 1167//4562 1160//4562 6459//4562
f 6459//4563 1160//4563 6460//4563
f 1160//4564 1161//4564 6460//4564
f 6460//4565 1161//4565 6461//4565
f 1161//4566 6464//4566 6461//4566
f 6461//395 6464//395 6462//395
f 6464//4567 1164//4567 6462//4567
f 6363//2 6365//2 6465//2
f 6365//2 6319//2 6465//2
f 6465//2 6319//2 6321//2
f 6357//2 6359//2 6465//2
f 6359//2 6361//2 6465//2
f 6465//2 6361//2 6363//2
f 6351//2 6353//2 6465//2
f 6353//2 6355//2 6465//2
f 6465//2 6355//2 6357//2
f 6345//2 6347//2 6465//2
f 6347//2 6349//2 6465//2
f 6465//2 6349//2 6351//2
f 6339//2 6341//2 6465//2
f 6341//2 6343//2 6465//2
f 6465//2 6343//2 6345//2
f 6333//2 6335//2 6465//2
f 6335//2 6337//2 6465//2
f 6465//2 6337//2 6339//2
f 6327//2 6329//2 6465//2
f 6329//2 6331//2 6465//2
f 6465//2 6331//2 6333//2
f 6321//2 6323//2 6465//2
f 6323//2 6325//2 6465//2
f 6465//2 6325//2 6327//2
f 1183//1 1164//1 1162//1
f 1164//1 6464//1 1162//1
f 1162//1 6464//1 1161//1
f 1181//1 1180//1 1162//1
f 1180//1 1184//1 1162//1
f 1162//1 1184//1 1183//1
f 1178//1 1177//1 1162//1
f 1177//1 1182//1 1162//1
f 1162//1 1182//1 1181//1
f 1175//1 1174//1 1162//1
f 1174//1 1179//1 1162//1
f 1162//1 1179//1 1178//1
f 1172//1 1171//1 1162//1
f 1171//1 6463//1 1162//1
f 1162//1 6463//1 1175//1
f 1169//1 1168//1 1162//1
f 1168//1 1173//1 1162//1
f 1162//1 1173//1 1172//1
f 1166//1 1165//1 1162//1
f 1165//1 1170//1 1162//1
f 1162//1 1170//1 1169//1
f 1161//1 1160//1 1162//1
f 1160//1 1167//1 1162//1
f 1162//1 1167//1 1166//1
# Vertices: 6465, normals: 4567, texture coordinates: 0, faces: 13408

